{"Document":{"id":"1cbdfb97-5859-48a4-8301-d54eab818d68","author":{"party":{"id":233123,"text":"Robert Dolin MD","type":"Person"}},"text":{"status":"generated","div":{"p":"Consultation note for Henry Levin the 7th","xmlns":"http://www.w3.org/1999/xhtml"}},"custodian":{"id":"2.16.840.1.113883.19.5","text":"Good Health Clinic","type":"Organization"},"subject":{"id":"12.123.451.23.1.23","text":"Henry Levin the 7th","type":"Patient"},"attestor":{"party":{"id":233123,"text":"Robert Dolin MD","type":"Person"},"mode":"legal"},"xmlns":"http://www.hl7.org/fhir","type":{"coding":{"system":"urn:hl7-org:sid/loinc","display":"Consultation note","code":"11488-4"}},"instant":"2012-01-04T09:10:14Z","section":{"content":{"id":34124,"dataAbsentReason":"error"},"type":{"coding":{"system":"urn:hl7-org:sid/loinc","code":"10164-2"}}},"version":2,"setId":"2.16.840.1.113883.19.7.bb35"}}