{"Organization":{"id":34234,"text":{"status":"generated","div":{"p":{"content":"Gastroenterology @ Acme Hospital. ph: +1 555 234 3523, email:","a":{"content":"gastro@acme.org","href":"mailto:gastro@acme.org"}},"xmlns":"http://www.w3.org/1999/xhtml"}},"relatedOrganization":{"name":"Acme Hospital","code":{"coding":{"system":"oid:2.16.840.1.113883.5.110","code":"TERR"}}},"name":{"value":"Gastroenterology"},"xmlns":"http://www.hl7.org/fhir","contact":[{"system":"phone","value":"+1 555 234 3523","use":"mobile"},{"system":"email","value":"gastro@acme.org","use":"work"}],"identifier":{"assigner":{"text":"Acme Healthcare"},"identifier":{"id":"Gastro","system":"http://www.acme.org.au/units"}}}}