<?xml version="1.0" encoding="UTF-8"?>

<Profile xmlns="http://hl7.org/fhir">
  <id>animal</id>
  <name>animal</name>
  <author>
    <name>todo (committee)</name>
  </author>
  <description>An animal that has relevance to the care process -usually this is for animals that are patients.</description>
  <comments>Basic Profile for </comments>
  <status>testing</status>
  <date>2012-06-10</date>
  <endorser>
    <name>HL7</name>
  </endorser>
  <resource>
    <type>Resource</type>
    <element>
      <path>Animal</path>
      <definition>An animal that has relevance to the care process -usually this is for animals that are patients.</definition>
      <comments>Animals differ because you need to track species and strain, and also different kind of relationships - owners</comments>
      <min>1</min>
      <max>1</max>
      <type>Resource</type>
      <dataAbsentReason>false</dataAbsentReason>
      <mustSupport>false</mustSupport>
      <mustUnderstand>false</mustUnderstand>
      <closed>false</closed>
    </element>
    <element>
      <path>Animal.id</path>
      <shortDefn>Master Resource Id, always first in all resources</shortDefn>
      <definition>Master Resource Id, always first in all resources</definition>
      <min>1</min>
      <max>1</max>
      <type>id</type>
      <dataAbsentReason>false</dataAbsentReason>
      <mustSupport>false</mustSupport>
      <mustUnderstand>true</mustUnderstand>
      <closed>false</closed>
    </element>
    <element>
      <path>Animal.identifier</path>
      <shortDefn>Human identifiers for this animal</shortDefn>
      <definition>Identifier for the animal that is used to identify the person across multiple disparate systems and also for face to face identification of the person</definition>
      <min>0</min>
      <max>*</max>
      <type>HumanId</type>
      <dataAbsentReason>false</dataAbsentReason>
      <mustSupport>false</mustSupport>
      <mustUnderstand>true</mustUnderstand>
      <closed>false</closed>
    </element>
    <element>
      <path>Animal.name</path>
      <shortDefn>A name associated with the animal</shortDefn>
      <definition>A name associated with the animal. The use code maiden does not apply.</definition>
      <min>0</min>
      <max>*</max>
      <type>HumanName</type>
      <dataAbsentReason>false</dataAbsentReason>
      <mustSupport>false</mustSupport>
      <mustUnderstand>true</mustUnderstand>
      <closed>false</closed>
    </element>
    <element>
      <path>Animal.dob</path>
      <shortDefn>The birth date for the animal</shortDefn>
      <definition>The birth date for the animal</definition>
      <min>0</min>
      <max>1</max>
      <type>dateTime</type>
      <dataAbsentReason>false</dataAbsentReason>
      <mustSupport>false</mustSupport>
      <mustUnderstand>true</mustUnderstand>
      <closed>false</closed>
    </element>
    <element>
      <path>Animal.species</path>
      <shortDefn>Species for the Animal</shortDefn>
      <definition>Species for the animal</definition>
      <min>0</min>
      <max>1</max>
      <type>CodeableConcept</type>
      <dataAbsentReason>false</dataAbsentReason>
      <mustSupport>false</mustSupport>
      <mustUnderstand>true</mustUnderstand>
      <binding>AnimalSpecies</binding>
      <closed>false</closed>
    </element>
    <element>
      <path>Animal.strain</path>
      <shortDefn>Strain for the Animal</shortDefn>
      <definition>Strain for the animal</definition>
      <min>0</min>
      <max>1</max>
      <type>CodeableConcept</type>
      <dataAbsentReason>false</dataAbsentReason>
      <mustSupport>false</mustSupport>
      <mustUnderstand>true</mustUnderstand>
      <binding>AnimalStrain</binding>
      <closed>false</closed>
    </element>
    <element>
      <path>Animal.gender</path>
      <shortDefn>Gender for the Animal</shortDefn>
      <definition>Gender for the Animal</definition>
      <comments>Note that some animals have additional gender not encountered in humans?</comments>
      <min>0</min>
      <max>1</max>
      <type>CodeableConcept</type>
      <dataAbsentReason>false</dataAbsentReason>
      <mustSupport>false</mustSupport>
      <mustUnderstand>true</mustUnderstand>
      <binding>AnimalGender</binding>
      <closed>false</closed>
    </element>
    <element>
      <path>Animal.relatedEntity</path>
      <shortDefn>Kin, owner, care giver etc</shortDefn>
      <definition>Kin, owner, care giver etc</definition>
      <min>0</min>
      <max>*</max>
      <dataAbsentReason>false</dataAbsentReason>
      <mustSupport>false</mustSupport>
      <mustUnderstand>false</mustUnderstand>
      <closed>false</closed>
    </element>
    <element>
      <path>Animal.relatedEntity.id</path>
      <shortDefn>Identifier for the entity</shortDefn>
      <definition>Identifier for the entity</definition>
      <min>0</min>
      <max>1</max>
      <type>HumanId</type>
      <dataAbsentReason>false</dataAbsentReason>
      <mustSupport>false</mustSupport>
      <mustUnderstand>false</mustUnderstand>
      <closed>false</closed>
    </element>
    <element>
      <path>Animal.relatedEntity.role</path>
      <shortDefn>Type of relationship</shortDefn>
      <definition>Type of relationship</definition>
      <min>1</min>
      <max>1</max>
      <type>CodeableConcept</type>
      <dataAbsentReason>false</dataAbsentReason>
      <mustSupport>false</mustSupport>
      <mustUnderstand>false</mustUnderstand>
      <binding>AnimalRelationship</binding>
      <closed>false</closed>
    </element>
    <element>
      <path>Animal.relatedEntity.name</path>
      <shortDefn>Name of the related entity</shortDefn>
      <definition>Name of the related entity</definition>
      <min>0</min>
      <max>1</max>
      <type>HumanName</type>
      <dataAbsentReason>false</dataAbsentReason>
      <mustSupport>false</mustSupport>
      <mustUnderstand>false</mustUnderstand>
      <closed>false</closed>
    </element>
    <element>
      <path>Animal.relatedEntity.address</path>
      <shortDefn>An address (usually human, but may be kin)</shortDefn>
      <definition>An address (usually human, but may be kin)</definition>
      <min>0</min>
      <max>*</max>
      <type>Address</type>
      <dataAbsentReason>false</dataAbsentReason>
      <mustSupport>false</mustSupport>
      <mustUnderstand>false</mustUnderstand>
      <closed>false</closed>
    </element>
    <element>
      <path>Animal.relatedEntity.contact</path>
      <shortDefn>Contact details (usually for humans)</shortDefn>
      <definition>Contact details (usually for humans)</definition>
      <min>0</min>
      <max>*</max>
      <type>Contact</type>
      <dataAbsentReason>false</dataAbsentReason>
      <mustSupport>false</mustSupport>
      <mustUnderstand>false</mustUnderstand>
      <closed>false</closed>
    </element>
    <element>
      <path>Animal.extensions</path>
      <shortDefn>See Extensions</shortDefn>
      <definition>See Extensions</definition>
      <min>0</min>
      <max>1</max>
      <dataAbsentReason>false</dataAbsentReason>
      <mustSupport>false</mustSupport>
      <mustUnderstand>false</mustUnderstand>
      <closed>false</closed>
    </element>
    <element>
      <path>Animal.text</path>
      <shortDefn>Text summary of animal, fall back for human interpretation</shortDefn>
      <definition> </definition>
      <min>1</min>
      <max>1</max>
      <type>Narrative</type>
      <dataAbsentReason>false</dataAbsentReason>
      <mustSupport>false</mustSupport>
      <mustUnderstand>false</mustUnderstand>
      <closed>false</closed>
    </element>
  </resource>
  <text>
    <status>generated</status>
    <div xmlns="http://www.w3.org/1999/xhtml">
      <pre>
&lt;
        <a title="An animal that has relevance to the care process -usually this is for animals that are patients." class="dict" href="#Animal">
          <b>Animal</b>
        </a> xmlns=&quot;http://hl7.org/fhir&quot;&gt;
 &lt;
        <a title="Master Resource Id, always first in all resources (this element must be supported or understood)" class="dict" href="#Animal.id">
          <span style="text-decoration: underline">
            <b>id</b>
          </span>
        </a>&gt;
        <span style="color: Gray">&lt;!--</span> 
        <span style="color: brown">
          <b>1..1</b>
        </span> 
        <span style="color: darkgreen">
          <a href="datatypes.htm#id">id</a>
        </span> 
        <span style="color: navy">Master Resource Id, always first in all resources</span>
        <span style="color: Gray"> --&gt;</span>&lt;/id&gt;
 &lt;
        <a title="Identifier for the animal that is used to identify the person across multiple disparate systems and also for face to face identification of the person (this element must be supported or understood)" class="dict" href="#Animal.identifier">
          <span style="text-decoration: underline">
            <b>identifier</b>
          </span>
        </a> 
        <span title="dataAbsentReason attribute is allowed" style="color: red">d?</span>&gt;
        <span style="color: Gray">&lt;!--</span> 
        <span style="color: brown">
          <b>0..*</b>
        </span> 
        <span style="color: darkgreen">
          <a href="datatypes.htm#HumanId">HumanId</a>
        </span> 
        <span style="color: navy">Human identifiers for this animal</span>
        <span style="color: Gray"> --&gt;</span>&lt;/identifier&gt;
 &lt;
        <a title="A name associated with the animal. The use code maiden does not apply. (this element must be supported or understood)" class="dict" href="#Animal.name">
          <span style="text-decoration: underline">
            <b>name</b>
          </span>
        </a> 
        <span title="dataAbsentReason attribute is allowed" style="color: red">d?</span>&gt;
        <span style="color: Gray">&lt;!--</span> 
        <span style="color: brown">
          <b>0..*</b>
        </span> 
        <span style="color: darkgreen">
          <a href="datatypes.htm#HumanName">HumanName</a>
        </span> 
        <span style="color: navy">A name associated with the animal</span>
        <span style="color: Gray"> --&gt;</span>&lt;/name&gt;
 &lt;
        <a title="The birth date for the animal (this element must be supported or understood)" class="dict" href="#Animal.dob">
          <span style="text-decoration: underline">
            <b>dob</b>
          </span>
        </a> 
        <span title="dataAbsentReason attribute is allowed" style="color: red">d?</span>&gt;
        <span style="color: Gray">&lt;!--</span> 
        <span style="color: brown">
          <b>0..1</b>
        </span> 
        <span style="color: darkgreen">
          <a href="datatypes.htm#dateTime">dateTime</a>
        </span> 
        <span style="color: navy">The birth date for the animal</span>
        <span style="color: Gray"> --&gt;</span>&lt;/dob&gt;
 &lt;
        <a title="Species for the animal (this element must be supported or understood)" class="dict" href="#Animal.species">
          <span style="text-decoration: underline">
            <b>species</b>
          </span>
        </a> 
        <span title="dataAbsentReason attribute is allowed" style="color: red">d?</span>&gt;
        <span style="color: Gray">&lt;!--</span> 
        <span style="color: brown">
          <b>0..1</b>
        </span> 
        <span style="color: darkgreen">
          <a href="datatypes.htm#CodeableConcept">CodeableConcept</a>
        </span> 
        <span style="color: navy">Species for the Animal</span>
        <span style="color: Gray"> --&gt;</span>&lt;/species&gt;
 &lt;
        <a title="Strain for the animal (this element must be supported or understood)" class="dict" href="#Animal.strain">
          <span style="text-decoration: underline">
            <b>strain</b>
          </span>
        </a> 
        <span title="dataAbsentReason attribute is allowed" style="color: red">d?</span>&gt;
        <span style="color: Gray">&lt;!--</span> 
        <span style="color: brown">
          <b>0..1</b>
        </span> 
        <span style="color: darkgreen">
          <a href="datatypes.htm#CodeableConcept">CodeableConcept</a>
        </span> 
        <span style="color: navy">Strain for the Animal</span>
        <span style="color: Gray"> --&gt;</span>&lt;/strain&gt;
 &lt;
        <a title="Gender for the Animal (this element must be supported or understood)" class="dict" href="#Animal.gender">
          <span style="text-decoration: underline">
            <b>gender</b>
          </span>
        </a> 
        <span title="dataAbsentReason attribute is allowed" style="color: red">d?</span>&gt;
        <span style="color: Gray">&lt;!--</span> 
        <span style="color: brown">
          <b>0..1</b>
        </span> 
        <span style="color: darkgreen">
          <a href="datatypes.htm#CodeableConcept">CodeableConcept</a>
        </span> 
        <span style="color: navy">Gender for the Animal</span>
        <span style="color: Gray"> --&gt;</span>&lt;/gender&gt;
 &lt;
        <a title="Kin, owner, care giver etc" class="dict" href="#Animal.relatedEntity">
          <b>relatedEntity</b>
        </a>&gt;  
        <span style="color: Gray">&lt;!-- 
          <span style="color: brown">
            <b>0..*</b>
          </span> Kin, owner, care giver etc --&gt;
        </span>
  &lt;
        <a title="Identifier for the entity" class="dict" href="#Animal.relatedEntity.id">
          <b>id</b>
        </a> 
        <span title="dataAbsentReason attribute is allowed" style="color: red">d?</span>&gt;
        <span style="color: Gray">&lt;!--</span> 
        <span style="color: brown">
          <b>0..1</b>
        </span> 
        <span style="color: darkgreen">
          <a href="datatypes.htm#HumanId">HumanId</a>
        </span> 
        <span style="color: navy">Identifier for the entity</span>
        <span style="color: Gray"> --&gt;</span>&lt;/id&gt;
  &lt;
        <a title="Type of relationship" class="dict" href="#Animal.relatedEntity.role">
          <b>role</b>
        </a>&gt;
        <span style="color: Gray">&lt;!--</span> 
        <span style="color: brown">
          <b>1..1</b>
        </span> 
        <span style="color: darkgreen">
          <a href="datatypes.htm#CodeableConcept">CodeableConcept</a>
        </span> 
        <span style="color: navy">Type of relationship</span>
        <span style="color: Gray"> --&gt;</span>&lt;/role&gt;
  &lt;
        <a title="Name of the related entity" class="dict" href="#Animal.relatedEntity.name">
          <b>name</b>
        </a> 
        <span title="dataAbsentReason attribute is allowed" style="color: red">d?</span>&gt;
        <span style="color: Gray">&lt;!--</span> 
        <span style="color: brown">
          <b>0..1</b>
        </span> 
        <span style="color: darkgreen">
          <a href="datatypes.htm#HumanName">HumanName</a>
        </span> 
        <span style="color: navy">Name of the related entity</span>
        <span style="color: Gray"> --&gt;</span>&lt;/name&gt;
  &lt;
        <a title="An address (usually human, but may be kin)" class="dict" href="#Animal.relatedEntity.address">
          <b>address</b>
        </a> 
        <span title="dataAbsentReason attribute is allowed" style="color: red">d?</span>&gt;
        <span style="color: Gray">&lt;!--</span> 
        <span style="color: brown">
          <b>0..*</b>
        </span> 
        <span style="color: darkgreen">
          <a href="datatypes.htm#Address">Address</a>
        </span> 
        <span style="color: navy">An address (usually human, but may be kin)</span>
        <span style="color: Gray"> --&gt;</span>&lt;/address&gt;
  &lt;
        <a title="Contact details (usually for humans)" class="dict" href="#Animal.relatedEntity.contact">
          <b>contact</b>
        </a> 
        <span title="dataAbsentReason attribute is allowed" style="color: red">d?</span>&gt;
        <span style="color: Gray">&lt;!--</span> 
        <span style="color: brown">
          <b>0..*</b>
        </span> 
        <span style="color: darkgreen">
          <a href="datatypes.htm#Contact">Contact</a>
        </span> 
        <span style="color: navy">Contact details (usually for humans)</span>
        <span style="color: Gray"> --&gt;</span>&lt;/contact&gt;
 &lt;/relatedEntity&gt;
 &lt;
        <a title="See Extensions" class="dict" href="#Animal.extensions">
          <b>extensions</b>
        </a> 
        <span title="dataAbsentReason attribute is allowed" style="color: red">d?</span>&gt;
        <span style="color: Gray">&lt;!--</span> 
        <a href="extensibility.htm">
          <span style="color: navy">See Extensions</span>
        </a>   
        <a href="extensibility.htm">
          <span style="color: navy">See Extensions</span>
        </a> 
        <span style="color: Gray"> --&gt;</span>&lt;/extensions&gt;
 &lt;
        <a title=" " class="dict" href="#Animal.text">
          <b>text</b>
        </a>&gt;
        <span style="color: Gray">&lt;!--</span> 
        <span style="color: brown">
          <b>1..1</b>
        </span> 
        <span style="color: darkgreen">
          <a href="Narrative.htm#Narrative">Narrative</a>
        </span> 
        <span style="color: navy">Text summary of animal, fall back for human interpretation</span>
        <span style="color: Gray"> --&gt;</span>&lt;/text&gt;
&lt;/Animal&gt;

      </pre>
    </div>
  </text>
</Profile>