<?xml version="1.0" encoding="UTF-8"?>

<Profile xmlns="http://hl7.org/fhir">
  <id>assessmentscale</id>
  <name>assessmentscale</name>
  <author>
    <name>todo (committee)</name>
  </author>
  <description>Assessment scales or scores combine the findings of individual values into a total score which can be interpreted more easily against a reference population</description>
  <comments>Basic Profile for </comments>
  <status>testing</status>
  <date>2012-06-10</date>
  <endorser>
    <name>HL7</name>
  </endorser>
  <resource>
    <type>Resource</type>
    <element>
      <path>AssessmentScale</path>
      <definition>Assessment scales or scores combine the findings of individual values into a total score which can be interpreted more easily against a reference population</definition>
      <min>1</min>
      <max>1</max>
      <type>Resource</type>
      <dataAbsentReason>false</dataAbsentReason>
      <mustSupport>false</mustSupport>
      <mustUnderstand>false</mustUnderstand>
      <closed>false</closed>
    </element>
    <element>
      <path>AssessmentScale.id</path>
      <shortDefn>Master Id, first in all resources</shortDefn>
      <definition>Master Id, first in all resources</definition>
      <min>1</min>
      <max>1</max>
      <type>id</type>
      <dataAbsentReason>false</dataAbsentReason>
      <mustSupport>false</mustSupport>
      <mustUnderstand>false</mustUnderstand>
      <closed>false</closed>
    </element>
    <element>
      <path>AssessmentScale.subject</path>
      <shortDefn>Who the assessment score is about</shortDefn>
      <definition>The patient on which the assessment was performed</definition>
      <min>1</min>
      <max>1</max>
      <type>Resource(Patient)</type>
      <dataAbsentReason>false</dataAbsentReason>
      <mustSupport>false</mustSupport>
      <mustUnderstand>true</mustUnderstand>
      <closed>false</closed>
    </element>
    <element>
      <path>AssessmentScale.performer</path>
      <shortDefn>Who performed the assessment</shortDefn>
      <definition>The identity of the person who performed the clinical assessment - who takes responsibility for the final assessment</definition>
      <comments>Many individuals may contribute to the process of the assessment, but only one person accepts final responsibility</comments>
      <min>1</min>
      <max>1</max>
      <type>Resource(Agent|Person)</type>
      <dataAbsentReason>false</dataAbsentReason>
      <mustSupport>false</mustSupport>
      <mustUnderstand>false</mustUnderstand>
      <closed>false</closed>
    </element>
    <element>
      <path>AssessmentScale.time</path>
      <shortDefn>When the assessment was finalized</shortDefn>
      <definition>The time that the assessment score was finalized</definition>
      <comments>Performing an assessment takes place over a period of time, but only the end fo that time - when the score is finalised and becomes relevant to patient care - is recorded</comments>
      <min>1</min>
      <max>1</max>
      <type>dateTime</type>
      <dataAbsentReason>false</dataAbsentReason>
      <mustSupport>false</mustSupport>
      <mustUnderstand>false</mustUnderstand>
      <closed>false</closed>
    </element>
    <element>
      <path>AssessmentScale.definition</path>
      <shortDefn>Details of how assessment was performed</shortDefn>
      <definition>Information of how the assessment was performed. </definition>
      <comments>To allow comparison between institutions. The details can be text, in place of the reference, or a reference to a formal definition</comments>
      <min>0</min>
      <max>1</max>
      <type>Resource(AssessmentDefinition)</type>
      <dataAbsentReason>false</dataAbsentReason>
      <mustSupport>false</mustSupport>
      <mustUnderstand>false</mustUnderstand>
      <closed>false</closed>
    </element>
    <element>
      <path>AssessmentScale.interpretation</path>
      <shortDefn>What the value of the assessment means</shortDefn>
      <definition>Interpretations of the outcome of the assesment scale by the performer</definition>
      <min>0</min>
      <max>*</max>
      <type>CodeableConcept</type>
      <dataAbsentReason>false</dataAbsentReason>
      <mustSupport>false</mustSupport>
      <mustUnderstand>false</mustUnderstand>
      <closed>false</closed>
    </element>
    <element>
      <path>AssessmentScale.score</path>
      <shortDefn>The actual score</shortDefn>
      <definition>A group that represents the actual score value</definition>
      <min>1</min>
      <max>1</max>
      <dataAbsentReason>false</dataAbsentReason>
      <mustSupport>false</mustSupport>
      <mustUnderstand>false</mustUnderstand>
      <closed>false</closed>
    </element>
    <element>
      <path>AssessmentScale.score.code</path>
      <shortDefn>Indicates the type of assessment</shortDefn>
      <definition>A code that identifies the assessment scale that was performed</definition>
      <min>1</min>
      <max>1</max>
      <type>CodeableConcept</type>
      <dataAbsentReason>false</dataAbsentReason>
      <mustSupport>false</mustSupport>
      <mustUnderstand>true</mustUnderstand>
      <binding>AssessmentScaleType</binding>
      <closed>false</closed>
    </element>
    <element>
      <path>AssessmentScale.score.value[x]</path>
      <shortDefn>Outcome of the assessment</shortDefn>
      <definition>The outcome of the assessment - some sort of score, or coded value outcome</definition>
      <min>0</min>
      <max>1</max>
      <type>Quantity</type>
      <type>CodeableConcept</type>
      <type>Choice</type>
      <type>boolean</type>
      <dataAbsentReason>false</dataAbsentReason>
      <mustSupport>false</mustSupport>
      <mustUnderstand>true</mustUnderstand>
      <closed>false</closed>
    </element>
    <element>
      <path>AssessmentScale.score.score</path>
      <shortDefn>Nested Score elements</shortDefn>
      <definition>Nested Scores - sub-scores that contribute to the overall score. A score is an aggregate based on a series of data</definition>
      <comments>There is no formal limit on the levels of nesting, but no subscores are expected to contain more than 3 levels</comments>
      <min>0</min>
      <max>*</max>
      <type>@AssessmentScale.score</type>
      <dataAbsentReason>false</dataAbsentReason>
      <mustSupport>false</mustSupport>
      <mustUnderstand>false</mustUnderstand>
      <closed>false</closed>
    </element>
    <element>
      <path>AssessmentScale.score.measure</path>
      <shortDefn>Data from which the score is derived</shortDefn>
      <definition>The actual data items from which the score is derived. Each score must have at least one data item on which it is based</definition>
      <min>0</min>
      <max>*</max>
      <dataAbsentReason>false</dataAbsentReason>
      <mustSupport>false</mustSupport>
      <mustUnderstand>false</mustUnderstand>
      <closed>false</closed>
    </element>
    <element>
      <path>AssessmentScale.score.measure.code</path>
      <shortDefn>What this value represents</shortDefn>
      <definition>Identifies the type of measure</definition>
      <min>0</min>
      <max>1</max>
      <type>CodeableConcept</type>
      <dataAbsentReason>false</dataAbsentReason>
      <mustSupport>false</mustSupport>
      <mustUnderstand>false</mustUnderstand>
      <binding>AssessmentScaleMeasure</binding>
      <closed>false</closed>
    </element>
    <element>
      <path>AssessmentScale.score.measure.value[x]</path>
      <shortDefn>actual value</shortDefn>
      <definition>the value of the measure</definition>
      <min>0</min>
      <max>1</max>
      <type>Quantity</type>
      <type>CodeableConcept</type>
      <type>Choice</type>
      <type>boolean</type>
      <dataAbsentReason>false</dataAbsentReason>
      <mustSupport>false</mustSupport>
      <mustUnderstand>false</mustUnderstand>
      <closed>false</closed>
    </element>
    <element>
      <path>AssessmentScale.score.measure.time</path>
      <shortDefn>when the value was measured</shortDefn>
      <definition>when the value was measured</definition>
      <min>0</min>
      <max>1</max>
      <type>dateTime</type>
      <dataAbsentReason>false</dataAbsentReason>
      <mustSupport>false</mustSupport>
      <mustUnderstand>false</mustUnderstand>
      <closed>false</closed>
    </element>
    <element>
      <path>AssessmentScale.score.measure.source</path>
      <shortDefn>source reference for further information</shortDefn>
      <definition>Reference to the actual measure in it&#39;s original context where additional information may be found</definition>
      <comments>It&#39;s not necessary for measures to have an additional source; they may be made as part of the assessment sale directly. However it is common for scales to draw in data definitely sourced elsewhere, such as from diagnostic reports</comments>
      <min>0</min>
      <max>1</max>
      <type>Resource(Any)</type>
      <dataAbsentReason>false</dataAbsentReason>
      <mustSupport>false</mustSupport>
      <mustUnderstand>false</mustUnderstand>
      <closed>false</closed>
    </element>
    <element>
      <path>AssessmentScale.reason</path>
      <shortDefn>why the assessment was performed</shortDefn>
      <definition>The reason that the assessment was performed</definition>
      <min>0</min>
      <max>1</max>
      <type>string</type>
      <dataAbsentReason>false</dataAbsentReason>
      <mustSupport>false</mustSupport>
      <mustUnderstand>false</mustUnderstand>
      <closed>false</closed>
    </element>
    <element>
      <path>AssessmentScale.extensions</path>
      <shortDefn>See Extensions</shortDefn>
      <definition>See Extensions</definition>
      <min>0</min>
      <max>1</max>
      <dataAbsentReason>false</dataAbsentReason>
      <mustSupport>false</mustSupport>
      <mustUnderstand>false</mustUnderstand>
      <closed>false</closed>
    </element>
    <element>
      <path>AssessmentScale.text</path>
      <shortDefn>Text summary of [template] for human interpretation</shortDefn>
      <definition>Text summary of [template] for human interpretation</definition>
      <min>1</min>
      <max>1</max>
      <type>Narrative</type>
      <dataAbsentReason>false</dataAbsentReason>
      <mustSupport>false</mustSupport>
      <mustUnderstand>false</mustUnderstand>
      <closed>false</closed>
    </element>
  </resource>
  <text>
    <status>generated</status>
    <div xmlns="http://www.w3.org/1999/xhtml">
      <pre>
&lt;
        <a title="Assessment scales or scores combine the findings of individual values into a total score which can be interpreted more easily against a reference population" class="dict" href="#AssessmentScale">
          <b>AssessmentScale</b>
        </a> xmlns=&quot;http://hl7.org/fhir&quot;&gt;
 &lt;
        <a title="Master Id, first in all resources" class="dict" href="#AssessmentScale.id">
          <b>id</b>
        </a>&gt;
        <span style="color: Gray">&lt;!--</span> 
        <span style="color: brown">
          <b>1..1</b>
        </span> 
        <span style="color: darkgreen">
          <a href="datatypes.htm#id">id</a>
        </span> 
        <span style="color: navy">Master Id, first in all resources</span>
        <span style="color: Gray"> --&gt;</span>&lt;/id&gt;
 &lt;
        <a title="The patient on which the assessment was performed (this element must be supported or understood)" class="dict" href="#AssessmentScale.subject">
          <span style="text-decoration: underline">
            <b>subject</b>
          </span>
        </a>&gt;
        <span style="color: Gray">&lt;!--</span> 
        <span style="color: brown">
          <b>1..1</b>
        </span> 
        <span style="color: darkgreen">
          <a href="xml.htm#Resource">Resource</a>(
          <a href="Patient.htm#Patient">Patient</a>)
        </span> 
        <span style="color: navy">Who the assessment score is about</span>
        <span style="color: Gray"> --&gt;</span>&lt;/subject&gt;
 &lt;
        <a title="The identity of the person who performed the clinical assessment - who takes responsibility for the final assessment" class="dict" href="#AssessmentScale.performer">
          <b>performer</b>
        </a>&gt;
        <span style="color: Gray">&lt;!--</span> 
        <span style="color: brown">
          <b>1..1</b>
        </span> 
        <span style="color: darkgreen">
          <a href="xml.htm#Resource">Resource</a>(
          <a href="Agent.htm#Agent">Agent</a>|
          <a href="Person.htm#Person">Person</a>)
        </span> 
        <span style="color: navy">Who performed the assessment</span>
        <span style="color: Gray"> --&gt;</span>&lt;/performer&gt;
 &lt;
        <a title="The time that the assessment score was finalized" class="dict" href="#AssessmentScale.time">
          <b>time</b>
        </a>&gt;
        <span style="color: Gray">&lt;!--</span> 
        <span style="color: brown">
          <b>1..1</b>
        </span> 
        <span style="color: darkgreen">
          <a href="datatypes.htm#dateTime">dateTime</a>
        </span> 
        <span style="color: navy">When the assessment was finalized</span>
        <span style="color: Gray"> --&gt;</span>&lt;/time&gt;
 &lt;
        <a title="Information of how the assessment was performed. " class="dict" href="#AssessmentScale.definition">
          <b>definition</b>
        </a> 
        <span title="dataAbsentReason attribute is allowed" style="color: red">d?</span>&gt;
        <span style="color: Gray">&lt;!--</span> 
        <span style="color: brown">
          <b>0..1</b>
        </span> 
        <span style="color: darkgreen">
          <a href="xml.htm#Resource">Resource</a>(
          <a href="AssessmentDefinition.htm#AssessmentDefinition">AssessmentDefinition</a>)
        </span> 
        <span style="color: navy">Details of how assessment was performed</span>
        <span style="color: Gray"> --&gt;</span>&lt;/definition&gt;
 &lt;
        <a title="Interpretations of the outcome of the assesment scale by the performer" class="dict" href="#AssessmentScale.interpretation">
          <b>interpretation</b>
        </a> 
        <span title="dataAbsentReason attribute is allowed" style="color: red">d?</span>&gt;
        <span style="color: Gray">&lt;!--</span> 
        <span style="color: brown">
          <b>0..*</b>
        </span> 
        <span style="color: darkgreen">
          <a href="datatypes.htm#CodeableConcept">CodeableConcept</a>
        </span> 
        <span style="color: navy">What the value of the assessment means</span>
        <span style="color: Gray"> --&gt;</span>&lt;/interpretation&gt;
 &lt;
        <a title="A group that represents the actual score value" class="dict" href="#AssessmentScale.score">
          <b>score</b>
        </a>&gt;  
        <span style="color: Gray">&lt;!-- The actual score --&gt;</span>
  &lt;
        <a title="A code that identifies the assessment scale that was performed (this element must be supported or understood)" class="dict" href="#AssessmentScale.score.code">
          <span style="text-decoration: underline">
            <b>code</b>
          </span>
        </a>&gt;
        <span style="color: Gray">&lt;!--</span> 
        <span style="color: brown">
          <b>1..1</b>
        </span> 
        <span style="color: darkgreen">
          <a href="datatypes.htm#CodeableConcept">CodeableConcept</a>
        </span> 
        <span style="color: navy">Indicates the type of assessment</span>
        <span style="color: Gray"> --&gt;</span>&lt;/code&gt;
  &lt;
        <a title="The outcome of the assessment - some sort of score, or coded value outcome (this element must be supported or understood)" class="dict" href="#AssessmentScale.score.value[x]">
          <span style="text-decoration: underline">
            <b>value[x]</b>
          </span>
        </a>&gt;
        <span style="color: Gray">&lt;!--</span> 
        <span style="color: brown">
          <b>0..1</b>
        </span> 
        <span style="color: darkgreen">
          <a href="datatypes.htm#Quantity">Quantity</a>|
          <a href="datatypes.htm#CodeableConcept">CodeableConcept</a>|
          <a href="datatypes.htm#Choice">Choice</a>|
          <a href="datatypes.htm#boolean">boolean</a>
        </span> 
        <span style="color: navy">Outcome of the assessment</span>
        <span style="color: Gray"> --&gt;</span>&lt;/value[x]&gt;
  &lt;
        <a title="Nested Scores - sub-scores that contribute to the overall score. A score is an aggregate based on a series of data" class="dict" href="#AssessmentScale.score.score">
          <b>score</b>
        </a> 
        <span title="dataAbsentReason attribute is allowed" style="color: red">d?</span>&gt;
        <span style="color: Gray">&lt;!--</span> 
        <span title="A score must have sub items, either score or data or both" style="color: deeppink">
          <b>0..*</b>
        </span> 
        <span style="color: navy">Nested Score elements</span>
        <span style="color: Gray"> --&gt;</span>&lt;/score&gt;
  &lt;
        <a title="The actual data items from which the score is derived. Each score must have at least one data item on which it is based" class="dict" href="#AssessmentScale.score.measure">
          <b>measure</b>
        </a> 
        <span title="dataAbsentReason attribute is allowed" style="color: red">d?</span>&gt;  
        <span style="color: Gray">&lt;!-- 
          <span title="A score must have sub items, either score or data or both" style="color: deeppink">
            <b>0..*</b>
          </span> Data from which the score is derived --&gt;
        </span>
   &lt;
        <a title="Identifies the type of measure" class="dict" href="#AssessmentScale.score.measure.code">
          <b>code</b>
        </a>&gt;
        <span style="color: Gray">&lt;!--</span> 
        <span style="color: brown">
          <b>0..1</b>
        </span> 
        <span style="color: darkgreen">
          <a href="datatypes.htm#CodeableConcept">CodeableConcept</a>
        </span> 
        <span style="color: navy">What this value represents</span>
        <span style="color: Gray"> --&gt;</span>&lt;/code&gt;
   &lt;
        <a title="the value of the measure" class="dict" href="#AssessmentScale.score.measure.value[x]">
          <b>value[x]</b>
        </a> 
        <span title="dataAbsentReason attribute is allowed" style="color: red">d?</span>&gt;
        <span style="color: Gray">&lt;!--</span> 
        <span style="color: brown">
          <b>0..1</b>
        </span> 
        <span style="color: darkgreen">
          <a href="datatypes.htm#Quantity">Quantity</a>|
          <a href="datatypes.htm#CodeableConcept">CodeableConcept</a>|
          <a href="datatypes.htm#Choice">Choice</a>|
          <a href="datatypes.htm#boolean">boolean</a>
        </span> 
        <span style="color: navy">actual value</span>
        <span style="color: Gray"> --&gt;</span>&lt;/value[x]&gt;
   &lt;
        <a title="when the value was measured" class="dict" href="#AssessmentScale.score.measure.time">
          <b>time</b>
        </a> 
        <span title="dataAbsentReason attribute is allowed" style="color: red">d?</span>&gt;
        <span style="color: Gray">&lt;!--</span> 
        <span style="color: brown">
          <b>0..1</b>
        </span> 
        <span style="color: darkgreen">
          <a href="datatypes.htm#dateTime">dateTime</a>
        </span> 
        <span style="color: navy">when the value was measured</span>
        <span style="color: Gray"> --&gt;</span>&lt;/time&gt;
   &lt;
        <a title="Reference to the actual measure in it&#39;s original context where additional information may be found" class="dict" href="#AssessmentScale.score.measure.source">
          <b>source</b>
        </a> 
        <span title="dataAbsentReason attribute is allowed" style="color: red">d?</span>&gt;
        <span style="color: Gray">&lt;!--</span> 
        <span style="color: brown">
          <b>0..1</b>
        </span> 
        <span style="color: darkgreen">
          <a href="xml.htm#Resource">Resource</a>(
          <a href="Any.htm#Any">Any</a>)
        </span> 
        <span style="color: navy">source reference for further information</span>
        <span style="color: Gray"> --&gt;</span>&lt;/source&gt;
  &lt;/measure&gt;
 &lt;/score&gt;
 &lt;
        <a title="The reason that the assessment was performed" class="dict" href="#AssessmentScale.reason">
          <b>reason</b>
        </a> 
        <span title="dataAbsentReason attribute is allowed" style="color: red">d?</span>&gt;
        <span style="color: Gray">&lt;!--</span> 
        <span style="color: brown">
          <b>0..1</b>
        </span> 
        <span style="color: darkgreen">
          <a href="datatypes.htm#string">string</a>
        </span> 
        <span style="color: navy">why the assessment was performed</span>
        <span style="color: Gray"> --&gt;</span>&lt;/reason&gt;
 &lt;
        <a title="See Extensions" class="dict" href="#AssessmentScale.extensions">
          <b>extensions</b>
        </a> 
        <span title="dataAbsentReason attribute is allowed" style="color: red">d?</span>&gt;
        <span style="color: Gray">&lt;!--</span> 
        <a href="extensibility.htm">
          <span style="color: navy">See Extensions</span>
        </a>   
        <a href="extensibility.htm">
          <span style="color: navy">See Extensions</span>
        </a> 
        <span style="color: Gray"> --&gt;</span>&lt;/extensions&gt;
 &lt;
        <a title="Text summary of [template] for human interpretation" class="dict" href="#AssessmentScale.text">
          <b>text</b>
        </a>&gt;
        <span style="color: Gray">&lt;!--</span> 
        <span style="color: brown">
          <b>1..1</b>
        </span> 
        <span style="color: darkgreen">
          <a href="Narrative.htm#Narrative">Narrative</a>
        </span> 
        <span style="color: navy">Text summary of [template] for human interpretation</span>
        <span style="color: Gray"> --&gt;</span>&lt;/text&gt;
&lt;/AssessmentScale&gt;

      </pre>
    </div>
  </text>
</Profile>