<?xml version="1.0" encoding="UTF-8"?><AssessmentScale xmlns="http://hl7.org/fhir">
  <id>2342342134134</id>
  <subject>
    <type>Patient</type>
    <id>25bd34</id>
  </subject>
  <performer>
    <type>Agent</type>
    <id>1</id>
  </performer>
  <time>2012-05-23T07:43:00</time>
  <interpretation>
    <coding>
      <code>263654008</code>
      <system>http://snomed.info</system>
      <display>Abnormal</display>
    </coding>
  </interpretation>
  <interpretation>
    <coding>
      <code>248342006</code>
      <system>http://snomed.info</system>
      <display>Underweight</display>
    </coding>
  </interpretation>
  <score>
    <code>  
      <coding>
        <code>39156-5</code>
        <system>http://hl7.org/fhir/sid/loinc</system>
        <display>Body mass index</display>
      </coding>
      <coding>
        <code>60621009</code>
        <system>http://snomed.info</system>
        <display>Body mass index</display>
      </coding>
    </code>
    <valueQuantity>
      <value>18</value>
      <!--  Nominally a BMI has units kg/m2, but we're going to pretend this is a real index...  -->
    </valueQuantity>
    <!--  todo - fill out measures  -->
  </score>
  <reason>?Anorexia Nervosa</reason>
  <text>
    <status>generated</status>
    <div xmlns="http://www.w3.org/1999/xhtml">
      Fill this out....
    </div>
  </text>
</AssessmentScale>