<?xml version="1.0" encoding="UTF-8"?>

<Profile xmlns="http://hl7.org/fhir">
  <id>conformance</id>
  <name>conformance</name>
  <author>
    <name>todo (committee)</name>
  </author>
  <description>A conformance statement about how an application supports FHIR</description>
  <comments>Basic Profile for </comments>
  <status>testing</status>
  <date>2012-06-10</date>
  <endorser>
    <name>HL7</name>
  </endorser>
  <resource>
    <type>Resource</type>
    <element>
      <path>Conformance</path>
      <definition>A conformance statement about how an application supports FHIR</definition>
      <min>1</min>
      <max>1</max>
      <type>Resource</type>
      <dataAbsentReason>false</dataAbsentReason>
      <mustSupport>false</mustSupport>
      <mustUnderstand>false</mustUnderstand>
      <closed>false</closed>
    </element>
    <element>
      <path>Conformance.id</path>
      <shortDefn>ConformanceStatement Id (UUID)</shortDefn>
      <definition>Globally unique Conformance Statement Id (Must be a UUID)</definition>
      <min>1</min>
      <max>1</max>
      <type>id</type>
      <dataAbsentReason>false</dataAbsentReason>
      <mustSupport>false</mustSupport>
      <mustUnderstand>false</mustUnderstand>
      <closed>false</closed>
    </element>
    <element>
      <path>Conformance.date</path>
      <shortDefn>Publication Date</shortDefn>
      <definition>Date that the conformance statement is published</definition>
      <min>1</min>
      <max>1</max>
      <type>dateTime</type>
      <dataAbsentReason>false</dataAbsentReason>
      <mustSupport>false</mustSupport>
      <mustUnderstand>false</mustUnderstand>
      <closed>false</closed>
    </element>
    <element>
      <path>Conformance.publisher</path>
      <definition>The organization that publishes this conformance statement</definition>
      <min>1</min>
      <max>1</max>
      <dataAbsentReason>false</dataAbsentReason>
      <mustSupport>false</mustSupport>
      <mustUnderstand>false</mustUnderstand>
      <closed>false</closed>
    </element>
    <element>
      <path>Conformance.publisher.name</path>
      <shortDefn>Publishing Organization</shortDefn>
      <definition>Name of Organization</definition>
      <min>1</min>
      <max>1</max>
      <type>string</type>
      <dataAbsentReason>false</dataAbsentReason>
      <mustSupport>false</mustSupport>
      <mustUnderstand>false</mustUnderstand>
      <closed>false</closed>
    </element>
    <element>
      <path>Conformance.publisher.address</path>
      <shortDefn>Address of Organization</shortDefn>
      <definition>Address of Organization</definition>
      <min>0</min>
      <max>*</max>
      <type>Address</type>
      <dataAbsentReason>false</dataAbsentReason>
      <mustSupport>false</mustSupport>
      <mustUnderstand>false</mustUnderstand>
      <closed>false</closed>
    </element>
    <element>
      <path>Conformance.publisher.contact</path>
      <shortDefn>Contacts for Organization</shortDefn>
      <definition>Contacts for Organization</definition>
      <min>0</min>
      <max>*</max>
      <type>Contact</type>
      <dataAbsentReason>false</dataAbsentReason>
      <mustSupport>false</mustSupport>
      <mustUnderstand>false</mustUnderstand>
      <closed>false</closed>
    </element>
    <element>
      <path>Conformance.software</path>
      <definition>The software that is covered by this conformance statement</definition>
      <min>1</min>
      <max>1</max>
      <dataAbsentReason>false</dataAbsentReason>
      <mustSupport>false</mustSupport>
      <mustUnderstand>false</mustUnderstand>
      <closed>false</closed>
    </element>
    <element>
      <path>Conformance.software.name</path>
      <shortDefn>Name software is known by</shortDefn>
      <definition>Name software is known by</definition>
      <min>1</min>
      <max>1</max>
      <type>string</type>
      <dataAbsentReason>false</dataAbsentReason>
      <mustSupport>false</mustSupport>
      <mustUnderstand>false</mustUnderstand>
      <closed>false</closed>
    </element>
    <element>
      <path>Conformance.software.version</path>
      <shortDefn>Version covered by this statement</shortDefn>
      <definition>Version covered by this statement</definition>
      <min>1</min>
      <max>1</max>
      <type>string</type>
      <dataAbsentReason>false</dataAbsentReason>
      <mustSupport>false</mustSupport>
      <mustUnderstand>false</mustUnderstand>
      <closed>false</closed>
    </element>
    <element>
      <path>Conformance.software.releaseDate</path>
      <shortDefn>Date this version released</shortDefn>
      <definition>Date this version released</definition>
      <min>0</min>
      <max>1</max>
      <type>dateTime</type>
      <dataAbsentReason>false</dataAbsentReason>
      <mustSupport>false</mustSupport>
      <mustUnderstand>false</mustUnderstand>
      <closed>false</closed>
    </element>
    <element>
      <path>Conformance.version</path>
      <shortDefn>FHIR Version</shortDefn>
      <definition>The version of the FHIR specification on which this conformance profile is based</definition>
      <min>1</min>
      <max>1</max>
      <type>id</type>
      <dataAbsentReason>false</dataAbsentReason>
      <mustSupport>false</mustSupport>
      <mustUnderstand>false</mustUnderstand>
      <closed>false</closed>
    </element>
    <element>
      <path>Conformance.acceptUnknown</path>
      <shortDefn>true if application accepts unknown elements</shortDefn>
      <definition>Whether the application accepts unknown elements as part of a resource. This does not include extensions, but genuine new additions to a resource</definition>
      <comments>Note that </comments>
      <min>1</min>
      <max>1</max>
      <type>boolean</type>
      <dataAbsentReason>false</dataAbsentReason>
      <mustSupport>false</mustSupport>
      <mustUnderstand>false</mustUnderstand>
      <closed>false</closed>
    </element>
    <element>
      <path>Conformance.rest</path>
      <min>0</min>
      <max>1</max>
      <dataAbsentReason>false</dataAbsentReason>
      <mustSupport>false</mustSupport>
      <mustUnderstand>false</mustUnderstand>
      <closed>false</closed>
    </element>
    <element>
      <path>Conformance.rest.mode</path>
      <shortDefn>client | server</shortDefn>
      <definition>client | server</definition>
      <min>1</min>
      <max>1</max>
      <type>code</type>
      <dataAbsentReason>false</dataAbsentReason>
      <mustSupport>false</mustSupport>
      <mustUnderstand>false</mustUnderstand>
      <binding>RestfulConformanceMode</binding>
      <closed>false</closed>
    </element>
    <element>
      <path>Conformance.rest.resource</path>
      <min>1</min>
      <max>*</max>
      <dataAbsentReason>false</dataAbsentReason>
      <mustSupport>false</mustSupport>
      <mustUnderstand>false</mustUnderstand>
      <closed>false</closed>
    </element>
    <element>
      <path>Conformance.rest.resource.type</path>
      <shortDefn>resource type</shortDefn>
      <definition>resource type</definition>
      <min>1</min>
      <max>1</max>
      <type>code</type>
      <dataAbsentReason>false</dataAbsentReason>
      <mustSupport>false</mustSupport>
      <mustUnderstand>false</mustUnderstand>
      <binding>ResourceType</binding>
      <closed>false</closed>
    </element>
    <element>
      <path>Conformance.rest.resource.profile</path>
      <shortDefn>other profiles that apply (i.e. code binding rules)</shortDefn>
      <definition>Additional other profiles that apply to this conformance statement.</definition>
      <comments> Generally these profiles make  constraints on the bindings of concept domains / value sets</comments>
      <min>0</min>
      <max>1</max>
      <type>uri</type>
      <dataAbsentReason>false</dataAbsentReason>
      <mustSupport>false</mustSupport>
      <mustUnderstand>false</mustUnderstand>
      <closed>false</closed>
    </element>
    <element>
      <path>Conformance.rest.resource.update</path>
      <shortDefn>if supported</shortDefn>
      <definition>if supported</definition>
      <min>0</min>
      <max>1</max>
      <type>boolean</type>
      <dataAbsentReason>false</dataAbsentReason>
      <mustSupport>false</mustSupport>
      <mustUnderstand>false</mustUnderstand>
      <closed>false</closed>
    </element>
    <element>
      <path>Conformance.rest.resource.delete</path>
      <shortDefn>if supported</shortDefn>
      <definition>if supported</definition>
      <min>0</min>
      <max>1</max>
      <type>boolean</type>
      <dataAbsentReason>false</dataAbsentReason>
      <mustSupport>false</mustSupport>
      <mustUnderstand>false</mustUnderstand>
      <closed>false</closed>
    </element>
    <element>
      <path>Conformance.rest.resource.validate</path>
      <shortDefn>if supported</shortDefn>
      <definition>if supported</definition>
      <min>0</min>
      <max>1</max>
      <type>boolean</type>
      <dataAbsentReason>false</dataAbsentReason>
      <mustSupport>false</mustSupport>
      <mustUnderstand>false</mustUnderstand>
      <closed>false</closed>
    </element>
    <element>
      <path>Conformance.rest.resource.history</path>
      <shortDefn>if supported</shortDefn>
      <definition>if supported</definition>
      <min>0</min>
      <max>1</max>
      <type>boolean</type>
      <dataAbsentReason>false</dataAbsentReason>
      <mustSupport>false</mustSupport>
      <mustUnderstand>false</mustUnderstand>
      <closed>false</closed>
    </element>
    <element>
      <path>Conformance.rest.resource.search</path>
      <shortDefn>only if supported</shortDefn>
      <definition>only if supported</definition>
      <min>0</min>
      <max>1</max>
      <dataAbsentReason>false</dataAbsentReason>
      <mustSupport>false</mustSupport>
      <mustUnderstand>false</mustUnderstand>
      <closed>false</closed>
    </element>
    <element>
      <path>Conformance.rest.resource.search.param</path>
      <shortDefn>search params supported</shortDefn>
      <definition>search params supported</definition>
      <min>1</min>
      <max>*</max>
      <dataAbsentReason>false</dataAbsentReason>
      <mustSupport>false</mustSupport>
      <mustUnderstand>false</mustUnderstand>
      <closed>false</closed>
    </element>
    <element>
      <path>Conformance.rest.resource.search.param.name</path>
      <shortDefn>name of search parameter</shortDefn>
      <definition>name of search parameter</definition>
      <min>1</min>
      <max>1</max>
      <type>string</type>
      <dataAbsentReason>false</dataAbsentReason>
      <mustSupport>false</mustSupport>
      <mustUnderstand>false</mustUnderstand>
      <closed>false</closed>
    </element>
    <element>
      <path>Conformance.rest.resource.search.param.documentation</path>
      <shortDefn>contents and meaning of search parameter</shortDefn>
      <definition>contents and meaning of search parameter</definition>
      <min>0</min>
      <max>1</max>
      <type>string</type>
      <dataAbsentReason>false</dataAbsentReason>
      <mustSupport>false</mustSupport>
      <mustUnderstand>false</mustUnderstand>
      <closed>false</closed>
    </element>
    <element>
      <path>Conformance.rest.resource.create</path>
      <shortDefn>if supported</shortDefn>
      <definition>if supported</definition>
      <min>0</min>
      <max>1</max>
      <type>boolean</type>
      <dataAbsentReason>false</dataAbsentReason>
      <mustSupport>false</mustSupport>
      <mustUnderstand>false</mustUnderstand>
      <closed>false</closed>
    </element>
    <element>
      <path>Conformance.rest.resource.updates</path>
      <shortDefn>if supported</shortDefn>
      <definition>if supported</definition>
      <min>0</min>
      <max>1</max>
      <type>boolean</type>
      <dataAbsentReason>false</dataAbsentReason>
      <mustSupport>false</mustSupport>
      <mustUnderstand>false</mustUnderstand>
      <closed>false</closed>
    </element>
    <element>
      <path>Conformance.rest.resource.updates.param</path>
      <shortDefn>update filter params supported</shortDefn>
      <definition>update filter params supported</definition>
      <min>0</min>
      <max>*</max>
      <type>string</type>
      <dataAbsentReason>false</dataAbsentReason>
      <mustSupport>false</mustSupport>
      <mustUnderstand>false</mustUnderstand>
      <closed>false</closed>
    </element>
    <element>
      <path>Conformance.messaging</path>
      <definition>An event supported by the application</definition>
      <min>0</min>
      <max>1</max>
      <dataAbsentReason>false</dataAbsentReason>
      <mustSupport>false</mustSupport>
      <mustUnderstand>false</mustUnderstand>
      <closed>false</closed>
    </element>
    <element>
      <path>Conformance.messaging.endpoint</path>
      <shortDefn>Actual endpoint being described</shortDefn>
      <definition>Actual endpoint being described</definition>
      <min>0</min>
      <max>1</max>
      <type>uri</type>
      <dataAbsentReason>false</dataAbsentReason>
      <mustSupport>false</mustSupport>
      <mustUnderstand>false</mustUnderstand>
      <closed>false</closed>
    </element>
    <element>
      <path>Conformance.messaging.event</path>
      <shortDefn>Declare support for this event</shortDefn>
      <definition>The code for the event</definition>
      <min>1</min>
      <max>*</max>
      <dataAbsentReason>false</dataAbsentReason>
      <mustSupport>false</mustSupport>
      <mustUnderstand>false</mustUnderstand>
      <closed>false</closed>
    </element>
    <element>
      <path>Conformance.messaging.event.code</path>
      <shortDefn>Which resource if event has multiple</shortDefn>
      <definition>The focal resource for the event</definition>
      <min>1</min>
      <max>1</max>
      <type>code</type>
      <dataAbsentReason>false</dataAbsentReason>
      <mustSupport>false</mustSupport>
      <mustUnderstand>false</mustUnderstand>
      <binding>MessageEvent</binding>
      <closed>false</closed>
    </element>
    <element>
      <path>Conformance.messaging.event.mode</path>
      <shortDefn>sender | receiver</shortDefn>
      <definition>The mode of this event declaration - whether application is sender or receiver</definition>
      <min>1</min>
      <max>1</max>
      <type>code</type>
      <dataAbsentReason>false</dataAbsentReason>
      <mustSupport>false</mustSupport>
      <mustUnderstand>false</mustUnderstand>
      <binding>ConformanceEventMode</binding>
      <closed>false</closed>
    </element>
    <element>
      <path>Conformance.messaging.event.focus</path>
      <shortDefn>if the event code supports multiple resources</shortDefn>
      <definition>if the event code supports multiple resources</definition>
      <comments>This must be provided if the event type supports multiple different resource types</comments>
      <min>0</min>
      <max>1</max>
      <type>code</type>
      <dataAbsentReason>false</dataAbsentReason>
      <mustSupport>false</mustSupport>
      <mustUnderstand>false</mustUnderstand>
      <binding>ResourceType</binding>
      <closed>false</closed>
    </element>
    <element>
      <path>Conformance.messaging.event.request</path>
      <shortDefn>Profile that describes the request</shortDefn>
      <definition>Information about the request for this event</definition>
      <min>0</min>
      <max>1</max>
      <type>uri</type>
      <dataAbsentReason>false</dataAbsentReason>
      <mustSupport>false</mustSupport>
      <mustUnderstand>false</mustUnderstand>
      <closed>false</closed>
    </element>
    <element>
      <path>Conformance.messaging.event.response</path>
      <shortDefn>Profile that describes the response</shortDefn>
      <definition>Information about the response for this event</definition>
      <min>0</min>
      <max>1</max>
      <type>uri</type>
      <dataAbsentReason>false</dataAbsentReason>
      <mustSupport>false</mustSupport>
      <mustUnderstand>false</mustUnderstand>
      <closed>false</closed>
    </element>
    <element>
      <path>Conformance.document</path>
      <shortDefn>document definition</shortDefn>
      <definition>A document definition</definition>
      <min>0</min>
      <max>*</max>
      <dataAbsentReason>false</dataAbsentReason>
      <mustSupport>false</mustSupport>
      <mustUnderstand>false</mustUnderstand>
      <closed>false</closed>
    </element>
    <element>
      <path>Conformance.document.name</path>
      <shortDefn>Name for this particular document profile</shortDefn>
      <definition>Name for this particular document profile</definition>
      <min>1</min>
      <max>1</max>
      <type>string</type>
      <dataAbsentReason>false</dataAbsentReason>
      <mustSupport>false</mustSupport>
      <mustUnderstand>false</mustUnderstand>
      <closed>false</closed>
    </element>
    <element>
      <path>Conformance.document.purpose</path>
      <shortDefn>Human description of this particular profile</shortDefn>
      <definition>Human description of this particular profile</definition>
      <min>0</min>
      <max>1</max>
      <type>string</type>
      <dataAbsentReason>false</dataAbsentReason>
      <mustSupport>false</mustSupport>
      <mustUnderstand>false</mustUnderstand>
      <closed>false</closed>
    </element>
    <element>
      <path>Conformance.document.profile</path>
      <shortDefn>Constraint on a resource used in the document</shortDefn>
      <definition>Constraint on a resource used in the document</definition>
      <comments>The first resource is the document resource</comments>
      <min>1</min>
      <max>1</max>
      <type>uri</type>
      <dataAbsentReason>false</dataAbsentReason>
      <mustSupport>false</mustSupport>
      <mustUnderstand>false</mustUnderstand>
      <closed>false</closed>
    </element>
    <element>
      <path>Conformance.extensions</path>
      <shortDefn>See Extensions</shortDefn>
      <definition>See Extensions</definition>
      <min>0</min>
      <max>1</max>
      <dataAbsentReason>false</dataAbsentReason>
      <mustSupport>false</mustSupport>
      <mustUnderstand>false</mustUnderstand>
      <closed>false</closed>
    </element>
    <element>
      <path>Conformance.text</path>
      <shortDefn>Text summary of conformance profile for human interpretation</shortDefn>
      <definition>Text summary of conformance profile for human interpretation</definition>
      <min>1</min>
      <max>1</max>
      <type>Narrative</type>
      <dataAbsentReason>false</dataAbsentReason>
      <mustSupport>false</mustSupport>
      <mustUnderstand>false</mustUnderstand>
      <closed>false</closed>
    </element>
  </resource>
  <text>
    <status>generated</status>
    <div xmlns="http://www.w3.org/1999/xhtml">
      <pre>
&lt;
        <a title="A conformance statement about how an application supports FHIR" class="dict" href="#Conformance">
          <b>Conformance</b>
        </a> xmlns=&quot;http://hl7.org/fhir&quot;&gt;
 &lt;
        <a title="Globally unique Conformance Statement Id (Must be a UUID)" class="dict" href="#Conformance.id">
          <b>id</b>
        </a>&gt;
        <span style="color: Gray">&lt;!--</span> 
        <span style="color: brown">
          <b>1..1</b>
        </span> 
        <span style="color: darkgreen">
          <a href="datatypes.htm#id">id</a>
        </span> 
        <span style="color: navy">ConformanceStatement Id (UUID)</span>
        <span style="color: Gray"> --&gt;</span>&lt;/id&gt;
 &lt;
        <a title="Date that the conformance statement is published" class="dict" href="#Conformance.date">
          <b>date</b>
        </a>&gt;
        <span style="color: Gray">&lt;!--</span> 
        <span style="color: brown">
          <b>1..1</b>
        </span> 
        <span style="color: darkgreen">
          <a href="datatypes.htm#dateTime">dateTime</a>
        </span> 
        <span style="color: navy">Publication Date</span>
        <span style="color: Gray"> --&gt;</span>&lt;/date&gt;
 &lt;
        <a title="The organization that publishes this conformance statement" class="dict" href="#Conformance.publisher">
          <b>publisher</b>
        </a>&gt; 
  &lt;
        <a title="Name of Organization" class="dict" href="#Conformance.publisher.name">
          <b>name</b>
        </a>&gt;
        <span style="color: Gray">&lt;!--</span> 
        <span style="color: brown">
          <b>1..1</b>
        </span> 
        <span style="color: darkgreen">
          <a href="datatypes.htm#string">string</a>
        </span> 
        <span style="color: navy">Publishing Organization</span>
        <span style="color: Gray"> --&gt;</span>&lt;/name&gt;
  &lt;
        <a title="Address of Organization" class="dict" href="#Conformance.publisher.address">
          <b>address</b>
        </a>&gt;
        <span style="color: Gray">&lt;!--</span> 
        <span style="color: brown">
          <b>0..*</b>
        </span> 
        <span style="color: darkgreen">
          <a href="datatypes.htm#Address">Address</a>
        </span> 
        <span style="color: navy">Address of Organization</span>
        <span style="color: Gray"> --&gt;</span>&lt;/address&gt;
  &lt;
        <a title="Contacts for Organization" class="dict" href="#Conformance.publisher.contact">
          <b>contact</b>
        </a>&gt;
        <span style="color: Gray">&lt;!--</span> 
        <span style="color: brown">
          <b>0..*</b>
        </span> 
        <span style="color: darkgreen">
          <a href="datatypes.htm#Contact">Contact</a>
        </span> 
        <span style="color: navy">Contacts for Organization</span>
        <span style="color: Gray"> --&gt;</span>&lt;/contact&gt;
 &lt;/publisher&gt;
 &lt;
        <a title="The software that is covered by this conformance statement" class="dict" href="#Conformance.software">
          <b>software</b>
        </a>&gt; 
  &lt;
        <a title="Name software is known by" class="dict" href="#Conformance.software.name">
          <b>name</b>
        </a>&gt;
        <span style="color: Gray">&lt;!--</span> 
        <span style="color: brown">
          <b>1..1</b>
        </span> 
        <span style="color: darkgreen">
          <a href="datatypes.htm#string">string</a>
        </span> 
        <span style="color: navy">Name software is known by</span>
        <span style="color: Gray"> --&gt;</span>&lt;/name&gt;
  &lt;
        <a title="Version covered by this statement" class="dict" href="#Conformance.software.version">
          <b>version</b>
        </a>&gt;
        <span style="color: Gray">&lt;!--</span> 
        <span style="color: brown">
          <b>1..1</b>
        </span> 
        <span style="color: darkgreen">
          <a href="datatypes.htm#string">string</a>
        </span> 
        <span style="color: navy">Version covered by this statement</span>
        <span style="color: Gray"> --&gt;</span>&lt;/version&gt;
  &lt;
        <a title="Date this version released" class="dict" href="#Conformance.software.releaseDate">
          <b>releaseDate</b>
        </a>&gt;
        <span style="color: Gray">&lt;!--</span> 
        <span style="color: brown">
          <b>0..1</b>
        </span> 
        <span style="color: darkgreen">
          <a href="datatypes.htm#dateTime">dateTime</a>
        </span> 
        <span style="color: navy">Date this version released</span>
        <span style="color: Gray"> --&gt;</span>&lt;/releaseDate&gt;
 &lt;/software&gt;
 &lt;
        <a title="The version of the FHIR specification on which this conformance profile is based" class="dict" href="#Conformance.version">
          <b>version</b>
        </a>&gt;
        <span style="color: Gray">&lt;!--</span> 
        <span style="color: brown">
          <b>1..1</b>
        </span> 
        <span style="color: darkgreen">
          <a href="datatypes.htm#id">id</a>
        </span> 
        <span style="color: navy">FHIR Version</span>
        <span style="color: Gray"> --&gt;</span>&lt;/version&gt;
 &lt;
        <a title="Whether the application accepts unknown elements as part of a resource. This does not include extensions, but genuine new additions to a resource" class="dict" href="#Conformance.acceptUnknown">
          <b>acceptUnknown</b>
        </a>&gt;
        <span style="color: Gray">&lt;!--</span> 
        <span style="color: brown">
          <b>1..1</b>
        </span> 
        <span style="color: darkgreen">
          <a href="datatypes.htm#boolean">boolean</a>
        </span> 
        <span style="color: navy">true if application accepts unknown elements</span>
        <span style="color: Gray"> --&gt;</span>&lt;/acceptUnknown&gt;
 &lt;
        <a title="" class="dict" href="#Conformance.rest">
          <b>rest</b>
        </a>&gt; 
  &lt;
        <a title="client | server" class="dict" href="#Conformance.rest.mode">
          <b>mode</b>
        </a>&gt;
        <span style="color: Gray">&lt;!--</span> 
        <span style="color: brown">
          <b>1..1</b>
        </span> 
        <span style="color: darkgreen">
          <a href="datatypes.htm#code">code</a>
        </span> 
        <span style="color: navy">client | server</span>
        <span style="color: Gray"> --&gt;</span>&lt;/mode&gt;
  &lt;
        <a title="" class="dict" href="#Conformance.rest.resource">
          <b>resource</b>
        </a>&gt;  
        <span style="color: Gray">&lt;!-- 
          <span style="color: brown">
            <b>1..*</b>
          </span> --&gt;
        </span>
   &lt;
        <a title="resource type" class="dict" href="#Conformance.rest.resource.type">
          <b>type</b>
        </a>&gt;
        <span style="color: Gray">&lt;!--</span> 
        <span style="color: brown">
          <b>1..1</b>
        </span> 
        <span style="color: darkgreen">
          <a href="datatypes.htm#code">code</a>
        </span> 
        <span style="color: navy">resource type</span>
        <span style="color: Gray"> --&gt;</span>&lt;/type&gt;
   &lt;
        <a title="Additional other profiles that apply to this conformance statement." class="dict" href="#Conformance.rest.resource.profile">
          <b>profile</b>
        </a>&gt;
        <span style="color: Gray">&lt;!--</span> 
        <span style="color: brown">
          <b>0..1</b>
        </span> 
        <span style="color: darkgreen">
          <a href="datatypes.htm#uri">uri</a>
        </span> 
        <span style="color: navy">other profiles that apply (i.e. code binding rules)</span>
        <span style="color: Gray"> --&gt;</span>&lt;/profile&gt;
   &lt;
        <a title="if supported" class="dict" href="#Conformance.rest.resource.update">
          <b>update</b>
        </a>&gt;
        <span style="color: Gray">&lt;!--</span> 
        <span style="color: brown">
          <b>0..1</b>
        </span> 
        <span style="color: darkgreen">
          <a href="datatypes.htm#boolean">boolean</a>
        </span> 
        <span style="color: navy">if supported</span>
        <span style="color: Gray"> --&gt;</span>&lt;/update&gt;
   &lt;
        <a title="if supported" class="dict" href="#Conformance.rest.resource.delete">
          <b>delete</b>
        </a>&gt;
        <span style="color: Gray">&lt;!--</span> 
        <span style="color: brown">
          <b>0..1</b>
        </span> 
        <span style="color: darkgreen">
          <a href="datatypes.htm#boolean">boolean</a>
        </span> 
        <span style="color: navy">if supported</span>
        <span style="color: Gray"> --&gt;</span>&lt;/delete&gt;
   &lt;
        <a title="if supported" class="dict" href="#Conformance.rest.resource.validate">
          <b>validate</b>
        </a>&gt;
        <span style="color: Gray">&lt;!--</span> 
        <span style="color: brown">
          <b>0..1</b>
        </span> 
        <span style="color: darkgreen">
          <a href="datatypes.htm#boolean">boolean</a>
        </span> 
        <span style="color: navy">if supported</span>
        <span style="color: Gray"> --&gt;</span>&lt;/validate&gt;
   &lt;
        <a title="if supported" class="dict" href="#Conformance.rest.resource.history">
          <b>history</b>
        </a>&gt;
        <span style="color: Gray">&lt;!--</span> 
        <span style="color: brown">
          <b>0..1</b>
        </span> 
        <span style="color: darkgreen">
          <a href="datatypes.htm#boolean">boolean</a>
        </span> 
        <span style="color: navy">if supported</span>
        <span style="color: Gray"> --&gt;</span>&lt;/history&gt;
   &lt;
        <a title="only if supported" class="dict" href="#Conformance.rest.resource.search">
          <b>search</b>
        </a>&gt;  
        <span style="color: Gray">&lt;!-- only if supported --&gt;</span>
    &lt;
        <a title="search params supported" class="dict" href="#Conformance.rest.resource.search.param">
          <b>param</b>
        </a>&gt;  
        <span style="color: Gray">&lt;!-- 
          <span style="color: brown">
            <b>1..*</b>
          </span> search params supported --&gt;
        </span>
     &lt;
        <a title="name of search parameter" class="dict" href="#Conformance.rest.resource.search.param.name">
          <b>name</b>
        </a>&gt;
        <span style="color: Gray">&lt;!--</span> 
        <span style="color: brown">
          <b>1..1</b>
        </span> 
        <span style="color: darkgreen">
          <a href="datatypes.htm#string">string</a>
        </span> 
        <span style="color: navy">name of search parameter</span>
        <span style="color: Gray"> --&gt;</span>&lt;/name&gt;
     &lt;
        <a title="contents and meaning of search parameter" class="dict" href="#Conformance.rest.resource.search.param.documentation">
          <b>documentation</b>
        </a>&gt;
        <span style="color: Gray">&lt;!--</span> 
        <span style="color: brown">
          <b>0..1</b>
        </span> 
        <span style="color: darkgreen">
          <a href="datatypes.htm#string">string</a>
        </span> 
        <span style="color: navy">contents and meaning of search parameter</span>
        <span style="color: Gray"> --&gt;</span>&lt;/documentation&gt;
    &lt;/param&gt;
   &lt;/search&gt;
   &lt;
        <a title="if supported" class="dict" href="#Conformance.rest.resource.create">
          <b>create</b>
        </a>&gt;
        <span style="color: Gray">&lt;!--</span> 
        <span style="color: brown">
          <b>0..1</b>
        </span> 
        <span style="color: darkgreen">
          <a href="datatypes.htm#boolean">boolean</a>
        </span> 
        <span style="color: navy">if supported</span>
        <span style="color: Gray"> --&gt;</span>&lt;/create&gt;
   &lt;
        <a title="if supported" class="dict" href="#Conformance.rest.resource.updates">
          <b>updates</b>
        </a>&gt; 
        <span style="color: brown">
          <b>0..1</b>
        </span> 
        <span style="color: darkgreen">
          <a href="datatypes.htm#boolean">boolean</a>
        </span>  
        <span style="color: Gray">&lt;!-- if supported --&gt;</span>
    &lt;
        <a title="update filter params supported" class="dict" href="#Conformance.rest.resource.updates.param">
          <b>param</b>
        </a>&gt;
        <span style="color: Gray">&lt;!--</span> 
        <span style="color: brown">
          <b>0..*</b>
        </span> 
        <span style="color: darkgreen">
          <a href="datatypes.htm#string">string</a>
        </span> 
        <span style="color: navy">update filter params supported</span>
        <span style="color: Gray"> --&gt;</span>&lt;/param&gt;
   &lt;/updates&gt;
  &lt;/resource&gt;
 &lt;/rest&gt;
 &lt;
        <a title="An event supported by the application" class="dict" href="#Conformance.messaging">
          <b>messaging</b>
        </a>&gt; 
  &lt;
        <a title="Actual endpoint being described" class="dict" href="#Conformance.messaging.endpoint">
          <b>endpoint</b>
        </a>&gt;
        <span style="color: Gray">&lt;!--</span> 
        <span style="color: brown">
          <b>0..1</b>
        </span> 
        <span style="color: darkgreen">
          <a href="datatypes.htm#uri">uri</a>
        </span> 
        <span style="color: navy">Actual endpoint being described</span>
        <span style="color: Gray"> --&gt;</span>&lt;/endpoint&gt;
  &lt;
        <a title="The code for the event" class="dict" href="#Conformance.messaging.event">
          <b>event</b>
        </a>&gt;  
        <span style="color: Gray">&lt;!-- 
          <span style="color: brown">
            <b>1..*</b>
          </span> Declare support for this event --&gt;
        </span>
   &lt;
        <a title="The focal resource for the event" class="dict" href="#Conformance.messaging.event.code">
          <b>code</b>
        </a>&gt;
        <span style="color: Gray">&lt;!--</span> 
        <span style="color: brown">
          <b>1..1</b>
        </span> 
        <span style="color: darkgreen">
          <a href="datatypes.htm#code">code</a>
        </span> 
        <span style="color: navy">Which resource if event has multiple</span>
        <span style="color: Gray"> --&gt;</span>&lt;/code&gt;
   &lt;
        <a title="The mode of this event declaration - whether application is sender or receiver" class="dict" href="#Conformance.messaging.event.mode">
          <b>mode</b>
        </a>&gt;
        <span style="color: Gray">&lt;!--</span> 
        <span style="color: brown">
          <b>1..1</b>
        </span> 
        <span style="color: darkgreen">
          <a href="datatypes.htm#code">code</a>
        </span> 
        <span style="color: navy">sender | receiver</span>
        <span style="color: Gray"> --&gt;</span>&lt;/mode&gt;
   &lt;
        <a title="if the event code supports multiple resources" class="dict" href="#Conformance.messaging.event.focus">
          <b>focus</b>
        </a>&gt;
        <span style="color: Gray">&lt;!--</span> 
        <span style="color: brown">
          <b>0..1</b>
        </span> 
        <span style="color: darkgreen">
          <a href="datatypes.htm#code">code</a>
        </span> 
        <span style="color: navy">if the event code supports multiple resources</span>
        <span style="color: Gray"> --&gt;</span>&lt;/focus&gt;
   &lt;
        <a title="Information about the request for this event" class="dict" href="#Conformance.messaging.event.request">
          <b>request</b>
        </a>&gt;
        <span style="color: Gray">&lt;!--</span> 
        <span style="color: brown">
          <b>0..1</b>
        </span> 
        <span style="color: darkgreen">
          <a href="datatypes.htm#uri">uri</a>
        </span> 
        <span style="color: navy">Profile that describes the request</span>
        <span style="color: Gray"> --&gt;</span>&lt;/request&gt;
   &lt;
        <a title="Information about the response for this event" class="dict" href="#Conformance.messaging.event.response">
          <b>response</b>
        </a>&gt;
        <span style="color: Gray">&lt;!--</span> 
        <span style="color: brown">
          <b>0..1</b>
        </span> 
        <span style="color: darkgreen">
          <a href="datatypes.htm#uri">uri</a>
        </span> 
        <span style="color: navy">Profile that describes the response</span>
        <span style="color: Gray"> --&gt;</span>&lt;/response&gt;
  &lt;/event&gt;
 &lt;/messaging&gt;
 &lt;
        <a title="A document definition" class="dict" href="#Conformance.document">
          <b>document</b>
        </a>&gt;  
        <span style="color: Gray">&lt;!-- 
          <span title="A Conformance profile must have at least one of rest, messages, or document" style="color: deeppink">
            <b>0..*</b>
          </span> document definition --&gt;
        </span>
  &lt;
        <a title="Name for this particular document profile" class="dict" href="#Conformance.document.name">
          <b>name</b>
        </a>&gt;
        <span style="color: Gray">&lt;!--</span> 
        <span style="color: brown">
          <b>1..1</b>
        </span> 
        <span style="color: darkgreen">
          <a href="datatypes.htm#string">string</a>
        </span> 
        <span style="color: navy">Name for this particular document profile</span>
        <span style="color: Gray"> --&gt;</span>&lt;/name&gt;
  &lt;
        <a title="Human description of this particular profile" class="dict" href="#Conformance.document.purpose">
          <b>purpose</b>
        </a>&gt;
        <span style="color: Gray">&lt;!--</span> 
        <span style="color: brown">
          <b>0..1</b>
        </span> 
        <span style="color: darkgreen">
          <a href="datatypes.htm#string">string</a>
        </span> 
        <span style="color: navy">Human description of this particular profile</span>
        <span style="color: Gray"> --&gt;</span>&lt;/purpose&gt;
  &lt;
        <a title="Constraint on a resource used in the document" class="dict" href="#Conformance.document.profile">
          <b>profile</b>
        </a>&gt;
        <span style="color: Gray">&lt;!--</span> 
        <span style="color: brown">
          <b>1..1</b>
        </span> 
        <span style="color: darkgreen">
          <a href="datatypes.htm#uri">uri</a>
        </span> 
        <span style="color: navy">Constraint on a resource used in the document</span>
        <span style="color: Gray"> --&gt;</span>&lt;/profile&gt;
 &lt;/document&gt;
 &lt;
        <a title="See Extensions" class="dict" href="#Conformance.extensions">
          <b>extensions</b>
        </a>&gt;
        <span style="color: Gray">&lt;!--</span> 
        <a href="extensibility.htm">
          <span style="color: navy">See Extensions</span>
        </a>   
        <a href="extensibility.htm">
          <span style="color: navy">See Extensions</span>
        </a> 
        <span style="color: Gray"> --&gt;</span>&lt;/extensions&gt;
 &lt;
        <a title="Text summary of conformance profile for human interpretation" class="dict" href="#Conformance.text">
          <b>text</b>
        </a>&gt;
        <span style="color: Gray">&lt;!--</span> 
        <span style="color: brown">
          <b>1..1</b>
        </span> 
        <span style="color: darkgreen">
          <a href="Narrative.htm#Narrative">Narrative</a>
        </span> 
        <span style="color: navy">Text summary of conformance profile for human interpretation</span>
        <span style="color: Gray"> --&gt;</span>&lt;/text&gt;
&lt;/Conformance&gt;

      </pre>
    </div>
  </text>
</Profile>