<?xml version="1.0" encoding="UTF-8"?><Conformance xmlns="http://hl7.org/fhir">
  <id>6cb96d2f-cfa5-4da9-a5a6-d1a087da0baf</id>
  <date>2012-01-04</date>
  <publisher>
    <name>ACME Corporation</name>
    <contact>
      <system>email</system>
      <value>wile@acme.org</value>
    </contact>
  </publisher>
  <software>
    <name>EHR</name>
    <version>0.00.020.2134</version>
  </software>

  <!--  while the FHIR infrastructure is turning over prior to development, a version is required. Note that this may be rescinded later?  -->
  <version>0.02</version>
  <acceptUnknown>true</acceptUnknown>
  
  <!--  in a real conformance statement, it's unlikely that a single conformance statement would declare conformance 
   for REST, messaging, and documents, though it is legal. This example does so in order to show all the parts of a  
   conformance statement  -->
  <rest>
    <!--  this is a server conformance statement. Note that servers are required to provide one of these. 
     It can easily be edited by hand - copy this, replace the metadata above, delete the messaging and 
     document stuff below, and then replace the details appropriately.  -->
    <mode>server</mode>
    <!--  zero or more of these - declaration of support for a resource  -->
    <resource>
      <type>Person</type>
      <!--  let's assume that HL7 has stood up a profile registry at http://fhir.hl7.org/fhir - it's likely to have a registry, 
           though this is not decided, nor is a URL decided. This application simply uses a profile registered directly 
           with HL7. For the simplest case of a FHIR REST Server, just delete this profile reference. Profile 
           references do not need to be a UUID, though a profile registry could insist that they are  -->
      <profile>http://fhir.hl7.org/base/profile/@7896271d-57f6-4231-89dc-dcc91eab2416</profile>
      <!--  read and vread are mandatory, so there's no conformance statement for them  -->
      <update>true</update>
      <delete>false</delete>
      <validate>false</validate>
      <history>true</history>
      <search>
        <!--  this list is incomplete - there's more parameters than name, but this suffices for an example  -->
        <param>
          <name>name</name>
          <documentation>Search for a person by name (any part of their name)</documentation>
        </param>
      </search>
      <create>true</create>
      <updates>true</updates>
    </resource>
  </rest>

  <!--  a messaging conformance statemnt. Applications are not required to make a conformance statement with regard to 
    messaging, though there is active argument that they should.   -->
  <messaging>
    <!--  how to tell whether this llp is a server or a client?  -->
    <endpoint>llp:acme-1:2345</endpoint>
    <event>
      <code>admin-notify</code>
      <mode>receiver</mode> <!--  this a a receiver - i.e. answers. Not necessariy a server  -->
      <focus>Person</focus>
      <!--  specify a profile for the request person. Very often there's no point profiling the response, it's not interesting  -->
      <request>http://fhir.hl7.org/base/profile/@7896271d-57f6-4231-89dc-dcc91eab2416</request>
    </event>
  </messaging>
  
  <!--  a document conformance statement  -->
  <document>
    <name>General</name>
    <purpose>Basic rules for all documents in the EHR system</purpose>
    <!--  this is the important element: a reference to a published document profile 
       note that this is a version specific reference.
       -->
    <profile>http://fhir.hl7.org/base/profile/@bc054d23-75e1-4dc6-aca5-838b6b1ac81d/history/@b5fdd9fc-b021-4ea1-911a-721a60663796</profile>
  </document>  
  <text>
  
    <status>generated</status>
    <div xmlns="http://www.w3.org/1999/xhtml">
      <p>The EHR Server supports the following transactions for the resource &quot;Person&quot;: read, vread, update, history, search(name,gender), create, and updates.</p>
      <p>The EHR System supports the following message: admin-notify::Person.</p>
      <p>The EHR Application has a <a href="http://fhir.hl7.org/base/profile/@bc054d23-75e1-4dc6-aca5-838b6b1ac81d/history/@b5fdd9fc-b021-4ea1-911a-721a60663796">general document profile</a>.</p>
    </div>
  </text>
</Conformance>