<?xml version="1.0" encoding="UTF-8"?>

<Profile xmlns="http://hl7.org/fhir">
  <id>document</id>
  <name>document</name>
  <author>
    <name>todo (committee)</name>
  </author>
  <description>A documentation of clinical observations and services that are aggregated together into a single statement of clinical meaning that establishes it&#39;s own context. A clinical document is composed of a set of resources that include both human and computer readable portions. A human must attest to the accuracy of the human readable portion, and may authenticate and/or sign the entire whole</description>
  <comments>Basic Profile for </comments>
  <status>testing</status>
  <date>2012-06-10</date>
  <endorser>
    <name>HL7</name>
  </endorser>
  <resource>
    <type>Resource</type>
    <element>
      <path>Document</path>
      <shortDefn>A document that contains resources</shortDefn>
      <definition>A documentation of clinical observations and services that are aggregated together into a single statement of clinical meaning that establishes it&#39;s own context. A clinical document is composed of a set of resources that include both human and computer readable portions. A human must attest to the accuracy of the human readable portion, and may authenticate and/or sign the entire whole</definition>
      <min>1</min>
      <max>1</max>
      <type>Resource</type>
      <dataAbsentReason>false</dataAbsentReason>
      <mustSupport>false</mustSupport>
      <mustUnderstand>false</mustUnderstand>
      <closed>false</closed>
    </element>
    <element>
      <path>Document.id</path>
      <shortDefn>Master Resource Id = document Id</shortDefn>
      <definition>the unique id of a clinical document</definition>
      <comments>must be globally unique. UUIDs are recommended</comments>
      <min>1</min>
      <max>1</max>
      <type>id</type>
      <dataAbsentReason>false</dataAbsentReason>
      <mustSupport>false</mustSupport>
      <mustUnderstand>true</mustUnderstand>
      <closed>false</closed>
    </element>
    <element>
      <path>Document.instant</path>
      <shortDefn>Document Creation Time</shortDefn>
      <definition>the document creation time, when the document first came into being. Where the CDA document is a transform from an original document in some other format, the ClinicalDocument.effectiveTime is the time the original document is created.</definition>
      <min>1</min>
      <max>1</max>
      <type>instant</type>
      <dataAbsentReason>false</dataAbsentReason>
      <mustSupport>false</mustSupport>
      <mustUnderstand>true</mustUnderstand>
      <closed>false</closed>
    </element>
    <element>
      <path>Document.type</path>
      <shortDefn>Document Type (LOINC if possible)</shortDefn>
      <definition>specifying the particular kind of document (e.g. History and Physical, Discharge Summary, Progress Note)</definition>
      <min>1</min>
      <max>1</max>
      <type>CodeableConcept</type>
      <dataAbsentReason>false</dataAbsentReason>
      <mustSupport>false</mustSupport>
      <mustUnderstand>true</mustUnderstand>
      <binding>DocumentType</binding>
      <closed>false</closed>
    </element>
    <element>
      <path>Document.title</path>
      <shortDefn>Document Title</shortDefn>
      <definition>the title of the document</definition>
      <comments>It&#39;s commonly the case that clinical documents do not have a title, and are collectively referred to by the display name of Document.type (e.g. a &quot;consultation&quot; or &quot;progress note&quot;). Where these display names are rendered to the clinician, or where the document has a unique title, the Document.title value should be used</comments>
      <min>0</min>
      <max>1</max>
      <type>string</type>
      <dataAbsentReason>false</dataAbsentReason>
      <mustSupport>false</mustSupport>
      <mustUnderstand>false</mustUnderstand>
      <closed>false</closed>
    </element>
    <element>
      <path>Document.setId</path>
      <shortDefn>Id fixed across all document revisions</shortDefn>
      <definition>Represents an identifier that is common across all document revisions</definition>
      <min>0</min>
      <max>1</max>
      <type>id</type>
      <dataAbsentReason>false</dataAbsentReason>
      <mustSupport>false</mustSupport>
      <mustUnderstand>true</mustUnderstand>
      <closed>false</closed>
    </element>
    <element>
      <path>Document.version</path>
      <shortDefn>used to version successive replacement documents</shortDefn>
      <definition>used to version successive replacement documents</definition>
      <comments>An integer value is recommended</comments>
      <min>0</min>
      <max>1</max>
      <type>integer</type>
      <dataAbsentReason>false</dataAbsentReason>
      <mustSupport>false</mustSupport>
      <mustUnderstand>true</mustUnderstand>
      <closed>false</closed>
    </element>
    <element>
      <path>Document.replaces</path>
      <shortDefn>If this document replaces another</shortDefn>
      <definition>If this document replaces another</definition>
      <min>0</min>
      <max>1</max>
      <type>id</type>
      <dataAbsentReason>false</dataAbsentReason>
      <mustSupport>false</mustSupport>
      <mustUnderstand>true</mustUnderstand>
      <closed>false</closed>
    </element>
    <element>
      <path>Document.subject</path>
      <shortDefn>who/what the document is about</shortDefn>
      <definition>who/what the document is about</definition>
      <min>1</min>
      <max>1</max>
      <type>Resource(Patient|Group|Device)</type>
      <dataAbsentReason>false</dataAbsentReason>
      <mustSupport>false</mustSupport>
      <mustUnderstand>true</mustUnderstand>
      <closed>false</closed>
    </element>
    <element>
      <path>Document.author</path>
      <shortDefn>Author (contributed content to document)</shortDefn>
      <definition>Author (contributed content to document)</definition>
      <min>1</min>
      <max>*</max>
      <dataAbsentReason>false</dataAbsentReason>
      <mustSupport>false</mustSupport>
      <mustUnderstand>false</mustUnderstand>
      <closed>false</closed>
    </element>
    <element>
      <path>Document.author.time</path>
      <shortDefn>When authoring happened</shortDefn>
      <definition>When authoring happened</definition>
      <min>0</min>
      <max>1</max>
      <type>dateTime</type>
      <dataAbsentReason>false</dataAbsentReason>
      <mustSupport>false</mustSupport>
      <mustUnderstand>false</mustUnderstand>
      <closed>false</closed>
    </element>
    <element>
      <path>Document.author.party</path>
      <shortDefn>who/what authored the final document</shortDefn>
      <definition>who/what authored the final document</definition>
      <min>1</min>
      <max>1</max>
      <type>Resource(Person|Device)</type>
      <dataAbsentReason>false</dataAbsentReason>
      <mustSupport>false</mustSupport>
      <mustUnderstand>false</mustUnderstand>
      <closed>false</closed>
    </element>
    <element>
      <path>Document.attestor</path>
      <shortDefn>attests to accuracy of document</shortDefn>
      <definition>a participant who has attested to the accuracy of the document</definition>
      <min>0</min>
      <max>*</max>
      <dataAbsentReason>false</dataAbsentReason>
      <mustSupport>false</mustSupport>
      <mustUnderstand>false</mustUnderstand>
      <closed>false</closed>
    </element>
    <element>
      <path>Document.attestor.mode</path>
      <shortDefn>personal | professional | legal | official</shortDefn>
      <definition>The type of attestation the authenticator offers</definition>
      <min>1</min>
      <max>1</max>
      <type>code</type>
      <dataAbsentReason>false</dataAbsentReason>
      <mustSupport>false</mustSupport>
      <mustUnderstand>false</mustUnderstand>
      <binding>DocumentAuthenticationMode</binding>
      <closed>false</closed>
    </element>
    <element>
      <path>Document.attestor.time</path>
      <shortDefn>When document attested</shortDefn>
      <definition>When document attested</definition>
      <min>0</min>
      <max>1</max>
      <type>dateTime</type>
      <dataAbsentReason>false</dataAbsentReason>
      <mustSupport>false</mustSupport>
      <mustUnderstand>false</mustUnderstand>
      <closed>false</closed>
    </element>
    <element>
      <path>Document.attestor.party</path>
      <shortDefn>who attested the document</shortDefn>
      <definition>who attested the document</definition>
      <min>0</min>
      <max>1</max>
      <type>Resource(Person|Organization)</type>
      <dataAbsentReason>false</dataAbsentReason>
      <mustSupport>false</mustSupport>
      <mustUnderstand>false</mustUnderstand>
      <closed>false</closed>
    </element>
    <element>
      <path>Document.recipient</path>
      <shortDefn>expected to receive a copy </shortDefn>
      <definition>expected to receive a copy </definition>
      <min>0</min>
      <max>*</max>
      <type>Resource(Person|Organization)</type>
      <dataAbsentReason>false</dataAbsentReason>
      <mustSupport>false</mustSupport>
      <mustUnderstand>false</mustUnderstand>
      <closed>false</closed>
    </element>
    <element>
      <path>Document.custodian</path>
      <shortDefn>org which maintains the document.</shortDefn>
      <definition>org which maintains the document.</definition>
      <min>1</min>
      <max>1</max>
      <type>Resource(Organization)</type>
      <dataAbsentReason>false</dataAbsentReason>
      <mustSupport>false</mustSupport>
      <mustUnderstand>false</mustUnderstand>
      <closed>false</closed>
    </element>
    <element>
      <path>Document.event</path>
      <shortDefn>the clinical item being documented</shortDefn>
      <definition>the main Act, such as a colonoscopy or an appendectomy, being documented</definition>
      <comments>The event needs to be consistent with the type element, though can provide further information if desired</comments>
      <min>0</min>
      <max>1</max>
      <type>Resource(Any)</type>
      <dataAbsentReason>false</dataAbsentReason>
      <mustSupport>false</mustSupport>
      <mustUnderstand>false</mustUnderstand>
      <closed>false</closed>
    </element>
    <element>
      <path>Document.encounter</path>
      <shortDefn>context of the document</shortDefn>
      <definition>context of the document</definition>
      <min>0</min>
      <max>1</max>
      <type>Resource(Admission|InterestOfCare)</type>
      <dataAbsentReason>false</dataAbsentReason>
      <mustSupport>false</mustSupport>
      <mustUnderstand>false</mustUnderstand>
      <closed>false</closed>
    </element>
    <element>
      <path>Document.section</path>
      <shortDefn>Document is broken into sections</shortDefn>
      <definition>Document is broken into sections</definition>
      <min>1</min>
      <max>*</max>
      <dataAbsentReason>false</dataAbsentReason>
      <mustSupport>false</mustSupport>
      <mustUnderstand>false</mustUnderstand>
      <closed>false</closed>
    </element>
    <element>
      <path>Document.section.type</path>
      <shortDefn>type of section (recommended)</shortDefn>
      <definition>type of section (recommended)</definition>
      <min>0</min>
      <max>1</max>
      <type>CodeableConcept</type>
      <dataAbsentReason>false</dataAbsentReason>
      <mustSupport>false</mustSupport>
      <mustUnderstand>false</mustUnderstand>
      <binding>DocumentSectionType</binding>
      <closed>false</closed>
    </element>
    <element>
      <path>Document.section.instant</path>
      <shortDefn>Section Creation Time</shortDefn>
      <definition>the section creation time (sections are often re-used in several documents).</definition>
      <min>0</min>
      <max>1</max>
      <type>instant</type>
      <dataAbsentReason>false</dataAbsentReason>
      <mustSupport>false</mustSupport>
      <mustUnderstand>false</mustUnderstand>
      <closed>false</closed>
    </element>
    <element>
      <path>Document.section.author</path>
      <shortDefn>if section author different to document</shortDefn>
      <definition>if section author different to document</definition>
      <min>0</min>
      <max>1</max>
      <dataAbsentReason>false</dataAbsentReason>
      <mustSupport>false</mustSupport>
      <mustUnderstand>false</mustUnderstand>
      <closed>false</closed>
    </element>
    <element>
      <path>Document.section.author.time</path>
      <shortDefn>When authoring happened</shortDefn>
      <definition>When authoring happened</definition>
      <min>0</min>
      <max>1</max>
      <type>dateTime</type>
      <dataAbsentReason>false</dataAbsentReason>
      <mustSupport>false</mustSupport>
      <mustUnderstand>false</mustUnderstand>
      <closed>false</closed>
    </element>
    <element>
      <path>Document.section.author.party</path>
      <shortDefn>who/what authored the section</shortDefn>
      <definition>who/what authored the section</definition>
      <min>1</min>
      <max>1</max>
      <type>Resource(Person|Device)</type>
      <dataAbsentReason>false</dataAbsentReason>
      <mustSupport>false</mustSupport>
      <mustUnderstand>false</mustUnderstand>
      <closed>false</closed>
    </element>
    <element>
      <path>Document.section.enterer</path>
      <shortDefn>The source of the data entry</shortDefn>
      <definition>The person or device that performed the data entry leading to this section. Where there is more than one candidate, pick the most proximal to the message. Can provide other enterers in extensions</definition>
      <min>0</min>
      <max>1</max>
      <type>Resource(Person|Device)</type>
      <dataAbsentReason>false</dataAbsentReason>
      <mustSupport>false</mustSupport>
      <mustUnderstand>false</mustUnderstand>
      <closed>false</closed>
    </element>
    <element>
      <path>Document.section.subject</path>
      <shortDefn>if section different to document</shortDefn>
      <definition>if section different to document</definition>
      <min>0</min>
      <max>1</max>
      <type>Resource(Patient|Group|Device)</type>
      <dataAbsentReason>false</dataAbsentReason>
      <mustSupport>false</mustSupport>
      <mustUnderstand>true</mustUnderstand>
      <closed>false</closed>
    </element>
    <element>
      <path>Document.section.informant</path>
      <shortDefn>provided information in section</shortDefn>
      <definition>provided information in section</definition>
      <min>0</min>
      <max>1</max>
      <type>Resource(Person)</type>
      <dataAbsentReason>false</dataAbsentReason>
      <mustSupport>false</mustSupport>
      <mustUnderstand>false</mustUnderstand>
      <closed>false</closed>
    </element>
    <element>
      <path>Document.section.content</path>
      <shortDefn>the actual content of the section</shortDefn>
      <definition>the actual content of the section</definition>
      <min>0</min>
      <max>1</max>
      <type>Resource(Any)</type>
      <dataAbsentReason>false</dataAbsentReason>
      <mustSupport>false</mustSupport>
      <mustUnderstand>true</mustUnderstand>
      <closed>false</closed>
    </element>
    <element>
      <path>Document.section.section</path>
      <shortDefn>nested Section</shortDefn>
      <definition>nested Section</definition>
      <min>0</min>
      <max>*</max>
      <type>@Document.Section</type>
      <dataAbsentReason>false</dataAbsentReason>
      <mustSupport>false</mustSupport>
      <mustUnderstand>false</mustUnderstand>
      <closed>false</closed>
    </element>
    <element>
      <path>Document.extensions</path>
      <shortDefn>See Extensions</shortDefn>
      <definition>See Extensions</definition>
      <min>0</min>
      <max>1</max>
      <dataAbsentReason>false</dataAbsentReason>
      <mustSupport>false</mustSupport>
      <mustUnderstand>false</mustUnderstand>
      <closed>false</closed>
    </element>
    <element>
      <path>Document.text</path>
      <shortDefn>Text summary of message, for human interpretation</shortDefn>
      <definition> </definition>
      <min>1</min>
      <max>1</max>
      <type>Narrative</type>
      <dataAbsentReason>false</dataAbsentReason>
      <mustSupport>false</mustSupport>
      <mustUnderstand>true</mustUnderstand>
      <closed>false</closed>
    </element>
  </resource>
  <text>
    <status>generated</status>
    <div xmlns="http://www.w3.org/1999/xhtml">
      <pre>
&lt;
        <a title="A documentation of clinical observations and services that are aggregated together into a single statement of clinical meaning that establishes it&#39;s own context. A clinical document is composed of a set of resources that include both human and computer readable portions. A human must attest to the accuracy of the human readable portion, and may authenticate and/or sign the entire whole" class="dict" href="#Document">
          <b>Document</b>
        </a> xmlns=&quot;http://hl7.org/fhir&quot;&gt;
 &lt;
        <a title="the unique id of a clinical document (this element must be supported or understood)" class="dict" href="#Document.id">
          <span style="text-decoration: underline">
            <b>id</b>
          </span>
        </a>&gt;
        <span style="color: Gray">&lt;!--</span> 
        <span style="color: brown">
          <b>1..1</b>
        </span> 
        <span style="color: darkgreen">
          <a href="datatypes.htm#id">id</a>
        </span> 
        <span style="color: navy">Master Resource Id = document Id</span>
        <span style="color: Gray"> --&gt;</span>&lt;/id&gt;
 &lt;
        <a title="the document creation time, when the document first came into being. Where the CDA document is a transform from an original document in some other format, the ClinicalDocument.effectiveTime is the time the original document is created. (this element must be supported or understood)" class="dict" href="#Document.instant">
          <span style="text-decoration: underline">
            <b>instant</b>
          </span>
        </a>&gt;
        <span style="color: Gray">&lt;!--</span> 
        <span style="color: brown">
          <b>1..1</b>
        </span> 
        <span style="color: darkgreen">
          <a href="datatypes.htm#instant">instant</a>
        </span> 
        <span style="color: navy">Document Creation Time</span>
        <span style="color: Gray"> --&gt;</span>&lt;/instant&gt;
 &lt;
        <a title="specifying the particular kind of document (e.g. History and Physical, Discharge Summary, Progress Note) (this element must be supported or understood)" class="dict" href="#Document.type">
          <span style="text-decoration: underline">
            <b>type</b>
          </span>
        </a>&gt;
        <span style="color: Gray">&lt;!--</span> 
        <span style="color: brown">
          <b>1..1</b>
        </span> 
        <span style="color: darkgreen">
          <a href="datatypes.htm#CodeableConcept">CodeableConcept</a>
        </span> 
        <span style="color: navy">Document Type (LOINC if possible)</span>
        <span style="color: Gray"> --&gt;</span>&lt;/type&gt;
 &lt;
        <a title="the title of the document" class="dict" href="#Document.title">
          <b>title</b>
        </a> 
        <span title="dataAbsentReason attribute is allowed" style="color: red">d?</span>&gt;
        <span style="color: Gray">&lt;!--</span> 
        <span style="color: brown">
          <b>0..1</b>
        </span> 
        <span style="color: darkgreen">
          <a href="datatypes.htm#string">string</a>
        </span> 
        <span style="color: navy">Document Title</span>
        <span style="color: Gray"> --&gt;</span>&lt;/title&gt;
 &lt;
        <a title="Represents an identifier that is common across all document revisions (this element must be supported or understood)" class="dict" href="#Document.setId">
          <span style="text-decoration: underline">
            <b>setId</b>
          </span>
        </a>&gt;
        <span style="color: Gray">&lt;!--</span> 
        <span title="cannot have both setId and replaces" style="color: deeppink">
          <b>0..1</b>
        </span> 
        <span style="color: darkgreen">
          <a href="datatypes.htm#id">id</a>
        </span> 
        <span style="color: navy">Id fixed across all document revisions</span>
        <span style="color: Gray"> --&gt;</span>&lt;/setId&gt;
 &lt;
        <a title="used to version successive replacement documents (this element must be supported or understood)" class="dict" href="#Document.version">
          <span style="text-decoration: underline">
            <b>version</b>
          </span>
        </a>&gt;
        <span style="color: Gray">&lt;!--</span> 
        <span style="color: brown">
          <b>0..1</b>
        </span> 
        <span style="color: darkgreen">
          <a href="datatypes.htm#integer">integer</a>
        </span> 
        <span style="color: navy">used to version successive replacement documents</span>
        <span style="color: Gray"> --&gt;</span>&lt;/version&gt;
 &lt;
        <a title="If this document replaces another (this element must be supported or understood)" class="dict" href="#Document.replaces">
          <span style="text-decoration: underline">
            <b>replaces</b>
          </span>
        </a>&gt;
        <span style="color: Gray">&lt;!--</span> 
        <span title="cannot have both setId and replaces" style="color: deeppink">
          <b>0..1</b>
        </span> 
        <span style="color: darkgreen">
          <a href="datatypes.htm#id">id</a>
        </span> 
        <span style="color: navy">If this document replaces another</span>
        <span style="color: Gray"> --&gt;</span>&lt;/replaces&gt;
 &lt;
        <a title="who/what the document is about (this element must be supported or understood)" class="dict" href="#Document.subject">
          <span style="text-decoration: underline">
            <b>subject</b>
          </span>
        </a>&gt;
        <span style="color: Gray">&lt;!--</span> 
        <span style="color: brown">
          <b>1..1</b>
        </span> 
        <span style="color: darkgreen">
          <a href="xml.htm#Resource">Resource</a>(
          <a href="Patient.htm#Patient">Patient</a>|
          <a href="Group.htm#Group">Group</a>|
          <a href="Device.htm#Device">Device</a>)
        </span> 
        <span style="color: navy">who/what the document is about</span>
        <span style="color: Gray"> --&gt;</span>&lt;/subject&gt;
 &lt;
        <a title="Author (contributed content to document)" class="dict" href="#Document.author">
          <b>author</b>
        </a>&gt;  
        <span style="color: Gray">&lt;!-- 
          <span style="color: brown">
            <b>1..*</b>
          </span> Author (contributed content to document) --&gt;
        </span>
  &lt;
        <a title="When authoring happened" class="dict" href="#Document.author.time">
          <b>time</b>
        </a> 
        <span title="dataAbsentReason attribute is allowed" style="color: red">d?</span>&gt;
        <span style="color: Gray">&lt;!--</span> 
        <span style="color: brown">
          <b>0..1</b>
        </span> 
        <span style="color: darkgreen">
          <a href="datatypes.htm#dateTime">dateTime</a>
        </span> 
        <span style="color: navy">When authoring happened</span>
        <span style="color: Gray"> --&gt;</span>&lt;/time&gt;
  &lt;
        <a title="who/what authored the final document" class="dict" href="#Document.author.party">
          <b>party</b>
        </a>&gt;
        <span style="color: Gray">&lt;!--</span> 
        <span style="color: brown">
          <b>1..1</b>
        </span> 
        <span style="color: darkgreen">
          <a href="xml.htm#Resource">Resource</a>(
          <a href="Person.htm#Person">Person</a>|
          <a href="Device.htm#Device">Device</a>)
        </span> 
        <span style="color: navy">who/what authored the final document</span>
        <span style="color: Gray"> --&gt;</span>&lt;/party&gt;
 &lt;/author&gt;
 &lt;
        <a title="a participant who has attested to the accuracy of the document" class="dict" href="#Document.attestor">
          <b>attestor</b>
        </a>&gt;  
        <span style="color: Gray">&lt;!-- 
          <span style="color: brown">
            <b>0..*</b>
          </span> attests to accuracy of document --&gt;
        </span>
  &lt;
        <a title="The type of attestation the authenticator offers" class="dict" href="#Document.attestor.mode">
          <b>mode</b>
        </a>&gt;
        <span style="color: Gray">&lt;!--</span> 
        <span style="color: brown">
          <b>1..1</b>
        </span> 
        <span style="color: darkgreen">
          <a href="datatypes.htm#code">code</a>
        </span> 
        <span style="color: navy">personal | professional | legal | official</span>
        <span style="color: Gray"> --&gt;</span>&lt;/mode&gt;
  &lt;
        <a title="When document attested" class="dict" href="#Document.attestor.time">
          <b>time</b>
        </a> 
        <span title="dataAbsentReason attribute is allowed" style="color: red">d?</span>&gt;
        <span style="color: Gray">&lt;!--</span> 
        <span style="color: brown">
          <b>0..1</b>
        </span> 
        <span style="color: darkgreen">
          <a href="datatypes.htm#dateTime">dateTime</a>
        </span> 
        <span style="color: navy">When document attested</span>
        <span style="color: Gray"> --&gt;</span>&lt;/time&gt;
  &lt;
        <a title="who attested the document" class="dict" href="#Document.attestor.party">
          <b>party</b>
        </a> 
        <span title="dataAbsentReason attribute is allowed" style="color: red">d?</span>&gt;
        <span style="color: Gray">&lt;!--</span> 
        <span style="color: brown">
          <b>0..1</b>
        </span> 
        <span style="color: darkgreen">
          <a href="xml.htm#Resource">Resource</a>(
          <a href="Person.htm#Person">Person</a>|
          <a href="Organization.htm#Organization">Organization</a>)
        </span> 
        <span style="color: navy">who attested the document</span>
        <span style="color: Gray"> --&gt;</span>&lt;/party&gt;
 &lt;/attestor&gt;
 &lt;
        <a title="expected to receive a copy " class="dict" href="#Document.recipient">
          <b>recipient</b>
        </a> 
        <span title="dataAbsentReason attribute is allowed" style="color: red">d?</span>&gt;
        <span style="color: Gray">&lt;!--</span> 
        <span style="color: brown">
          <b>0..*</b>
        </span> 
        <span style="color: darkgreen">
          <a href="xml.htm#Resource">Resource</a>(
          <a href="Person.htm#Person">Person</a>|
          <a href="Organization.htm#Organization">Organization</a>)
        </span> 
        <span style="color: navy">expected to receive a copy </span>
        <span style="color: Gray"> --&gt;</span>&lt;/recipient&gt;
 &lt;
        <a title="org which maintains the document." class="dict" href="#Document.custodian">
          <b>custodian</b>
        </a>&gt;
        <span style="color: Gray">&lt;!--</span> 
        <span style="color: brown">
          <b>1..1</b>
        </span> 
        <span style="color: darkgreen">
          <a href="xml.htm#Resource">Resource</a>(
          <a href="Organization.htm#Organization">Organization</a>)
        </span> 
        <span style="color: navy">org which maintains the document.</span>
        <span style="color: Gray"> --&gt;</span>&lt;/custodian&gt;
 &lt;
        <a title="the main Act, such as a colonoscopy or an appendectomy, being documented" class="dict" href="#Document.event">
          <b>event</b>
        </a> 
        <span title="dataAbsentReason attribute is allowed" style="color: red">d?</span>&gt;
        <span style="color: Gray">&lt;!--</span> 
        <span style="color: brown">
          <b>0..1</b>
        </span> 
        <span style="color: darkgreen">
          <a href="xml.htm#Resource">Resource</a>(
          <a href="Any.htm#Any">Any</a>)
        </span> 
        <span style="color: navy">the clinical item being documented</span>
        <span style="color: Gray"> --&gt;</span>&lt;/event&gt;
 &lt;
        <a title="context of the document" class="dict" href="#Document.encounter">
          <b>encounter</b>
        </a> 
        <span title="dataAbsentReason attribute is allowed" style="color: red">d?</span>&gt;
        <span style="color: Gray">&lt;!--</span> 
        <span style="color: brown">
          <b>0..1</b>
        </span> 
        <span style="color: darkgreen">
          <a href="xml.htm#Resource">Resource</a>(
          <a href="Admission.htm#Admission">Admission</a>|
          <a href="InterestOfCare.htm#InterestOfCare">InterestOfCare</a>)
        </span> 
        <span style="color: navy">context of the document</span>
        <span style="color: Gray"> --&gt;</span>&lt;/encounter&gt;
 &lt;
        <a title="Document is broken into sections" class="dict" href="#Document.section">
          <b>section</b>
        </a>&gt;  
        <span style="color: Gray">&lt;!-- 
          <span style="color: brown">
            <b>1..*</b>
          </span> Document is broken into sections --&gt;
        </span>
  &lt;
        <a title="type of section (recommended)" class="dict" href="#Document.section.type">
          <b>type</b>
        </a>&gt;
        <span style="color: Gray">&lt;!--</span> 
        <span style="color: brown">
          <b>0..1</b>
        </span> 
        <span style="color: darkgreen">
          <a href="datatypes.htm#CodeableConcept">CodeableConcept</a>
        </span> 
        <span style="color: navy">type of section (recommended)</span>
        <span style="color: Gray"> --&gt;</span>&lt;/type&gt;
  &lt;
        <a title="the section creation time (sections are often re-used in several documents)." class="dict" href="#Document.section.instant">
          <b>instant</b>
        </a> 
        <span title="dataAbsentReason attribute is allowed" style="color: red">d?</span>&gt;
        <span style="color: Gray">&lt;!--</span> 
        <span style="color: brown">
          <b>0..1</b>
        </span> 
        <span style="color: darkgreen">
          <a href="datatypes.htm#instant">instant</a>
        </span> 
        <span style="color: navy">Section Creation Time</span>
        <span style="color: Gray"> --&gt;</span>&lt;/instant&gt;
  &lt;
        <a title="if section author different to document" class="dict" href="#Document.section.author">
          <b>author</b>
        </a>&gt;  
        <span style="color: Gray">&lt;!-- if section author different to document --&gt;</span>
   &lt;
        <a title="When authoring happened" class="dict" href="#Document.section.author.time">
          <b>time</b>
        </a> 
        <span title="dataAbsentReason attribute is allowed" style="color: red">d?</span>&gt;
        <span style="color: Gray">&lt;!--</span> 
        <span style="color: brown">
          <b>0..1</b>
        </span> 
        <span style="color: darkgreen">
          <a href="datatypes.htm#dateTime">dateTime</a>
        </span> 
        <span style="color: navy">When authoring happened</span>
        <span style="color: Gray"> --&gt;</span>&lt;/time&gt;
   &lt;
        <a title="who/what authored the section" class="dict" href="#Document.section.author.party">
          <b>party</b>
        </a> 
        <span title="dataAbsentReason attribute is allowed" style="color: red">d?</span>&gt;
        <span style="color: Gray">&lt;!--</span> 
        <span style="color: brown">
          <b>1..1</b>
        </span> 
        <span style="color: darkgreen">
          <a href="xml.htm#Resource">Resource</a>(
          <a href="Person.htm#Person">Person</a>|
          <a href="Device.htm#Device">Device</a>)
        </span> 
        <span style="color: navy">who/what authored the section</span>
        <span style="color: Gray"> --&gt;</span>&lt;/party&gt;
  &lt;/author&gt;
  &lt;
        <a title="The person or device that performed the data entry leading to this section. Where there is more than one candidate, pick the most proximal to the message. Can provide other enterers in extensions" class="dict" href="#Document.section.enterer">
          <b>enterer</b>
        </a> 
        <span title="dataAbsentReason attribute is allowed" style="color: red">d?</span>&gt;
        <span style="color: Gray">&lt;!--</span> 
        <span style="color: brown">
          <b>0..1</b>
        </span> 
        <span style="color: darkgreen">
          <a href="xml.htm#Resource">Resource</a>(
          <a href="Person.htm#Person">Person</a>|
          <a href="Device.htm#Device">Device</a>)
        </span> 
        <span style="color: navy">The source of the data entry</span>
        <span style="color: Gray"> --&gt;</span>&lt;/enterer&gt;
  &lt;
        <a title="if section different to document (this element must be supported or understood)" class="dict" href="#Document.section.subject">
          <span style="text-decoration: underline">
            <b>subject</b>
          </span>
        </a>&gt;
        <span style="color: Gray">&lt;!--</span> 
        <span style="color: brown">
          <b>0..1</b>
        </span> 
        <span style="color: darkgreen">
          <a href="xml.htm#Resource">Resource</a>(
          <a href="Patient.htm#Patient">Patient</a>|
          <a href="Group.htm#Group">Group</a>|
          <a href="Device.htm#Device">Device</a>)
        </span> 
        <span style="color: navy">if section different to document</span>
        <span style="color: Gray"> --&gt;</span>&lt;/subject&gt;
  &lt;
        <a title="provided information in section" class="dict" href="#Document.section.informant">
          <b>informant</b>
        </a> 
        <span title="dataAbsentReason attribute is allowed" style="color: red">d?</span>&gt;
        <span style="color: Gray">&lt;!--</span> 
        <span style="color: brown">
          <b>0..1</b>
        </span> 
        <span style="color: darkgreen">
          <a href="xml.htm#Resource">Resource</a>(
          <a href="Person.htm#Person">Person</a>)
        </span> 
        <span style="color: navy">provided information in section</span>
        <span style="color: Gray"> --&gt;</span>&lt;/informant&gt;
  &lt;
        <a title="the actual content of the section (this element must be supported or understood)" class="dict" href="#Document.section.content">
          <span style="text-decoration: underline">
            <b>content</b>
          </span>
        </a> 
        <span title="dataAbsentReason attribute is allowed" style="color: red">d?</span>&gt;
        <span style="color: Gray">&lt;!--</span> 
        <span title="a section must have content or one or more sections" style="color: deeppink">
          <b>0..1</b>
        </span> 
        <span style="color: darkgreen">
          <a href="xml.htm#Resource">Resource</a>(
          <a href="Any.htm#Any">Any</a>)
        </span> 
        <span style="color: navy">the actual content of the section</span>
        <span style="color: Gray"> --&gt;</span>&lt;/content&gt;
  &lt;
        <a title="nested Section" class="dict" href="#Document.section.section">
          <b>section</b>
        </a>&gt;
        <span style="color: Gray">&lt;!--</span> 
        <span title="a section must have content or one or more sections" style="color: deeppink">
          <b>0..*</b>
        </span> 
        <span style="color: navy">nested Section</span>
        <span style="color: Gray"> --&gt;</span>&lt;/section&gt;
 &lt;/section&gt;
 &lt;
        <a title="See Extensions" class="dict" href="#Document.extensions">
          <b>extensions</b>
        </a> 
        <span title="dataAbsentReason attribute is allowed" style="color: red">d?</span>&gt;
        <span style="color: Gray">&lt;!--</span> 
        <a href="extensibility.htm">
          <span style="color: navy">See Extensions</span>
        </a>   
        <a href="extensibility.htm">
          <span style="color: navy">See Extensions</span>
        </a> 
        <span style="color: Gray"> --&gt;</span>&lt;/extensions&gt;
 &lt;
        <a title="  (this element must be supported or understood)" class="dict" href="#Document.text">
          <span style="text-decoration: underline">
            <b>text</b>
          </span>
        </a>&gt;
        <span style="color: Gray">&lt;!--</span> 
        <span style="color: brown">
          <b>1..1</b>
        </span> 
        <span style="color: darkgreen">
          <a href="Narrative.htm#Narrative">Narrative</a>
        </span> 
        <span style="color: navy">Text summary of message, for human interpretation</span>
        <span style="color: Gray"> --&gt;</span>&lt;/text&gt;
&lt;/Document&gt;

      </pre>
    </div>
  </text>
</Profile>