<?xml version="1.0" encoding="UTF-8"?>

<Profile xmlns="http://hl7.org/fhir">
  <id>15046b9c-2da0-4b80-82ef-c6af6fcfd2bf</id>
  <name>Lipid Profile</name>
  <author>
    <name>Grahame Grieve</name>
    <reference>grahame@healthintersections.com.au</reference>
  </author>
  <intention>Describes how the lab report is used for a Lipid Profile</intention>
  <description>Describes how the lab report is used for a standard Lipid Profile - Cholesterol, Triglyceride, and Cholesterol fractions. Uses LOINC codes</description>
  <status>testing</status>
  <date>2012-05-12</date>
  <endorser>
    <name></name>
  </endorser>
  <resource>
    <type>Resource</type>
    <name>Lipids</name>
    <element>
      <path>LabReport</path>
      <name>Lipids</name>
      <definition>The findings and interpretation of a general lipd lab profile</definition>
      <min>1</min>
      <max>1</max>
      <type>Resource</type>
      <dataAbsentReason>false</dataAbsentReason>
      <mustSupport>false</mustSupport>
      <mustUnderstand>false</mustUnderstand>
      <closed>false</closed>
    </element>
    <element>
      <path>LabReport.reportName</path>
      <shortDefn>Loinc Code for Lipid Report with LDL</shortDefn>
      <definition>Loinc Code for Lipid Report with LDL</definition>
      <comments>Loinc code includes &quot;direct&quot; LDL - does this mean LDL derived by measuring VLDL by ultracentrifugation? This panel includes both measured and calculated LDL</comments>
      <min>1</min>
      <max>1</max>
      <type>CodeableConcept</type>
      <dataAbsentReason>false</dataAbsentReason>
      <mustSupport>false</mustSupport>
      <mustUnderstand>true</mustUnderstand>
      <closed>false</closed>
    </element>
    <element>
      <path>LabReport.resultGroup</path>
      <shortDefn>All the results in one group</shortDefn>
      <definition>All the lipid panel results</definition>
      <min>1</min>
      <max>1</max>
      <dataAbsentReason>false</dataAbsentReason>
      <mustSupport>false</mustSupport>
      <mustUnderstand>true</mustUnderstand>
      <closed>false</closed>
    </element>
    <element>
      <path>LabReport.resultGroup.name</path>
      <shortDefn>No name needed for the result group</shortDefn>
      <definition>No name needed for the result group</definition>
      <min>0</min>
      <max>0</max>
      <type>CodeableConcept</type>
      <dataAbsentReason>false</dataAbsentReason>
      <mustSupport>false</mustSupport>
      <mustUnderstand>true</mustUnderstand>
      <closed>false</closed>
    </element>
    <element>
      <path>LabReport.resultGroup.result</path>
      <name>Cholesterol Group</name>
      <definition>Group of elements for Cholesterol result</definition>
      <min>1</min>
      <max>1</max>
      <dataAbsentReason>false</dataAbsentReason>
      <mustSupport>false</mustSupport>
      <mustUnderstand>true</mustUnderstand>
      <closed>false</closed>
    </element>
    <element>
      <path>LabReport.resultGroup.result.name</path>
      <shortDefn>Cholesterol</shortDefn>
      <definition>Cholesterol</definition>
      <min>1</min>
      <max>1</max>
      <type>CodeableConcept</type>
      <dataAbsentReason>false</dataAbsentReason>
      <mustSupport>false</mustSupport>
      <mustUnderstand>true</mustUnderstand>
      <closed>false</closed>
    </element>
    <element>
      <path>LabReport.resultGroup.result.value[x]</path>
      <shortDefn>Cholesterol value</shortDefn>
      <definition>Cholesterol value. If a result is not available, use the comments field</definition>
      <min>0</min>
      <max>1</max>
      <type>Quantity</type>
      <dataAbsentReason>false</dataAbsentReason>
      <mustSupport>false</mustSupport>
      <mustUnderstand>true</mustUnderstand>
      <closed>false</closed>
    </element>
    <element>
      <path>LabReport.resultGroup.result.flag</path>
      <shortDefn>+ | ++ | +++ | - | -- | --- </shortDefn>
      <definition>+ | ++ | +++ | - | -- | --- </definition>
      <min>0</min>
      <max>1</max>
      <type>code</type>
      <dataAbsentReason>false</dataAbsentReason>
      <mustSupport>false</mustSupport>
      <mustUnderstand>true</mustUnderstand>
      <binding>LabResultFlag</binding>
      <closed>false</closed>
    </element>
    <element>
      <path>LabReport.resultGroup.result.comments</path>
      <shortDefn>Comments about result</shortDefn>
      <definition>May include statements about significant, unexpected or unreliable. values, or information about the source of the value where this may be relevant to the interpretation of the result.</definition>
      <min>0</min>
      <max>1</max>
      <type>string</type>
      <dataAbsentReason>false</dataAbsentReason>
      <mustSupport>false</mustSupport>
      <mustUnderstand>true</mustUnderstand>
      <closed>false</closed>
    </element>
    <element>
      <path>LabReport.resultGroup.result.referenceRange</path>
      <min>1</min>
      <max>1</max>
      <dataAbsentReason>false</dataAbsentReason>
      <mustSupport>false</mustSupport>
      <mustUnderstand>true</mustUnderstand>
      <closed>false</closed>
    </element>
    <element>
      <path>LabReport.resultGroup.result.referenceRange.meaning</path>
      <shortDefn>Range is a recommended range</shortDefn>
      <definition>Range is a recommended range</definition>
      <comments>yeah, so I suppose it should be coded, right? But coded how? No publically available terminologies include an appropriate code…</comments>
      <min>0</min>
      <max>0</max>
      <type>CodeableConcept</type>
      <dataAbsentReason>false</dataAbsentReason>
      <mustSupport>false</mustSupport>
      <mustUnderstand>false</mustUnderstand>
      <closed>false</closed>
    </element>
    <element>
      <path>LabReport.resultGroup.result.referenceRange.range[x]</path>
      <definition>&lt;4.5 mmol/L</definition>
      <comments>Per Australian NHF Recommendations</comments>
      <min>1</min>
      <max>1</max>
      <type>Quantity</type>
      <dataAbsentReason>false</dataAbsentReason>
      <mustSupport>false</mustSupport>
      <mustUnderstand>false</mustUnderstand>
      <closed>false</closed>
    </element>
    <element>
      <path>LabReport.resultGroup.result</path>
      <name>Triglyceride Group</name>
      <definition>Group of elements for Triglyceride result</definition>
      <min>1</min>
      <max>1</max>
      <dataAbsentReason>false</dataAbsentReason>
      <mustSupport>false</mustSupport>
      <mustUnderstand>true</mustUnderstand>
      <closed>false</closed>
    </element>
    <element>
      <path>LabReport.resultGroup.result.name</path>
      <shortDefn>Triglyceride</shortDefn>
      <definition>Triglyceride</definition>
      <min>1</min>
      <max>1</max>
      <type>CodeableConcept</type>
      <dataAbsentReason>false</dataAbsentReason>
      <mustSupport>false</mustSupport>
      <mustUnderstand>true</mustUnderstand>
      <closed>false</closed>
    </element>
    <element>
      <path>LabReport.resultGroup.result.value[x]</path>
      <shortDefn>Triglyceride value</shortDefn>
      <definition>Triglyceride value. If a result is not available, use the comments field</definition>
      <min>0</min>
      <max>1</max>
      <type>Quantity</type>
      <dataAbsentReason>false</dataAbsentReason>
      <mustSupport>false</mustSupport>
      <mustUnderstand>true</mustUnderstand>
      <closed>false</closed>
    </element>
    <element>
      <path>LabReport.resultGroup.result.flag</path>
      <shortDefn>+ | ++ | +++ | - | -- | --- </shortDefn>
      <definition>+ | ++ | +++ | - | -- | --- </definition>
      <min>0</min>
      <max>1</max>
      <type>code</type>
      <dataAbsentReason>false</dataAbsentReason>
      <mustSupport>false</mustSupport>
      <mustUnderstand>true</mustUnderstand>
      <binding>LabResultFlag</binding>
      <closed>false</closed>
    </element>
    <element>
      <path>LabReport.resultGroup.result.comments</path>
      <shortDefn>Comments about result</shortDefn>
      <definition>Comments about result</definition>
      <min>0</min>
      <max>1</max>
      <type>string</type>
      <dataAbsentReason>false</dataAbsentReason>
      <mustSupport>false</mustSupport>
      <mustUnderstand>true</mustUnderstand>
      <closed>false</closed>
    </element>
    <element>
      <path>LabReport.resultGroup.result.referenceRange</path>
      <min>1</min>
      <max>1</max>
      <dataAbsentReason>false</dataAbsentReason>
      <mustSupport>false</mustSupport>
      <mustUnderstand>true</mustUnderstand>
      <closed>false</closed>
    </element>
    <element>
      <path>LabReport.resultGroup.result.referenceRange.meaning</path>
      <shortDefn>Range is a recommended range</shortDefn>
      <definition>Range is a recommended range</definition>
      <comments>see note above</comments>
      <min>0</min>
      <max>0</max>
      <type>CodeableConcept</type>
      <dataAbsentReason>false</dataAbsentReason>
      <mustSupport>false</mustSupport>
      <mustUnderstand>false</mustUnderstand>
      <closed>false</closed>
    </element>
    <element>
      <path>LabReport.resultGroup.result.referenceRange.range[x]</path>
      <definition>&lt;2.0 mmol/L</definition>
      <comments>Per Australian NHF Recommendations</comments>
      <min>1</min>
      <max>1</max>
      <type>Quantity</type>
      <dataAbsentReason>false</dataAbsentReason>
      <mustSupport>false</mustSupport>
      <mustUnderstand>false</mustUnderstand>
      <closed>false</closed>
    </element>
    <element>
      <path>LabReport.resultGroup.result</path>
      <name>HDL Cholesteral Group</name>
      <definition>Group of elements for HDL Cholesterol result</definition>
      <min>1</min>
      <max>1</max>
      <dataAbsentReason>false</dataAbsentReason>
      <mustSupport>false</mustSupport>
      <mustUnderstand>true</mustUnderstand>
      <closed>false</closed>
    </element>
    <element>
      <path>LabReport.resultGroup.result.name</path>
      <shortDefn>HDL Cholesterol</shortDefn>
      <definition>HDL Cholesterol</definition>
      <min>1</min>
      <max>1</max>
      <type>CodeableConcept</type>
      <dataAbsentReason>false</dataAbsentReason>
      <mustSupport>false</mustSupport>
      <mustUnderstand>true</mustUnderstand>
      <closed>false</closed>
    </element>
    <element>
      <path>LabReport.resultGroup.result.value[x]</path>
      <shortDefn>HDL Cholesterol value</shortDefn>
      <definition>HDL Cholesterol value. If a result is not available, use the comments field</definition>
      <min>0</min>
      <max>1</max>
      <type>Quantity</type>
      <dataAbsentReason>false</dataAbsentReason>
      <mustSupport>false</mustSupport>
      <mustUnderstand>true</mustUnderstand>
      <closed>false</closed>
    </element>
    <element>
      <path>LabReport.resultGroup.result.flag</path>
      <shortDefn>+ | ++ | +++ | - | -- | --- </shortDefn>
      <definition>+ | ++ | +++ | - | -- | --- </definition>
      <min>0</min>
      <max>1</max>
      <type>code</type>
      <dataAbsentReason>false</dataAbsentReason>
      <mustSupport>false</mustSupport>
      <mustUnderstand>true</mustUnderstand>
      <binding>LabResultFlag</binding>
      <closed>false</closed>
    </element>
    <element>
      <path>LabReport.resultGroup.result.comments</path>
      <shortDefn>Comments about result</shortDefn>
      <definition>Comments about result</definition>
      <min>0</min>
      <max>1</max>
      <type>string</type>
      <dataAbsentReason>false</dataAbsentReason>
      <mustSupport>false</mustSupport>
      <mustUnderstand>true</mustUnderstand>
      <closed>false</closed>
    </element>
    <element>
      <path>LabReport.resultGroup.result.referenceRange</path>
      <min>1</min>
      <max>1</max>
      <dataAbsentReason>false</dataAbsentReason>
      <mustSupport>false</mustSupport>
      <mustUnderstand>true</mustUnderstand>
      <closed>false</closed>
    </element>
    <element>
      <path>LabReport.resultGroup.result.referenceRange.meaning</path>
      <shortDefn>Range is a recommended range</shortDefn>
      <definition>Range is a recommended range</definition>
      <comments>See note above</comments>
      <min>0</min>
      <max>0</max>
      <type>CodeableConcept</type>
      <dataAbsentReason>false</dataAbsentReason>
      <mustSupport>false</mustSupport>
      <mustUnderstand>false</mustUnderstand>
      <closed>false</closed>
    </element>
    <element>
      <path>LabReport.resultGroup.result.referenceRange.range[x]</path>
      <definition>&gt;1.5 mmol/L</definition>
      <comments>Per Australian NHF Recommendations</comments>
      <min>1</min>
      <max>1</max>
      <type>Quantity</type>
      <dataAbsentReason>false</dataAbsentReason>
      <mustSupport>false</mustSupport>
      <mustUnderstand>false</mustUnderstand>
      <closed>false</closed>
    </element>
    <element>
      <path>LabReport.resultGroup.result</path>
      <name>LDL Cholesteral Group</name>
      <shortDefn>LDL Cholesterol result, if reported</shortDefn>
      <definition>LDL Cholesterol result, if reported</definition>
      <min>0</min>
      <max>1</max>
      <dataAbsentReason>false</dataAbsentReason>
      <mustSupport>false</mustSupport>
      <mustUnderstand>true</mustUnderstand>
      <closed>false</closed>
    </element>
    <element>
      <path>LabReport.resultGroup.result.name</path>
      <shortDefn>LDL Cholesterol. LOINC code defines measured or calc</shortDefn>
      <definition>Group of elements for LDL Cholesterol. Loinc code defines whether LDL is measured or calculated</definition>
      <min>1</min>
      <max>1</max>
      <type>CodeableConcept</type>
      <dataAbsentReason>false</dataAbsentReason>
      <mustSupport>false</mustSupport>
      <mustUnderstand>true</mustUnderstand>
      <binding>Loinc 35198-1 | Loinc 13457-7</binding>
      <closed>false</closed>
    </element>
    <element>
      <path>LabReport.resultGroup.result.value[x]</path>
      <shortDefn>LDL Cholesterol value</shortDefn>
      <definition>LDL Cholesterol value. If a result is not available, use the comments field</definition>
      <min>0</min>
      <max>1</max>
      <type>Quantity</type>
      <dataAbsentReason>false</dataAbsentReason>
      <mustSupport>false</mustSupport>
      <mustUnderstand>true</mustUnderstand>
      <closed>false</closed>
    </element>
    <element>
      <path>LabReport.resultGroup.result.flag</path>
      <shortDefn>+ | ++ | +++ | - | -- | --- </shortDefn>
      <definition>+ | ++ | +++ | - | -- | --- </definition>
      <min>0</min>
      <max>1</max>
      <type>code</type>
      <dataAbsentReason>false</dataAbsentReason>
      <mustSupport>false</mustSupport>
      <mustUnderstand>true</mustUnderstand>
      <binding>LabResultFlag</binding>
      <closed>false</closed>
    </element>
    <element>
      <path>LabReport.resultGroup.result.comments</path>
      <shortDefn>Comments about result</shortDefn>
      <definition>Comments about result</definition>
      <min>0</min>
      <max>1</max>
      <type>string</type>
      <dataAbsentReason>false</dataAbsentReason>
      <mustSupport>false</mustSupport>
      <mustUnderstand>true</mustUnderstand>
      <closed>false</closed>
    </element>
    <element>
      <path>LabReport.resultGroup.result.referenceRange</path>
      <min>1</min>
      <max>1</max>
      <dataAbsentReason>false</dataAbsentReason>
      <mustSupport>false</mustSupport>
      <mustUnderstand>true</mustUnderstand>
      <closed>false</closed>
    </element>
    <element>
      <path>LabReport.resultGroup.result.referenceRange.meaning</path>
      <shortDefn>Range is a recommended range</shortDefn>
      <definition>Range is a recommended range</definition>
      <comments>See Note above</comments>
      <min>0</min>
      <max>0</max>
      <type>CodeableConcept</type>
      <dataAbsentReason>false</dataAbsentReason>
      <mustSupport>false</mustSupport>
      <mustUnderstand>false</mustUnderstand>
      <closed>false</closed>
    </element>
    <element>
      <path>LabReport.resultGroup.result.referenceRange.range[x]</path>
      <definition>&lt;3.0 mmol/L</definition>
      <comments>Per Australian NHF Recommendations</comments>
      <min>1</min>
      <max>1</max>
      <type>Quantity</type>
      <dataAbsentReason>false</dataAbsentReason>
      <mustSupport>false</mustSupport>
      <mustUnderstand>false</mustUnderstand>
      <closed>false</closed>
    </element>
    <element>
      <path>LabReport.conclusion</path>
      <shortDefn>Clinical Interpretation of Lipid Panel</shortDefn>
      <definition>May include diagnosis or suggestions for follow up testing</definition>
      <min>0</min>
      <max>1</max>
      <type>Narrative</type>
      <dataAbsentReason>false</dataAbsentReason>
      <mustSupport>false</mustSupport>
      <mustUnderstand>true</mustUnderstand>
      <closed>false</closed>
    </element>
    <element>
      <path>LabReport.codedDiagnosis</path>
      <shortDefn>Codes for the conclusion</shortDefn>
      <definition>Codes for the conclusion</definition>
      <min>0</min>
      <max>0</max>
      <type>CodeableConcept</type>
      <dataAbsentReason>false</dataAbsentReason>
      <mustSupport>false</mustSupport>
      <mustUnderstand>false</mustUnderstand>
      <binding>LabDiagnosisCodes</binding>
      <closed>false</closed>
    </element>
  </resource>
  <text>
    <status>generated</status>
    <div xmlns="http://www.w3.org/1999/xhtml">
      <pre>
&lt;
        <a title="The findings and interpretation of a general lipd lab profile" class="dict" href="#LabReport">
          <b>LabReport</b>
        </a> xmlns=&quot;http://hl7.org/fhir&quot;&gt;
 &lt;
        <a title="Loinc Code for Lipid Report with LDL (this element must be supported or understood)" class="dict" href="#LabReport.reportName">
          <span style="text-decoration: underline">reportName</span>
        </a>&gt;
   &lt;coding&gt;
     &lt;code&gt;57698-3&lt;/code&gt;
     &lt;system&gt;urn:hl7-org:sid/loinc&lt;/system&gt;
     &lt;display&gt;Lipid panel with direct LDL&lt;/display&gt;
   &lt;/coding&gt;
 &lt;reportName/&gt;
 &lt;
        <a title="All the lipid panel results (this element must be supported or understood)" class="dict" href="#LabReport.resultGroup">
          <span style="text-decoration: underline">
            <b>resultGroup</b>
          </span>
        </a> 
        <span title="dataAbsentReason attribute is allowed" style="color: red">d?</span>&gt;  
        <span style="color: Gray">&lt;!-- All the results in one group --&gt;</span>
  &lt;
        <a title="No name needed for the result group (this element must be supported or understood)" class="dict" href="#LabReport.resultGroup.name">
          <span style="text-decoration: underline">
            <b>name</b>
          </span>
        </a> 
        <span title="dataAbsentReason attribute is allowed" style="color: red">d?</span>&gt;
        <span style="color: Gray">&lt;!--</span> 
        <span style="color: brown">
          <b>0..0</b>
        </span> 
        <span style="color: darkgreen">
          <a href="datatypes.htm#CodeableConcept">CodeableConcept</a>
        </span> 
        <span style="color: navy">No name needed for the result group</span>
        <span style="color: Gray"> --&gt;</span>&lt;/name&gt;
  &lt;
        <a title="Group of elements for Cholesterol result (this element must be supported or understood)" class="dict" href="#LabReport.resultGroup.result">
          <span style="text-decoration: underline">
            <b>result</b>
          </span>
        </a> 
        <span title="dataAbsentReason attribute is allowed" style="color: red">d?</span>&gt; 
        <span style="color: Gray">&lt;!--</span> 
        <span style="color: blue">&quot;Cholesterol Group&quot;</span>  
        <span style="color: Gray"> --&gt;</span> 
   &lt;
        <a title="Cholesterol (this element must be supported or understood)" class="dict" href="#LabReport.resultGroup.result.name">
          <span style="text-decoration: underline">name</span>
        </a>&gt;
     &lt;coding&gt;
       &lt;code&gt;35200-5&lt;/code&gt;
       &lt;system&gt;urn:hl7-org:sid/loinc&lt;/system&gt;
       &lt;display&gt;Cholesterol&lt;/display&gt;
     &lt;/coding&gt;
   &lt;name/&gt;
   &lt;
        <a title="Cholesterol value. If a result is not available, use the comments field (this element must be supported or understood)" class="dict" href="#LabReport.resultGroup.result.valueQuantity">
          <span style="text-decoration: underline">
            <b>valueQuantity</b>
          </span>
        </a> 
        <span title="dataAbsentReason attribute is allowed" style="color: red">d?</span>&gt;
        <span style="color: Gray">&lt;!--</span> 
        <span style="color: brown">
          <b>0..1</b>
        </span> 
        <span style="color: darkgreen">
          <a href="datatypes.htm#Quantity">Quantity</a>
        </span> 
        <span style="color: navy">Cholesterol value</span>
        <span style="color: Gray"> --&gt;</span>&lt;/valueQuantity&gt;
   &lt;
        <a title="+ | ++ | +++ | - | -- | ---  (this element must be supported or understood)" class="dict" href="#LabReport.resultGroup.result.flag">
          <span style="text-decoration: underline">
            <b>flag</b>
          </span>
        </a> 
        <span title="dataAbsentReason attribute is allowed" style="color: red">d?</span>&gt;
        <span style="color: Gray">&lt;!--</span> 
        <span style="color: brown">
          <b>0..1</b>
        </span> 
        <span style="color: darkgreen">
          <a href="datatypes.htm#code">code</a>
        </span> 
        <span style="color: navy">+ | ++ | +++ | - | -- | --- </span>
        <span style="color: Gray"> --&gt;</span>&lt;/flag&gt;
   &lt;
        <a title="May include statements about significant, unexpected or unreliable. values, or information about the source of the value where this may be relevant to the interpretation of the result. (this element must be supported or understood)" class="dict" href="#LabReport.resultGroup.result.comments">
          <span style="text-decoration: underline">
            <b>comments</b>
          </span>
        </a> 
        <span title="dataAbsentReason attribute is allowed" style="color: red">d?</span>&gt;
        <span style="color: Gray">&lt;!--</span> 
        <span style="color: brown">
          <b>0..1</b>
        </span> 
        <span style="color: darkgreen">
          <a href="datatypes.htm#string">string</a>
        </span> 
        <span style="color: navy">Comments about result</span>
        <span style="color: Gray"> --&gt;</span>&lt;/comments&gt;
   &lt;
        <a title=" (this element must be supported or understood)" class="dict" href="#LabReport.resultGroup.result.referenceRange">
          <span style="text-decoration: underline">
            <b>referenceRange</b>
          </span>
        </a> 
        <span title="dataAbsentReason attribute is allowed" style="color: red">d?</span>&gt; 
    &lt;
        <a title="Range is a recommended range" class="dict" href="#LabReport.resultGroup.result.referenceRange.meaning">
          <b>meaning</b>
        </a> 
        <span title="dataAbsentReason attribute is allowed" style="color: red">d?</span>&gt;
        <span style="color: Gray">&lt;!--</span> 
        <span style="color: brown">
          <b>0..0</b>
        </span> 
        <span style="color: darkgreen">
          <a href="datatypes.htm#CodeableConcept">CodeableConcept</a>
        </span> 
        <span style="color: navy">Range is a recommended range</span>
        <span style="color: Gray"> --&gt;</span>&lt;/meaning&gt;
    &lt;
        <a title="&lt;4.5 mmol/L" class="dict" href="#LabReport.resultGroup.result.referenceRange.rangeQuantity">rangeQuantity</a>&gt;
      &lt;value&gt;4.5&lt;/value&gt;
      &lt;status&gt;&amp;lt;&lt;/status&gt;
      &lt;units&gt;mmol/L&lt;/units&gt;
      &lt;code&gt;mmol/L&lt;/code&gt;
      &lt;system&gt;urn:hl7-org:sid/ucum&lt;/system&gt;
    &lt;rangeQuantity/&gt;
   &lt;/referenceRange&gt;
  &lt;/result&gt;
  &lt;
        <a title="Group of elements for Triglyceride result (this element must be supported or understood)" class="dict" href="#LabReport.resultGroup.result">
          <span style="text-decoration: underline">
            <b>result</b>
          </span>
        </a> 
        <span title="dataAbsentReason attribute is allowed" style="color: red">d?</span>&gt; 
        <span style="color: Gray">&lt;!--</span> 
        <span style="color: blue">&quot;Triglyceride Group&quot;</span>  
        <span style="color: Gray"> --&gt;</span> 
   &lt;
        <a title="Triglyceride (this element must be supported or understood)" class="dict" href="#LabReport.resultGroup.result.name">
          <span style="text-decoration: underline">name</span>
        </a>&gt;
     &lt;coding&gt;
       &lt;code&gt;35217-9&lt;/code&gt;
       &lt;system&gt;urn:hl7-org:sid/loinc&lt;/system&gt;
       &lt;display&gt;Triglyceride&lt;/display&gt;
     &lt;/coding&gt;
   &lt;name/&gt;
   &lt;
        <a title="Triglyceride value. If a result is not available, use the comments field (this element must be supported or understood)" class="dict" href="#LabReport.resultGroup.result.valueQuantity">
          <span style="text-decoration: underline">
            <b>valueQuantity</b>
          </span>
        </a> 
        <span title="dataAbsentReason attribute is allowed" style="color: red">d?</span>&gt;
        <span style="color: Gray">&lt;!--</span> 
        <span style="color: brown">
          <b>0..1</b>
        </span> 
        <span style="color: darkgreen">
          <a href="datatypes.htm#Quantity">Quantity</a>
        </span> 
        <span style="color: navy">Triglyceride value</span>
        <span style="color: Gray"> --&gt;</span>&lt;/valueQuantity&gt;
   &lt;
        <a title="+ | ++ | +++ | - | -- | ---  (this element must be supported or understood)" class="dict" href="#LabReport.resultGroup.result.flag">
          <span style="text-decoration: underline">
            <b>flag</b>
          </span>
        </a> 
        <span title="dataAbsentReason attribute is allowed" style="color: red">d?</span>&gt;
        <span style="color: Gray">&lt;!--</span> 
        <span style="color: brown">
          <b>0..1</b>
        </span> 
        <span style="color: darkgreen">
          <a href="datatypes.htm#code">code</a>
        </span> 
        <span style="color: navy">+ | ++ | +++ | - | -- | --- </span>
        <span style="color: Gray"> --&gt;</span>&lt;/flag&gt;
   &lt;
        <a title="Comments about result (this element must be supported or understood)" class="dict" href="#LabReport.resultGroup.result.comments">
          <span style="text-decoration: underline">
            <b>comments</b>
          </span>
        </a> 
        <span title="dataAbsentReason attribute is allowed" style="color: red">d?</span>&gt;
        <span style="color: Gray">&lt;!--</span> 
        <span style="color: brown">
          <b>0..1</b>
        </span> 
        <span style="color: darkgreen">
          <a href="datatypes.htm#string">string</a>
        </span> 
        <span style="color: navy">Comments about result</span>
        <span style="color: Gray"> --&gt;</span>&lt;/comments&gt;
   &lt;
        <a title=" (this element must be supported or understood)" class="dict" href="#LabReport.resultGroup.result.referenceRange">
          <span style="text-decoration: underline">
            <b>referenceRange</b>
          </span>
        </a> 
        <span title="dataAbsentReason attribute is allowed" style="color: red">d?</span>&gt; 
    &lt;
        <a title="Range is a recommended range" class="dict" href="#LabReport.resultGroup.result.referenceRange.meaning">
          <b>meaning</b>
        </a> 
        <span title="dataAbsentReason attribute is allowed" style="color: red">d?</span>&gt;
        <span style="color: Gray">&lt;!--</span> 
        <span style="color: brown">
          <b>0..0</b>
        </span> 
        <span style="color: darkgreen">
          <a href="datatypes.htm#CodeableConcept">CodeableConcept</a>
        </span> 
        <span style="color: navy">Range is a recommended range</span>
        <span style="color: Gray"> --&gt;</span>&lt;/meaning&gt;
    &lt;
        <a title="&lt;2.0 mmol/L" class="dict" href="#LabReport.resultGroup.result.referenceRange.rangeQuantity">rangeQuantity</a>&gt;
      &lt;value&gt;2.0&lt;/value&gt;
      &lt;status&gt;&amp;lt;&lt;/status&gt;
      &lt;units&gt;mmol/L&lt;/units&gt;
      &lt;code&gt;mmol/L&lt;/code&gt;
      &lt;system&gt;urn:hl7-org:sid/ucum&lt;/system&gt;
    &lt;rangeQuantity/&gt;
   &lt;/referenceRange&gt;
  &lt;/result&gt;
  &lt;
        <a title="Group of elements for HDL Cholesterol result (this element must be supported or understood)" class="dict" href="#LabReport.resultGroup.result">
          <span style="text-decoration: underline">
            <b>result</b>
          </span>
        </a> 
        <span title="dataAbsentReason attribute is allowed" style="color: red">d?</span>&gt; 
        <span style="color: Gray">&lt;!--</span> 
        <span style="color: blue">&quot;HDL Cholesteral Group&quot;</span>  
        <span style="color: Gray"> --&gt;</span> 
   &lt;
        <a title="HDL Cholesterol (this element must be supported or understood)" class="dict" href="#LabReport.resultGroup.result.name">
          <span style="text-decoration: underline">name</span>
        </a>&gt;
     &lt;coding&gt;
       &lt;code&gt;2085-9&lt;/code&gt;
       &lt;system&gt;urn:hl7-org:sid/loinc&lt;/system&gt;
       &lt;display&gt;Cholesterol.in HDL&lt;/display&gt;
     &lt;/coding&gt;
   &lt;name/&gt;
   &lt;
        <a title="HDL Cholesterol value. If a result is not available, use the comments field (this element must be supported or understood)" class="dict" href="#LabReport.resultGroup.result.valueQuantity">
          <span style="text-decoration: underline">
            <b>valueQuantity</b>
          </span>
        </a> 
        <span title="dataAbsentReason attribute is allowed" style="color: red">d?</span>&gt;
        <span style="color: Gray">&lt;!--</span> 
        <span style="color: brown">
          <b>0..1</b>
        </span> 
        <span style="color: darkgreen">
          <a href="datatypes.htm#Quantity">Quantity</a>
        </span> 
        <span style="color: navy">HDL Cholesterol value</span>
        <span style="color: Gray"> --&gt;</span>&lt;/valueQuantity&gt;
   &lt;
        <a title="+ | ++ | +++ | - | -- | ---  (this element must be supported or understood)" class="dict" href="#LabReport.resultGroup.result.flag">
          <span style="text-decoration: underline">
            <b>flag</b>
          </span>
        </a> 
        <span title="dataAbsentReason attribute is allowed" style="color: red">d?</span>&gt;
        <span style="color: Gray">&lt;!--</span> 
        <span style="color: brown">
          <b>0..1</b>
        </span> 
        <span style="color: darkgreen">
          <a href="datatypes.htm#code">code</a>
        </span> 
        <span style="color: navy">+ | ++ | +++ | - | -- | --- </span>
        <span style="color: Gray"> --&gt;</span>&lt;/flag&gt;
   &lt;
        <a title="Comments about result (this element must be supported or understood)" class="dict" href="#LabReport.resultGroup.result.comments">
          <span style="text-decoration: underline">
            <b>comments</b>
          </span>
        </a> 
        <span title="dataAbsentReason attribute is allowed" style="color: red">d?</span>&gt;
        <span style="color: Gray">&lt;!--</span> 
        <span style="color: brown">
          <b>0..1</b>
        </span> 
        <span style="color: darkgreen">
          <a href="datatypes.htm#string">string</a>
        </span> 
        <span style="color: navy">Comments about result</span>
        <span style="color: Gray"> --&gt;</span>&lt;/comments&gt;
   &lt;
        <a title=" (this element must be supported or understood)" class="dict" href="#LabReport.resultGroup.result.referenceRange">
          <span style="text-decoration: underline">
            <b>referenceRange</b>
          </span>
        </a> 
        <span title="dataAbsentReason attribute is allowed" style="color: red">d?</span>&gt; 
    &lt;
        <a title="Range is a recommended range" class="dict" href="#LabReport.resultGroup.result.referenceRange.meaning">
          <b>meaning</b>
        </a> 
        <span title="dataAbsentReason attribute is allowed" style="color: red">d?</span>&gt;
        <span style="color: Gray">&lt;!--</span> 
        <span style="color: brown">
          <b>0..0</b>
        </span> 
        <span style="color: darkgreen">
          <a href="datatypes.htm#CodeableConcept">CodeableConcept</a>
        </span> 
        <span style="color: navy">Range is a recommended range</span>
        <span style="color: Gray"> --&gt;</span>&lt;/meaning&gt;
    &lt;
        <a title="" href="#LabReport.resultGroup.result.referenceRange.rangeQuantity">1.5 mmol/L&quot; class=&quot;dict&quot;&gt;rangeQuantity</a>&gt;
      &lt;value&gt;1.5&lt;/value&gt;
      &lt;status&gt;&gt;&lt;/status&gt;
      &lt;units&gt;mmol/L&lt;/units&gt;
      &lt;code&gt;mmol/L&lt;/code&gt;
      &lt;system&gt;urn:hl7-org:sid/ucum&lt;/system&gt;
    &lt;rangeQuantity/&gt;
   &lt;/referenceRange&gt;
  &lt;/result&gt;
  &lt;
        <a title="LDL Cholesterol result, if reported (this element must be supported or understood)" class="dict" href="#LabReport.resultGroup.result">
          <span style="text-decoration: underline">
            <b>result</b>
          </span>
        </a> 
        <span title="dataAbsentReason attribute is allowed" style="color: red">d?</span>&gt; 
        <span style="color: Gray">&lt;!--</span> 
        <span style="color: blue">&quot;LDL Cholesteral Group&quot;</span>  
        <span style="color: Gray"> --&gt;</span>  
        <span style="color: Gray">&lt;!-- LDL Cholesterol result, if reported --&gt;</span>
   &lt;
        <a title="Group of elements for LDL Cholesterol. Loinc code defines whether LDL is measured or calculated (this element must be supported or understood)" class="dict" href="#LabReport.resultGroup.result.name">
          <span style="text-decoration: underline">
            <b>name</b>
          </span>
        </a> 
        <span title="dataAbsentReason attribute is allowed" style="color: red">d?</span>&gt;
        <span style="color: Gray">&lt;!--</span> 
        <span style="color: brown">
          <b>1..1</b>
        </span> 
        <span style="color: darkgreen">
          <a href="datatypes.htm#CodeableConcept">CodeableConcept</a>
        </span> 
        <span style="color: navy">LDL Cholesterol. LOINC code defines measured or calc</span>
        <span style="color: Gray"> --&gt;</span>&lt;/name&gt;
   &lt;
        <a title="LDL Cholesterol value. If a result is not available, use the comments field (this element must be supported or understood)" class="dict" href="#LabReport.resultGroup.result.valueQuantity">
          <span style="text-decoration: underline">
            <b>valueQuantity</b>
          </span>
        </a> 
        <span title="dataAbsentReason attribute is allowed" style="color: red">d?</span>&gt;
        <span style="color: Gray">&lt;!--</span> 
        <span style="color: brown">
          <b>0..1</b>
        </span> 
        <span style="color: darkgreen">
          <a href="datatypes.htm#Quantity">Quantity</a>
        </span> 
        <span style="color: navy">LDL Cholesterol value</span>
        <span style="color: Gray"> --&gt;</span>&lt;/valueQuantity&gt;
   &lt;
        <a title="+ | ++ | +++ | - | -- | ---  (this element must be supported or understood)" class="dict" href="#LabReport.resultGroup.result.flag">
          <span style="text-decoration: underline">
            <b>flag</b>
          </span>
        </a> 
        <span title="dataAbsentReason attribute is allowed" style="color: red">d?</span>&gt;
        <span style="color: Gray">&lt;!--</span> 
        <span style="color: brown">
          <b>0..1</b>
        </span> 
        <span style="color: darkgreen">
          <a href="datatypes.htm#code">code</a>
        </span> 
        <span style="color: navy">+ | ++ | +++ | - | -- | --- </span>
        <span style="color: Gray"> --&gt;</span>&lt;/flag&gt;
   &lt;
        <a title="Comments about result (this element must be supported or understood)" class="dict" href="#LabReport.resultGroup.result.comments">
          <span style="text-decoration: underline">
            <b>comments</b>
          </span>
        </a> 
        <span title="dataAbsentReason attribute is allowed" style="color: red">d?</span>&gt;
        <span style="color: Gray">&lt;!--</span> 
        <span style="color: brown">
          <b>0..1</b>
        </span> 
        <span style="color: darkgreen">
          <a href="datatypes.htm#string">string</a>
        </span> 
        <span style="color: navy">Comments about result</span>
        <span style="color: Gray"> --&gt;</span>&lt;/comments&gt;
   &lt;
        <a title=" (this element must be supported or understood)" class="dict" href="#LabReport.resultGroup.result.referenceRange">
          <span style="text-decoration: underline">
            <b>referenceRange</b>
          </span>
        </a> 
        <span title="dataAbsentReason attribute is allowed" style="color: red">d?</span>&gt; 
    &lt;
        <a title="Range is a recommended range" class="dict" href="#LabReport.resultGroup.result.referenceRange.meaning">
          <b>meaning</b>
        </a> 
        <span title="dataAbsentReason attribute is allowed" style="color: red">d?</span>&gt;
        <span style="color: Gray">&lt;!--</span> 
        <span style="color: brown">
          <b>0..0</b>
        </span> 
        <span style="color: darkgreen">
          <a href="datatypes.htm#CodeableConcept">CodeableConcept</a>
        </span> 
        <span style="color: navy">Range is a recommended range</span>
        <span style="color: Gray"> --&gt;</span>&lt;/meaning&gt;
    &lt;
        <a title="&lt;3.0 mmol/L" class="dict" href="#LabReport.resultGroup.result.referenceRange.rangeQuantity">rangeQuantity</a>&gt;
      &lt;value&gt;3.0&lt;/value&gt;
      &lt;status&gt;&amp;lt;&lt;/status&gt;
      &lt;units&gt;mmol/L&lt;/units&gt;
      &lt;code&gt;mmol/L&lt;/code&gt;
      &lt;system&gt;urn:hl7-org:sid/ucum&lt;/system&gt;
    &lt;rangeQuantity/&gt;
   &lt;/referenceRange&gt;
  &lt;/result&gt;
 &lt;/resultGroup&gt;
 &lt;
        <a title="May include diagnosis or suggestions for follow up testing (this element must be supported or understood)" class="dict" href="#LabReport.conclusion">
          <span style="text-decoration: underline">
            <b>conclusion</b>
          </span>
        </a> 
        <span title="dataAbsentReason attribute is allowed" style="color: red">d?</span>&gt;
        <span style="color: Gray">&lt;!--</span> 
        <span style="color: brown">
          <b>0..1</b>
        </span> 
        <span style="color: darkgreen">
          <a href="Narrative.htm#Narrative">Narrative</a>
        </span> 
        <span style="color: navy">Clinical Interpretation of Lipid Panel</span>
        <span style="color: Gray"> --&gt;</span>&lt;/conclusion&gt;
 &lt;
        <a title="Codes for the conclusion" class="dict" href="#LabReport.codedDiagnosis">
          <b>codedDiagnosis</b>
        </a> 
        <span title="dataAbsentReason attribute is allowed" style="color: red">d?</span>&gt;
        <span style="color: Gray">&lt;!--</span> 
        <span style="color: brown">
          <b>0..0</b>
        </span> 
        <span style="color: darkgreen">
          <a href="datatypes.htm#CodeableConcept">CodeableConcept</a>
        </span> 
        <span style="color: navy">Codes for the conclusion</span>
        <span style="color: Gray"> --&gt;</span>&lt;/codedDiagnosis&gt;
&lt;/LabReport&gt;

      </pre>
    </div>
  </text>
</Profile>