<?xml version="1.0" encoding="UTF-8"?>

<Profile xmlns="http://hl7.org/fhir">
  <id>message</id>
  <name>message</name>
  <author>
    <name>todo (committee)</name>
  </author>
  <description>A message that contains FHIR resources</description>
  <comments>Basic Profile for </comments>
  <status>testing</status>
  <date>2012-06-10</date>
  <endorser>
    <name>HL7</name>
  </endorser>
  <resource>
    <type>Resource</type>
    <element>
      <path>Message</path>
      <shortDefn>A message that contains resources</shortDefn>
      <definition>A message that contains FHIR resources</definition>
      <min>1</min>
      <max>1</max>
      <type>Resource</type>
      <dataAbsentReason>false</dataAbsentReason>
      <mustSupport>false</mustSupport>
      <mustUnderstand>false</mustUnderstand>
      <closed>false</closed>
    </element>
    <element>
      <path>Message.id</path>
      <shortDefn>Master Resource Id = Message Id</shortDefn>
      <definition>Unique Id for this message</definition>
      <comments>must be unique within a channel, but should be globally unique. UUIDs are recommended</comments>
      <min>1</min>
      <max>1</max>
      <type>id</type>
      <dataAbsentReason>false</dataAbsentReason>
      <mustSupport>false</mustSupport>
      <mustUnderstand>true</mustUnderstand>
      <closed>false</closed>
    </element>
    <element>
      <path>Message.threadId</path>
      <shortDefn>Id of thread of conversation</shortDefn>
      <definition>Id of the thread - a series of messages that pertain to the same logical sequence, and are all identified by the same thread identifier</definition>
      <min>0</min>
      <max>1</max>
      <type>id</type>
      <dataAbsentReason>false</dataAbsentReason>
      <mustSupport>false</mustSupport>
      <mustUnderstand>false</mustUnderstand>
      <closed>false</closed>
    </element>
    <element>
      <path>Message.instant</path>
      <shortDefn>Instant the message was sent</shortDefn>
      <definition>Instant the message was sent</definition>
      <min>1</min>
      <max>1</max>
      <type>instant</type>
      <dataAbsentReason>false</dataAbsentReason>
      <mustSupport>false</mustSupport>
      <mustUnderstand>true</mustUnderstand>
      <closed>false</closed>
    </element>
    <element>
      <path>Message.event</path>
      <shortDefn>Code for the event his message represents</shortDefn>
      <definition>Code that identifies the event this message represents, and connects it with the event definition in the FHIR specification</definition>
      <min>1</min>
      <max>1</max>
      <type>code</type>
      <dataAbsentReason>false</dataAbsentReason>
      <mustSupport>false</mustSupport>
      <mustUnderstand>true</mustUnderstand>
      <binding>MessageEvent</binding>
      <closed>false</closed>
    </element>
    <element>
      <path>Message.response</path>
      <shortDefn>If this is a response</shortDefn>
      <definition>Information about the the message that this message is a response to - if it is a response</definition>
      <min>0</min>
      <max>1</max>
      <dataAbsentReason>false</dataAbsentReason>
      <mustSupport>false</mustSupport>
      <mustUnderstand>true</mustUnderstand>
      <closed>false</closed>
    </element>
    <element>
      <path>Message.response.id</path>
      <shortDefn>Id of original message</shortDefn>
      <definition>The id of the message that this a response to</definition>
      <comments>this message must have the same threadId as the original message (including missing if the original message threadId was missing)</comments>
      <min>1</min>
      <max>1</max>
      <type>id</type>
      <dataAbsentReason>false</dataAbsentReason>
      <mustSupport>false</mustSupport>
      <mustUnderstand>true</mustUnderstand>
      <closed>false</closed>
    </element>
    <element>
      <path>Message.response.code</path>
      <shortDefn>Type of response to the message</shortDefn>
      <definition>Code that identifies the type of response to the message - whether it was successful or not, and whether it should be resent or not</definition>
      <comments>This is a generic response to the request message. Specific data for the response will be found in Message.data</comments>
      <min>1</min>
      <max>1</max>
      <type>code</type>
      <dataAbsentReason>false</dataAbsentReason>
      <mustSupport>false</mustSupport>
      <mustUnderstand>true</mustUnderstand>
      <binding>ResponseCode</binding>
      <closed>false</closed>
    </element>
    <element>
      <path>Message.response.duplicate</path>
      <shortDefn>if this is not the first response</shortDefn>
      <definition>True if this is not the first response, because the request message has been received more than once</definition>
      <comments>The request shouldn&#39;t be received more than once if reliable message delivery applies, but mostly it doesn&#39;t</comments>
      <min>1</min>
      <max>1</max>
      <type>boolean</type>
      <dataAbsentReason>false</dataAbsentReason>
      <mustSupport>false</mustSupport>
      <mustUnderstand>true</mustUnderstand>
      <closed>false</closed>
    </element>
    <element>
      <path>Message.source</path>
      <shortDefn>Message Source Application</shortDefn>
      <definition>The source application from which this message originated</definition>
      <min>1</min>
      <max>1</max>
      <dataAbsentReason>false</dataAbsentReason>
      <mustSupport>false</mustSupport>
      <mustUnderstand>false</mustUnderstand>
      <closed>false</closed>
    </element>
    <element>
      <path>Message.source.name</path>
      <shortDefn>Name of system</shortDefn>
      <definition>Name of system</definition>
      <min>1</min>
      <max>1</max>
      <type>string</type>
      <dataAbsentReason>false</dataAbsentReason>
      <mustSupport>false</mustSupport>
      <mustUnderstand>false</mustUnderstand>
      <closed>false</closed>
    </element>
    <element>
      <path>Message.source.software</path>
      <shortDefn>Name of software running the system</shortDefn>
      <definition>Name of software running the system</definition>
      <min>1</min>
      <max>1</max>
      <type>string</type>
      <dataAbsentReason>false</dataAbsentReason>
      <mustSupport>false</mustSupport>
      <mustUnderstand>false</mustUnderstand>
      <closed>false</closed>
    </element>
    <element>
      <path>Message.source.version</path>
      <shortDefn>Version of software running</shortDefn>
      <definition>Version of software running</definition>
      <min>1</min>
      <max>1</max>
      <type>string</type>
      <dataAbsentReason>false</dataAbsentReason>
      <mustSupport>false</mustSupport>
      <mustUnderstand>false</mustUnderstand>
      <closed>false</closed>
    </element>
    <element>
      <path>Message.source.contact</path>
      <shortDefn>Human contact for problems</shortDefn>
      <definition>Human contact for problems</definition>
      <min>1</min>
      <max>1</max>
      <type>Contact</type>
      <dataAbsentReason>false</dataAbsentReason>
      <mustSupport>false</mustSupport>
      <mustUnderstand>false</mustUnderstand>
      <closed>false</closed>
    </element>
    <element>
      <path>Message.source.endpoint</path>
      <shortDefn>Actual message source address (if applicable)</shortDefn>
      <definition>Actual message source address (if applicable)</definition>
      <min>0</min>
      <max>1</max>
      <type>uri</type>
      <dataAbsentReason>false</dataAbsentReason>
      <mustSupport>false</mustSupport>
      <mustUnderstand>false</mustUnderstand>
      <closed>false</closed>
    </element>
    <element>
      <path>Message.destination</path>
      <shortDefn>Message Destination Application</shortDefn>
      <definition>The destination application which the message is intended for</definition>
      <min>1</min>
      <max>1</max>
      <dataAbsentReason>false</dataAbsentReason>
      <mustSupport>false</mustSupport>
      <mustUnderstand>false</mustUnderstand>
      <closed>false</closed>
    </element>
    <element>
      <path>Message.destination.name</path>
      <shortDefn>Name of system</shortDefn>
      <definition>Name of system</definition>
      <min>1</min>
      <max>1</max>
      <type>string</type>
      <dataAbsentReason>false</dataAbsentReason>
      <mustSupport>false</mustSupport>
      <mustUnderstand>false</mustUnderstand>
      <closed>false</closed>
    </element>
    <element>
      <path>Message.destination.target</path>
      <shortDefn>particular delivery destination within the destination</shortDefn>
      <definition>particular delivery destination within the destination</definition>
      <min>0</min>
      <max>1</max>
      <type>Resource(Device|Person|Organization)</type>
      <dataAbsentReason>false</dataAbsentReason>
      <mustSupport>false</mustSupport>
      <mustUnderstand>false</mustUnderstand>
      <closed>false</closed>
    </element>
    <element>
      <path>Message.destination.endpoint</path>
      <shortDefn>Actual destination address (if applicable)</shortDefn>
      <definition>Actual destination address (if applicable)</definition>
      <min>0</min>
      <max>1</max>
      <type>uri</type>
      <dataAbsentReason>false</dataAbsentReason>
      <mustSupport>false</mustSupport>
      <mustUnderstand>false</mustUnderstand>
      <closed>false</closed>
    </element>
    <element>
      <path>Message.enterer</path>
      <shortDefn>The source of the data entry</shortDefn>
      <definition>The person or device that performd the data entry leading to this message. Where there is more than one candidate, pick the most proximal to the message. Can provide other enterers in extensions</definition>
      <comments>Usually only for the request, but can be used in a response</comments>
      <min>0</min>
      <max>1</max>
      <type>Resource(Person|Device)</type>
      <dataAbsentReason>false</dataAbsentReason>
      <mustSupport>false</mustSupport>
      <mustUnderstand>false</mustUnderstand>
      <closed>false</closed>
    </element>
    <element>
      <path>Message.author</path>
      <shortDefn>The source of the decision</shortDefn>
      <definition>The logical author of the message - the person or device that decided it should happen. Where there is more than one candidate, pick the most proximal to the message. Can provide other enterers in extensions</definition>
      <comments>Usually only for the request, but can be used in a response</comments>
      <min>0</min>
      <max>1</max>
      <type>Resource(Person|Device)</type>
      <dataAbsentReason>false</dataAbsentReason>
      <mustSupport>false</mustSupport>
      <mustUnderstand>false</mustUnderstand>
      <closed>false</closed>
    </element>
    <element>
      <path>Message.responsible</path>
      <shortDefn>final responsibility for event</shortDefn>
      <definition>The person or organization that accepts overall responsbility for the contents of the message. The implication is that the message event happened under the policies of the responsible party</definition>
      <comments>Usually only for the request, but can be used in a response</comments>
      <min>0</min>
      <max>1</max>
      <type>Resource(Person|Organization)</type>
      <dataAbsentReason>false</dataAbsentReason>
      <mustSupport>false</mustSupport>
      <mustUnderstand>false</mustUnderstand>
      <closed>false</closed>
    </element>
    <element>
      <path>Message.effective</path>
      <shortDefn>time of effect</shortDefn>
      <definition>The effective time - the real world time of the even that the message represents. Usually this is just a starting time, but some message events also have an end time (do x for period y)</definition>
      <comments>Usually only for the request, but can be used in a response</comments>
      <min>0</min>
      <max>1</max>
      <type>Interval(dateTime)</type>
      <dataAbsentReason>false</dataAbsentReason>
      <mustSupport>false</mustSupport>
      <mustUnderstand>false</mustUnderstand>
      <closed>false</closed>
    </element>
    <element>
      <path>Message.reason</path>
      <shortDefn>Cause of event</shortDefn>
      <definition>The cause of the event - a reason for why this message is being sent</definition>
      <min>0</min>
      <max>1</max>
      <type>CodeableConcept</type>
      <dataAbsentReason>false</dataAbsentReason>
      <mustSupport>false</mustSupport>
      <mustUnderstand>false</mustUnderstand>
      <binding>EventReason</binding>
      <closed>false</closed>
    </element>
    <element>
      <path>Message.data</path>
      <shortDefn>The actual content of the message</shortDefn>
      <definition>The actual data of the message - a reference to the focus class of the message. </definition>
      <comments>The data is defined where the transaction type is defined. The transaction data is always aggregated with the transaction resource</comments>
      <min>0</min>
      <max>*</max>
      <type>Resource(Any)</type>
      <dataAbsentReason>false</dataAbsentReason>
      <mustSupport>false</mustSupport>
      <mustUnderstand>true</mustUnderstand>
      <closed>false</closed>
    </element>
    <element>
      <path>Message.extensions</path>
      <shortDefn>See Extensions</shortDefn>
      <definition>See Extensions</definition>
      <min>0</min>
      <max>1</max>
      <dataAbsentReason>false</dataAbsentReason>
      <mustSupport>false</mustSupport>
      <mustUnderstand>false</mustUnderstand>
      <closed>false</closed>
    </element>
    <element>
      <path>Message.text</path>
      <shortDefn>Text summary of message, for human interpretation</shortDefn>
      <definition> </definition>
      <min>1</min>
      <max>1</max>
      <type>Narrative</type>
      <dataAbsentReason>false</dataAbsentReason>
      <mustSupport>false</mustSupport>
      <mustUnderstand>false</mustUnderstand>
      <closed>false</closed>
    </element>
  </resource>
  <text>
    <status>generated</status>
    <div xmlns="http://www.w3.org/1999/xhtml">
      <pre>
&lt;
        <a title="A message that contains FHIR resources" class="dict" href="#Message">
          <b>Message</b>
        </a> xmlns=&quot;http://hl7.org/fhir&quot;&gt;
 &lt;
        <a title="Unique Id for this message (this element must be supported or understood)" class="dict" href="#Message.id">
          <span style="text-decoration: underline">
            <b>id</b>
          </span>
        </a>&gt;
        <span style="color: Gray">&lt;!--</span> 
        <span style="color: brown">
          <b>1..1</b>
        </span> 
        <span style="color: darkgreen">
          <a href="datatypes.htm#id">id</a>
        </span> 
        <span style="color: navy">Master Resource Id = Message Id</span>
        <span style="color: Gray"> --&gt;</span>&lt;/id&gt;
 &lt;
        <a title="Id of the thread - a series of messages that pertain to the same logical sequence, and are all identified by the same thread identifier" class="dict" href="#Message.threadId">
          <b>threadId</b>
        </a>&gt;
        <span style="color: Gray">&lt;!--</span> 
        <span style="color: brown">
          <b>0..1</b>
        </span> 
        <span style="color: darkgreen">
          <a href="datatypes.htm#id">id</a>
        </span> 
        <span style="color: navy">Id of thread of conversation</span>
        <span style="color: Gray"> --&gt;</span>&lt;/threadId&gt;
 &lt;
        <a title="Instant the message was sent (this element must be supported or understood)" class="dict" href="#Message.instant">
          <span style="text-decoration: underline">
            <b>instant</b>
          </span>
        </a>&gt;
        <span style="color: Gray">&lt;!--</span> 
        <span style="color: brown">
          <b>1..1</b>
        </span> 
        <span style="color: darkgreen">
          <a href="datatypes.htm#instant">instant</a>
        </span> 
        <span style="color: navy">Instant the message was sent</span>
        <span style="color: Gray"> --&gt;</span>&lt;/instant&gt;
 &lt;
        <a title="Code that identifies the event this message represents, and connects it with the event definition in the FHIR specification (this element must be supported or understood)" class="dict" href="#Message.event">
          <span style="text-decoration: underline">
            <b>event</b>
          </span>
        </a>&gt;
        <span style="color: Gray">&lt;!--</span> 
        <span style="color: brown">
          <b>1..1</b>
        </span> 
        <span style="color: darkgreen">
          <a href="datatypes.htm#code">code</a>
        </span> 
        <span style="color: navy">Code for the event his message represents</span>
        <span style="color: Gray"> --&gt;</span>&lt;/event&gt;
 &lt;
        <a title="Information about the the message that this message is a response to - if it is a response (this element must be supported or understood)" class="dict" href="#Message.response">
          <span style="text-decoration: underline">
            <b>response</b>
          </span>
        </a>&gt;  
        <span style="color: Gray">&lt;!-- If this is a response --&gt;</span>
  &lt;
        <a title="The id of the message that this a response to (this element must be supported or understood)" class="dict" href="#Message.response.id">
          <span style="text-decoration: underline">
            <b>id</b>
          </span>
        </a>&gt;
        <span style="color: Gray">&lt;!--</span> 
        <span style="color: brown">
          <b>1..1</b>
        </span> 
        <span style="color: darkgreen">
          <a href="datatypes.htm#id">id</a>
        </span> 
        <span style="color: navy">Id of original message</span>
        <span style="color: Gray"> --&gt;</span>&lt;/id&gt;
  &lt;
        <a title="Code that identifies the type of response to the message - whether it was successful or not, and whether it should be resent or not (this element must be supported or understood)" class="dict" href="#Message.response.code">
          <span style="text-decoration: underline">
            <b>code</b>
          </span>
        </a>&gt;
        <span style="color: Gray">&lt;!--</span> 
        <span style="color: brown">
          <b>1..1</b>
        </span> 
        <span style="color: darkgreen">
          <a href="datatypes.htm#code">code</a>
        </span> 
        <span style="color: navy">Type of response to the message</span>
        <span style="color: Gray"> --&gt;</span>&lt;/code&gt;
  &lt;
        <a title="True if this is not the first response, because the request message has been received more than once (this element must be supported or understood)" class="dict" href="#Message.response.duplicate">
          <span style="text-decoration: underline">
            <b>duplicate</b>
          </span>
        </a>&gt;
        <span style="color: Gray">&lt;!--</span> 
        <span style="color: brown">
          <b>1..1</b>
        </span> 
        <span style="color: darkgreen">
          <a href="datatypes.htm#boolean">boolean</a>
        </span> 
        <span style="color: navy">if this is not the first response</span>
        <span style="color: Gray"> --&gt;</span>&lt;/duplicate&gt;
 &lt;/response&gt;
 &lt;
        <a title="The source application from which this message originated" class="dict" href="#Message.source">
          <b>source</b>
        </a>&gt;  
        <span style="color: Gray">&lt;!-- Message Source Application --&gt;</span>
  &lt;
        <a title="Name of system" class="dict" href="#Message.source.name">
          <b>name</b>
        </a>&gt;
        <span style="color: Gray">&lt;!--</span> 
        <span style="color: brown">
          <b>1..1</b>
        </span> 
        <span style="color: darkgreen">
          <a href="datatypes.htm#string">string</a>
        </span> 
        <span style="color: navy">Name of system</span>
        <span style="color: Gray"> --&gt;</span>&lt;/name&gt;
  &lt;
        <a title="Name of software running the system" class="dict" href="#Message.source.software">
          <b>software</b>
        </a>&gt;
        <span style="color: Gray">&lt;!--</span> 
        <span style="color: brown">
          <b>1..1</b>
        </span> 
        <span style="color: darkgreen">
          <a href="datatypes.htm#string">string</a>
        </span> 
        <span style="color: navy">Name of software running the system</span>
        <span style="color: Gray"> --&gt;</span>&lt;/software&gt;
  &lt;
        <a title="Version of software running" class="dict" href="#Message.source.version">
          <b>version</b>
        </a> 
        <span title="dataAbsentReason attribute is allowed" style="color: red">d?</span>&gt;
        <span style="color: Gray">&lt;!--</span> 
        <span style="color: brown">
          <b>1..1</b>
        </span> 
        <span style="color: darkgreen">
          <a href="datatypes.htm#string">string</a>
        </span> 
        <span style="color: navy">Version of software running</span>
        <span style="color: Gray"> --&gt;</span>&lt;/version&gt;
  &lt;
        <a title="Human contact for problems" class="dict" href="#Message.source.contact">
          <b>contact</b>
        </a> 
        <span title="dataAbsentReason attribute is allowed" style="color: red">d?</span>&gt;
        <span style="color: Gray">&lt;!--</span> 
        <span style="color: brown">
          <b>1..1</b>
        </span> 
        <span style="color: darkgreen">
          <a href="datatypes.htm#Contact">Contact</a>
        </span> 
        <span style="color: navy">Human contact for problems</span>
        <span style="color: Gray"> --&gt;</span>&lt;/contact&gt;
  &lt;
        <a title="Actual message source address (if applicable)" class="dict" href="#Message.source.endpoint">
          <b>endpoint</b>
        </a>&gt;
        <span style="color: Gray">&lt;!--</span> 
        <span style="color: brown">
          <b>0..1</b>
        </span> 
        <span style="color: darkgreen">
          <a href="datatypes.htm#uri">uri</a>
        </span> 
        <span style="color: navy">Actual message source address (if applicable)</span>
        <span style="color: Gray"> --&gt;</span>&lt;/endpoint&gt;
 &lt;/source&gt;
 &lt;
        <a title="The destination application which the message is intended for" class="dict" href="#Message.destination">
          <b>destination</b>
        </a>&gt;  
        <span style="color: Gray">&lt;!-- Message Destination Application --&gt;</span>
  &lt;
        <a title="Name of system" class="dict" href="#Message.destination.name">
          <b>name</b>
        </a>&gt;
        <span style="color: Gray">&lt;!--</span> 
        <span style="color: brown">
          <b>1..1</b>
        </span> 
        <span style="color: darkgreen">
          <a href="datatypes.htm#string">string</a>
        </span> 
        <span style="color: navy">Name of system</span>
        <span style="color: Gray"> --&gt;</span>&lt;/name&gt;
  &lt;
        <a title="particular delivery destination within the destination" class="dict" href="#Message.destination.target">
          <b>target</b>
        </a> 
        <span title="dataAbsentReason attribute is allowed" style="color: red">d?</span>&gt;
        <span style="color: Gray">&lt;!--</span> 
        <span style="color: brown">
          <b>0..1</b>
        </span> 
        <span style="color: darkgreen">
          <a href="xml.htm#Resource">Resource</a>(
          <a href="Device.htm#Device">Device</a>|
          <a href="Person.htm#Person">Person</a>|
          <a href="Organization.htm#Organization">Organization</a>)
        </span> 
        <span style="color: navy">particular delivery destination within the destination</span>
        <span style="color: Gray"> --&gt;</span>&lt;/target&gt;
  &lt;
        <a title="Actual destination address (if applicable)" class="dict" href="#Message.destination.endpoint">
          <b>endpoint</b>
        </a>&gt;
        <span style="color: Gray">&lt;!--</span> 
        <span style="color: brown">
          <b>0..1</b>
        </span> 
        <span style="color: darkgreen">
          <a href="datatypes.htm#uri">uri</a>
        </span> 
        <span style="color: navy">Actual destination address (if applicable)</span>
        <span style="color: Gray"> --&gt;</span>&lt;/endpoint&gt;
 &lt;/destination&gt;
 &lt;
        <a title="The person or device that performd the data entry leading to this message. Where there is more than one candidate, pick the most proximal to the message. Can provide other enterers in extensions" class="dict" href="#Message.enterer">
          <b>enterer</b>
        </a> 
        <span title="dataAbsentReason attribute is allowed" style="color: red">d?</span>&gt;
        <span style="color: Gray">&lt;!--</span> 
        <span style="color: brown">
          <b>0..1</b>
        </span> 
        <span style="color: darkgreen">
          <a href="xml.htm#Resource">Resource</a>(
          <a href="Person.htm#Person">Person</a>|
          <a href="Device.htm#Device">Device</a>)
        </span> 
        <span style="color: navy">The source of the data entry</span>
        <span style="color: Gray"> --&gt;</span>&lt;/enterer&gt;
 &lt;
        <a title="The logical author of the message - the person or device that decided it should happen. Where there is more than one candidate, pick the most proximal to the message. Can provide other enterers in extensions" class="dict" href="#Message.author">
          <b>author</b>
        </a> 
        <span title="dataAbsentReason attribute is allowed" style="color: red">d?</span>&gt;
        <span style="color: Gray">&lt;!--</span> 
        <span style="color: brown">
          <b>0..1</b>
        </span> 
        <span style="color: darkgreen">
          <a href="xml.htm#Resource">Resource</a>(
          <a href="Person.htm#Person">Person</a>|
          <a href="Device.htm#Device">Device</a>)
        </span> 
        <span style="color: navy">The source of the decision</span>
        <span style="color: Gray"> --&gt;</span>&lt;/author&gt;
 &lt;
        <a title="The person or organization that accepts overall responsbility for the contents of the message. The implication is that the message event happened under the policies of the responsible party" class="dict" href="#Message.responsible">
          <b>responsible</b>
        </a> 
        <span title="dataAbsentReason attribute is allowed" style="color: red">d?</span>&gt;
        <span style="color: Gray">&lt;!--</span> 
        <span style="color: brown">
          <b>0..1</b>
        </span> 
        <span style="color: darkgreen">
          <a href="xml.htm#Resource">Resource</a>(
          <a href="Person.htm#Person">Person</a>|
          <a href="Organization.htm#Organization">Organization</a>)
        </span> 
        <span style="color: navy">final responsibility for event</span>
        <span style="color: Gray"> --&gt;</span>&lt;/responsible&gt;
 &lt;
        <a title="The effective time - the real world time of the even that the message represents. Usually this is just a starting time, but some message events also have an end time (do x for period y)" class="dict" href="#Message.effective">
          <b>effective</b>
        </a> 
        <span title="dataAbsentReason attribute is allowed" style="color: red">d?</span>&gt;
        <span style="color: Gray">&lt;!--</span> 
        <span style="color: brown">
          <b>0..1</b>
        </span> 
        <span style="color: darkgreen">
          <a href="datatypes.htm#Interval">Interval</a>(
          <a href="datatypes.htm#dateTime">dateTime</a>)
        </span> 
        <span style="color: navy">time of effect</span>
        <span style="color: Gray"> --&gt;</span>&lt;/effective&gt;
 &lt;
        <a title="The cause of the event - a reason for why this message is being sent" class="dict" href="#Message.reason">
          <b>reason</b>
        </a> 
        <span title="dataAbsentReason attribute is allowed" style="color: red">d?</span>&gt;
        <span style="color: Gray">&lt;!--</span> 
        <span style="color: brown">
          <b>0..1</b>
        </span> 
        <span style="color: darkgreen">
          <a href="datatypes.htm#CodeableConcept">CodeableConcept</a>
        </span> 
        <span style="color: navy">Cause of event</span>
        <span style="color: Gray"> --&gt;</span>&lt;/reason&gt;
 &lt;
        <a title="The actual data of the message - a reference to the focus class of the message.  (this element must be supported or understood)" class="dict" href="#Message.data">
          <span style="text-decoration: underline">
            <b>data</b>
          </span>
        </a>&gt;
        <span style="color: Gray">&lt;!--</span> 
        <span style="color: brown">
          <b>0..*</b>
        </span> 
        <span style="color: darkgreen">
          <a href="xml.htm#Resource">Resource</a>(
          <a href="Any.htm#Any">Any</a>)
        </span> 
        <span style="color: navy">The actual content of the message</span>
        <span style="color: Gray"> --&gt;</span>&lt;/data&gt;
 &lt;
        <a title="See Extensions" class="dict" href="#Message.extensions">
          <b>extensions</b>
        </a> 
        <span title="dataAbsentReason attribute is allowed" style="color: red">d?</span>&gt;
        <span style="color: Gray">&lt;!--</span> 
        <a href="extensibility.htm">
          <span style="color: navy">See Extensions</span>
        </a>   
        <a href="extensibility.htm">
          <span style="color: navy">See Extensions</span>
        </a> 
        <span style="color: Gray"> --&gt;</span>&lt;/extensions&gt;
 &lt;
        <a title=" " class="dict" href="#Message.text">
          <b>text</b>
        </a>&gt;
        <span style="color: Gray">&lt;!--</span> 
        <span style="color: brown">
          <b>1..1</b>
        </span> 
        <span style="color: darkgreen">
          <a href="Narrative.htm#Narrative">Narrative</a>
        </span> 
        <span style="color: navy">Text summary of message, for human interpretation</span>
        <span style="color: Gray"> --&gt;</span>&lt;/text&gt;
&lt;/Message&gt;

      </pre>
    </div>
  </text>
</Profile>