<?xml version="1.0" encoding="UTF-8"?>

<Profile xmlns="http://hl7.org/fhir">
  <id>organization</id>
  <name>organization</name>
  <author>
    <name>todo (committee)</name>
  </author>
  <description>For any organization/institution/government department that has relevance to the care process</description>
  <comments>Basic Profile for </comments>
  <status>testing</status>
  <date>2012-06-10</date>
  <endorser>
    <name>HL7</name>
  </endorser>
  <resource>
    <type>Resource</type>
    <element>
      <path>Organization</path>
      <definition>For any organization/institution/government department that has relevance to the care process</definition>
      <min>1</min>
      <max>1</max>
      <type>Resource</type>
      <dataAbsentReason>false</dataAbsentReason>
      <mustSupport>false</mustSupport>
      <mustUnderstand>false</mustUnderstand>
      <closed>false</closed>
    </element>
    <element>
      <path>Organization.id</path>
      <shortDefn>Master Resource Id, always first in all resources</shortDefn>
      <definition>Master Resource Id, always first in all resources</definition>
      <min>1</min>
      <max>1</max>
      <type>id</type>
      <dataAbsentReason>false</dataAbsentReason>
      <mustSupport>false</mustSupport>
      <mustUnderstand>false</mustUnderstand>
      <closed>false</closed>
    </element>
    <element>
      <path>Organization.identifier</path>
      <shortDefn>Identifier for this organization</shortDefn>
      <definition>Identifier for the organization that is used to identify the organization across multiple disparate systems</definition>
      <min>0</min>
      <max>*</max>
      <type>HumanId</type>
      <dataAbsentReason>false</dataAbsentReason>
      <mustSupport>false</mustSupport>
      <mustUnderstand>true</mustUnderstand>
      <closed>false</closed>
    </element>
    <element>
      <path>Organization.name</path>
      <definition>A name associated with the organization</definition>
      <comments>Don&#39;t use HumanName since that has many non-organization things in it</comments>
      <min>0</min>
      <max>*</max>
      <dataAbsentReason>false</dataAbsentReason>
      <mustSupport>false</mustSupport>
      <mustUnderstand>true</mustUnderstand>
      <closed>false</closed>
    </element>
    <element>
      <path>Organization.name.value</path>
      <shortDefn>A name associated with the organization</shortDefn>
      <definition>The actual name of the organization</definition>
      <min>1</min>
      <max>1</max>
      <type>string</type>
      <dataAbsentReason>false</dataAbsentReason>
      <mustSupport>false</mustSupport>
      <mustUnderstand>true</mustUnderstand>
      <closed>false</closed>
    </element>
    <element>
      <path>Organization.name.period</path>
      <shortDefn>When this name is/was in use</shortDefn>
      <definition>The period that this name was in use by the organization</definition>
      <min>0</min>
      <max>1</max>
      <type>Interval(date)</type>
      <dataAbsentReason>false</dataAbsentReason>
      <mustSupport>false</mustSupport>
      <mustUnderstand>false</mustUnderstand>
      <closed>false</closed>
    </element>
    <element>
      <path>Organization.address</path>
      <shortDefn>An address for the organization</shortDefn>
      <definition>An address for the organization</definition>
      <comments>Organization may have multiple addresses with different uses or applicable periods. The use code home is not to be used</comments>
      <min>0</min>
      <max>*</max>
      <type>Address</type>
      <dataAbsentReason>false</dataAbsentReason>
      <mustSupport>false</mustSupport>
      <mustUnderstand>false</mustUnderstand>
      <closed>false</closed>
    </element>
    <element>
      <path>Organization.contact</path>
      <shortDefn>A contact detail for the organization</shortDefn>
      <definition>A contact detail for the organization</definition>
      <comments>The use code home is not to be used. Note that these contacts are not the contact details of people who are employed by or represent the organization, but official contacts for the organization itself</comments>
      <min>0</min>
      <max>*</max>
      <type>Contact</type>
      <dataAbsentReason>false</dataAbsentReason>
      <mustSupport>false</mustSupport>
      <mustUnderstand>false</mustUnderstand>
      <closed>false</closed>
    </element>
    <element>
      <path>Organization.code</path>
      <shortDefn>kind of organisation</shortDefn>
      <definition>The kind of organization that this is</definition>
      <comments>Organizations can be corporations, wards, sections, clinical teams, government departments, etc. Note that code is generally a classifier of the type of organization; in many applications, codes are used to identity a particular organization (say, ward) as opposed to another of the same type - these are identifiers, not codes</comments>
      <min>0</min>
      <max>1</max>
      <type>CodeableConcept</type>
      <dataAbsentReason>false</dataAbsentReason>
      <mustSupport>false</mustSupport>
      <mustUnderstand>false</mustUnderstand>
      <binding>OrganisationType</binding>
      <closed>false</closed>
    </element>
    <element>
      <path>Organization.industryCode</path>
      <shortDefn>kind of industry</shortDefn>
      <definition>The industry that this organization is involved in</definition>
      <min>0</min>
      <max>1</max>
      <type>CodeableConcept</type>
      <dataAbsentReason>false</dataAbsentReason>
      <mustSupport>false</mustSupport>
      <mustUnderstand>false</mustUnderstand>
      <binding>Industry</binding>
      <closed>false</closed>
    </element>
    <element>
      <path>Organization.accreditation</path>
      <definition>The qualifications a person has, including format educational achievements, accreditations, and current certifications. All these qualifications may be used to determine what roles a person may play in a healthcare environment</definition>
      <min>0</min>
      <max>*</max>
      <dataAbsentReason>false</dataAbsentReason>
      <mustSupport>false</mustSupport>
      <mustUnderstand>false</mustUnderstand>
      <closed>false</closed>
    </element>
    <element>
      <path>Organization.accreditation.id</path>
      <shortDefn>Identifier for the accreditation</shortDefn>
      <definition>The identifier of the accreditation</definition>
      <min>0</min>
      <max>1</max>
      <type>Identifier</type>
      <dataAbsentReason>false</dataAbsentReason>
      <mustSupport>false</mustSupport>
      <mustUnderstand>false</mustUnderstand>
      <closed>false</closed>
    </element>
    <element>
      <path>Organization.accreditation.code</path>
      <shortDefn>What kind of accreditation</shortDefn>
      <definition>The type of the accreditation</definition>
      <min>0</min>
      <max>1</max>
      <type>CodeableConcept</type>
      <dataAbsentReason>false</dataAbsentReason>
      <mustSupport>false</mustSupport>
      <mustUnderstand>false</mustUnderstand>
      <binding>Accreditation</binding>
      <closed>false</closed>
    </element>
    <element>
      <path>Organization.accreditation.institution</path>
      <shortDefn>Who conferred it</shortDefn>
      <definition>The organization that confered/confers the accreditation</definition>
      <min>0</min>
      <max>1</max>
      <type>Resource(Organization)</type>
      <dataAbsentReason>false</dataAbsentReason>
      <mustSupport>false</mustSupport>
      <mustUnderstand>false</mustUnderstand>
      <closed>false</closed>
    </element>
    <element>
      <path>Organization.accreditation.period</path>
      <shortDefn>When the accreditation is valid</shortDefn>
      <definition>The period for which the accreditation is held</definition>
      <min>0</min>
      <max>1</max>
      <type>Interval(date)</type>
      <dataAbsentReason>false</dataAbsentReason>
      <mustSupport>false</mustSupport>
      <mustUnderstand>false</mustUnderstand>
      <closed>false</closed>
    </element>
    <element>
      <path>Organization.relatedOrganization</path>
      <shortDefn>sub-, super-, and partner organisations</shortDefn>
      <definition>Other organizations who are related to this person. The relationship might be one of several types: sub- or super- orgnizations (i.e. ward in a hospital, owning corporation of a hospital) or partner organizations (i.e. the operating corporation for a hospital)</definition>
      <min>0</min>
      <max>*</max>
      <dataAbsentReason>false</dataAbsentReason>
      <mustSupport>false</mustSupport>
      <mustUnderstand>false</mustUnderstand>
      <closed>false</closed>
    </element>
    <element>
      <path>Organization.relatedOrganization.id</path>
      <shortDefn>Identifier for the organization</shortDefn>
      <definition>Identifier the related organization - may be a full link to an Organization resource, or some other kind of identifier</definition>
      <min>0</min>
      <max>1</max>
      <type>HumanId</type>
      <dataAbsentReason>false</dataAbsentReason>
      <mustSupport>false</mustSupport>
      <mustUnderstand>false</mustUnderstand>
      <closed>false</closed>
    </element>
    <element>
      <path>Organization.relatedOrganization.code</path>
      <shortDefn>How the organizations are related</shortDefn>
      <definition>Code that specifies how this organization is related to the subject. A code is required.</definition>
      <min>1</min>
      <max>1</max>
      <type>CodeableConcept</type>
      <dataAbsentReason>false</dataAbsentReason>
      <mustSupport>false</mustSupport>
      <mustUnderstand>false</mustUnderstand>
      <binding>OrganizationRelationship</binding>
      <closed>false</closed>
    </element>
    <element>
      <path>Organization.relatedOrganization.name</path>
      <shortDefn>Name of the organization</shortDefn>
      <definition>A name should be specified for the related organization</definition>
      <min>0</min>
      <max>1</max>
      <type>string</type>
      <dataAbsentReason>false</dataAbsentReason>
      <mustSupport>false</mustSupport>
      <mustUnderstand>false</mustUnderstand>
      <closed>false</closed>
    </element>
    <element>
      <path>Organization.relatedOrganization.address</path>
      <shortDefn>An address for the organization</shortDefn>
      <definition>Postal addresses may be provided for the related organization</definition>
      <min>0</min>
      <max>*</max>
      <type>Address</type>
      <dataAbsentReason>false</dataAbsentReason>
      <mustSupport>false</mustSupport>
      <mustUnderstand>false</mustUnderstand>
      <closed>false</closed>
    </element>
    <element>
      <path>Organization.relatedOrganization.contact</path>
      <shortDefn>General contact details for the organization</shortDefn>
      <definition>Contact details (phone, email etc) may be provided for the related organization</definition>
      <min>0</min>
      <max>*</max>
      <type>Contact</type>
      <dataAbsentReason>false</dataAbsentReason>
      <mustSupport>false</mustSupport>
      <mustUnderstand>false</mustUnderstand>
      <closed>false</closed>
    </element>
    <element>
      <path>Organization.relatedOrganization.period</path>
      <shortDefn>When the organizations were related</shortDefn>
      <definition>The period during which the organizations were related in this fashion</definition>
      <min>0</min>
      <max>1</max>
      <type>Interval(date)</type>
      <dataAbsentReason>false</dataAbsentReason>
      <mustSupport>false</mustSupport>
      <mustUnderstand>false</mustUnderstand>
      <closed>false</closed>
    </element>
    <element>
      <path>Organization.extensions</path>
      <shortDefn>See Extensions</shortDefn>
      <definition>See Extensions</definition>
      <min>0</min>
      <max>1</max>
      <dataAbsentReason>false</dataAbsentReason>
      <mustSupport>false</mustSupport>
      <mustUnderstand>false</mustUnderstand>
      <closed>false</closed>
    </element>
    <element>
      <path>Organization.text</path>
      <shortDefn>Text summary of organization, fall back for human interpretation</shortDefn>
      <definition>Text summary of organization, fall back for human interpretation</definition>
      <min>1</min>
      <max>1</max>
      <type>Narrative</type>
      <dataAbsentReason>false</dataAbsentReason>
      <mustSupport>false</mustSupport>
      <mustUnderstand>false</mustUnderstand>
      <closed>false</closed>
    </element>
  </resource>
  <text>
    <status>generated</status>
    <div xmlns="http://www.w3.org/1999/xhtml">
      <pre>
&lt;
        <a title="For any organization/institution/government department that has relevance to the care process" class="dict" href="#Organization">
          <b>Organization</b>
        </a> xmlns=&quot;http://hl7.org/fhir&quot;&gt;
 &lt;
        <a title="Master Resource Id, always first in all resources" class="dict" href="#Organization.id">
          <b>id</b>
        </a>&gt;
        <span style="color: Gray">&lt;!--</span> 
        <span style="color: brown">
          <b>1..1</b>
        </span> 
        <span style="color: darkgreen">
          <a href="datatypes.htm#id">id</a>
        </span> 
        <span style="color: navy">Master Resource Id, always first in all resources</span>
        <span style="color: Gray"> --&gt;</span>&lt;/id&gt;
 &lt;
        <a title="Identifier for the organization that is used to identify the organization across multiple disparate systems (this element must be supported or understood)" class="dict" href="#Organization.identifier">
          <span style="text-decoration: underline">
            <b>identifier</b>
          </span>
        </a> 
        <span title="dataAbsentReason attribute is allowed" style="color: red">d?</span>&gt;
        <span style="color: Gray">&lt;!--</span> 
        <span style="color: brown">
          <b>0..*</b>
        </span> 
        <span style="color: darkgreen">
          <a href="datatypes.htm#HumanId">HumanId</a>
        </span> 
        <span style="color: navy">Identifier for this organization</span>
        <span style="color: Gray"> --&gt;</span>&lt;/identifier&gt;
 &lt;
        <a title="A name associated with the organization (this element must be supported or understood)" class="dict" href="#Organization.name">
          <span style="text-decoration: underline">
            <b>name</b>
          </span>
        </a>&gt;  
        <span style="color: Gray">&lt;!-- 
          <span style="color: brown">
            <b>0..*</b>
          </span> --&gt;
        </span>
  &lt;
        <a title="The actual name of the organization (this element must be supported or understood)" class="dict" href="#Organization.name.value">
          <span style="text-decoration: underline">
            <b>value</b>
          </span>
        </a>&gt;
        <span style="color: Gray">&lt;!--</span> 
        <span style="color: brown">
          <b>1..1</b>
        </span> 
        <span style="color: darkgreen">
          <a href="datatypes.htm#string">string</a>
        </span> 
        <span style="color: navy">A name associated with the organization</span>
        <span style="color: Gray"> --&gt;</span>&lt;/value&gt;
  &lt;
        <a title="The period that this name was in use by the organization" class="dict" href="#Organization.name.period">
          <b>period</b>
        </a> 
        <span title="dataAbsentReason attribute is allowed" style="color: red">d?</span>&gt;
        <span style="color: Gray">&lt;!--</span> 
        <span style="color: brown">
          <b>0..1</b>
        </span> 
        <span style="color: darkgreen">
          <a href="datatypes.htm#Interval">Interval</a>(
          <a href="datatypes.htm#date">date</a>)
        </span> 
        <span style="color: navy">When this name is/was in use</span>
        <span style="color: Gray"> --&gt;</span>&lt;/period&gt;
 &lt;/name&gt;
 &lt;
        <a title="An address for the organization" class="dict" href="#Organization.address">
          <b>address</b>
        </a> 
        <span title="dataAbsentReason attribute is allowed" style="color: red">d?</span>&gt;
        <span style="color: Gray">&lt;!--</span> 
        <span style="color: brown">
          <b>0..*</b>
        </span> 
        <span style="color: darkgreen">
          <a href="datatypes.htm#Address">Address</a>
        </span> 
        <span style="color: navy">An address for the organization</span>
        <span style="color: Gray"> --&gt;</span>&lt;/address&gt;
 &lt;
        <a title="A contact detail for the organization" class="dict" href="#Organization.contact">
          <b>contact</b>
        </a> 
        <span title="dataAbsentReason attribute is allowed" style="color: red">d?</span>&gt;
        <span style="color: Gray">&lt;!--</span> 
        <span style="color: brown">
          <b>0..*</b>
        </span> 
        <span style="color: darkgreen">
          <a href="datatypes.htm#Contact">Contact</a>
        </span> 
        <span style="color: navy">A contact detail for the organization</span>
        <span style="color: Gray"> --&gt;</span>&lt;/contact&gt;
 &lt;
        <a title="The kind of organization that this is" class="dict" href="#Organization.code">
          <b>code</b>
        </a> 
        <span title="dataAbsentReason attribute is allowed" style="color: red">d?</span>&gt;
        <span style="color: Gray">&lt;!--</span> 
        <span style="color: brown">
          <b>0..1</b>
        </span> 
        <span style="color: darkgreen">
          <a href="datatypes.htm#CodeableConcept">CodeableConcept</a>
        </span> 
        <span style="color: navy">kind of organisation</span>
        <span style="color: Gray"> --&gt;</span>&lt;/code&gt;
 &lt;
        <a title="The industry that this organization is involved in" class="dict" href="#Organization.industryCode">
          <b>industryCode</b>
        </a> 
        <span title="dataAbsentReason attribute is allowed" style="color: red">d?</span>&gt;
        <span style="color: Gray">&lt;!--</span> 
        <span style="color: brown">
          <b>0..1</b>
        </span> 
        <span style="color: darkgreen">
          <a href="datatypes.htm#CodeableConcept">CodeableConcept</a>
        </span> 
        <span style="color: navy">kind of industry</span>
        <span style="color: Gray"> --&gt;</span>&lt;/industryCode&gt;
 &lt;
        <a title="The qualifications a person has, including format educational achievements, accreditations, and current certifications. All these qualifications may be used to determine what roles a person may play in a healthcare environment" class="dict" href="#Organization.accreditation">
          <b>accreditation</b>
        </a>&gt;  
        <span style="color: Gray">&lt;!-- 
          <span style="color: brown">
            <b>0..*</b>
          </span> --&gt;
        </span>
  &lt;
        <a title="The identifier of the accreditation" class="dict" href="#Organization.accreditation.id">
          <b>id</b>
        </a> 
        <span title="dataAbsentReason attribute is allowed" style="color: red">d?</span>&gt;
        <span style="color: Gray">&lt;!--</span> 
        <span style="color: brown">
          <b>0..1</b>
        </span> 
        <span style="color: darkgreen">
          <a href="datatypes.htm#Identifier">Identifier</a>
        </span> 
        <span style="color: navy">Identifier for the accreditation</span>
        <span style="color: Gray"> --&gt;</span>&lt;/id&gt;
  &lt;
        <a title="The type of the accreditation" class="dict" href="#Organization.accreditation.code">
          <b>code</b>
        </a> 
        <span title="dataAbsentReason attribute is allowed" style="color: red">d?</span>&gt;
        <span style="color: Gray">&lt;!--</span> 
        <span style="color: brown">
          <b>0..1</b>
        </span> 
        <span style="color: darkgreen">
          <a href="datatypes.htm#CodeableConcept">CodeableConcept</a>
        </span> 
        <span style="color: navy">What kind of accreditation</span>
        <span style="color: Gray"> --&gt;</span>&lt;/code&gt;
  &lt;
        <a title="The organization that confered/confers the accreditation" class="dict" href="#Organization.accreditation.institution">
          <b>institution</b>
        </a> 
        <span title="dataAbsentReason attribute is allowed" style="color: red">d?</span>&gt;
        <span style="color: Gray">&lt;!--</span> 
        <span style="color: brown">
          <b>0..1</b>
        </span> 
        <span style="color: darkgreen">
          <a href="xml.htm#Resource">Resource</a>(
          <a href="Organization.htm#Organization">Organization</a>)
        </span> 
        <span style="color: navy">Who conferred it</span>
        <span style="color: Gray"> --&gt;</span>&lt;/institution&gt;
  &lt;
        <a title="The period for which the accreditation is held" class="dict" href="#Organization.accreditation.period">
          <b>period</b>
        </a> 
        <span title="dataAbsentReason attribute is allowed" style="color: red">d?</span>&gt;
        <span style="color: Gray">&lt;!--</span> 
        <span style="color: brown">
          <b>0..1</b>
        </span> 
        <span style="color: darkgreen">
          <a href="datatypes.htm#Interval">Interval</a>(
          <a href="datatypes.htm#date">date</a>)
        </span> 
        <span style="color: navy">When the accreditation is valid</span>
        <span style="color: Gray"> --&gt;</span>&lt;/period&gt;
 &lt;/accreditation&gt;
 &lt;
        <a title="Other organizations who are related to this person. The relationship might be one of several types: sub- or super- orgnizations (i.e. ward in a hospital, owning corporation of a hospital) or partner organizations (i.e. the operating corporation for a hospital)" class="dict" href="#Organization.relatedOrganization">
          <b>relatedOrganization</b>
        </a>&gt;  
        <span style="color: Gray">&lt;!-- 
          <span style="color: brown">
            <b>0..*</b>
          </span> sub-, super-, and partner organisations --&gt;
        </span>
  &lt;
        <a title="Identifier the related organization - may be a full link to an Organization resource, or some other kind of identifier" class="dict" href="#Organization.relatedOrganization.id">
          <b>id</b>
        </a> 
        <span title="dataAbsentReason attribute is allowed" style="color: red">d?</span>&gt;
        <span style="color: Gray">&lt;!--</span> 
        <span style="color: brown">
          <b>0..1</b>
        </span> 
        <span style="color: darkgreen">
          <a href="datatypes.htm#HumanId">HumanId</a>
        </span> 
        <span style="color: navy">Identifier for the organization</span>
        <span style="color: Gray"> --&gt;</span>&lt;/id&gt;
  &lt;
        <a title="Code that specifies how this organization is related to the subject. A code is required." class="dict" href="#Organization.relatedOrganization.code">
          <b>code</b>
        </a>&gt;
        <span style="color: Gray">&lt;!--</span> 
        <span style="color: brown">
          <b>1..1</b>
        </span> 
        <span style="color: darkgreen">
          <a href="datatypes.htm#CodeableConcept">CodeableConcept</a>
        </span> 
        <span style="color: navy">How the organizations are related</span>
        <span style="color: Gray"> --&gt;</span>&lt;/code&gt;
  &lt;
        <a title="A name should be specified for the related organization" class="dict" href="#Organization.relatedOrganization.name">
          <b>name</b>
        </a> 
        <span title="dataAbsentReason attribute is allowed" style="color: red">d?</span>&gt;
        <span style="color: Gray">&lt;!--</span> 
        <span style="color: brown">
          <b>0..1</b>
        </span> 
        <span style="color: darkgreen">
          <a href="datatypes.htm#string">string</a>
        </span> 
        <span style="color: navy">Name of the organization</span>
        <span style="color: Gray"> --&gt;</span>&lt;/name&gt;
  &lt;
        <a title="Postal addresses may be provided for the related organization" class="dict" href="#Organization.relatedOrganization.address">
          <b>address</b>
        </a> 
        <span title="dataAbsentReason attribute is allowed" style="color: red">d?</span>&gt;
        <span style="color: Gray">&lt;!--</span> 
        <span style="color: brown">
          <b>0..*</b>
        </span> 
        <span style="color: darkgreen">
          <a href="datatypes.htm#Address">Address</a>
        </span> 
        <span style="color: navy">An address for the organization</span>
        <span style="color: Gray"> --&gt;</span>&lt;/address&gt;
  &lt;
        <a title="Contact details (phone, email etc) may be provided for the related organization" class="dict" href="#Organization.relatedOrganization.contact">
          <b>contact</b>
        </a> 
        <span title="dataAbsentReason attribute is allowed" style="color: red">d?</span>&gt;
        <span style="color: Gray">&lt;!--</span> 
        <span style="color: brown">
          <b>0..*</b>
        </span> 
        <span style="color: darkgreen">
          <a href="datatypes.htm#Contact">Contact</a>
        </span> 
        <span style="color: navy">General contact details for the organization</span>
        <span style="color: Gray"> --&gt;</span>&lt;/contact&gt;
  &lt;
        <a title="The period during which the organizations were related in this fashion" class="dict" href="#Organization.relatedOrganization.period">
          <b>period</b>
        </a> 
        <span title="dataAbsentReason attribute is allowed" style="color: red">d?</span>&gt;
        <span style="color: Gray">&lt;!--</span> 
        <span style="color: brown">
          <b>0..1</b>
        </span> 
        <span style="color: darkgreen">
          <a href="datatypes.htm#Interval">Interval</a>(
          <a href="datatypes.htm#date">date</a>)
        </span> 
        <span style="color: navy">When the organizations were related</span>
        <span style="color: Gray"> --&gt;</span>&lt;/period&gt;
 &lt;/relatedOrganization&gt;
 &lt;
        <a title="See Extensions" class="dict" href="#Organization.extensions">
          <b>extensions</b>
        </a> 
        <span title="dataAbsentReason attribute is allowed" style="color: red">d?</span>&gt;
        <span style="color: Gray">&lt;!--</span> 
        <a href="extensibility.htm">
          <span style="color: navy">See Extensions</span>
        </a>   
        <a href="extensibility.htm">
          <span style="color: navy">See Extensions</span>
        </a> 
        <span style="color: Gray"> --&gt;</span>&lt;/extensions&gt;
 &lt;
        <a title="Text summary of organization, fall back for human interpretation" class="dict" href="#Organization.text">
          <b>text</b>
        </a>&gt;
        <span style="color: Gray">&lt;!--</span> 
        <span style="color: brown">
          <b>1..1</b>
        </span> 
        <span style="color: darkgreen">
          <a href="Narrative.htm#Narrative">Narrative</a>
        </span> 
        <span style="color: navy">Text summary of organization, fall back for human interpretation</span>
        <span style="color: Gray"> --&gt;</span>&lt;/text&gt;
&lt;/Organization&gt;

      </pre>
    </div>
  </text>
</Profile>