<?xml version="1.0" encoding="UTF-8"?>

<Profile xmlns="http://hl7.org/fhir">
  <id>patient</id>
  <name>patient</name>
  <author>
    <name>todo (committee)</name>
  </author>
  <description>A patient is a person or animal that is receiving care</description>
  <comments>Basic Profile for </comments>
  <status>testing</status>
  <date>2012-06-10</date>
  <endorser>
    <name>HL7</name>
  </endorser>
  <resource>
    <type>Resource</type>
    <element>
      <path>Patient</path>
      <definition>A patient is a person or animal that is receiving care</definition>
      <min>1</min>
      <max>1</max>
      <type>Resource</type>
      <dataAbsentReason>false</dataAbsentReason>
      <mustSupport>false</mustSupport>
      <mustUnderstand>false</mustUnderstand>
      <closed>false</closed>
    </element>
    <element>
      <path>Patient.id</path>
      <shortDefn>Master Resource Id, always first in all resources</shortDefn>
      <definition>Master Resource Id, always first in all resources</definition>
      <min>1</min>
      <max>1</max>
      <type>id</type>
      <dataAbsentReason>false</dataAbsentReason>
      <mustSupport>false</mustSupport>
      <mustUnderstand>false</mustUnderstand>
      <closed>false</closed>
    </element>
    <element>
      <path>Patient.link</path>
      <shortDefn>Other patients linked to this resource</shortDefn>
      <definition>A linked patient record is a record that concerns the same patient. Records are linked after it is realised that at least one was created in error.</definition>
      <comments>More then two patient records may be linked. Note that there is a special transaction for linking patient records in the RESTful context, as record linking consistency must be maintained</comments>
      <min>0</min>
      <max>*</max>
      <type>Resource(Patient)</type>
      <dataAbsentReason>false</dataAbsentReason>
      <mustSupport>false</mustSupport>
      <mustUnderstand>true</mustUnderstand>
      <closed>false</closed>
    </element>
    <element>
      <path>Patient.active</path>
      <shortDefn>Whether this patient record is active (in use)</shortDefn>
      <definition>Whether the patient record is in use, or has been removed from active use</definition>
      <comments>If a record is inactive, and linked to an active record, then future patient/person/record updates should occur on the other patient</comments>
      <min>1</min>
      <max>1</max>
      <type>boolean</type>
      <dataAbsentReason>false</dataAbsentReason>
      <mustSupport>false</mustSupport>
      <mustUnderstand>true</mustUnderstand>
      <closed>false</closed>
    </element>
    <element>
      <path>Patient.subject</path>
      <shortDefn>The person or animal that is the patient</shortDefn>
      <definition>The person or animal that this patient record is about</definition>
      <min>1</min>
      <max>1</max>
      <type>Resource(Person|Animal)</type>
      <dataAbsentReason>false</dataAbsentReason>
      <mustSupport>false</mustSupport>
      <mustUnderstand>true</mustUnderstand>
      <closed>false</closed>
    </element>
    <element>
      <path>Patient.provider</path>
      <shortDefn>Organization managing the patient</shortDefn>
      <definition>The provider for whom this is a patient record</definition>
      <min>1</min>
      <max>1</max>
      <type>Resource(Organization)</type>
      <dataAbsentReason>false</dataAbsentReason>
      <mustSupport>false</mustSupport>
      <mustUnderstand>true</mustUnderstand>
      <closed>false</closed>
    </element>
    <element>
      <path>Patient.identifier</path>
      <shortDefn>An identifier for the person as this patient</shortDefn>
      <definition>An identifier that applies to this person as a patient</definition>
      <min>0</min>
      <max>*</max>
      <type>HumanId</type>
      <dataAbsentReason>false</dataAbsentReason>
      <mustSupport>false</mustSupport>
      <mustUnderstand>true</mustUnderstand>
      <closed>false</closed>
    </element>
    <element>
      <path>Patient.diet</path>
      <shortDefn>Dietary restrictions for the patient</shortDefn>
      <definition>Dietary restrictions for the patient</definition>
      <comments>not for specifying medical diets, but for casual dietary restrictions such as vegetarian, diary-free, nut-free, etc</comments>
      <min>0</min>
      <max>1</max>
      <type>CodeableConcept</type>
      <dataAbsentReason>false</dataAbsentReason>
      <mustSupport>false</mustSupport>
      <mustUnderstand>false</mustUnderstand>
      <binding>PatientDiet</binding>
      <closed>false</closed>
    </element>
    <element>
      <path>Patient.confidentiality</path>
      <shortDefn>Confidentiality of the patient records</shortDefn>
      <definition>Confidentiality of the patient records</definition>
      <comments>Confidentiality tracking also occurs at more detailed points in the medical record</comments>
      <min>0</min>
      <max>1</max>
      <type>CodeableConcept</type>
      <dataAbsentReason>false</dataAbsentReason>
      <mustSupport>false</mustSupport>
      <mustUnderstand>false</mustUnderstand>
      <binding>PatientConfidentiality</binding>
      <closed>false</closed>
    </element>
    <element>
      <path>Patient.recordLocation</path>
      <shortDefn>Where the paper record is</shortDefn>
      <definition>The location of the paper record for the patient, if there is one</definition>
      <min>0</min>
      <max>1</max>
      <type>CodeableConcept</type>
      <dataAbsentReason>false</dataAbsentReason>
      <mustSupport>false</mustSupport>
      <mustUnderstand>false</mustUnderstand>
      <binding>PaperRecordLocation</binding>
      <closed>false</closed>
    </element>
    <element>
      <path>Patient.extensions</path>
      <shortDefn>See Extensions</shortDefn>
      <definition>See Extensions</definition>
      <min>0</min>
      <max>1</max>
      <dataAbsentReason>false</dataAbsentReason>
      <mustSupport>false</mustSupport>
      <mustUnderstand>false</mustUnderstand>
      <closed>false</closed>
    </element>
    <element>
      <path>Patient.text</path>
      <shortDefn>Text summary of person, for human interpretation</shortDefn>
      <definition>Text summary of person, for human interpretation</definition>
      <min>1</min>
      <max>1</max>
      <type>Narrative</type>
      <dataAbsentReason>false</dataAbsentReason>
      <mustSupport>false</mustSupport>
      <mustUnderstand>false</mustUnderstand>
      <closed>false</closed>
    </element>
  </resource>
  <text>
    <status>generated</status>
    <div xmlns="http://www.w3.org/1999/xhtml">
      <pre>
&lt;
        <a title="A patient is a person or animal that is receiving care" class="dict" href="#Patient">
          <b>Patient</b>
        </a> xmlns=&quot;http://hl7.org/fhir&quot;&gt;
 &lt;
        <a title="Master Resource Id, always first in all resources" class="dict" href="#Patient.id">
          <b>id</b>
        </a>&gt;
        <span style="color: Gray">&lt;!--</span> 
        <span style="color: brown">
          <b>1..1</b>
        </span> 
        <span style="color: darkgreen">
          <a href="datatypes.htm#id">id</a>
        </span> 
        <span style="color: navy">Master Resource Id, always first in all resources</span>
        <span style="color: Gray"> --&gt;</span>&lt;/id&gt;
 &lt;
        <a title="A linked patient record is a record that concerns the same patient. Records are linked after it is realised that at least one was created in error. (this element must be supported or understood)" class="dict" href="#Patient.link">
          <span style="text-decoration: underline">
            <b>link</b>
          </span>
        </a>&gt;
        <span style="color: Gray">&lt;!--</span> 
        <span style="color: brown">
          <b>0..*</b>
        </span> 
        <span style="color: darkgreen">
          <a href="xml.htm#Resource">Resource</a>(
          <a href="Patient.htm#Patient">Patient</a>)
        </span> 
        <span style="color: navy">Other patients linked to this resource</span>
        <span style="color: Gray"> --&gt;</span>&lt;/link&gt;
 &lt;
        <a title="Whether the patient record is in use, or has been removed from active use (this element must be supported or understood)" class="dict" href="#Patient.active">
          <span style="text-decoration: underline">
            <b>active</b>
          </span>
        </a>&gt;
        <span style="color: Gray">&lt;!--</span> 
        <span style="color: brown">
          <b>1..1</b>
        </span> 
        <span style="color: darkgreen">
          <a href="datatypes.htm#boolean">boolean</a>
        </span> 
        <span style="color: navy">Whether this patient record is active (in use)</span>
        <span style="color: Gray"> --&gt;</span>&lt;/active&gt;
 &lt;
        <a title="The person or animal that this patient record is about (this element must be supported or understood)" class="dict" href="#Patient.subject">
          <span style="text-decoration: underline">
            <b>subject</b>
          </span>
        </a>&gt;
        <span style="color: Gray">&lt;!--</span> 
        <span style="color: brown">
          <b>1..1</b>
        </span> 
        <span style="color: darkgreen">
          <a href="xml.htm#Resource">Resource</a>(
          <a href="Person.htm#Person">Person</a>|
          <a href="Animal.htm#Animal">Animal</a>)
        </span> 
        <span style="color: navy">The person or animal that is the patient</span>
        <span style="color: Gray"> --&gt;</span>&lt;/subject&gt;
 &lt;
        <a title="The provider for whom this is a patient record (this element must be supported or understood)" class="dict" href="#Patient.provider">
          <span style="text-decoration: underline">
            <b>provider</b>
          </span>
        </a>&gt;
        <span style="color: Gray">&lt;!--</span> 
        <span style="color: brown">
          <b>1..1</b>
        </span> 
        <span style="color: darkgreen">
          <a href="xml.htm#Resource">Resource</a>(
          <a href="Organization.htm#Organization">Organization</a>)
        </span> 
        <span style="color: navy">Organization managing the patient</span>
        <span style="color: Gray"> --&gt;</span>&lt;/provider&gt;
 &lt;
        <a title="An identifier that applies to this person as a patient (this element must be supported or understood)" class="dict" href="#Patient.identifier">
          <span style="text-decoration: underline">
            <b>identifier</b>
          </span>
        </a> 
        <span title="dataAbsentReason attribute is allowed" style="color: red">d?</span>&gt;
        <span style="color: Gray">&lt;!--</span> 
        <span style="color: brown">
          <b>0..*</b>
        </span> 
        <span style="color: darkgreen">
          <a href="datatypes.htm#HumanId">HumanId</a>
        </span> 
        <span style="color: navy">An identifier for the person as this patient</span>
        <span style="color: Gray"> --&gt;</span>&lt;/identifier&gt;
 &lt;
        <a title="Dietary restrictions for the patient" class="dict" href="#Patient.diet">
          <b>diet</b>
        </a> 
        <span title="dataAbsentReason attribute is allowed" style="color: red">d?</span>&gt;
        <span style="color: Gray">&lt;!--</span> 
        <span style="color: brown">
          <b>0..1</b>
        </span> 
        <span style="color: darkgreen">
          <a href="datatypes.htm#CodeableConcept">CodeableConcept</a>
        </span> 
        <span style="color: navy">Dietary restrictions for the patient</span>
        <span style="color: Gray"> --&gt;</span>&lt;/diet&gt;
 &lt;
        <a title="Confidentiality of the patient records" class="dict" href="#Patient.confidentiality">
          <b>confidentiality</b>
        </a> 
        <span title="dataAbsentReason attribute is allowed" style="color: red">d?</span>&gt;
        <span style="color: Gray">&lt;!--</span> 
        <span style="color: brown">
          <b>0..1</b>
        </span> 
        <span style="color: darkgreen">
          <a href="datatypes.htm#CodeableConcept">CodeableConcept</a>
        </span> 
        <span style="color: navy">Confidentiality of the patient records</span>
        <span style="color: Gray"> --&gt;</span>&lt;/confidentiality&gt;
 &lt;
        <a title="The location of the paper record for the patient, if there is one" class="dict" href="#Patient.recordLocation">
          <b>recordLocation</b>
        </a> 
        <span title="dataAbsentReason attribute is allowed" style="color: red">d?</span>&gt;
        <span style="color: Gray">&lt;!--</span> 
        <span style="color: brown">
          <b>0..1</b>
        </span> 
        <span style="color: darkgreen">
          <a href="datatypes.htm#CodeableConcept">CodeableConcept</a>
        </span> 
        <span style="color: navy">Where the paper record is</span>
        <span style="color: Gray"> --&gt;</span>&lt;/recordLocation&gt;
 &lt;
        <a title="See Extensions" class="dict" href="#Patient.extensions">
          <b>extensions</b>
        </a> 
        <span title="dataAbsentReason attribute is allowed" style="color: red">d?</span>&gt;
        <span style="color: Gray">&lt;!--</span> 
        <a href="extensibility.htm">
          <span style="color: navy">See Extensions</span>
        </a>   
        <a href="extensibility.htm">
          <span style="color: navy">See Extensions</span>
        </a> 
        <span style="color: Gray"> --&gt;</span>&lt;/extensions&gt;
 &lt;
        <a title="Text summary of person, for human interpretation" class="dict" href="#Patient.text">
          <b>text</b>
        </a>&gt;
        <span style="color: Gray">&lt;!--</span> 
        <span style="color: brown">
          <b>1..1</b>
        </span> 
        <span style="color: darkgreen">
          <a href="Narrative.htm#Narrative">Narrative</a>
        </span> 
        <span style="color: navy">Text summary of person, for human interpretation</span>
        <span style="color: Gray"> --&gt;</span>&lt;/text&gt;
&lt;/Patient&gt;

      </pre>
    </div>
  </text>
</Profile>