<?xml version="1.0" encoding="UTF-8"?>

<Profile xmlns="http://hl7.org/fhir">
  <id>prescription</id>
  <name>prescription</name>
  <author>
    <name>todo (committee)</name>
  </author>
  <description>Directions provided by a prescribing practitioner for a specific medication to be administered to an individual</description>
  <comments>Basic Profile for </comments>
  <status>testing</status>
  <date>2012-06-10</date>
  <endorser>
    <name>HL7</name>
  </endorser>
  <resource>
    <type>Resource</type>
    <element>
      <path>Prescription</path>
      <definition>Directions provided by a prescribing practitioner for a specific medication to be administered to an individual</definition>
      <min>1</min>
      <max>1</max>
      <type>Resource</type>
      <dataAbsentReason>false</dataAbsentReason>
      <mustSupport>false</mustSupport>
      <mustUnderstand>false</mustUnderstand>
      <closed>false</closed>
    </element>
    <element>
      <path>Prescription.id</path>
      <shortDefn>Master Resource Id, always first in all resources</shortDefn>
      <definition>Master Resource Id, always first in all resources</definition>
      <min>1</min>
      <max>1</max>
      <type>id</type>
      <dataAbsentReason>false</dataAbsentReason>
      <mustSupport>false</mustSupport>
      <mustUnderstand>false</mustUnderstand>
      <closed>false</closed>
    </element>
    <element>
      <path>Prescription.identifier</path>
      <shortDefn>Prescription identification</shortDefn>
      <definition>A identifier used in an external system and associated with this medication</definition>
      <min>0</min>
      <max>*</max>
      <type>HumanId</type>
      <dataAbsentReason>false</dataAbsentReason>
      <mustSupport>false</mustSupport>
      <mustUnderstand>true</mustUnderstand>
      <closed>false</closed>
    </element>
    <element>
      <path>Prescription.status</path>
      <shortDefn>Status: Active|Completed</shortDefn>
      <definition>Actual status of the prescription</definition>
      <min>1</min>
      <max>1</max>
      <type>code</type>
      <dataAbsentReason>false</dataAbsentReason>
      <mustSupport>false</mustSupport>
      <mustUnderstand>true</mustUnderstand>
      <binding>PrescriptionStatus</binding>
      <closed>false</closed>
    </element>
    <element>
      <path>Prescription.patient</path>
      <shortDefn>Patient receiving medicine</shortDefn>
      <definition>The patient the prescription is prescribing medicine for</definition>
      <min>1</min>
      <max>1</max>
      <type>Resource(Patient)</type>
      <dataAbsentReason>false</dataAbsentReason>
      <mustSupport>false</mustSupport>
      <mustUnderstand>true</mustUnderstand>
      <closed>false</closed>
    </element>
    <element>
      <path>Prescription.prescriber</path>
      <shortDefn>Prescribing doctor</shortDefn>
      <definition>The clinician or doctor prescribing the medication</definition>
      <min>1</min>
      <max>1</max>
      <type>Resource(Agent)</type>
      <dataAbsentReason>false</dataAbsentReason>
      <mustSupport>false</mustSupport>
      <mustUnderstand>false</mustUnderstand>
      <closed>false</closed>
    </element>
    <element>
      <path>Prescription.prescribed</path>
      <shortDefn>Date/time prescribed</shortDefn>
      <definition>Date/time on which the prescription was written</definition>
      <min>1</min>
      <max>1</max>
      <type>dateTime</type>
      <dataAbsentReason>false</dataAbsentReason>
      <mustSupport>false</mustSupport>
      <mustUnderstand>false</mustUnderstand>
      <closed>false</closed>
    </element>
    <element>
      <path>Prescription.dispense</path>
      <shortDefn>Details of included dispense request</shortDefn>
      <definition>Details of the dispense as requested by the prescriber</definition>
      <min>0</min>
      <max>1</max>
      <dataAbsentReason>false</dataAbsentReason>
      <mustSupport>false</mustSupport>
      <mustUnderstand>false</mustUnderstand>
      <closed>false</closed>
    </element>
    <element>
      <path>Prescription.dispense.repeats</path>
      <shortDefn>Number of repeats</shortDefn>
      <definition>Requested number of repeats</definition>
      <comments>Default is &quot;1&quot;</comments>
      <min>0</min>
      <max>1</max>
      <type>integer</type>
      <dataAbsentReason>false</dataAbsentReason>
      <mustSupport>false</mustSupport>
      <mustUnderstand>false</mustUnderstand>
      <closed>false</closed>
    </element>
    <element>
      <path>Prescription.dispense.quantity</path>
      <shortDefn>Quantity per repeat</shortDefn>
      <definition>Requested quantity per repeat</definition>
      <min>1</min>
      <max>1</max>
      <type>Quantity</type>
      <dataAbsentReason>false</dataAbsentReason>
      <mustSupport>false</mustSupport>
      <mustUnderstand>false</mustUnderstand>
      <closed>false</closed>
    </element>
    <element>
      <path>Prescription.dispense.dispenser</path>
      <shortDefn>Person to fullfil the requested dispense</shortDefn>
      <definition>Person to fullfil the requested dispense</definition>
      <min>0</min>
      <max>1</max>
      <type>Resource(Agent|Organization)</type>
      <dataAbsentReason>false</dataAbsentReason>
      <mustSupport>false</mustSupport>
      <mustUnderstand>false</mustUnderstand>
      <closed>false</closed>
    </element>
    <element>
      <path>Prescription.medicine</path>
      <shortDefn>Prescribed medicine</shortDefn>
      <definition>The one single medicatine, vaccine or therapeutic good prescribed in this prescription.</definition>
      <min>1</min>
      <max>1</max>
      <dataAbsentReason>false</dataAbsentReason>
      <mustSupport>false</mustSupport>
      <mustUnderstand>false</mustUnderstand>
      <closed>false</closed>
    </element>
    <element>
      <path>Prescription.medicine.identification</path>
      <shortDefn>Test and/or code(s) for medicine</shortDefn>
      <definition>Text and or Code(s) that identify the medicine</definition>
      <min>0</min>
      <max>1</max>
      <type>CodeableConcept</type>
      <dataAbsentReason>false</dataAbsentReason>
      <mustSupport>false</mustSupport>
      <mustUnderstand>true</mustUnderstand>
      <binding>MedicationKind</binding>
      <closed>false</closed>
    </element>
    <element>
      <path>Prescription.medicine.activeIngredient</path>
      <shortDefn>Active substance</shortDefn>
      <definition>The substance in the medication formulation that is pharmaceutically active and is responsible for the medication&#39;s therapeutic effect</definition>
      <min>0</min>
      <max>*</max>
      <dataAbsentReason>false</dataAbsentReason>
      <mustSupport>false</mustSupport>
      <mustUnderstand>false</mustUnderstand>
      <closed>false</closed>
    </element>
    <element>
      <path>Prescription.medicine.activeIngredient.identification</path>
      <shortDefn>Text and/or Code(s) for active ingredient</shortDefn>
      <definition>Coded representation of active ingredient</definition>
      <min>1</min>
      <max>1</max>
      <type>CodeableConcept</type>
      <dataAbsentReason>false</dataAbsentReason>
      <mustSupport>false</mustSupport>
      <mustUnderstand>false</mustUnderstand>
      <binding>MedicationKind</binding>
      <closed>false</closed>
    </element>
    <element>
      <path>Prescription.medicine.activeIngredient.quantity</path>
      <shortDefn>Relative quantity of active ingredient</shortDefn>
      <definition>Quantity of active ingredient expressed in relation to the whole of the prepared medicine</definition>
      <min>0</min>
      <max>1</max>
      <type>Ratio</type>
      <dataAbsentReason>false</dataAbsentReason>
      <mustSupport>false</mustSupport>
      <mustUnderstand>false</mustUnderstand>
      <closed>false</closed>
    </element>
    <element>
      <path>Prescription.medicine.inactiveIngredient</path>
      <shortDefn>Inactive substance</shortDefn>
      <definition>Ingredients in the medication that are not active</definition>
      <min>0</min>
      <max>*</max>
      <dataAbsentReason>false</dataAbsentReason>
      <mustSupport>false</mustSupport>
      <mustUnderstand>false</mustUnderstand>
      <closed>false</closed>
    </element>
    <element>
      <path>Prescription.medicine.inactiveIngredient.identification</path>
      <shortDefn>Text and/or Code(s) for inactive ingredient</shortDefn>
      <definition>Coded representation of the inactive ingredient</definition>
      <min>1</min>
      <max>1</max>
      <type>CodeableConcept</type>
      <dataAbsentReason>false</dataAbsentReason>
      <mustSupport>false</mustSupport>
      <mustUnderstand>false</mustUnderstand>
      <binding>MedicationKind</binding>
      <closed>false</closed>
    </element>
    <element>
      <path>Prescription.medicine.inactiveIngredient.quantity</path>
      <shortDefn>Relative quantity of inactive ingredient</shortDefn>
      <definition>Quantity of inactive ingredient expressed in relation to the whole of the prepared medicine</definition>
      <min>0</min>
      <max>1</max>
      <type>Ratio</type>
      <dataAbsentReason>false</dataAbsentReason>
      <mustSupport>false</mustSupport>
      <mustUnderstand>false</mustUnderstand>
      <closed>false</closed>
    </element>
    <element>
      <path>Prescription.administrationRequest</path>
      <shortDefn>Instructions for use</shortDefn>
      <definition>Instructions for the use of the medication. Includes details about the timing schedule, dosis amounts and additional usage instructions.</definition>
      <min>1</min>
      <max>1</max>
      <dataAbsentReason>false</dataAbsentReason>
      <mustSupport>false</mustSupport>
      <mustUnderstand>false</mustUnderstand>
      <closed>false</closed>
    </element>
    <element>
      <path>Prescription.administrationRequest.description</path>
      <shortDefn>Textual instructions for use</shortDefn>
      <definition>Textual description of the use of the medication.</definition>
      <comments>Can contain more details than the structured information under this element, but must be in accordance with it. May not contain information about the medicine itself.</comments>
      <min>0</min>
      <max>1</max>
      <type>string</type>
      <dataAbsentReason>false</dataAbsentReason>
      <mustSupport>false</mustSupport>
      <mustUnderstand>false</mustUnderstand>
      <closed>false</closed>
    </element>
    <element>
      <path>Prescription.administrationRequest.totalPeriodicDosis</path>
      <shortDefn>Total periodic dosis</shortDefn>
      <definition>Total dose per day/week or other period when more specific information is missing or cannot be expressed using the timing specifications.</definition>
      <min>0</min>
      <max>1</max>
      <type>Ratio</type>
      <dataAbsentReason>false</dataAbsentReason>
      <mustSupport>false</mustSupport>
      <mustUnderstand>false</mustUnderstand>
      <closed>false</closed>
    </element>
    <element>
      <path>Prescription.administrationRequest.start</path>
      <shortDefn>Startdate for administration</shortDefn>
      <definition>First moment on which medication should be taken</definition>
      <min>0</min>
      <max>1</max>
      <type>dateTime</type>
      <dataAbsentReason>false</dataAbsentReason>
      <mustSupport>false</mustSupport>
      <mustUnderstand>false</mustUnderstand>
      <closed>false</closed>
    </element>
    <element>
      <path>Prescription.administrationRequest.end</path>
      <shortDefn>Enddate for administration</shortDefn>
      <definition>Last moment on which medication should be taken</definition>
      <min>0</min>
      <max>1</max>
      <type>dateTime</type>
      <dataAbsentReason>false</dataAbsentReason>
      <mustSupport>false</mustSupport>
      <mustUnderstand>false</mustUnderstand>
      <closed>false</closed>
    </element>
    <element>
      <path>Prescription.administrationRequest.duration</path>
      <shortDefn>Total duration of administration</shortDefn>
      <definition>Total duration of administration</definition>
      <min>0</min>
      <max>1</max>
      <type>Quantity</type>
      <dataAbsentReason>false</dataAbsentReason>
      <mustSupport>false</mustSupport>
      <mustUnderstand>false</mustUnderstand>
      <closed>false</closed>
    </element>
    <element>
      <path>Prescription.administrationRequest.numberOfAdministrations</path>
      <shortDefn>Maximum number of separate administrations</shortDefn>
      <definition>Maximum number of separate administrations before the instruction ends.</definition>
      <min>0</min>
      <max>1</max>
      <type>integer</type>
      <dataAbsentReason>false</dataAbsentReason>
      <mustSupport>false</mustSupport>
      <mustUnderstand>false</mustUnderstand>
      <closed>false</closed>
    </element>
    <element>
      <path>Prescription.administrationRequest.dosageInstruction</path>
      <shortDefn>Dosage instruction</shortDefn>
      <definition>Specification of dose and schedule for administration</definition>
      <comments>The can be &gt;1 dosage instruction to support administration of varying doses, resulting in 1 instruction per fixed dose.</comments>
      <min>1</min>
      <max>*</max>
      <dataAbsentReason>false</dataAbsentReason>
      <mustSupport>false</mustSupport>
      <mustUnderstand>false</mustUnderstand>
      <closed>false</closed>
    </element>
    <element>
      <path>Prescription.administrationRequest.dosageInstruction.precondition</path>
      <shortDefn>Precondition for starting administration</shortDefn>
      <definition>Precondition for starting the administration specified in this instruction</definition>
      <min>0</min>
      <max>*</max>
      <type>CodeableConcept</type>
      <dataAbsentReason>false</dataAbsentReason>
      <mustSupport>false</mustSupport>
      <mustUnderstand>false</mustUnderstand>
      <binding>AdministrationPrecondition</binding>
      <closed>false</closed>
    </element>
    <element>
      <path>Prescription.administrationRequest.dosageInstruction.prn</path>
      <shortDefn>Pro re nate: Yes|No</shortDefn>
      <definition>Pro re nate, &quot;If necessary&quot;: Specifies whether administration depens on the state and symptoms of the patient</definition>
      <comments>Default is &quot;false&quot;</comments>
      <min>0</min>
      <max>1</max>
      <type>boolean</type>
      <dataAbsentReason>false</dataAbsentReason>
      <mustSupport>false</mustSupport>
      <mustUnderstand>false</mustUnderstand>
      <closed>false</closed>
    </element>
    <element>
      <path>Prescription.administrationRequest.dosageInstruction.additionalInstruction</path>
      <shortDefn>Additional instructions</shortDefn>
      <definition>Additional details to guide administration. Especially relevant for medicine administered by patient</definition>
      <min>0</min>
      <max>*</max>
      <type>CodeableConcept</type>
      <dataAbsentReason>false</dataAbsentReason>
      <mustSupport>false</mustSupport>
      <mustUnderstand>false</mustUnderstand>
      <binding>AdministrationInstruction</binding>
      <closed>false</closed>
    </element>
    <element>
      <path>Prescription.administrationRequest.dosageInstruction.route</path>
      <shortDefn>Route of administration</shortDefn>
      <definition>Route of administration (oral, nasal, intravenous)</definition>
      <comments>Since the route of administration is generally determined by the choice of medication, it is not necessary to provide a value in route</comments>
      <min>0</min>
      <max>1</max>
      <type>CodeableConcept</type>
      <dataAbsentReason>false</dataAbsentReason>
      <mustSupport>false</mustSupport>
      <mustUnderstand>false</mustUnderstand>
      <binding>AdministrationRoute</binding>
      <closed>false</closed>
    </element>
    <element>
      <path>Prescription.administrationRequest.dosageInstruction.dose[x]</path>
      <shortDefn>Dose per administration</shortDefn>
      <definition>Dose per administration, expressed in units of the (prepared) product</definition>
      <comments>Dose may be an interval, &quot;2-3 tablets per 4 hours&quot;</comments>
      <min>1</min>
      <max>1</max>
      <type>Quantity</type>
      <type>Interval(Quantity)</type>
      <dataAbsentReason>false</dataAbsentReason>
      <mustSupport>false</mustSupport>
      <mustUnderstand>false</mustUnderstand>
      <closed>false</closed>
    </element>
    <element>
      <path>Prescription.administrationRequest.dosageInstruction.rate</path>
      <shortDefn>Flow-rate for IV</shortDefn>
      <definition>Flow-rate for IV</definition>
      <min>0</min>
      <max>1</max>
      <type>Quantity</type>
      <dataAbsentReason>false</dataAbsentReason>
      <mustSupport>false</mustSupport>
      <mustUnderstand>false</mustUnderstand>
      <closed>false</closed>
    </element>
    <element>
      <path>Prescription.administrationRequest.dosageInstruction.schedule</path>
      <shortDefn>Schedule for administration</shortDefn>
      <definition>Schedule for administration. If multiple are given, they are considered to be active in parrallel</definition>
      <comments>Will submit proposal to change Schedule type.</comments>
      <min>1</min>
      <max>*</max>
      <type>Schedule</type>
      <dataAbsentReason>false</dataAbsentReason>
      <mustSupport>false</mustSupport>
      <mustUnderstand>false</mustUnderstand>
      <closed>false</closed>
    </element>
    <element>
      <path>Prescription.reason</path>
      <shortDefn>Reason for prescription</shortDefn>
      <definition>Diagnosis which is the reason for prescribing this medicine</definition>
      <min>0</min>
      <max>1</max>
      <type>CodeableConcept</type>
      <dataAbsentReason>false</dataAbsentReason>
      <mustSupport>false</mustSupport>
      <mustUnderstand>false</mustUnderstand>
      <binding>PrescriptionReason</binding>
      <closed>false</closed>
    </element>
    <element>
      <path>Prescription.extensions</path>
      <shortDefn>See Extensions</shortDefn>
      <definition>See Extensions</definition>
      <min>0</min>
      <max>1</max>
      <dataAbsentReason>false</dataAbsentReason>
      <mustSupport>false</mustSupport>
      <mustUnderstand>false</mustUnderstand>
      <closed>false</closed>
    </element>
    <element>
      <path>Prescription.text</path>
      <shortDefn>Text summary of the prescription, for human interpretation</shortDefn>
      <definition>Text summary of the prescription, for human interpretation</definition>
      <min>1</min>
      <max>1</max>
      <type>Narrative</type>
      <dataAbsentReason>false</dataAbsentReason>
      <mustSupport>false</mustSupport>
      <mustUnderstand>false</mustUnderstand>
      <closed>false</closed>
    </element>
  </resource>
  <text>
    <status>generated</status>
    <div xmlns="http://www.w3.org/1999/xhtml">
      <pre>
&lt;
        <a title="Directions provided by a prescribing practitioner for a specific medication to be administered to an individual" class="dict" href="#Prescription">
          <b>Prescription</b>
        </a> xmlns=&quot;http://hl7.org/fhir&quot;&gt;
 &lt;
        <a title="Master Resource Id, always first in all resources" class="dict" href="#Prescription.id">
          <b>id</b>
        </a>&gt;
        <span style="color: Gray">&lt;!--</span> 
        <span style="color: brown">
          <b>1..1</b>
        </span> 
        <span style="color: darkgreen">
          <a href="datatypes.htm#id">id</a>
        </span> 
        <span style="color: navy">Master Resource Id, always first in all resources</span>
        <span style="color: Gray"> --&gt;</span>&lt;/id&gt;
 &lt;
        <a title="A identifier used in an external system and associated with this medication (this element must be supported or understood)" class="dict" href="#Prescription.identifier">
          <span style="text-decoration: underline">
            <b>identifier</b>
          </span>
        </a>&gt;
        <span style="color: Gray">&lt;!--</span> 
        <span style="color: brown">
          <b>0..*</b>
        </span> 
        <span style="color: darkgreen">
          <a href="datatypes.htm#HumanId">HumanId</a>
        </span> 
        <span style="color: navy">Prescription identification</span>
        <span style="color: Gray"> --&gt;</span>&lt;/identifier&gt;
 &lt;
        <a title="Actual status of the prescription (this element must be supported or understood)" class="dict" href="#Prescription.status">
          <span style="text-decoration: underline">
            <b>status</b>
          </span>
        </a>&gt;
        <span style="color: Gray">&lt;!--</span> 
        <span style="color: brown">
          <b>1..1</b>
        </span> 
        <span style="color: darkgreen">
          <a href="datatypes.htm#code">code</a>
        </span> 
        <span style="color: navy">Status: Active|Completed</span>
        <span style="color: Gray"> --&gt;</span>&lt;/status&gt;
 &lt;
        <a title="The patient the prescription is prescribing medicine for (this element must be supported or understood)" class="dict" href="#Prescription.patient">
          <span style="text-decoration: underline">
            <b>patient</b>
          </span>
        </a>&gt;
        <span style="color: Gray">&lt;!--</span> 
        <span style="color: brown">
          <b>1..1</b>
        </span> 
        <span style="color: darkgreen">
          <a href="xml.htm#Resource">Resource</a>(
          <a href="Patient.htm#Patient">Patient</a>)
        </span> 
        <span style="color: navy">Patient receiving medicine</span>
        <span style="color: Gray"> --&gt;</span>&lt;/patient&gt;
 &lt;
        <a title="The clinician or doctor prescribing the medication" class="dict" href="#Prescription.prescriber">
          <b>prescriber</b>
        </a>&gt;
        <span style="color: Gray">&lt;!--</span> 
        <span style="color: brown">
          <b>1..1</b>
        </span> 
        <span style="color: darkgreen">
          <a href="xml.htm#Resource">Resource</a>(
          <a href="Agent.htm#Agent">Agent</a>)
        </span> 
        <span style="color: navy">Prescribing doctor</span>
        <span style="color: Gray"> --&gt;</span>&lt;/prescriber&gt;
 &lt;
        <a title="Date/time on which the prescription was written" class="dict" href="#Prescription.prescribed">
          <b>prescribed</b>
        </a>&gt;
        <span style="color: Gray">&lt;!--</span> 
        <span style="color: brown">
          <b>1..1</b>
        </span> 
        <span style="color: darkgreen">
          <a href="datatypes.htm#dateTime">dateTime</a>
        </span> 
        <span style="color: navy">Date/time prescribed</span>
        <span style="color: Gray"> --&gt;</span>&lt;/prescribed&gt;
 &lt;
        <a title="Details of the dispense as requested by the prescriber" class="dict" href="#Prescription.dispense">
          <b>dispense</b>
        </a>&gt;  
        <span style="color: Gray">&lt;!-- Details of included dispense request --&gt;</span>
  &lt;
        <a title="Requested number of repeats" class="dict" href="#Prescription.dispense.repeats">
          <b>repeats</b>
        </a>&gt;
        <span style="color: Gray">&lt;!--</span> 
        <span style="color: brown">
          <b>0..1</b>
        </span> 
        <span style="color: darkgreen">
          <a href="datatypes.htm#integer">integer</a>
        </span> 
        <span style="color: navy">Number of repeats</span>
        <span style="color: Gray"> --&gt;</span>&lt;/repeats&gt;
  &lt;
        <a title="Requested quantity per repeat" class="dict" href="#Prescription.dispense.quantity">
          <b>quantity</b>
        </a>&gt;
        <span style="color: Gray">&lt;!--</span> 
        <span style="color: brown">
          <b>1..1</b>
        </span> 
        <span style="color: darkgreen">
          <a href="datatypes.htm#Quantity">Quantity</a>
        </span> 
        <span style="color: navy">Quantity per repeat</span>
        <span style="color: Gray"> --&gt;</span>&lt;/quantity&gt;
  &lt;
        <a title="Person to fullfil the requested dispense" class="dict" href="#Prescription.dispense.dispenser">
          <b>dispenser</b>
        </a> 
        <span title="dataAbsentReason attribute is allowed" style="color: red">d?</span>&gt;
        <span style="color: Gray">&lt;!--</span> 
        <span style="color: brown">
          <b>0..1</b>
        </span> 
        <span style="color: darkgreen">
          <a href="xml.htm#Resource">Resource</a>(
          <a href="Agent.htm#Agent">Agent</a>|
          <a href="Organization.htm#Organization">Organization</a>)
        </span> 
        <span style="color: navy">Person to fullfil the requested dispense</span>
        <span style="color: Gray"> --&gt;</span>&lt;/dispenser&gt;
 &lt;/dispense&gt;
 &lt;
        <a title="The one single medicatine, vaccine or therapeutic good prescribed in this prescription." class="dict" href="#Prescription.medicine">
          <b>medicine</b>
        </a>&gt;  
        <span style="color: Gray">&lt;!-- Prescribed medicine --&gt;</span>
  &lt;
        <a title="Text and or Code(s) that identify the medicine (this element must be supported or understood)" class="dict" href="#Prescription.medicine.identification">
          <span style="text-decoration: underline">
            <b>identification</b>
          </span>
        </a> 
        <span title="dataAbsentReason attribute is allowed" style="color: red">d?</span>&gt;
        <span style="color: Gray">&lt;!--</span> 
        <span style="color: brown">
          <b>0..1</b>
        </span> 
        <span style="color: darkgreen">
          <a href="datatypes.htm#CodeableConcept">CodeableConcept</a>
        </span> 
        <span style="color: navy">Test and/or code(s) for medicine</span>
        <span style="color: Gray"> --&gt;</span>&lt;/identification&gt;
  &lt;
        <a title="The substance in the medication formulation that is pharmaceutically active and is responsible for the medication&#39;s therapeutic effect" class="dict" href="#Prescription.medicine.activeIngredient">
          <b>activeIngredient</b>
        </a>&gt;  
        <span style="color: Gray">&lt;!-- 
          <span style="color: brown">
            <b>0..*</b>
          </span> Active substance --&gt;
        </span>
   &lt;
        <a title="Coded representation of active ingredient" class="dict" href="#Prescription.medicine.activeIngredient.identification">
          <b>identification</b>
        </a> 
        <span title="dataAbsentReason attribute is allowed" style="color: red">d?</span>&gt;
        <span style="color: Gray">&lt;!--</span> 
        <span style="color: brown">
          <b>1..1</b>
        </span> 
        <span style="color: darkgreen">
          <a href="datatypes.htm#CodeableConcept">CodeableConcept</a>
        </span> 
        <span style="color: navy">Text and/or Code(s) for active ingredient</span>
        <span style="color: Gray"> --&gt;</span>&lt;/identification&gt;
   &lt;
        <a title="Quantity of active ingredient expressed in relation to the whole of the prepared medicine" class="dict" href="#Prescription.medicine.activeIngredient.quantity">
          <b>quantity</b>
        </a> 
        <span title="dataAbsentReason attribute is allowed" style="color: red">d?</span>&gt;
        <span style="color: Gray">&lt;!--</span> 
        <span style="color: brown">
          <b>0..1</b>
        </span> 
        <span style="color: darkgreen">
          <a href="datatypes.htm#Ratio">Ratio</a>
        </span> 
        <span style="color: navy">Relative quantity of active ingredient</span>
        <span style="color: Gray"> --&gt;</span>&lt;/quantity&gt;
  &lt;/activeIngredient&gt;
  &lt;
        <a title="Ingredients in the medication that are not active" class="dict" href="#Prescription.medicine.inactiveIngredient">
          <b>inactiveIngredient</b>
        </a>&gt;  
        <span style="color: Gray">&lt;!-- 
          <span style="color: brown">
            <b>0..*</b>
          </span> Inactive substance --&gt;
        </span>
   &lt;
        <a title="Coded representation of the inactive ingredient" class="dict" href="#Prescription.medicine.inactiveIngredient.identification">
          <b>identification</b>
        </a> 
        <span title="dataAbsentReason attribute is allowed" style="color: red">d?</span>&gt;
        <span style="color: Gray">&lt;!--</span> 
        <span style="color: brown">
          <b>1..1</b>
        </span> 
        <span style="color: darkgreen">
          <a href="datatypes.htm#CodeableConcept">CodeableConcept</a>
        </span> 
        <span style="color: navy">Text and/or Code(s) for inactive ingredient</span>
        <span style="color: Gray"> --&gt;</span>&lt;/identification&gt;
   &lt;
        <a title="Quantity of inactive ingredient expressed in relation to the whole of the prepared medicine" class="dict" href="#Prescription.medicine.inactiveIngredient.quantity">
          <b>quantity</b>
        </a> 
        <span title="dataAbsentReason attribute is allowed" style="color: red">d?</span>&gt;
        <span style="color: Gray">&lt;!--</span> 
        <span style="color: brown">
          <b>0..1</b>
        </span> 
        <span style="color: darkgreen">
          <a href="datatypes.htm#Ratio">Ratio</a>
        </span> 
        <span style="color: navy">Relative quantity of inactive ingredient</span>
        <span style="color: Gray"> --&gt;</span>&lt;/quantity&gt;
  &lt;/inactiveIngredient&gt;
 &lt;/medicine&gt;
 &lt;
        <a title="Instructions for the use of the medication. Includes details about the timing schedule, dosis amounts and additional usage instructions." class="dict" href="#Prescription.administrationRequest">
          <b>administrationRequest</b>
        </a>&gt;  
        <span style="color: Gray">&lt;!-- Instructions for use --&gt;</span>
  &lt;
        <a title="Textual description of the use of the medication." class="dict" href="#Prescription.administrationRequest.description">
          <b>description</b>
        </a> 
        <span title="dataAbsentReason attribute is allowed" style="color: red">d?</span>&gt;
        <span style="color: Gray">&lt;!--</span> 
        <span style="color: brown">
          <b>0..1</b>
        </span> 
        <span style="color: darkgreen">
          <a href="datatypes.htm#string">string</a>
        </span> 
        <span style="color: navy">Textual instructions for use</span>
        <span style="color: Gray"> --&gt;</span>&lt;/description&gt;
  &lt;
        <a title="Total dose per day/week or other period when more specific information is missing or cannot be expressed using the timing specifications." class="dict" href="#Prescription.administrationRequest.totalPeriodicDosis">
          <b>totalPeriodicDosis</b>
        </a> 
        <span title="dataAbsentReason attribute is allowed" style="color: red">d?</span>&gt;
        <span style="color: Gray">&lt;!--</span> 
        <span style="color: brown">
          <b>0..1</b>
        </span> 
        <span style="color: darkgreen">
          <a href="datatypes.htm#Ratio">Ratio</a>
        </span> 
        <span style="color: navy">Total periodic dosis</span>
        <span style="color: Gray"> --&gt;</span>&lt;/totalPeriodicDosis&gt;
  &lt;
        <a title="First moment on which medication should be taken" class="dict" href="#Prescription.administrationRequest.start">
          <b>start</b>
        </a> 
        <span title="dataAbsentReason attribute is allowed" style="color: red">d?</span>&gt;
        <span style="color: Gray">&lt;!--</span> 
        <span title="Duration is given OR (Start is given AND (Duration OR End is given)) OR (Duration, Start and End are not given)" style="color: deeppink">
          <b>0..1</b>
        </span> 
        <span style="color: darkgreen">
          <a href="datatypes.htm#dateTime">dateTime</a>
        </span> 
        <span style="color: navy">Startdate for administration</span>
        <span style="color: Gray"> --&gt;</span>&lt;/start&gt;
  &lt;
        <a title="Last moment on which medication should be taken" class="dict" href="#Prescription.administrationRequest.end">
          <b>end</b>
        </a> 
        <span title="dataAbsentReason attribute is allowed" style="color: red">d?</span>&gt;
        <span style="color: Gray">&lt;!--</span> 
        <span title="Duration is given OR (Start is given AND (Duration OR End is given)) OR (Duration, Start and End are not given)" style="color: deeppink">
          <b>0..1</b>
        </span> 
        <span style="color: darkgreen">
          <a href="datatypes.htm#dateTime">dateTime</a>
        </span> 
        <span style="color: navy">Enddate for administration</span>
        <span style="color: Gray"> --&gt;</span>&lt;/end&gt;
  &lt;
        <a title="Total duration of administration" class="dict" href="#Prescription.administrationRequest.duration">
          <b>duration</b>
        </a> 
        <span title="dataAbsentReason attribute is allowed" style="color: red">d?</span>&gt;
        <span style="color: Gray">&lt;!--</span> 
        <span title="Duration is given OR (Start is given AND (Duration OR End is given)) OR (Duration, Start and End are not given)" style="color: deeppink">
          <b>0..1</b>
        </span> 
        <span style="color: darkgreen">
          <a href="datatypes.htm#Quantity">Quantity</a>
        </span> 
        <span style="color: navy">Total duration of administration</span>
        <span style="color: Gray"> --&gt;</span>&lt;/duration&gt;
  &lt;
        <a title="Maximum number of separate administrations before the instruction ends." class="dict" href="#Prescription.administrationRequest.numberOfAdministrations">
          <b>numberOfAdministrations</b>
        </a> 
        <span title="dataAbsentReason attribute is allowed" style="color: red">d?</span>&gt;
        <span style="color: Gray">&lt;!--</span> 
        <span title="Duration is given OR (Start is given AND (Duration OR End is given)) OR (Duration, Start and End are not given)" style="color: deeppink">
          <b>0..1</b>
        </span> 
        <span style="color: darkgreen">
          <a href="datatypes.htm#integer">integer</a>
        </span> 
        <span style="color: navy">Maximum number of separate administrations</span>
        <span style="color: Gray"> --&gt;</span>&lt;/numberOfAdministrations&gt;
  &lt;
        <a title="Specification of dose and schedule for administration" class="dict" href="#Prescription.administrationRequest.dosageInstruction">
          <b>dosageInstruction</b>
        </a>&gt;  
        <span style="color: Gray">&lt;!-- 
          <span style="color: brown">
            <b>1..*</b>
          </span> Dosage instruction --&gt;
        </span>
   &lt;
        <a title="Precondition for starting the administration specified in this instruction" class="dict" href="#Prescription.administrationRequest.dosageInstruction.precondition">
          <b>precondition</b>
        </a> 
        <span title="dataAbsentReason attribute is allowed" style="color: red">d?</span>&gt;
        <span style="color: Gray">&lt;!--</span> 
        <span style="color: brown">
          <b>0..*</b>
        </span> 
        <span style="color: darkgreen">
          <a href="datatypes.htm#CodeableConcept">CodeableConcept</a>
        </span> 
        <span style="color: navy">Precondition for starting administration</span>
        <span style="color: Gray"> --&gt;</span>&lt;/precondition&gt;
   &lt;
        <a title="Pro re nate, &quot;If necessary&quot;: Specifies whether administration depens on the state and symptoms of the patient" class="dict" href="#Prescription.administrationRequest.dosageInstruction.prn">
          <b>prn</b>
        </a>&gt;
        <span style="color: Gray">&lt;!--</span> 
        <span style="color: brown">
          <b>0..1</b>
        </span> 
        <span style="color: darkgreen">
          <a href="datatypes.htm#boolean">boolean</a>
        </span> 
        <span style="color: navy">Pro re nate: Yes|No</span>
        <span style="color: Gray"> --&gt;</span>&lt;/prn&gt;
   &lt;
        <a title="Additional details to guide administration. Especially relevant for medicine administered by patient" class="dict" href="#Prescription.administrationRequest.dosageInstruction.additionalInstruction">
          <b>additionalInstruction</b>
        </a> 
        <span title="dataAbsentReason attribute is allowed" style="color: red">d?</span>&gt;
        <span style="color: Gray">&lt;!--</span> 
        <span style="color: brown">
          <b>0..*</b>
        </span> 
        <span style="color: darkgreen">
          <a href="datatypes.htm#CodeableConcept">CodeableConcept</a>
        </span> 
        <span style="color: navy">Additional instructions</span>
        <span style="color: Gray"> --&gt;</span>&lt;/additionalInstruction&gt;
   &lt;
        <a title="Route of administration (oral, nasal, intravenous)" class="dict" href="#Prescription.administrationRequest.dosageInstruction.route">
          <b>route</b>
        </a> 
        <span title="dataAbsentReason attribute is allowed" style="color: red">d?</span>&gt;
        <span style="color: Gray">&lt;!--</span> 
        <span style="color: brown">
          <b>0..1</b>
        </span> 
        <span style="color: darkgreen">
          <a href="datatypes.htm#CodeableConcept">CodeableConcept</a>
        </span> 
        <span style="color: navy">Route of administration</span>
        <span style="color: Gray"> --&gt;</span>&lt;/route&gt;
   &lt;
        <a title="Dose per administration, expressed in units of the (prepared) product" class="dict" href="#Prescription.administrationRequest.dosageInstruction.dose[x]">
          <b>dose[x]</b>
        </a>&gt;
        <span style="color: Gray">&lt;!--</span> 
        <span style="color: brown">
          <b>1..1</b>
        </span> 
        <span style="color: darkgreen">
          <a href="datatypes.htm#Quantity">Quantity</a>|
          <a href="datatypes.htm#Interval">Interval</a>(
          <a href="datatypes.htm#Quantity">Quantity</a>)
        </span> 
        <span style="color: navy">Dose per administration</span>
        <span style="color: Gray"> --&gt;</span>&lt;/dose[x]&gt;
   &lt;
        <a title="Flow-rate for IV" class="dict" href="#Prescription.administrationRequest.dosageInstruction.rate">
          <b>rate</b>
        </a> 
        <span title="dataAbsentReason attribute is allowed" style="color: red">d?</span>&gt;
        <span style="color: Gray">&lt;!--</span> 
        <span style="color: brown">
          <b>0..1</b>
        </span> 
        <span style="color: darkgreen">
          <a href="datatypes.htm#Quantity">Quantity</a>
        </span> 
        <span style="color: navy">Flow-rate for IV</span>
        <span style="color: Gray"> --&gt;</span>&lt;/rate&gt;
   &lt;
        <a title="Schedule for administration. If multiple are given, they are considered to be active in parrallel" class="dict" href="#Prescription.administrationRequest.dosageInstruction.schedule">
          <b>schedule</b>
        </a>&gt;
        <span style="color: Gray">&lt;!--</span> 
        <span style="color: brown">
          <b>1..*</b>
        </span> 
        <span style="color: darkgreen">
          <a href="Schedule.htm#Schedule">Schedule</a>
        </span> 
        <span style="color: navy">Schedule for administration</span>
        <span style="color: Gray"> --&gt;</span>&lt;/schedule&gt;
  &lt;/dosageInstruction&gt;
 &lt;/administrationRequest&gt;
 &lt;
        <a title="Diagnosis which is the reason for prescribing this medicine" class="dict" href="#Prescription.reason">
          <b>reason</b>
        </a> 
        <span title="dataAbsentReason attribute is allowed" style="color: red">d?</span>&gt;
        <span style="color: Gray">&lt;!--</span> 
        <span style="color: brown">
          <b>0..1</b>
        </span> 
        <span style="color: darkgreen">
          <a href="datatypes.htm#CodeableConcept">CodeableConcept</a>
        </span> 
        <span style="color: navy">Reason for prescription</span>
        <span style="color: Gray"> --&gt;</span>&lt;/reason&gt;
 &lt;
        <a title="See Extensions" class="dict" href="#Prescription.extensions">
          <b>extensions</b>
        </a> 
        <span title="dataAbsentReason attribute is allowed" style="color: red">d?</span>&gt;
        <span style="color: Gray">&lt;!--</span> 
        <a href="extensibility.htm">
          <span style="color: navy">See Extensions</span>
        </a>   
        <a href="extensibility.htm">
          <span style="color: navy">See Extensions</span>
        </a> 
        <span style="color: Gray"> --&gt;</span>&lt;/extensions&gt;
 &lt;
        <a title="Text summary of the prescription, for human interpretation" class="dict" href="#Prescription.text">
          <b>text</b>
        </a>&gt;
        <span style="color: Gray">&lt;!--</span> 
        <span style="color: brown">
          <b>1..1</b>
        </span> 
        <span style="color: darkgreen">
          <a href="Narrative.htm#Narrative">Narrative</a>
        </span> 
        <span style="color: navy">Text summary of the prescription, for human interpretation</span>
        <span style="color: Gray"> --&gt;</span>&lt;/text&gt;
&lt;/Prescription&gt;

      </pre>
    </div>
  </text>
</Profile>