<?xml version="1.0" encoding="UTF-8"?>

<Profile xmlns="http://hl7.org/fhir">
  <id>profile</id>
  <name>profile</name>
  <author>
    <name>todo (committee)</name>
  </author>
  <description>A Resource Profile - a statement of constraint on one or more Resources and/or Concept Domains</description>
  <comments>Basic Profile for </comments>
  <status>testing</status>
  <date>2012-06-10</date>
  <endorser>
    <name>HL7</name>
  </endorser>
  <resource>
    <type>Resource</type>
    <element>
      <path>Profile</path>
      <shortDefn>Resource Profile</shortDefn>
      <definition>A Resource Profile - a statement of constraint on one or more Resources and/or Concept Domains</definition>
      <comments>Often called a clinical template</comments>
      <min>1</min>
      <max>1</max>
      <type>Resource</type>
      <dataAbsentReason>false</dataAbsentReason>
      <mustSupport>false</mustSupport>
      <mustUnderstand>false</mustUnderstand>
      <closed>false</closed>
    </element>
    <element>
      <path>Profile.id</path>
      <shortDefn>fixed identifier for this profile (UUID)</shortDefn>
      <definition>Globally unique Profile Id (Must be a UUID)</definition>
      <min>1</min>
      <max>1</max>
      <type>id</type>
      <dataAbsentReason>false</dataAbsentReason>
      <mustSupport>false</mustSupport>
      <mustUnderstand>true</mustUnderstand>
      <closed>false</closed>
    </element>
    <element>
      <path>Profile.name</path>
      <shortDefn>Informal name for this profile</shortDefn>
      <definition>A free text natural language name identifying the Template.</definition>
      <comments>Not expected to be unique</comments>
      <min>1</min>
      <max>1</max>
      <type>string</type>
      <dataAbsentReason>false</dataAbsentReason>
      <mustSupport>false</mustSupport>
      <mustUnderstand>false</mustUnderstand>
      <closed>false</closed>
    </element>
    <element>
      <path>Profile.author</path>
      <shortDefn>(Organisation or individual)</shortDefn>
      <definition>Details of the author who accepts responsibility for publishing the profile</definition>
      <comments>Usually an organisation, but may be an individual</comments>
      <min>1</min>
      <max>1</max>
      <dataAbsentReason>false</dataAbsentReason>
      <mustSupport>false</mustSupport>
      <mustUnderstand>false</mustUnderstand>
      <closed>false</closed>
    </element>
    <element>
      <path>Profile.author.name</path>
      <shortDefn>Name of the recognised author</shortDefn>
      <definition>The name of the author</definition>
      <min>1</min>
      <max>1</max>
      <type>string</type>
      <dataAbsentReason>false</dataAbsentReason>
      <mustSupport>false</mustSupport>
      <mustUnderstand>false</mustUnderstand>
      <closed>false</closed>
    </element>
    <element>
      <path>Profile.author.reference</path>
      <shortDefn>Web reference to the author</shortDefn>
      <definition>Reference to the author to assist a user in finding and communicating with the author</definition>
      <comments>may be a web site, an email address, a telephone number</comments>
      <min>0</min>
      <max>1</max>
      <type>uri</type>
      <dataAbsentReason>false</dataAbsentReason>
      <mustSupport>false</mustSupport>
      <mustUnderstand>false</mustUnderstand>
      <closed>false</closed>
    </element>
    <element>
      <path>Profile.intention</path>
      <shortDefn>Why this profile was written</shortDefn>
      <definition>A free text natural language description of the intent and scope of the Template. The purpose is to provide the author’s initial intent for the Template in the language specified below.</definition>
      <min>0</min>
      <max>1</max>
      <type>string</type>
      <dataAbsentReason>false</dataAbsentReason>
      <mustSupport>false</mustSupport>
      <mustUnderstand>false</mustUnderstand>
      <closed>false</closed>
    </element>
    <element>
      <path>Profile.code</path>
      <shortDefn>assist with indexing and finding</shortDefn>
      <definition>A set of terms from a controlled reference terminology that may be used to assist with indexing and searching of templates</definition>
      <min>0</min>
      <max>*</max>
      <type>Coding</type>
      <dataAbsentReason>false</dataAbsentReason>
      <mustSupport>false</mustSupport>
      <mustUnderstand>false</mustUnderstand>
      <closed>false</closed>
    </element>
    <element>
      <path>Profile.description</path>
      <shortDefn>natural language description of the Template</shortDefn>
      <definition>A free text natural language description of the Template. Generally, this field should be used for things such as goals, variable lists, instructions for clinical use and interpretation, literature, examples from paper world, mapping from natural language to HL7 and the model itself, etc</definition>
      <min>1</min>
      <max>1</max>
      <type>string</type>
      <dataAbsentReason>false</dataAbsentReason>
      <mustSupport>false</mustSupport>
      <mustUnderstand>false</mustUnderstand>
      <closed>false</closed>
    </element>
    <element>
      <path>Profile.evidence</path>
      <shortDefn>Supporting evidence for the design</shortDefn>
      <definition>A description, reference or link to a published medical knowledge that was used in the definition of this Template</definition>
      <min>0</min>
      <max>*</max>
      <type>uri</type>
      <dataAbsentReason>false</dataAbsentReason>
      <mustSupport>false</mustSupport>
      <mustUnderstand>false</mustUnderstand>
      <closed>false</closed>
    </element>
    <element>
      <path>Profile.comments</path>
      <shortDefn>Guidance for use, usage notes, etc</shortDefn>
      <definition>A statement regarding when this Template should not be used, or may be used erroneously. To define roles where the Template should not be used, or should be used with care. This field is used to expand in detail on the iIntention</definition>
      <min>0</min>
      <max>1</max>
      <type>string</type>
      <dataAbsentReason>false</dataAbsentReason>
      <mustSupport>false</mustSupport>
      <mustUnderstand>false</mustUnderstand>
      <closed>false</closed>
    </element>
    <element>
      <path>Profile.status</path>
      <shortDefn>draft | testing | production | withdrawn | superceded</shortDefn>
      <definition>draft | testing | production | withdrawn | superceded</definition>
      <min>1</min>
      <max>1</max>
      <type>code</type>
      <dataAbsentReason>false</dataAbsentReason>
      <mustSupport>false</mustSupport>
      <mustUnderstand>true</mustUnderstand>
      <binding>ResourceProfileStatus</binding>
      <closed>false</closed>
    </element>
    <element>
      <path>Profile.date</path>
      <shortDefn>date for given status</shortDefn>
      <definition>The date that the current value for publicationStatus was applied to the Template</definition>
      <min>1</min>
      <max>1</max>
      <type>dateTime</type>
      <dataAbsentReason>false</dataAbsentReason>
      <mustSupport>false</mustSupport>
      <mustUnderstand>false</mustUnderstand>
      <closed>false</closed>
    </element>
    <element>
      <path>Profile.endorser</path>
      <shortDefn>(Organisation or individual)</shortDefn>
      <definition>A list of bodies who have reviewed the Template for clinical accuracy and relevance, and endorsed it for use.</definition>
      <min>0</min>
      <max>*</max>
      <dataAbsentReason>false</dataAbsentReason>
      <mustSupport>false</mustSupport>
      <mustUnderstand>false</mustUnderstand>
      <closed>false</closed>
    </element>
    <element>
      <path>Profile.endorser.name</path>
      <shortDefn>Name of the recognised endorser</shortDefn>
      <definition>The name of the endorsing body</definition>
      <min>1</min>
      <max>1</max>
      <type>string</type>
      <dataAbsentReason>false</dataAbsentReason>
      <mustSupport>false</mustSupport>
      <mustUnderstand>false</mustUnderstand>
      <closed>false</closed>
    </element>
    <element>
      <path>Profile.endorser.reference</path>
      <shortDefn>Web reference to the endorser</shortDefn>
      <definition>Reference to the author to assist a user in finding and communicating with the endorsing body</definition>
      <min>0</min>
      <max>1</max>
      <type>uri</type>
      <dataAbsentReason>false</dataAbsentReason>
      <mustSupport>false</mustSupport>
      <mustUnderstand>false</mustUnderstand>
      <closed>false</closed>
    </element>
    <element>
      <path>Profile.changes</path>
      <shortDefn>notes about changes since last version</shortDefn>
      <definition>A free text description describing the changes in this version of the profile as compared to the previous version. </definition>
      <comments>This field must be populated if the template is not the first version.</comments>
      <min>0</min>
      <max>1</max>
      <type>string</type>
      <dataAbsentReason>false</dataAbsentReason>
      <mustSupport>false</mustSupport>
      <mustUnderstand>false</mustUnderstand>
      <closed>false</closed>
    </element>
    <element>
      <path>Profile.supercedes</path>
      <shortDefn>references to previous versions</shortDefn>
      <definition>A template that is superceded by this template (may be a  previous version)</definition>
      <min>0</min>
      <max>*</max>
      <type>uri</type>
      <dataAbsentReason>false</dataAbsentReason>
      <mustSupport>false</mustSupport>
      <mustUnderstand>false</mustUnderstand>
      <closed>false</closed>
    </element>
    <element>
      <path>Profile.profile</path>
      <shortDefn>other profiles that apply (i.e. code binding rules)</shortDefn>
      <definition>Additional other profiles that apply to this conformance statement.</definition>
      <comments> Generally these profiles make  constraints on the bindings of concept domains / value sets</comments>
      <min>0</min>
      <max>*</max>
      <type>uri</type>
      <dataAbsentReason>false</dataAbsentReason>
      <mustSupport>false</mustSupport>
      <mustUnderstand>false</mustUnderstand>
      <closed>false</closed>
    </element>
    <element>
      <path>Profile.resource</path>
      <shortDefn>Resource Type with constraints</shortDefn>
      <definition>Resource Type with constraints</definition>
      <min>0</min>
      <max>*</max>
      <dataAbsentReason>false</dataAbsentReason>
      <mustSupport>false</mustSupport>
      <mustUnderstand>false</mustUnderstand>
      <closed>false</closed>
    </element>
    <element>
      <path>Profile.resource.type</path>
      <shortDefn>The Type of the resource being described</shortDefn>
      <definition>The Type of the resource being described</definition>
      <min>1</min>
      <max>1</max>
      <type>code</type>
      <dataAbsentReason>false</dataAbsentReason>
      <mustSupport>false</mustSupport>
      <mustUnderstand>false</mustUnderstand>
      <binding>ResourceType</binding>
      <closed>false</closed>
    </element>
    <element>
      <path>Profile.resource.profile</path>
      <shortDefn>Resource Profile that supplies the constraints</shortDefn>
      <definition>Reference to a resource profile which includes the constraint statement that applies to this resource</definition>
      <min>0</min>
      <max>1</max>
      <type>uri</type>
      <dataAbsentReason>false</dataAbsentReason>
      <mustSupport>false</mustSupport>
      <mustUnderstand>false</mustUnderstand>
      <closed>false</closed>
    </element>
    <element>
      <path>Profile.resource.name</path>
      <shortDefn>Name for this Constraint Statement</shortDefn>
      <definition>The name of this aggregation profile</definition>
      <comments>This field is the target for a named aggregation definition (aggregation.name)</comments>
      <min>0</min>
      <max>1</max>
      <type>string</type>
      <dataAbsentReason>false</dataAbsentReason>
      <mustSupport>false</mustSupport>
      <mustUnderstand>false</mustUnderstand>
      <closed>false</closed>
    </element>
    <element>
      <path>Profile.resource.purpose</path>
      <shortDefn>Human summary: why describe this resource?</shortDefn>
      <definition>Human summary: why describe this resource?</definition>
      <min>0</min>
      <max>1</max>
      <type>string</type>
      <dataAbsentReason>false</dataAbsentReason>
      <mustSupport>false</mustSupport>
      <mustUnderstand>false</mustUnderstand>
      <closed>false</closed>
    </element>
    <element>
      <path>Profile.resource.element</path>
      <min>0</min>
      <max>*</max>
      <dataAbsentReason>false</dataAbsentReason>
      <mustSupport>false</mustSupport>
      <mustUnderstand>false</mustUnderstand>
      <closed>false</closed>
    </element>
    <element>
      <path>Profile.resource.element.path</path>
      <shortDefn>The path of the element (see the formal definitions)</shortDefn>
      <definition>The path identifies the element</definition>
      <min>1</min>
      <max>1</max>
      <type>string</type>
      <dataAbsentReason>false</dataAbsentReason>
      <mustSupport>false</mustSupport>
      <mustUnderstand>false</mustUnderstand>
      <closed>false</closed>
    </element>
    <element>
      <path>Profile.resource.element.name</path>
      <shortDefn>Name of constraint for slicing - see above</shortDefn>
      <definition>Name of constraint for slicing - see above</definition>
      <min>0</min>
      <max>1</max>
      <type>string</type>
      <dataAbsentReason>false</dataAbsentReason>
      <mustSupport>false</mustSupport>
      <mustUnderstand>false</mustUnderstand>
      <closed>false</closed>
    </element>
    <element>
      <path>Profile.resource.element.shortDefn</path>
      <shortDefn>Concise definition (for use in this slice)</shortDefn>
      <definition>A concise definition that  is shown in the concise XML format that summarises profiles</definition>
      <min>0</min>
      <max>1</max>
      <type>string</type>
      <dataAbsentReason>false</dataAbsentReason>
      <mustSupport>false</mustSupport>
      <mustUnderstand>false</mustUnderstand>
      <closed>false</closed>
    </element>
    <element>
      <path>Profile.resource.element.definition</path>
      <shortDefn>More specific definition</shortDefn>
      <definition>a more specific definition than the definition for the same element in the base resource. The definition must be consistent with the base definition, but convey the meaning of the element in the particular context of use of the resource</definition>
      <comments>It is easy for a different definition to change the meaning of an element, and this can have nasty downstream consequences. Please be careful when providing definitions</comments>
      <min>0</min>
      <max>1</max>
      <type>string</type>
      <dataAbsentReason>false</dataAbsentReason>
      <mustSupport>false</mustSupport>
      <mustUnderstand>false</mustUnderstand>
      <closed>false</closed>
    </element>
    <element>
      <path>Profile.resource.element.comments</path>
      <shortDefn>Comments about the use of this element</shortDefn>
      <definition>Comments about the use of the element, including notes about how to use the data properly, exceptions to proper use, etc</definition>
      <min>0</min>
      <max>1</max>
      <type>string</type>
      <dataAbsentReason>false</dataAbsentReason>
      <mustSupport>false</mustSupport>
      <mustUnderstand>false</mustUnderstand>
      <closed>false</closed>
    </element>
    <element>
      <path>Profile.resource.element.min</path>
      <shortDefn>Minimum Cardinality</shortDefn>
      <definition>Minimum Cardinality</definition>
      <min>1</min>
      <max>1</max>
      <type>integer</type>
      <dataAbsentReason>false</dataAbsentReason>
      <mustSupport>false</mustSupport>
      <mustUnderstand>false</mustUnderstand>
      <closed>false</closed>
    </element>
    <element>
      <path>Profile.resource.element.max</path>
      <shortDefn>Maximum Cardinality (a number or *)</shortDefn>
      <definition>Maximum Cardinality (a number or *)</definition>
      <min>1</min>
      <max>1</max>
      <type>string</type>
      <dataAbsentReason>false</dataAbsentReason>
      <mustSupport>false</mustSupport>
      <mustUnderstand>false</mustUnderstand>
      <closed>false</closed>
    </element>
    <element>
      <path>Profile.resource.element.type</path>
      <shortDefn>Type of the element</shortDefn>
      <definition>Type of the element</definition>
      <min>0</min>
      <max>*</max>
      <type>code</type>
      <dataAbsentReason>false</dataAbsentReason>
      <mustSupport>false</mustSupport>
      <mustUnderstand>false</mustUnderstand>
      <binding>DataType</binding>
      <closed>false</closed>
    </element>
    <element>
      <path>Profile.resource.element.dataAbsentReason</path>
      <shortDefn>if @dataAbsentReason is allowed</shortDefn>
      <definition>if @dataAbsentReason is allowed</definition>
      <min>1</min>
      <max>1</max>
      <type>boolean</type>
      <dataAbsentReason>false</dataAbsentReason>
      <mustSupport>false</mustSupport>
      <mustUnderstand>false</mustUnderstand>
      <closed>false</closed>
    </element>
    <element>
      <path>Profile.resource.element.condition</path>
      <shortDefn>reference to invariant about presence</shortDefn>
      <definition>A reference to an invariant that may make additional statements about the cardinality in the instance</definition>
      <min>0</min>
      <max>1</max>
      <type>id</type>
      <dataAbsentReason>false</dataAbsentReason>
      <mustSupport>false</mustSupport>
      <mustUnderstand>false</mustUnderstand>
      <closed>false</closed>
    </element>
    <element>
      <path>Profile.resource.element.constraint</path>
      <shortDefn>Xpath condition that must evaluate to true</shortDefn>
      <definition>Xpath condition that must evaluate to true</definition>
      <comments>The rules expressed in the xpath statements should be described in the definition or comments, or in the conditions on the children elements</comments>
      <min>0</min>
      <max>*</max>
      <dataAbsentReason>false</dataAbsentReason>
      <mustSupport>false</mustSupport>
      <mustUnderstand>false</mustUnderstand>
      <closed>false</closed>
    </element>
    <element>
      <path>Profile.resource.element.constraint.id</path>
      <shortDefn>target of condition reference above</shortDefn>
      <definition>target of condition reference above</definition>
      <min>1</min>
      <max>1</max>
      <type>id</type>
      <dataAbsentReason>false</dataAbsentReason>
      <mustSupport>false</mustSupport>
      <mustUnderstand>false</mustUnderstand>
      <closed>false</closed>
    </element>
    <element>
      <path>Profile.resource.element.constraint.human</path>
      <shortDefn>human description of constraint</shortDefn>
      <definition>human description of constraint</definition>
      <min>1</min>
      <max>1</max>
      <type>string</type>
      <dataAbsentReason>false</dataAbsentReason>
      <mustSupport>false</mustSupport>
      <mustUnderstand>false</mustUnderstand>
      <closed>false</closed>
    </element>
    <element>
      <path>Profile.resource.element.constraint.xpath</path>
      <shortDefn>xpath expression of constraint</shortDefn>
      <definition>xpath expression of constraint</definition>
      <min>1</min>
      <max>1</max>
      <type>string</type>
      <dataAbsentReason>false</dataAbsentReason>
      <mustSupport>false</mustSupport>
      <mustUnderstand>false</mustUnderstand>
      <closed>false</closed>
    </element>
    <element>
      <path>Profile.resource.element.mustSupport</path>
      <shortDefn>If the element must be usable</shortDefn>
      <definition>If the element must be usable</definition>
      <min>0</min>
      <max>1</max>
      <type>boolean</type>
      <dataAbsentReason>false</dataAbsentReason>
      <mustSupport>false</mustSupport>
      <mustUnderstand>false</mustUnderstand>
      <closed>false</closed>
    </element>
    <element>
      <path>Profile.resource.element.mustUnderstand</path>
      <shortDefn>If the element must be understood</shortDefn>
      <definition>If the element must be understood</definition>
      <min>0</min>
      <max>1</max>
      <type>boolean</type>
      <dataAbsentReason>false</dataAbsentReason>
      <mustSupport>false</mustSupport>
      <mustUnderstand>false</mustUnderstand>
      <closed>false</closed>
    </element>
    <element>
      <path>Profile.resource.element.mapping</path>
      <min>0</min>
      <max>*</max>
      <dataAbsentReason>false</dataAbsentReason>
      <mustSupport>false</mustSupport>
      <mustUnderstand>false</mustUnderstand>
      <closed>false</closed>
    </element>
    <element>
      <path>Profile.resource.element.mapping.target</path>
      <shortDefn>Which mapping this is (v2, CDA, openEHR, etc)</shortDefn>
      <definition>Which mapping this is (v2, CDA, openEHR, etc)</definition>
      <min>1</min>
      <max>1</max>
      <type>string</type>
      <dataAbsentReason>false</dataAbsentReason>
      <mustSupport>false</mustSupport>
      <mustUnderstand>false</mustUnderstand>
      <closed>false</closed>
    </element>
    <element>
      <path>Profile.resource.element.mapping.map</path>
      <shortDefn>Details of the mapping</shortDefn>
      <definition>Details of the mapping</definition>
      <min>0</min>
      <max>1</max>
      <type>string</type>
      <dataAbsentReason>false</dataAbsentReason>
      <mustSupport>false</mustSupport>
      <mustUnderstand>false</mustUnderstand>
      <closed>false</closed>
    </element>
    <element>
      <path>Profile.resource.element.resource</path>
      <shortDefn>If context includes aggregation and type=Resource()</shortDefn>
      <definition>If context includes aggregation and type=Resource()</definition>
      <comments>If context includes aggregation and type=Resource()</comments>
      <min>0</min>
      <max>1</max>
      <dataAbsentReason>false</dataAbsentReason>
      <mustSupport>false</mustSupport>
      <mustUnderstand>false</mustUnderstand>
      <closed>false</closed>
    </element>
    <element>
      <path>Profile.resource.element.resource.aggregated</path>
      <shortDefn>Whether this resource is aggregated</shortDefn>
      <definition>Whether this resource is aggregated</definition>
      <min>0</min>
      <max>1</max>
      <type>boolean</type>
      <dataAbsentReason>false</dataAbsentReason>
      <mustSupport>false</mustSupport>
      <mustUnderstand>false</mustUnderstand>
      <closed>false</closed>
    </element>
    <element>
      <path>Profile.resource.element.resource.profile</path>
      <shortDefn>Reference to a Resource Profile</shortDefn>
      <definition>Reference to a Resource Profile</definition>
      <comments>The reference might be a simple name in the form #[name], which is a reference to another named constraint in a resource - where the resource contains more than one constraint, or a RUL which is a reference to a resource Profile</comments>
      <min>0</min>
      <max>1</max>
      <type>uri</type>
      <dataAbsentReason>false</dataAbsentReason>
      <mustSupport>false</mustSupport>
      <mustUnderstand>false</mustUnderstand>
      <closed>false</closed>
    </element>
    <element>
      <path>Profile.resource.element.binding</path>
      <shortDefn>Value set id (only if coded)</shortDefn>
      <definition>Value set id (only if coded)</definition>
      <min>0</min>
      <max>1</max>
      <type>string</type>
      <dataAbsentReason>false</dataAbsentReason>
      <mustSupport>false</mustSupport>
      <mustUnderstand>false</mustUnderstand>
      <closed>false</closed>
    </element>
    <element>
      <path>Profile.resource.element.content</path>
      <shortDefn>Name (internal ref) or fixed value but not both</shortDefn>
      <definition>Name (internal ref) or fixed value but not both</definition>
      <min>0</min>
      <max>*</max>
      <dataAbsentReason>false</dataAbsentReason>
      <mustSupport>false</mustSupport>
      <mustUnderstand>false</mustUnderstand>
      <closed>false</closed>
    </element>
    <element>
      <path>Profile.resource.element.content.nameReference</path>
      <shortDefn>to another element constraint (by element.name)</shortDefn>
      <definition>to another element constraint (by element.name)</definition>
      <min>0</min>
      <max>1</max>
      <type>string</type>
      <dataAbsentReason>false</dataAbsentReason>
      <mustSupport>false</mustSupport>
      <mustUnderstand>false</mustUnderstand>
      <closed>false</closed>
    </element>
    <element>
      <path>Profile.resource.element.content.value[x]</path>
      <shortDefn>Fixed value: [as defined for type]</shortDefn>
      <definition>Fixed value: [as defined for type]</definition>
      <min>0</min>
      <max>1</max>
      <type>*</type>
      <dataAbsentReason>false</dataAbsentReason>
      <mustSupport>false</mustSupport>
      <mustUnderstand>false</mustUnderstand>
      <closed>false</closed>
    </element>
    <element>
      <path>Profile.resource.element.closed</path>
      <shortDefn>if list, whether derived profiles can slice more</shortDefn>
      <definition>if list, whether derived profiles can slice more</definition>
      <min>0</min>
      <max>1</max>
      <type>boolean</type>
      <dataAbsentReason>false</dataAbsentReason>
      <mustSupport>false</mustSupport>
      <mustUnderstand>false</mustUnderstand>
      <closed>false</closed>
    </element>
    <element>
      <path>Profile.extensionDefn</path>
      <shortDefn>Definition of an extension</shortDefn>
      <definition>Definition of an extension</definition>
      <min>0</min>
      <max>*</max>
      <dataAbsentReason>false</dataAbsentReason>
      <mustSupport>false</mustSupport>
      <mustUnderstand>false</mustUnderstand>
      <closed>false</closed>
    </element>
    <element>
      <path>Profile.extensionDefn.contextType</path>
      <shortDefn>How the path of the extension is understood</shortDefn>
      <definition>How the path of the extension is understood</definition>
      <min>1</min>
      <max>1</max>
      <type>code</type>
      <dataAbsentReason>false</dataAbsentReason>
      <mustSupport>false</mustSupport>
      <mustUnderstand>false</mustUnderstand>
      <binding>ExtensionContextType</binding>
      <closed>false</closed>
    </element>
    <element>
      <path>Profile.extensionDefn.element</path>
      <shortDefn>Details of the extension</shortDefn>
      <definition>Details of the extension</definition>
      <min>1</min>
      <max>1</max>
      <type>@Profile.resource.element</type>
      <dataAbsentReason>false</dataAbsentReason>
      <mustSupport>false</mustSupport>
      <mustUnderstand>false</mustUnderstand>
      <closed>false</closed>
    </element>
    <element>
      <path>Profile.binding</path>
      <min>0</min>
      <max>*</max>
      <dataAbsentReason>false</dataAbsentReason>
      <mustSupport>false</mustSupport>
      <mustUnderstand>false</mustUnderstand>
      <closed>false</closed>
    </element>
    <element>
      <path>Profile.binding.name</path>
      <shortDefn>concept domain name</shortDefn>
      <definition>The name of the concept domain that this profile is declaring a constraint on</definition>
      <min>1</min>
      <max>1</max>
      <type>string</type>
      <dataAbsentReason>false</dataAbsentReason>
      <mustSupport>false</mustSupport>
      <mustUnderstand>false</mustUnderstand>
      <closed>false</closed>
    </element>
    <element>
      <path>Profile.binding.type</path>
      <shortDefn>binding type</shortDefn>
      <definition>The form of the binding</definition>
      <min>1</min>
      <max>1</max>
      <type>code</type>
      <dataAbsentReason>false</dataAbsentReason>
      <mustSupport>false</mustSupport>
      <mustUnderstand>false</mustUnderstand>
      <binding>ConceptBindingType</binding>
      <closed>false</closed>
    </element>
    <element>
      <path>Profile.binding.details</path>
      <shortDefn>extra details - see notes</shortDefn>
      <definition>extra details - see notes</definition>
      <min>0</min>
      <max>1</max>
      <type>string</type>
      <dataAbsentReason>false</dataAbsentReason>
      <mustSupport>false</mustSupport>
      <mustUnderstand>false</mustUnderstand>
      <closed>false</closed>
    </element>
    <element>
      <path>Profile.binding.reference</path>
      <shortDefn>source of binding content</shortDefn>
      <definition>source of binding content</definition>
      <min>0</min>
      <max>1</max>
      <type>uri</type>
      <dataAbsentReason>false</dataAbsentReason>
      <mustSupport>false</mustSupport>
      <mustUnderstand>false</mustUnderstand>
      <closed>false</closed>
    </element>
    <element>
      <path>Profile.binding.code</path>
      <shortDefn>enumerated codes that are the binding</shortDefn>
      <definition>enumerated codes that are the binding</definition>
      <min>0</min>
      <max>*</max>
      <type>Coding</type>
      <dataAbsentReason>false</dataAbsentReason>
      <mustSupport>false</mustSupport>
      <mustUnderstand>false</mustUnderstand>
      <closed>false</closed>
    </element>
    <element>
      <path>Profile.extensions</path>
      <shortDefn>See Extensions</shortDefn>
      <definition>See Extensions</definition>
      <min>0</min>
      <max>1</max>
      <dataAbsentReason>false</dataAbsentReason>
      <mustSupport>false</mustSupport>
      <mustUnderstand>false</mustUnderstand>
      <closed>false</closed>
    </element>
    <element>
      <path>Profile.text</path>
      <shortDefn>Text summary of resource profile for human interpretation</shortDefn>
      <definition>Text summary of resource profile for human interpretation</definition>
      <min>1</min>
      <max>1</max>
      <type>Narrative</type>
      <dataAbsentReason>false</dataAbsentReason>
      <mustSupport>false</mustSupport>
      <mustUnderstand>false</mustUnderstand>
      <closed>false</closed>
    </element>
  </resource>
  <text>
    <status>generated</status>
    <div xmlns="http://www.w3.org/1999/xhtml">
      <pre>
&lt;
        <a title="A Resource Profile - a statement of constraint on one or more Resources and/or Concept Domains" class="dict" href="#Profile">
          <b>Profile</b>
        </a> xmlns=&quot;http://hl7.org/fhir&quot;&gt;
 &lt;
        <a title="Globally unique Profile Id (Must be a UUID) (this element must be supported or understood)" class="dict" href="#Profile.id">
          <span style="text-decoration: underline">
            <b>id</b>
          </span>
        </a>&gt;
        <span style="color: Gray">&lt;!--</span> 
        <span style="color: brown">
          <b>1..1</b>
        </span> 
        <span style="color: darkgreen">
          <a href="datatypes.htm#id">id</a>
        </span> 
        <span style="color: navy">fixed identifier for this profile (UUID)</span>
        <span style="color: Gray"> --&gt;</span>&lt;/id&gt;
 &lt;
        <a title="A free text natural language name identifying the Template." class="dict" href="#Profile.name">
          <b>name</b>
        </a>&gt;
        <span style="color: Gray">&lt;!--</span> 
        <span style="color: brown">
          <b>1..1</b>
        </span> 
        <span style="color: darkgreen">
          <a href="datatypes.htm#string">string</a>
        </span> 
        <span style="color: navy">Informal name for this profile</span>
        <span style="color: Gray"> --&gt;</span>&lt;/name&gt;
 &lt;
        <a title="Details of the author who accepts responsibility for publishing the profile" class="dict" href="#Profile.author">
          <b>author</b>
        </a>&gt;  
        <span style="color: Gray">&lt;!-- (Organisation or individual) --&gt;</span>
  &lt;
        <a title="The name of the author" class="dict" href="#Profile.author.name">
          <b>name</b>
        </a>&gt;
        <span style="color: Gray">&lt;!--</span> 
        <span style="color: brown">
          <b>1..1</b>
        </span> 
        <span style="color: darkgreen">
          <a href="datatypes.htm#string">string</a>
        </span> 
        <span style="color: navy">Name of the recognised author</span>
        <span style="color: Gray"> --&gt;</span>&lt;/name&gt;
  &lt;
        <a title="Reference to the author to assist a user in finding and communicating with the author" class="dict" href="#Profile.author.reference">
          <b>reference</b>
        </a>&gt;
        <span style="color: Gray">&lt;!--</span> 
        <span style="color: brown">
          <b>0..1</b>
        </span> 
        <span style="color: darkgreen">
          <a href="datatypes.htm#uri">uri</a>
        </span> 
        <span style="color: navy">Web reference to the author</span>
        <span style="color: Gray"> --&gt;</span>&lt;/reference&gt;
 &lt;/author&gt;
 &lt;
        <a title="A free text natural language description of the intent and scope of the Template. The purpose is to provide the author’s initial intent for the Template in the language specified below." class="dict" href="#Profile.intention">
          <b>intention</b>
        </a>&gt;
        <span style="color: Gray">&lt;!--</span> 
        <span style="color: brown">
          <b>0..1</b>
        </span> 
        <span style="color: darkgreen">
          <a href="datatypes.htm#string">string</a>
        </span> 
        <span style="color: navy">Why this profile was written</span>
        <span style="color: Gray"> --&gt;</span>&lt;/intention&gt;
 &lt;
        <a title="A set of terms from a controlled reference terminology that may be used to assist with indexing and searching of templates" class="dict" href="#Profile.code">
          <b>code</b>
        </a>&gt;
        <span style="color: Gray">&lt;!--</span> 
        <span style="color: brown">
          <b>0..*</b>
        </span> 
        <span style="color: darkgreen">
          <a href="datatypes.htm#Coding">Coding</a>
        </span> 
        <span style="color: navy">assist with indexing and finding</span>
        <span style="color: Gray"> --&gt;</span>&lt;/code&gt;
 &lt;
        <a title="A free text natural language description of the Template. Generally, this field should be used for things such as goals, variable lists, instructions for clinical use and interpretation, literature, examples from paper world, mapping from natural language to HL7 and the model itself, etc" class="dict" href="#Profile.description">
          <b>description</b>
        </a>&gt;
        <span style="color: Gray">&lt;!--</span> 
        <span style="color: brown">
          <b>1..1</b>
        </span> 
        <span style="color: darkgreen">
          <a href="datatypes.htm#string">string</a>
        </span> 
        <span style="color: navy">natural language description of the Template</span>
        <span style="color: Gray"> --&gt;</span>&lt;/description&gt;
 &lt;
        <a title="A description, reference or link to a published medical knowledge that was used in the definition of this Template" class="dict" href="#Profile.evidence">
          <b>evidence</b>
        </a>&gt;
        <span style="color: Gray">&lt;!--</span> 
        <span style="color: brown">
          <b>0..*</b>
        </span> 
        <span style="color: darkgreen">
          <a href="datatypes.htm#uri">uri</a>
        </span> 
        <span style="color: navy">Supporting evidence for the design</span>
        <span style="color: Gray"> --&gt;</span>&lt;/evidence&gt;
 &lt;
        <a title="A statement regarding when this Template should not be used, or may be used erroneously. To define roles where the Template should not be used, or should be used with care. This field is used to expand in detail on the iIntention" class="dict" href="#Profile.comments">
          <b>comments</b>
        </a>&gt;
        <span style="color: Gray">&lt;!--</span> 
        <span style="color: brown">
          <b>0..1</b>
        </span> 
        <span style="color: darkgreen">
          <a href="datatypes.htm#string">string</a>
        </span> 
        <span style="color: navy">Guidance for use, usage notes, etc</span>
        <span style="color: Gray"> --&gt;</span>&lt;/comments&gt;
 &lt;
        <a title="draft | testing | production | withdrawn | superceded (this element must be supported or understood)" class="dict" href="#Profile.status">
          <span style="text-decoration: underline">
            <b>status</b>
          </span>
        </a>&gt;
        <span style="color: Gray">&lt;!--</span> 
        <span style="color: brown">
          <b>1..1</b>
        </span> 
        <span style="color: darkgreen">
          <a href="datatypes.htm#code">code</a>
        </span> 
        <span style="color: navy">draft | testing | production | withdrawn | superceded</span>
        <span style="color: Gray"> --&gt;</span>&lt;/status&gt;
 &lt;
        <a title="The date that the current value for publicationStatus was applied to the Template" class="dict" href="#Profile.date">
          <b>date</b>
        </a>&gt;
        <span style="color: Gray">&lt;!--</span> 
        <span style="color: brown">
          <b>1..1</b>
        </span> 
        <span style="color: darkgreen">
          <a href="datatypes.htm#dateTime">dateTime</a>
        </span> 
        <span style="color: navy">date for given status</span>
        <span style="color: Gray"> --&gt;</span>&lt;/date&gt;
 &lt;
        <a title="A list of bodies who have reviewed the Template for clinical accuracy and relevance, and endorsed it for use." class="dict" href="#Profile.endorser">
          <b>endorser</b>
        </a>&gt;  
        <span style="color: Gray">&lt;!-- 
          <span style="color: brown">
            <b>0..*</b>
          </span> (Organisation or individual) --&gt;
        </span>
  &lt;
        <a title="The name of the endorsing body" class="dict" href="#Profile.endorser.name">
          <b>name</b>
        </a>&gt;
        <span style="color: Gray">&lt;!--</span> 
        <span style="color: brown">
          <b>1..1</b>
        </span> 
        <span style="color: darkgreen">
          <a href="datatypes.htm#string">string</a>
        </span> 
        <span style="color: navy">Name of the recognised endorser</span>
        <span style="color: Gray"> --&gt;</span>&lt;/name&gt;
  &lt;
        <a title="Reference to the author to assist a user in finding and communicating with the endorsing body" class="dict" href="#Profile.endorser.reference">
          <b>reference</b>
        </a>&gt;
        <span style="color: Gray">&lt;!--</span> 
        <span style="color: brown">
          <b>0..1</b>
        </span> 
        <span style="color: darkgreen">
          <a href="datatypes.htm#uri">uri</a>
        </span> 
        <span style="color: navy">Web reference to the endorser</span>
        <span style="color: Gray"> --&gt;</span>&lt;/reference&gt;
 &lt;/endorser&gt;
 &lt;
        <a title="A free text description describing the changes in this version of the profile as compared to the previous version. " class="dict" href="#Profile.changes">
          <b>changes</b>
        </a>&gt;
        <span style="color: Gray">&lt;!--</span> 
        <span style="color: brown">
          <b>0..1</b>
        </span> 
        <span style="color: darkgreen">
          <a href="datatypes.htm#string">string</a>
        </span> 
        <span style="color: navy">notes about changes since last version</span>
        <span style="color: Gray"> --&gt;</span>&lt;/changes&gt;
 &lt;
        <a title="A template that is superceded by this template (may be a  previous version)" class="dict" href="#Profile.supercedes">
          <b>supercedes</b>
        </a>&gt;
        <span style="color: Gray">&lt;!--</span> 
        <span style="color: brown">
          <b>0..*</b>
        </span> 
        <span style="color: darkgreen">
          <a href="datatypes.htm#uri">uri</a>
        </span> 
        <span style="color: navy">references to previous versions</span>
        <span style="color: Gray"> --&gt;</span>&lt;/supercedes&gt;
 &lt;
        <a title="Additional other profiles that apply to this conformance statement." class="dict" href="#Profile.profile">
          <b>profile</b>
        </a>&gt;
        <span style="color: Gray">&lt;!--</span> 
        <span style="color: brown">
          <b>0..*</b>
        </span> 
        <span style="color: darkgreen">
          <a href="datatypes.htm#uri">uri</a>
        </span> 
        <span style="color: navy">other profiles that apply (i.e. code binding rules)</span>
        <span style="color: Gray"> --&gt;</span>&lt;/profile&gt;
 &lt;
        <a title="Resource Type with constraints" class="dict" href="#Profile.resource">
          <b>resource</b>
        </a>&gt;  
        <span style="color: Gray">&lt;!-- 
          <span style="color: brown">
            <b>0..*</b>
          </span> Resource Type with constraints --&gt;
        </span>
  &lt;
        <a title="The Type of the resource being described" class="dict" href="#Profile.resource.type">
          <b>type</b>
        </a>&gt;
        <span style="color: Gray">&lt;!--</span> 
        <span style="color: brown">
          <b>1..1</b>
        </span> 
        <span style="color: darkgreen">
          <a href="datatypes.htm#code">code</a>
        </span> 
        <span style="color: navy">The Type of the resource being described</span>
        <span style="color: Gray"> --&gt;</span>&lt;/type&gt;
  &lt;
        <a title="Reference to a resource profile which includes the constraint statement that applies to this resource" class="dict" href="#Profile.resource.profile">
          <b>profile</b>
        </a>&gt;
        <span style="color: Gray">&lt;!--</span> 
        <span title="Provide either a profile reference or constraints on the resource elements" style="color: deeppink">
          <b>0..1</b>
        </span> 
        <span style="color: darkgreen">
          <a href="datatypes.htm#uri">uri</a>
        </span> 
        <span style="color: navy">Resource Profile that supplies the constraints</span>
        <span style="color: Gray"> --&gt;</span>&lt;/profile&gt;
  &lt;
        <a title="The name of this aggregation profile" class="dict" href="#Profile.resource.name">
          <b>name</b>
        </a>&gt;
        <span style="color: Gray">&lt;!--</span> 
        <span style="color: brown">
          <b>0..1</b>
        </span> 
        <span style="color: darkgreen">
          <a href="datatypes.htm#string">string</a>
        </span> 
        <span style="color: navy">Name for this Constraint Statement</span>
        <span style="color: Gray"> --&gt;</span>&lt;/name&gt;
  &lt;
        <a title="Human summary: why describe this resource?" class="dict" href="#Profile.resource.purpose">
          <b>purpose</b>
        </a>&gt;
        <span style="color: Gray">&lt;!--</span> 
        <span style="color: brown">
          <b>0..1</b>
        </span> 
        <span style="color: darkgreen">
          <a href="datatypes.htm#string">string</a>
        </span> 
        <span style="color: navy">Human summary: why describe this resource?</span>
        <span style="color: Gray"> --&gt;</span>&lt;/purpose&gt;
  &lt;
        <a title="" class="dict" href="#Profile.resource.element">
          <b>element</b>
        </a>&gt;  
        <span style="color: Gray">&lt;!-- 
          <span title="Provide either a profile reference or constraints on the resource elements" style="color: deeppink">
            <b>0..*</b>
          </span> --&gt;
        </span>
   &lt;
        <a title="The path identifies the element" class="dict" href="#Profile.resource.element.path">
          <b>path</b>
        </a>&gt;
        <span style="color: Gray">&lt;!--</span> 
        <span style="color: brown">
          <b>1..1</b>
        </span> 
        <span style="color: darkgreen">
          <a href="datatypes.htm#string">string</a>
        </span> 
        <span style="color: navy">The path of the element (see the formal definitions)</span>
        <span style="color: Gray"> --&gt;</span>&lt;/path&gt;
   &lt;
        <a title="Name of constraint for slicing - see above" class="dict" href="#Profile.resource.element.name">
          <b>name</b>
        </a>&gt;
        <span style="color: Gray">&lt;!--</span> 
        <span style="color: brown">
          <b>0..1</b>
        </span> 
        <span style="color: darkgreen">
          <a href="datatypes.htm#string">string</a>
        </span> 
        <span style="color: navy">Name of constraint for slicing - see above</span>
        <span style="color: Gray"> --&gt;</span>&lt;/name&gt;
   &lt;
        <a title="A concise definition that  is shown in the concise XML format that summarises profiles" class="dict" href="#Profile.resource.element.shortDefn">
          <b>shortDefn</b>
        </a>&gt;
        <span style="color: Gray">&lt;!--</span> 
        <span style="color: brown">
          <b>0..1</b>
        </span> 
        <span style="color: darkgreen">
          <a href="datatypes.htm#string">string</a>
        </span> 
        <span style="color: navy">Concise definition (for use in this slice)</span>
        <span style="color: Gray"> --&gt;</span>&lt;/shortDefn&gt;
   &lt;
        <a title="a more specific definition than the definition for the same element in the base resource. The definition must be consistent with the base definition, but convey the meaning of the element in the particular context of use of the resource" class="dict" href="#Profile.resource.element.definition">
          <b>definition</b>
        </a>&gt;
        <span style="color: Gray">&lt;!--</span> 
        <span style="color: brown">
          <b>0..1</b>
        </span> 
        <span style="color: darkgreen">
          <a href="datatypes.htm#string">string</a>
        </span> 
        <span style="color: navy">More specific definition</span>
        <span style="color: Gray"> --&gt;</span>&lt;/definition&gt;
   &lt;
        <a title="Comments about the use of the element, including notes about how to use the data properly, exceptions to proper use, etc" class="dict" href="#Profile.resource.element.comments">
          <b>comments</b>
        </a>&gt;
        <span style="color: Gray">&lt;!--</span> 
        <span style="color: brown">
          <b>0..1</b>
        </span> 
        <span style="color: darkgreen">
          <a href="datatypes.htm#string">string</a>
        </span> 
        <span style="color: navy">Comments about the use of this element</span>
        <span style="color: Gray"> --&gt;</span>&lt;/comments&gt;
   &lt;
        <a title="Minimum Cardinality" class="dict" href="#Profile.resource.element.min">
          <b>min</b>
        </a>&gt;
        <span style="color: Gray">&lt;!--</span> 
        <span style="color: brown">
          <b>1..1</b>
        </span> 
        <span style="color: darkgreen">
          <a href="datatypes.htm#integer">integer</a>
        </span> 
        <span style="color: navy">Minimum Cardinality</span>
        <span style="color: Gray"> --&gt;</span>&lt;/min&gt;
   &lt;
        <a title="Maximum Cardinality (a number or *)" class="dict" href="#Profile.resource.element.max">
          <b>max</b>
        </a>&gt;
        <span style="color: Gray">&lt;!--</span> 
        <span style="color: brown">
          <b>1..1</b>
        </span> 
        <span style="color: darkgreen">
          <a href="datatypes.htm#string">string</a>
        </span> 
        <span style="color: navy">Maximum Cardinality (a number or *)</span>
        <span style="color: Gray"> --&gt;</span>&lt;/max&gt;
   &lt;
        <a title="Type of the element" class="dict" href="#Profile.resource.element.type">
          <b>type</b>
        </a>&gt;
        <span style="color: Gray">&lt;!--</span> 
        <span style="color: brown">
          <b>0..*</b>
        </span> 
        <span style="color: darkgreen">
          <a href="datatypes.htm#code">code</a>
        </span> 
        <span style="color: navy">Type of the element</span>
        <span style="color: Gray"> --&gt;</span>&lt;/type&gt;
   &lt;
        <a title="if @dataAbsentReason is allowed" class="dict" href="#Profile.resource.element.dataAbsentReason">
          <b>dataAbsentReason</b>
        </a>&gt;
        <span style="color: Gray">&lt;!--</span> 
        <span style="color: brown">
          <b>1..1</b>
        </span> 
        <span style="color: darkgreen">
          <a href="datatypes.htm#boolean">boolean</a>
        </span> 
        <span style="color: navy">if @dataAbsentReason is allowed</span>
        <span style="color: Gray"> --&gt;</span>&lt;/dataAbsentReason&gt;
   &lt;
        <a title="A reference to an invariant that may make additional statements about the cardinality in the instance" class="dict" href="#Profile.resource.element.condition">
          <b>condition</b>
        </a>&gt;
        <span style="color: Gray">&lt;!--</span> 
        <span style="color: brown">
          <b>0..1</b>
        </span> 
        <span style="color: darkgreen">
          <a href="datatypes.htm#id">id</a>
        </span> 
        <span style="color: navy">reference to invariant about presence</span>
        <span style="color: Gray"> --&gt;</span>&lt;/condition&gt;
   &lt;
        <a title="Xpath condition that must evaluate to true" class="dict" href="#Profile.resource.element.constraint">
          <b>constraint</b>
        </a>&gt;  
        <span style="color: Gray">&lt;!-- 
          <span style="color: brown">
            <b>0..*</b>
          </span> Xpath condition that must evaluate to true --&gt;
        </span>
    &lt;
        <a title="target of condition reference above" class="dict" href="#Profile.resource.element.constraint.id">
          <b>id</b>
        </a>&gt;
        <span style="color: Gray">&lt;!--</span> 
        <span style="color: brown">
          <b>1..1</b>
        </span> 
        <span style="color: darkgreen">
          <a href="datatypes.htm#id">id</a>
        </span> 
        <span style="color: navy">target of condition reference above</span>
        <span style="color: Gray"> --&gt;</span>&lt;/id&gt;
    &lt;
        <a title="human description of constraint" class="dict" href="#Profile.resource.element.constraint.human">
          <b>human</b>
        </a>&gt;
        <span style="color: Gray">&lt;!--</span> 
        <span style="color: brown">
          <b>1..1</b>
        </span> 
        <span style="color: darkgreen">
          <a href="datatypes.htm#string">string</a>
        </span> 
        <span style="color: navy">human description of constraint</span>
        <span style="color: Gray"> --&gt;</span>&lt;/human&gt;
    &lt;
        <a title="xpath expression of constraint" class="dict" href="#Profile.resource.element.constraint.xpath">
          <b>xpath</b>
        </a>&gt;
        <span style="color: Gray">&lt;!--</span> 
        <span style="color: brown">
          <b>1..1</b>
        </span> 
        <span style="color: darkgreen">
          <a href="datatypes.htm#string">string</a>
        </span> 
        <span style="color: navy">xpath expression of constraint</span>
        <span style="color: Gray"> --&gt;</span>&lt;/xpath&gt;
   &lt;/constraint&gt;
   &lt;
        <a title="If the element must be usable" class="dict" href="#Profile.resource.element.mustSupport">
          <b>mustSupport</b>
        </a>&gt;
        <span style="color: Gray">&lt;!--</span> 
        <span style="color: brown">
          <b>0..1</b>
        </span> 
        <span style="color: darkgreen">
          <a href="datatypes.htm#boolean">boolean</a>
        </span> 
        <span style="color: navy">If the element must be usable</span>
        <span style="color: Gray"> --&gt;</span>&lt;/mustSupport&gt;
   &lt;
        <a title="If the element must be understood" class="dict" href="#Profile.resource.element.mustUnderstand">
          <b>mustUnderstand</b>
        </a>&gt;
        <span style="color: Gray">&lt;!--</span> 
        <span style="color: brown">
          <b>0..1</b>
        </span> 
        <span style="color: darkgreen">
          <a href="datatypes.htm#boolean">boolean</a>
        </span> 
        <span style="color: navy">If the element must be understood</span>
        <span style="color: Gray"> --&gt;</span>&lt;/mustUnderstand&gt;
   &lt;
        <a title="" class="dict" href="#Profile.resource.element.mapping">
          <b>mapping</b>
        </a>&gt;  
        <span style="color: Gray">&lt;!-- 
          <span style="color: brown">
            <b>0..*</b>
          </span> --&gt;
        </span>
    &lt;
        <a title="Which mapping this is (v2, CDA, openEHR, etc)" class="dict" href="#Profile.resource.element.mapping.target">
          <b>target</b>
        </a>&gt;
        <span style="color: Gray">&lt;!--</span> 
        <span style="color: brown">
          <b>1..1</b>
        </span> 
        <span style="color: darkgreen">
          <a href="datatypes.htm#string">string</a>
        </span> 
        <span style="color: navy">Which mapping this is (v2, CDA, openEHR, etc)</span>
        <span style="color: Gray"> --&gt;</span>&lt;/target&gt;
    &lt;
        <a title="Details of the mapping" class="dict" href="#Profile.resource.element.mapping.map">
          <b>map</b>
        </a>&gt;
        <span style="color: Gray">&lt;!--</span> 
        <span style="color: brown">
          <b>0..1</b>
        </span> 
        <span style="color: darkgreen">
          <a href="datatypes.htm#string">string</a>
        </span> 
        <span style="color: navy">Details of the mapping</span>
        <span style="color: Gray"> --&gt;</span>&lt;/map&gt;
   &lt;/mapping&gt;
   &lt;
        <a title="If context includes aggregation and type=Resource()" class="dict" href="#Profile.resource.element.resource">
          <b>resource</b>
        </a>&gt;  
        <span style="color: Gray">&lt;!-- If context includes aggregation and type=Resource() --&gt;</span>
    &lt;
        <a title="Whether this resource is aggregated" class="dict" href="#Profile.resource.element.resource.aggregated">
          <b>aggregated</b>
        </a>&gt;
        <span style="color: Gray">&lt;!--</span> 
        <span style="color: brown">
          <b>0..1</b>
        </span> 
        <span style="color: darkgreen">
          <a href="datatypes.htm#boolean">boolean</a>
        </span> 
        <span style="color: navy">Whether this resource is aggregated</span>
        <span style="color: Gray"> --&gt;</span>&lt;/aggregated&gt;
    &lt;
        <a title="Reference to a Resource Profile" class="dict" href="#Profile.resource.element.resource.profile">
          <b>profile</b>
        </a>&gt;
        <span style="color: Gray">&lt;!--</span> 
        <span style="color: brown">
          <b>0..1</b>
        </span> 
        <span style="color: darkgreen">
          <a href="datatypes.htm#uri">uri</a>
        </span> 
        <span style="color: navy">Reference to a Resource Profile</span>
        <span style="color: Gray"> --&gt;</span>&lt;/profile&gt;
   &lt;/resource&gt;
   &lt;
        <a title="Value set id (only if coded)" class="dict" href="#Profile.resource.element.binding">
          <b>binding</b>
        </a>&gt;
        <span style="color: Gray">&lt;!--</span> 
        <span style="color: brown">
          <b>0..1</b>
        </span> 
        <span style="color: darkgreen">
          <a href="datatypes.htm#string">string</a>
        </span> 
        <span style="color: navy">Value set id (only if coded)</span>
        <span style="color: Gray"> --&gt;</span>&lt;/binding&gt;
   &lt;
        <a title="Name (internal ref) or fixed value but not both" class="dict" href="#Profile.resource.element.content">
          <b>content</b>
        </a>&gt;  
        <span style="color: Gray">&lt;!-- 
          <span style="color: brown">
            <b>0..*</b>
          </span> Name (internal ref) or fixed value but not both --&gt;
        </span>
    &lt;
        <a title="to another element constraint (by element.name)" class="dict" href="#Profile.resource.element.content.nameReference">
          <b>nameReference</b>
        </a>&gt;
        <span style="color: Gray">&lt;!--</span> 
        <span title="Either a name or a fixed value is required" style="color: deeppink">
          <b>0..1</b>
        </span> 
        <span style="color: darkgreen">
          <a href="datatypes.htm#string">string</a>
        </span> 
        <span style="color: navy">to another element constraint (by element.name)</span>
        <span style="color: Gray"> --&gt;</span>&lt;/nameReference&gt;
    &lt;
        <a title="Fixed value: [as defined for type]" class="dict" href="#Profile.resource.element.content.value[x]">
          <b>value[x]</b>
        </a> 
        <span title="dataAbsentReason attribute is allowed" style="color: red">d?</span>&gt;
        <span style="color: Gray">&lt;!--</span> 
        <span title="Either a name or a fixed value is required" style="color: deeppink">
          <b>0..1</b>
        </span> 
        <span style="color: navy">Fixed value: [as defined for type]</span>
        <span style="color: Gray"> --&gt;</span>&lt;/value[x]&gt;
   &lt;/content&gt;
   &lt;
        <a title="if list, whether derived profiles can slice more" class="dict" href="#Profile.resource.element.closed">
          <b>closed</b>
        </a>&gt;
        <span style="color: Gray">&lt;!--</span> 
        <span style="color: brown">
          <b>0..1</b>
        </span> 
        <span style="color: darkgreen">
          <a href="datatypes.htm#boolean">boolean</a>
        </span> 
        <span style="color: navy">if list, whether derived profiles can slice more</span>
        <span style="color: Gray"> --&gt;</span>&lt;/closed&gt;
  &lt;/element&gt;
 &lt;/resource&gt;
 &lt;
        <a title="Definition of an extension" class="dict" href="#Profile.extensionDefn">
          <b>extensionDefn</b>
        </a>&gt;  
        <span style="color: Gray">&lt;!-- 
          <span style="color: brown">
            <b>0..*</b>
          </span> Definition of an extension --&gt;
        </span>
  &lt;
        <a title="How the path of the extension is understood" class="dict" href="#Profile.extensionDefn.contextType">
          <b>contextType</b>
        </a>&gt;
        <span style="color: Gray">&lt;!--</span> 
        <span style="color: brown">
          <b>1..1</b>
        </span> 
        <span style="color: darkgreen">
          <a href="datatypes.htm#code">code</a>
        </span> 
        <span style="color: navy">How the path of the extension is understood</span>
        <span style="color: Gray"> --&gt;</span>&lt;/contextType&gt;
  &lt;
        <a title="Details of the extension" class="dict" href="#Profile.extensionDefn.element">
          <b>element</b>
        </a>&gt;
        <span style="color: Gray">&lt;!--</span> 
        <span style="color: brown">
          <b>1..1</b>
        </span> 
        <span style="color: navy">Details of the extension</span>
        <span style="color: Gray"> --&gt;</span>&lt;/element&gt;
 &lt;/extensionDefn&gt;
 &lt;
        <a title="" class="dict" href="#Profile.binding">
          <b>binding</b>
        </a>&gt;  
        <span style="color: Gray">&lt;!-- 
          <span style="color: brown">
            <b>0..*</b>
          </span> --&gt;
        </span>
  &lt;
        <a title="The name of the concept domain that this profile is declaring a constraint on" class="dict" href="#Profile.binding.name">
          <b>name</b>
        </a>&gt;
        <span style="color: Gray">&lt;!--</span> 
        <span style="color: brown">
          <b>1..1</b>
        </span> 
        <span style="color: darkgreen">
          <a href="datatypes.htm#string">string</a>
        </span> 
        <span style="color: navy">concept domain name</span>
        <span style="color: Gray"> --&gt;</span>&lt;/name&gt;
  &lt;
        <a title="The form of the binding" class="dict" href="#Profile.binding.type">
          <b>type</b>
        </a>&gt;
        <span style="color: Gray">&lt;!--</span> 
        <span style="color: brown">
          <b>1..1</b>
        </span> 
        <span style="color: darkgreen">
          <a href="datatypes.htm#code">code</a>
        </span> 
        <span style="color: navy">binding type</span>
        <span style="color: Gray"> --&gt;</span>&lt;/type&gt;
  &lt;
        <a title="extra details - see notes" class="dict" href="#Profile.binding.details">
          <b>details</b>
        </a>&gt;
        <span style="color: Gray">&lt;!--</span> 
        <span title="May be required depending on the value of binding.type" style="color: deeppink">
          <b>0..1</b>
        </span> 
        <span style="color: darkgreen">
          <a href="datatypes.htm#string">string</a>
        </span> 
        <span style="color: navy">extra details - see notes</span>
        <span style="color: Gray"> --&gt;</span>&lt;/details&gt;
  &lt;
        <a title="source of binding content" class="dict" href="#Profile.binding.reference">
          <b>reference</b>
        </a>&gt;
        <span style="color: Gray">&lt;!--</span> 
        <span title="May be required depending on the value of binding.type" style="color: deeppink">
          <b>0..1</b>
        </span> 
        <span style="color: darkgreen">
          <a href="datatypes.htm#uri">uri</a>
        </span> 
        <span style="color: navy">source of binding content</span>
        <span style="color: Gray"> --&gt;</span>&lt;/reference&gt;
  &lt;
        <a title="enumerated codes that are the binding" class="dict" href="#Profile.binding.code">
          <b>code</b>
        </a>&gt;
        <span style="color: Gray">&lt;!--</span> 
        <span title="May be required depending on the value of binding.type" style="color: deeppink">
          <b>0..*</b>
        </span> 
        <span style="color: darkgreen">
          <a href="datatypes.htm#Coding">Coding</a>
        </span> 
        <span style="color: navy">enumerated codes that are the binding</span>
        <span style="color: Gray"> --&gt;</span>&lt;/code&gt;
 &lt;/binding&gt;
 &lt;
        <a title="See Extensions" class="dict" href="#Profile.extensions">
          <b>extensions</b>
        </a> 
        <span title="dataAbsentReason attribute is allowed" style="color: red">d?</span>&gt;
        <span style="color: Gray">&lt;!--</span> 
        <a href="extensibility.htm">
          <span style="color: navy">See Extensions</span>
        </a>   
        <a href="extensibility.htm">
          <span style="color: navy">See Extensions</span>
        </a> 
        <span style="color: Gray"> --&gt;</span>&lt;/extensions&gt;
 &lt;
        <a title="Text summary of resource profile for human interpretation" class="dict" href="#Profile.text">
          <b>text</b>
        </a>&gt;
        <span style="color: Gray">&lt;!--</span> 
        <span style="color: brown">
          <b>1..1</b>
        </span> 
        <span style="color: darkgreen">
          <a href="Narrative.htm#Narrative">Narrative</a>
        </span> 
        <span style="color: navy">Text summary of resource profile for human interpretation</span>
        <span style="color: Gray"> --&gt;</span>&lt;/text&gt;
&lt;/Profile&gt;

      </pre>
    </div>
  </text>
</Profile>