<?xml version="1.0" encoding="UTF-8"?><Profile xmlns="http://hl7.org/fhir">
  <id>15046b9c-2da0-4b80-82ef-c6af6fcfd2bf</id>
  <name>Lipid Profile</name>
  <author>
    <name>Grahame Grieve</name>
    <reference>grahame@healthintersections.com.au</reference>
  </author>
  <intention>Describes how the lab report is used for a Lipid Profile</intention>
  <description>Describes how the lab report is used for a standard Lipid Profile - Cholesterol, Triglyceride, and Cholesterol fractions. Uses LOINC codes</description>
  <status>testing</status>
  <date>2012-05-12</date>
  <endorser>
    <name/>
  </endorser>
  <resource>
    <type>Resource</type>
    <name>Lipids</name>
    <element>
      <path>LabReport</path>
      <name>Lipids</name>
      <definition>The findings and interpretation of a general lipd lab profile</definition>
      <min>1</min>
      <max>1</max>
      <type>Resource</type>
      <dataAbsentReason>false</dataAbsentReason>
      <mustSupport>false</mustSupport>
      <mustUnderstand>false</mustUnderstand>
      <closed>false</closed>
    </element>
    <element>
      <path>LabReport.reportName</path>
      <shortDefn>Loinc Code for Lipid Report with LDL</shortDefn>
      <definition>Loinc Code for Lipid Report with LDL</definition>
      <comments>Loinc code includes &quot;direct&quot; LDL - does this mean LDL derived by measuring VLDL by ultracentrifugation? This panel includes both measured and calculated LDL</comments>
      <min>1</min>
      <max>1</max>
      <type>CodeableConcept</type>
      <dataAbsentReason>false</dataAbsentReason>
      <mustSupport>false</mustSupport>
      <mustUnderstand>true</mustUnderstand>
      <closed>false</closed>
    </element>
    <element>
      <path>LabReport.resultGroup</path>
      <shortDefn>All the results in one group</shortDefn>
      <definition>All the lipid panel results</definition>
      <min>1</min>
      <max>1</max>
      <dataAbsentReason>false</dataAbsentReason>
      <mustSupport>false</mustSupport>
      <mustUnderstand>true</mustUnderstand>
      <closed>false</closed>
    </element>
    <element>
      <path>LabReport.resultGroup.name</path>
      <shortDefn>No name needed for the result group</shortDefn>
      <definition>No name needed for the result group</definition>
      <min>0</min>
      <max>0</max>
      <type>CodeableConcept</type>
      <dataAbsentReason>false</dataAbsentReason>
      <mustSupport>false</mustSupport>
      <mustUnderstand>true</mustUnderstand>
      <closed>false</closed>
    </element>
    <element>
      <path>LabReport.resultGroup.result</path>
      <name>Cholesterol Group</name>
      <definition>Group of elements for Cholesterol result</definition>
      <min>1</min>
      <max>1</max>
      <dataAbsentReason>false</dataAbsentReason>
      <mustSupport>false</mustSupport>
      <mustUnderstand>true</mustUnderstand>
      <closed>false</closed>
    </element>
    <element>
      <path>LabReport.resultGroup.result.name</path>
      <shortDefn>Cholesterol</shortDefn>
      <definition>Cholesterol</definition>
      <min>1</min>
      <max>1</max>
      <type>CodeableConcept</type>
      <dataAbsentReason>false</dataAbsentReason>
      <mustSupport>false</mustSupport>
      <mustUnderstand>true</mustUnderstand>
      <closed>false</closed>
    </element>
    <element>
      <path>LabReport.resultGroup.result.value[x]</path>
      <shortDefn>Cholesterol value</shortDefn>
      <definition>Cholesterol value. If a result is not available, use the comments field</definition>
      <min>0</min>
      <max>1</max>
      <type>Quantity</type>
      <dataAbsentReason>false</dataAbsentReason>
      <mustSupport>false</mustSupport>
      <mustUnderstand>true</mustUnderstand>
      <closed>false</closed>
    </element>
    <element>
      <path>LabReport.resultGroup.result.flag</path>
      <shortDefn>+ | ++ | +++ | - | -- | --- </shortDefn>
      <definition>+ | ++ | +++ | - | -- | --- </definition>
      <min>0</min>
      <max>1</max>
      <type>code</type>
      <dataAbsentReason>false</dataAbsentReason>
      <mustSupport>false</mustSupport>
      <mustUnderstand>true</mustUnderstand>
      <binding>LabResultFlag</binding>
      <closed>false</closed>
    </element>
    <element>
      <path>LabReport.resultGroup.result.comments</path>
      <shortDefn>Comments about result</shortDefn>
      <definition>May include statements about significant, unexpected or unreliable. values, or information about the source of the value where this may be relevant to the interpretation of the result.</definition>
      <min>0</min>
      <max>1</max>
      <type>string</type>
      <dataAbsentReason>false</dataAbsentReason>
      <mustSupport>false</mustSupport>
      <mustUnderstand>true</mustUnderstand>
      <closed>false</closed>
    </element>
    <element>
      <path>LabReport.resultGroup.result.referenceRange</path>
      <min>1</min>
      <max>1</max>
      <dataAbsentReason>false</dataAbsentReason>
      <mustSupport>false</mustSupport>
      <mustUnderstand>true</mustUnderstand>
      <closed>false</closed>
    </element>
    <element>
      <path>LabReport.resultGroup.result.referenceRange.meaning</path>
      <shortDefn>Range is a recommended range</shortDefn>
      <definition>Range is a recommended range</definition>
      <comments>yeah, so I suppose it should be coded, right? But coded how? No publically available terminologies include an appropriate code…</comments>
      <min>0</min>
      <max>0</max>
      <type>CodeableConcept</type>
      <dataAbsentReason>false</dataAbsentReason>
      <mustSupport>false</mustSupport>
      <mustUnderstand>false</mustUnderstand>
      <closed>false</closed>
    </element>
    <element>
      <path>LabReport.resultGroup.result.referenceRange.range[x]</path>
      <definition>&lt;4.5 mmol/L</definition>
      <comments>Per Australian NHF Recommendations</comments>
      <min>1</min>
      <max>1</max>
      <type>Quantity</type>
      <dataAbsentReason>false</dataAbsentReason>
      <mustSupport>false</mustSupport>
      <mustUnderstand>false</mustUnderstand>
      <closed>false</closed>
    </element>
    <element>
      <path>LabReport.resultGroup.result</path>
      <name>Triglyceride Group</name>
      <definition>Group of elements for Triglyceride result</definition>
      <min>1</min>
      <max>1</max>
      <dataAbsentReason>false</dataAbsentReason>
      <mustSupport>false</mustSupport>
      <mustUnderstand>true</mustUnderstand>
      <closed>false</closed>
    </element>
    <element>
      <path>LabReport.resultGroup.result.name</path>
      <shortDefn>Triglyceride</shortDefn>
      <definition>Triglyceride</definition>
      <min>1</min>
      <max>1</max>
      <type>CodeableConcept</type>
      <dataAbsentReason>false</dataAbsentReason>
      <mustSupport>false</mustSupport>
      <mustUnderstand>true</mustUnderstand>
      <closed>false</closed>
    </element>
    <element>
      <path>LabReport.resultGroup.result.value[x]</path>
      <shortDefn>Triglyceride value</shortDefn>
      <definition>Triglyceride value. If a result is not available, use the comments field</definition>
      <min>0</min>
      <max>1</max>
      <type>Quantity</type>
      <dataAbsentReason>false</dataAbsentReason>
      <mustSupport>false</mustSupport>
      <mustUnderstand>true</mustUnderstand>
      <closed>false</closed>
    </element>
    <element>
      <path>LabReport.resultGroup.result.flag</path>
      <shortDefn>+ | ++ | +++ | - | -- | --- </shortDefn>
      <definition>+ | ++ | +++ | - | -- | --- </definition>
      <min>0</min>
      <max>1</max>
      <type>code</type>
      <dataAbsentReason>false</dataAbsentReason>
      <mustSupport>false</mustSupport>
      <mustUnderstand>true</mustUnderstand>
      <binding>LabResultFlag</binding>
      <closed>false</closed>
    </element>
    <element>
      <path>LabReport.resultGroup.result.comments</path>
      <shortDefn>Comments about result</shortDefn>
      <definition>Comments about result</definition>
      <min>0</min>
      <max>1</max>
      <type>string</type>
      <dataAbsentReason>false</dataAbsentReason>
      <mustSupport>false</mustSupport>
      <mustUnderstand>true</mustUnderstand>
      <closed>false</closed>
    </element>
    <element>
      <path>LabReport.resultGroup.result.referenceRange</path>
      <min>1</min>
      <max>1</max>
      <dataAbsentReason>false</dataAbsentReason>
      <mustSupport>false</mustSupport>
      <mustUnderstand>true</mustUnderstand>
      <closed>false</closed>
    </element>
    <element>
      <path>LabReport.resultGroup.result.referenceRange.meaning</path>
      <shortDefn>Range is a recommended range</shortDefn>
      <definition>Range is a recommended range</definition>
      <comments>see note above</comments>
      <min>0</min>
      <max>0</max>
      <type>CodeableConcept</type>
      <dataAbsentReason>false</dataAbsentReason>
      <mustSupport>false</mustSupport>
      <mustUnderstand>false</mustUnderstand>
      <closed>false</closed>
    </element>
    <element>
      <path>LabReport.resultGroup.result.referenceRange.range[x]</path>
      <definition>&lt;2.0 mmol/L</definition>
      <comments>Per Australian NHF Recommendations</comments>
      <min>1</min>
      <max>1</max>
      <type>Quantity</type>
      <dataAbsentReason>false</dataAbsentReason>
      <mustSupport>false</mustSupport>
      <mustUnderstand>false</mustUnderstand>
      <closed>false</closed>
    </element>
    <element>
      <path>LabReport.resultGroup.result</path>
      <name>HDL Cholesteral Group</name>
      <definition>Group of elements for HDL Cholesterol result</definition>
      <min>1</min>
      <max>1</max>
      <dataAbsentReason>false</dataAbsentReason>
      <mustSupport>false</mustSupport>
      <mustUnderstand>true</mustUnderstand>
      <closed>false</closed>
    </element>
    <element>
      <path>LabReport.resultGroup.result.name</path>
      <shortDefn>HDL Cholesterol</shortDefn>
      <definition>HDL Cholesterol</definition>
      <min>1</min>
      <max>1</max>
      <type>CodeableConcept</type>
      <dataAbsentReason>false</dataAbsentReason>
      <mustSupport>false</mustSupport>
      <mustUnderstand>true</mustUnderstand>
      <closed>false</closed>
    </element>
    <element>
      <path>LabReport.resultGroup.result.value[x]</path>
      <shortDefn>HDL Cholesterol value</shortDefn>
      <definition>HDL Cholesterol value. If a result is not available, use the comments field</definition>
      <min>0</min>
      <max>1</max>
      <type>Quantity</type>
      <dataAbsentReason>false</dataAbsentReason>
      <mustSupport>false</mustSupport>
      <mustUnderstand>true</mustUnderstand>
      <closed>false</closed>
    </element>
    <element>
      <path>LabReport.resultGroup.result.flag</path>
      <shortDefn>+ | ++ | +++ | - | -- | --- </shortDefn>
      <definition>+ | ++ | +++ | - | -- | --- </definition>
      <min>0</min>
      <max>1</max>
      <type>code</type>
      <dataAbsentReason>false</dataAbsentReason>
      <mustSupport>false</mustSupport>
      <mustUnderstand>true</mustUnderstand>
      <binding>LabResultFlag</binding>
      <closed>false</closed>
    </element>
    <element>
      <path>LabReport.resultGroup.result.comments</path>
      <shortDefn>Comments about result</shortDefn>
      <definition>Comments about result</definition>
      <min>0</min>
      <max>1</max>
      <type>string</type>
      <dataAbsentReason>false</dataAbsentReason>
      <mustSupport>false</mustSupport>
      <mustUnderstand>true</mustUnderstand>
      <closed>false</closed>
    </element>
    <element>
      <path>LabReport.resultGroup.result.referenceRange</path>
      <min>1</min>
      <max>1</max>
      <dataAbsentReason>false</dataAbsentReason>
      <mustSupport>false</mustSupport>
      <mustUnderstand>true</mustUnderstand>
      <closed>false</closed>
    </element>
    <element>
      <path>LabReport.resultGroup.result.referenceRange.meaning</path>
      <shortDefn>Range is a recommended range</shortDefn>
      <definition>Range is a recommended range</definition>
      <comments>See note above</comments>
      <min>0</min>
      <max>0</max>
      <type>CodeableConcept</type>
      <dataAbsentReason>false</dataAbsentReason>
      <mustSupport>false</mustSupport>
      <mustUnderstand>false</mustUnderstand>
      <closed>false</closed>
    </element>
    <element>
      <path>LabReport.resultGroup.result.referenceRange.range[x]</path>
      <definition>&gt;1.5 mmol/L</definition>
      <comments>Per Australian NHF Recommendations</comments>
      <min>1</min>
      <max>1</max>
      <type>Quantity</type>
      <dataAbsentReason>false</dataAbsentReason>
      <mustSupport>false</mustSupport>
      <mustUnderstand>false</mustUnderstand>
      <closed>false</closed>
    </element>
    <element>
      <path>LabReport.resultGroup.result</path>
      <name>LDL Cholesteral Group</name>
      <shortDefn>LDL Cholesterol result, if reported</shortDefn>
      <definition>LDL Cholesterol result, if reported</definition>
      <min>0</min>
      <max>1</max>
      <dataAbsentReason>false</dataAbsentReason>
      <mustSupport>false</mustSupport>
      <mustUnderstand>true</mustUnderstand>
      <closed>false</closed>
    </element>
    <element>
      <path>LabReport.resultGroup.result.name</path>
      <shortDefn>LDL Cholesterol. LOINC code defines measured or calc</shortDefn>
      <definition>Group of elements for LDL Cholesterol. Loinc code defines whether LDL is measured or calculated</definition>
      <min>1</min>
      <max>1</max>
      <type>CodeableConcept</type>
      <dataAbsentReason>false</dataAbsentReason>
      <mustSupport>false</mustSupport>
      <mustUnderstand>true</mustUnderstand>
      <binding>Loinc 35198-1 | Loinc 13457-7</binding>
      <closed>false</closed>
    </element>
    <element>
      <path>LabReport.resultGroup.result.value[x]</path>
      <shortDefn>LDL Cholesterol value</shortDefn>
      <definition>LDL Cholesterol value. If a result is not available, use the comments field</definition>
      <min>0</min>
      <max>1</max>
      <type>Quantity</type>
      <dataAbsentReason>false</dataAbsentReason>
      <mustSupport>false</mustSupport>
      <mustUnderstand>true</mustUnderstand>
      <closed>false</closed>
    </element>
    <element>
      <path>LabReport.resultGroup.result.flag</path>
      <shortDefn>+ | ++ | +++ | - | -- | --- </shortDefn>
      <definition>+ | ++ | +++ | - | -- | --- </definition>
      <min>0</min>
      <max>1</max>
      <type>code</type>
      <dataAbsentReason>false</dataAbsentReason>
      <mustSupport>false</mustSupport>
      <mustUnderstand>true</mustUnderstand>
      <binding>LabResultFlag</binding>
      <closed>false</closed>
    </element>
    <element>
      <path>LabReport.resultGroup.result.comments</path>
      <shortDefn>Comments about result</shortDefn>
      <definition>Comments about result</definition>
      <min>0</min>
      <max>1</max>
      <type>string</type>
      <dataAbsentReason>false</dataAbsentReason>
      <mustSupport>false</mustSupport>
      <mustUnderstand>true</mustUnderstand>
      <closed>false</closed>
    </element>
    <element>
      <path>LabReport.resultGroup.result.referenceRange</path>
      <min>1</min>
      <max>1</max>
      <dataAbsentReason>false</dataAbsentReason>
      <mustSupport>false</mustSupport>
      <mustUnderstand>true</mustUnderstand>
      <closed>false</closed>
    </element>
    <element>
      <path>LabReport.resultGroup.result.referenceRange.meaning</path>
      <shortDefn>Range is a recommended range</shortDefn>
      <definition>Range is a recommended range</definition>
      <comments>See Note above</comments>
      <min>0</min>
      <max>0</max>
      <type>CodeableConcept</type>
      <dataAbsentReason>false</dataAbsentReason>
      <mustSupport>false</mustSupport>
      <mustUnderstand>false</mustUnderstand>
      <closed>false</closed>
    </element>
    <element>
      <path>LabReport.resultGroup.result.referenceRange.range[x]</path>
      <definition>&lt;3.0 mmol/L</definition>
      <comments>Per Australian NHF Recommendations</comments>
      <min>1</min>
      <max>1</max>
      <type>Quantity</type>
      <dataAbsentReason>false</dataAbsentReason>
      <mustSupport>false</mustSupport>
      <mustUnderstand>false</mustUnderstand>
      <closed>false</closed>
    </element>
    <element>
      <path>LabReport.conclusion</path>
      <shortDefn>Clinical Interpretation of Lipid Panel</shortDefn>
      <definition>May include diagnosis or suggestions for follow up testing</definition>
      <min>0</min>
      <max>1</max>
      <type>Narrative</type>
      <dataAbsentReason>false</dataAbsentReason>
      <mustSupport>false</mustSupport>
      <mustUnderstand>true</mustUnderstand>
      <closed>false</closed>
    </element>
    <element>
      <path>LabReport.codedDiagnosis</path>
      <shortDefn>Codes for the conclusion</shortDefn>
      <definition>Codes for the conclusion</definition>
      <min>0</min>
      <max>0</max>
      <type>CodeableConcept</type>
      <dataAbsentReason>false</dataAbsentReason>
      <mustSupport>false</mustSupport>
      <mustUnderstand>false</mustUnderstand>
      <binding>LabDiagnosisCodes</binding>
      <closed>false</closed>
    </element>
  </resource>
  <text>
    <status>generated</status>
    <div xmlns="http://www.w3.org/1999/xhtml">test</div>
  </text>
</Profile>