<?xml version="1.0" encoding="UTF-8"?><Valueset xmlns="http://hl7.org/fhir">
  <id>34234</id>
	
  <text>
    <status>generated</status>
    <div xmlns="http://www.w3.org/1999/xhtml">
      <table>
        <tbody>
          <tr>
            <td>Name</td>
            <td>Peter James <b>Chalmers</b> (&quot;Jim&quot;)</td>
          </tr>
          <tr>
            <td>Address</td>
            <td>534 Erewhon, Pleasantville, Vic, 3999</td>
          </tr>
          <tr>
            <td>Contacts</td>
            <td>Home: unknown. Work: (03) 5555 6473</td>
          </tr>
          <tr>
            <td>Id</td>
            <td>MRN: 12345 (Acme Healthcare)</td>
          </tr>
        </tbody>
      </table>
    </div>
  </text>
</Valueset>