<?xml version="1.0" encoding="UTF-8"?><CarePlan xmlns="http://hl7.org/fhir">
  <text>
    <status value="generated"/>
    <div xmlns="http://www.w3.org/1999/xhtml">
      <p>Patient family is not ready to commit to goal setting at this time.  Goal setting will be addressed in the future</p>
      <table>
        <thead>
          <tr>
            <th>Start Date</th>
            <th>Goal</th>
            <th>Action Steps</th>
            <th>Status</th>
            <th>Date Last Updated</th>
            <th>Comments</th>
          </tr>
        </thead>
        <tbody>
          <tr>
            <td>10 Sep 2012</td>
            <td>Eve will lose weight and reduce her GERDS symptoms by improving her diet</td>
            <td>Eve will review photos of high and low density foods and share with her parents</td>
            <td>New Goal</td>
            <td>10 Sep 2012</td>
            <td>9/10/12 Eve eats one meal a day with her parents</td>
          </tr>
          <tr>
            <td>10 Sep 2012</td>
            <td>Eve will lose weight and reduce her GERDS symptoms by improving her diet</td>
            <td>Eve will ask her dad to asist her to put the head of her bed on blocks</td>
            <td>New Goal</td>
            <td>10 Sep 2012</td>
            <td>9/10/12 Eve will sleep in her bed more often than the couch</td>
          </tr>
          <tr>
            <td>10 Sep 2012</td>
            <td>Eve will improve her GERDS symptoms</td>
            <td>Eve will reduce her intake of coffee and chocolate</td>
            <td>In Process</td>
            <td>10 Sep 2012</td>
            <td/>
          </tr>
          <tr>
            <td>27 Aug 2012</td>
            <td>Eve will increase her energy by being more active</td>
            <td>Eve will walk her friend&#39;s dog up and down a big hill 15-30 minutes 3 days a week</td>
            <td>In Process</td>
            <td>10 Sep 2012</td>
            <td>8/27/12 Eve would like to try for 5 days a week.  9/10/12 Eve is still walking the dogs.</td>
          </tr>
          <tr>
            <td>23 Jul 2012</td>
            <td>Eve will increase her energy by being more active</td>
            <td>Eve will walk 3 blocks to her parents house twice a week</td>
            <td>In Process</td>
            <td>10 Sep 2012</td>
            <td>8/13/12 Eve walked 4 times the last week.  9/10/12 Eve did not walk to her parents the last week, but has plans to start again</td>
          </tr>
          <tr>
            <td>23 Jul 2012</td>
            <td>Eve will set up her medications and take as prescribed</td>
            <td>Eve will us a calendar to check off after medications are taken</td>
            <td>In Process</td>
            <td>13 Aug 2012</td>
            <td/>
          </tr>
          <tr>
            <td>23 Jul 2012</td>
            <td>Eve will restart her light treatments</td>
            <td>Eve will use her lights MWF after her shower for 3 minutes</td>
            <td>In Process</td>
            <td>27 Aug 2012</td>
            <td>8/13/12 After restarting the vinegar soaks the psoriasis is improved and Eve plans to treat the remainder with light treatments.  She plans to start this week.  8/27/12 Since her skin is improved Eve has not been using the light treatment as often, maybe once a week.  She would like to increase to 3 times a week again</td>
          </tr>
          <tr>
            <td>10 Jul 2012</td>
            <td>Eve will set up her medications and take as prescribed</td>
            <td>Eve will use a calendar of a chart to help her remember when to take her medications</td>
            <td>In Process</td>
            <td>10 Sep 2012</td>
            <td>7/23/12 Eve created a chart as a reminer to take the medications that do not fit in her pill box</td>
          </tr>
          <tr>
            <td>23 Jul 2012</td>
            <td>Eve will increase her energy by being more active</td>
            <td>Eve will start using stretch bands and one step 2 days a week Mon/Wed 6-7am and maybe Friday afternoon</td>
            <td>On-Hold</td>
            <td>23 Aug 2012</td>
            <td>7/30/12 will be able to esume exercise.  8/13/12 Eve prefers to focus on walking at this time</td>
          </tr>
          <tr>
            <td>10 Jul 2012</td>
            <td>Eve will set up her medications and take as prescribed</td>
            <td>Eve will match a printed medication worksheet with the medication bottles at home</td>
            <td>Completed</td>
            <td>23 Jul 2012</td>
            <td/>
          </tr>
          <tr>
            <td>10 Jul 2012</td>
            <td>Eve will set up her medications and take as prescribed</td>
            <td>Eve will get a medication box to sort her pills.  She will have one for scheduled medications and one for as needed</td>
            <td>Completed</td>
            <td>16 Jul 2012</td>
            <td>7/16/12 Eve now has some of her medications set up in pill packs by her pharmacist</td>
          </tr>
          <tr>
            <td>23 Jul 2012</td>
            <td>Eve will increase her energy by being more active</td>
            <td>Eve will open &quot;The Firm&quot; DVD workout package and listen to it</td>
            <td>Discontinued</td>
            <td>13 Aug 2012</td>
            <td>7/30/12 Eve will be able to resume exercise on 7/30/12.  8/13/12 -hold until &quot;less busy&quot;</td>
          </tr>
        </tbody>
      </table>
    </div>
  </text>
  <contained>
    <!--  Problems could be further encoded and detailed.  
      Could also be handled as references to external resources.
      And not essential to have them captured at all.
      For purposes of example, will represent this way.  -->
    <Problem id="p1">
      <subject>
        <type value="Patient"/>
        <url value="../patient/@1"/>
        <display value="Eve Everywoman"/>
      </subject>
      <code>
        <text value="GERDS"/>
      </code>
    </Problem>
  </contained>
  <contained>
    <Problem id="p2">
      <subject>
        <type value="Patient"/>
        <url value="../patient/@1"/>
        <display value="Eve Everywoman"/>
      </subject>
      <code>
        <text value="Obesity"/>
      </code>
    </Problem>
  </contained>
  <contained>
    <Problem id="p3">
      <subject>
        <type value="Patient"/>
        <url value="../patient/@1"/>
        <display value="Eve Everywoman"/>
      </subject>
      <code>
        <text value="Psoriasis"/>
      </code>
    </Problem>
  </contained>
  <patient>
    <type value="Patient"/>
    <url value="../patient/@1"/>
    <display value="Eve Everywoman"/>
  </patient>
  <status value="active"/>
  <modified value="2012-09-10"/>
  <concern>
    <type value="Problem"/>
    <url value="#p1"/> <!--  Local reference  -->
    <display value="GERDS"/>
  </concern>
  <concern>
    <type value="Problem"/>
    <url value="#p2"/> <!--  Local reference  -->
    <display value="Obesity"/>
  </concern>
  <concern>
    <type value="Problem"/>
    <url value="#p3"/> <!--  Local reference  -->
    <display value="Psoriasis"/>
  </concern>
  <goal id="g1">
    <description value="Eve will lose weight and reduce her GERDS symptoms by improving her diet"/>
    <status value="in progress"/>
  </goal>
  <goal id="g2">
    <description value="Eve will improve her GERDS symptoms"/>
    <status value="in progress"/>
  </goal>
  <goal id="g3">
    <description value="Eve will increase her energy by being more active"/>
    <status value="in progress"/>
  </goal>
  <goal id="g4">
    <description value="Eve will set up her medications and take as prescribed"/>
    <status value="in progress"/>
  </goal>
  <goal id="g5">
    <description value="Eve will restart her light treatments"/>
    <status value="in progress"/>
  </goal>
  <activity>
    <extension>
      <url value="http://exampleDoNotUse/EnhancedCarePlan/ActivityGoalLink"/>
      <valueUri value="#g1"/>
    </extension>
    <extension>
      <url value="http://exampleDoNotUse/General/RevisionDate"/>
      <valueDate value="2012-09-10"/>
    </extension>
    <category value="other"/>
    <status value="not started"/>
    <prohibited value="false"/>
    <timingPeriod>
      <start value="2012-09-10"/>
    </timingPeriod>
    <details value="Eve will review photos of high and low density foods and share with her parents"/>
    <notes value="9/10/12 Eve eats one meal a day with her parents"/>
  </activity>
  <activity>
    <extension>
      <url value="http://exampleDoNotUse/EnhancedCarePlan/ActivityGoalLink"/>
      <valueUri value="#g1"/>
    </extension>
    <extension>
      <url value="http://exampleDoNotUse/General/RevisionDate"/>
      <valueDate value="2012-09-10"/>
    </extension>
    <category value="other"/>
    <status value="not started"/>
    <prohibited value="false"/>
    <timingPeriod>
      <start value="2012-09-10"/>
    </timingPeriod>
    <details value="Eve will ask her dad to asist her to put the head of her bed on blocks"/>
    <notes value="9/10/12 Eve will sleep in her bed more often than the couch"/>
  </activity>
  <activity>
    <extension>
      <url value="http://exampleDoNotUse/EnhancedCarePlan/ActivityGoalLink"/>
      <valueUri value="#g2"/>
    </extension>
    <extension>
      <url value="http://exampleDoNotUse/General/RevisionDate"/>
      <valueDate value="2012-09-10"/>
    </extension>
    <category value="other"/>
    <status value="ongoing"/>
    <prohibited value="false"/>
    <timingPeriod>
      <start value="2012-09-10"/>
    </timingPeriod>
    <details value="Eve will reduce her intake of coffee and chocolate"/>
  </activity>
  <activity>
    <extension>
      <url value="http://exampleDoNotUse/EnhancedCarePlan/ActivityGoalLink"/>
      <valueUri value="#g3"/>
    </extension>
    <extension>
      <url value="http://exampleDoNotUse/General/RevisionDate"/>
      <valueDate value="2012-09-10"/>
    </extension>
    <category value="other"/>
    <status value="ongoing"/>
    <prohibited value="false"/>
    <timingPeriod>
      <start value="2012-08-27"/>
    </timingPeriod>
    <details value="Eve will walk her friend&#39;s dog up and down a big hill 15-30 minutes 3 days a week"/>
    <notes value="8/27/12 Eve would like to try for 5 days a week.  9/10/12 Eve is still walking the dogs."/>
  </activity>
  <activity>
    <extension>
      <url value="http://exampleDoNotUse/EnhancedCarePlan/ActivityGoalLink"/>
      <valueUri value="#g3"/>
    </extension>
    <extension>
      <url value="http://exampleDoNotUse/General/RevisionDate"/>
      <valueDate value="2012-09-10"/>
    </extension>
    <category value="other"/>
    <status value="ongoing"/>
    <prohibited value="false"/>
    <timingPeriod>
      <start value="2012-07-23"/>
    </timingPeriod>
    <details value="Eve will walk 3 blocks to her parents house twice a week"/>
    <notes value="8/13/12 Eve walked 4 times the last week.  9/10/12 Eve did not walk to her parents the last week, but has plans to start again"/>
  </activity>
  <activity>
    <extension>
      <url value="http://exampleDoNotUse/EnhancedCarePlan/ActivityGoalLink"/>
      <valueUri value="#g4"/>
    </extension>
    <extension>
      <url value="http://exampleDoNotUse/General/RevisionDate"/>
      <valueDate value="2012-08-13"/>
    </extension>
    <category value="other"/>
    <status value="ongoing"/>
    <prohibited value="false"/>
    <timingPeriod>
      <start value="2012-07-23"/>
    </timingPeriod>
    <details value="Eve will us a calendar to check off after medications are taken"/>
  </activity>
  <activity>
    <extension>
      <url value="http://exampleDoNotUse/EnhancedCarePlan/ActivityGoalLink"/>
      <valueUri value="#g5"/>
    </extension>
    <extension>
      <url value="http://exampleDoNotUse/General/RevisionDate"/>
      <valueDate value="2012-08-27"/>
    </extension>
    <category value="other"/>
    <status value="ongoing"/>
    <prohibited value="false"/>
    <timingPeriod>
      <start value="2012-07-23"/>
    </timingPeriod>
    <details value="Eve will use her lights MWF after her shower for 3 minutes"/>
    <notes value="8/13/12 After restarting the vinegar soaks the psoriasis is improved and Eve plans to treat the remainder with light treatments.  She plans to start this week.  8/27/12 Since her skin is improved Eve has not been using the light treatment as often, maybe once a week.  She would like to increase to 3 times a week again"/>
  </activity>
  <activity>
    <extension>
      <url value="http://exampleDoNotUse/EnhancedCarePlan/ActivityGoalLink"/>
      <valueUri value="#g4"/>
    </extension>
    <extension>
      <url value="http://exampleDoNotUse/General/RevisionDate"/>
      <valueDate value="2012-09-10"/>
    </extension>
    <category value="other"/>
    <status value="ongoing"/>
    <prohibited value="false"/>
    <timingPeriod>
      <start value="2012-07-10"/>
    </timingPeriod>
    <details value="Eve will use a calendar of a chart to help her remember when to take her medications"/>
    <notes value="7/23/12 Eve created a chart as a reminer to take the medications that do not fit in her pill box"/>
  </activity>
  <activity>
    <extension>
      <url value="http://exampleDoNotUse/EnhancedCarePlan/ActivityGoalLink"/>
      <valueUri value="#g3"/>
    </extension>
    <extension>
      <url value="http://exampleDoNotUse/General/RevisionDate"/>
      <valueDate value="2012-08-23"/>
    </extension>
    <category value="other"/>
    <status value="on hold"/>
    <prohibited value="false"/>
    <timingPeriod>
      <start value="2012-07-23"/>
    </timingPeriod>
    <details value="Eve will start using stretch bands and one step 2 days a week Mon/Wed 6-7am and maybe Friday afternoon"/>
    <notes value="7/30/12 will be able to esume exercise.  8/13/12 Eve prefers to focus on walking at this time"/>
  </activity>
  <activity>
    <extension>
      <url value="http://exampleDoNotUse/EnhancedCarePlan/ActivityGoalLink"/>
      <valueUri value="#g4"/>
    </extension>
    <extension>
      <url value="http://exampleDoNotUse/General/RevisionDate"/>
      <valueDate value="2012-07-23"/>
    </extension>
    <category value="other"/>
    <status value="completed"/>
    <prohibited value="false"/>
    <timingPeriod>
      <start value="2012-07-10"/>
    </timingPeriod>
    <details value="Eve will match a printed medication worksheet with the medication bottles at home"/>
  </activity>
  <activity>
    <extension>
      <url value="http://exampleDoNotUse/EnhancedCarePlan/ActivityGoalLink"/>
      <valueUri value="#g4"/>
    </extension>
    <extension>
      <url value="http://exampleDoNotUse/General/RevisionDate"/>
      <valueDate value="2012-07-16"/>
    </extension>
    <category value="other"/>
    <status value="completed"/>
    <prohibited value="false"/>
    <timingPeriod>
      <start value="2012-07-10"/>
    </timingPeriod>
    <details value="Eve will get a medication box to sort her pills.  She will have one for scheduled medications and one for as needed"/>
    <notes value="7/16/12 Eve now has some of her medications set up in pill packs by her pharmacist"/>
  </activity>
  <activity>
    <extension>
      <url value="http://exampleDoNotUse/EnhancedCarePlan/ActivityGoalLink"/>
      <valueUri value="#g3"/>
    </extension>
    <extension>
      <url value="http://exampleDoNotUse/General/RevisionDate"/>
      <valueDate value="2012-08-13"/>
    </extension>
    <category value="other"/>
    <status value="discontinued"/>
    <prohibited value="false"/>
    <timingPeriod>
      <start value="2012-07-23"/>
    </timingPeriod>
    <details value="Eve will open &quot;The Firm&quot; DVD workout package and listen to it"/>
    <notes value="7/30/12 Eve will be able to resume exercise on 7/30/12.  8/13/12 -hold until &quot;less busy&quot;"/>
  </activity>
  <notes value="Patient family is not ready to commit to goal setting at this time.  Goal setting will be addressed in the future"/>
</CarePlan>