<?xml version="1.0" encoding="UTF-8"?>

<Profile xmlns="http://hl7.org/fhir">
  <text>
    <status value="generated"/><div xmlns="http://www.w3.org/1999/xhtml"><pre>
&lt;<a title="A patient-specific category into which resources may be placed. The resources are collected by their clinical function" class="dict" href="category-definitions.htm#Category"><b>Category</b></a> xmlns=&quot;http://hl7.org/fhir&quot;&gt;
 &lt;<a title="Contain the set of codes specifying the type of clinical category that caused resources to be placed in this Category" class="dict" href="category-definitions.htm#Category.code"><b>code</b></a>&gt;<span style="color: Gray">&lt;!--</span> <span style="color: brown"><b>1..*</b></span> <span style="color: darkgreen"><a href="datatypes.htm#CodeableConcept">CodeableConcept</a></span> <span style="color: navy">Type of clinical concept this category represents</span><span style="color: Gray"> --&gt;</span>&lt;/code&gt;
 &lt;<a title="Represents the title of the Category" class="dict" href="category-definitions.htm#Category.title"><b>title</b></a> value=&quot;[<span style="color: darkgreen"><a href="datatypes.htm#string">string</a></span>]&quot;/&gt;<span style="color: Gray">&lt;!--</span> <span style="color: brown"><b>0..1</b></span> <span style="color: navy">Descriptional title of the category</span><span style="color: Gray"> --&gt;</span>
 &lt;<a title="Optionally specifies that for this category, all resources belong to this subject (this element must be understood)" class="dict" href="category-definitions.htm#Category.subject"><span style="text-decoration: underline"><b>subject</b></span></a>&gt;<span style="color: Gray">&lt;!--</span> <span style="color: brown"><b>0..1</b></span> <span style="color: darkgreen"><a href="resources.htm#Resource">Resource</a>(<a href="patient.htm#Patient">Patient</a>|<a href="provider.htm#Provider">Provider</a>|<a href="device.htm#Device">Device</a>|<a href="group.htm#Group">Group</a>)</span> <span style="color: navy">If all resources belong to this subject</span><span style="color: Gray"> --&gt;</span>&lt;/subject&gt;
&lt;/Category&gt;
</pre></div>
  </text>
  <name value="category"/>
  <author>
    <name value="todo (committee)"/>
  </author>
  <description value="Basic Profile. A patient-specific category into which resources may be placed. The resources are collected by their clinical function"/>
  <status>
    <code value="testing"/>
    <date value="2013-04-09"/>
  </status>
  <constraint>
    <type value="Category"/>
    <element>
      <path value="Category"/>
      <definition>
        <short value="A patient-specific category into which resources may be placed"/>
        <formal value="A patient-specific category into which resources may be placed. The resources are collected by their clinical function"/>
        <comments value="Category differs from list because a list points to other resources, but other resources point to the category into which they belong"/>
        <min value="1"/>
        <max value="1"/>
        <type>
          <code value="Resource"/>
        </type>
        <mustUnderstand value="false"/>
      </definition>
    </element>
    <element>
      <path value="Category.extension"/>
      <definition>
        <short value="Additional Content defined by implementations"/>
        <formal value="May be used to represent additional information that is not part of the basic definition of the resource. In order to make the use of extensions safe and manageable, there is a strict governance applied to the definition and use of extensions. Though any implementer is allowed to define an extension, there is a set of requirements that must be met as part of the definition of the extension"/>
        <comments value="there can be no stigma
associated with the use of extensions by any application, project, or standard - regardless of the institution or jurisdiction that uses or defines the extensions.  The use of extensions is what allows the FHIR specification to retain a core simplicity for everyone"/>
        <synonym value="extensions"/>
        <synonym value="user content"/>
        <min value="0"/>
        <max value="*"/>
        <type>
          <code value="Extension"/>
        </type>
      </definition>
    </element>
    <element>
      <path value="Category.text"/>
      <definition>
        <short value="Text summary of the resource, for human interpretation"/>
        <formal value="A human readable narrative that contains a summary of the resource, and may be used to represent the content of the resource to a human. The narrative need not encode all the structured data, but is required to contain sufficient detail to make it &quot;clinically safe&quot; for a human to just read the narrative. Resource definitions may define what content should be represented in the narrative to ensure clinical safety"/>
        <comments value="Contained resources do not have narrative. Resources that are not contained SHOULD have a narrative"/>
        <synonym value="narrative"/>
        <synonym value="html"/>
        <synonym value="xhtml"/>
        <synonym value="display"/>
        <min value="0"/>
        <max value="1"/>
        <type>
          <code value="Narrative"/>
        </type>
      </definition>
    </element>
    <element>
      <path value="Category.contained"/>
      <definition>
        <short value="Contained, inline Resources"/>
        <formal value="These resources do not have an independent existence apart from the resource that contains them - they cannot be identified independently, and nor can they have their own independent transaction scope"/>
        <comments value="This should never be done when the content can be identified properly, as once identification is lost, it is extremely difficult (and context dependent) to restore it again"/>
        <synonym value="inline resources"/>
        <synonym value="anonymous resources"/>
        <synonym value="contained resources"/>
        <min value="0"/>
        <max value="*"/>
        <type>
          <code value="Resource"/>
        </type>
      </definition>
    </element>
    <element>
      <path value="Category.code"/>
      <definition>
        <short value="Type of clinical concept this category represents"/>
        <formal value="Contain the set of codes specifying the type of clinical category that caused resources to be placed in this Category"/>
        <comments value="These values shall be drawn from a vocabulary or coding scheme defined by the XDS Affinity Domain"/>
        <min value="1"/>
        <max value="*"/>
        <type>
          <code value="CodeableConcept"/>
        </type>
        <mustUnderstand value="false"/>
      </definition>
    </element>
    <element>
      <path value="Category.title"/>
      <definition>
        <short value="Descriptional title of the category"/>
        <formal value="Represents the title of the Category"/>
        <min value="0"/>
        <max value="1"/>
        <type>
          <code value="string"/>
        </type>
        <mustUnderstand value="false"/>
      </definition>
    </element>
    <element>
      <path value="Category.subject"/>
      <definition>
        <short value="If all resources belong to this subject"/>
        <formal value="Optionally specifies that for this category, all resources belong to this subject"/>
        <comments value="This is must-Understand because categories may either be scoped to a particular subject or not. If they are, systems must observe this restriction"/>
        <min value="0"/>
        <max value="1"/>
        <type>
          <code value="Resource(Patient|Provider|Device|Group)"/>
        </type>
        <mustUnderstand value="true"/>
      </definition>
    </element>
    <searchParam>
      <name value="title"/>
      <type value="string"/>
      <repeats value="union"/>
      <documentation value="the title of the category"/>
    </searchParam>
    <searchParam>
      <name value="_id"/>
      <type value="token"/>
      <repeats value="single"/>
      <documentation value="The logical resource id associated with the resource (must be supported by all servers)"/>
    </searchParam>
    <searchParam>
      <name value="code"/>
      <type value="qtoken"/>
      <repeats value="union"/>
      <documentation value="a code that describes the category"/>
    </searchParam>
  </constraint>
</Profile>