<?xml version="1.0" encoding="UTF-8"?>

<Profile xmlns="http://hl7.org/fhir">
  <text>
    <status value="generated"/><div xmlns="http://www.w3.org/1999/xhtml"><pre>
&lt;<a title="A set of data produced by a device" class="dict" href="devicelog-definitions.htm#DeviceLog"><b>DeviceLog</b></a> xmlns=&quot;http://hl7.org/fhir&quot;&gt;
 &lt;<a title="The point in time that the values are reported" class="dict" href="devicelog-definitions.htm#DeviceLog.instant"><b>instant</b></a> value=&quot;[<span style="color: darkgreen"><a href="datatypes.htm#instant">instant</a></span>]&quot;/&gt;<span style="color: Gray">&lt;!--</span> <span style="color: brown"><b>0..1</b></span> <span style="color: navy">When the data values are reported</span><span style="color: Gray"> --&gt;</span>
 &lt;<a title="An item of data that the device produces" class="dict" href="devicelog-definitions.htm#DeviceLog.item"><b>item</b></a>&gt;  <span style="color: Gray">&lt;!-- <span style="color: brown"><b>0..*</b></span> An item of data --&gt;</span>
  &lt;<a title="Reference to a device capabilities declaration" class="dict" href="devicelog-definitions.htm#DeviceLog.item.key"><b>key</b></a> value=&quot;[<span style="color: darkgreen"><a href="datatypes.htm#string">string</a></span>]&quot;/&gt;<span style="color: Gray">&lt;!--</span> <span style="color: brown"><b>1..1</b></span> <span style="color: navy">Reference to device capabilities declaration</span><span style="color: Gray"> --&gt;</span>
  &lt;<a title="The value of the data item, if available" class="dict" href="devicelog-definitions.htm#DeviceLog.item.value"><b>value</b></a> value=&quot;[<span style="color: darkgreen"><a href="datatypes.htm#string">string</a></span>]&quot;/&gt;<span style="color: Gray">&lt;!--</span> <span style="color: brown"><b>0..1</b></span> <span style="color: navy">The value of the data item, if available</span><span style="color: Gray"> --&gt;</span>
  &lt;<a title="Information about the quality of the data etc (this element must be understood)" class="dict" href="devicelog-definitions.htm#DeviceLog.item.flag"><span style="text-decoration: underline"><b>flag</b></span></a> value=&quot;[<span style="color: darkgreen"><a href="datatypes.htm#code">code</a></span>]&quot;/&gt;<span style="color: Gray">&lt;!--</span> <span style="color: brown"><b>0..*</b></span> <span style="color: navy">Information about the quality of the data etc</span><span style="color: Gray"> --&gt;</span>
 &lt;/item&gt;
&lt;/DeviceLog&gt;
</pre></div>
  </text>
  <name value="devicelog"/>
  <author>
    <name value="todo (committee)"/>
  </author>
  <description value="Basic Profile. A set of data produced by a device"/>
  <status>
    <code value="testing"/>
    <date value="2013-04-09"/>
  </status>
  <constraint>
    <type value="DeviceLog"/>
    <element>
      <path value="DeviceLog"/>
      <definition>
        <short value="A set of data produced by a device"/>
        <formal value="A set of data produced by a device"/>
        <comments value="This resource can only be understood in the context of the DeviceCapabilities that defines what the meanings of the key values are"/>
        <min value="1"/>
        <max value="1"/>
        <type>
          <code value="Resource"/>
        </type>
        <mustUnderstand value="false"/>
      </definition>
    </element>
    <element>
      <path value="DeviceLog.extension"/>
      <definition>
        <short value="Additional Content defined by implementations"/>
        <formal value="May be used to represent additional information that is not part of the basic definition of the resource. In order to make the use of extensions safe and manageable, there is a strict governance applied to the definition and use of extensions. Though any implementer is allowed to define an extension, there is a set of requirements that must be met as part of the definition of the extension"/>
        <comments value="there can be no stigma
associated with the use of extensions by any application, project, or standard - regardless of the institution or jurisdiction that uses or defines the extensions.  The use of extensions is what allows the FHIR specification to retain a core simplicity for everyone"/>
        <synonym value="extensions"/>
        <synonym value="user content"/>
        <min value="0"/>
        <max value="*"/>
        <type>
          <code value="Extension"/>
        </type>
      </definition>
    </element>
    <element>
      <path value="DeviceLog.text"/>
      <definition>
        <short value="Text summary of the resource, for human interpretation"/>
        <formal value="A human readable narrative that contains a summary of the resource, and may be used to represent the content of the resource to a human. The narrative need not encode all the structured data, but is required to contain sufficient detail to make it &quot;clinically safe&quot; for a human to just read the narrative. Resource definitions may define what content should be represented in the narrative to ensure clinical safety"/>
        <comments value="Contained resources do not have narrative. Resources that are not contained SHOULD have a narrative"/>
        <synonym value="narrative"/>
        <synonym value="html"/>
        <synonym value="xhtml"/>
        <synonym value="display"/>
        <min value="0"/>
        <max value="1"/>
        <type>
          <code value="Narrative"/>
        </type>
      </definition>
    </element>
    <element>
      <path value="DeviceLog.contained"/>
      <definition>
        <short value="Contained, inline Resources"/>
        <formal value="These resources do not have an independent existence apart from the resource that contains them - they cannot be identified independently, and nor can they have their own independent transaction scope"/>
        <comments value="This should never be done when the content can be identified properly, as once identification is lost, it is extremely difficult (and context dependent) to restore it again"/>
        <synonym value="inline resources"/>
        <synonym value="anonymous resources"/>
        <synonym value="contained resources"/>
        <min value="0"/>
        <max value="*"/>
        <type>
          <code value="Resource"/>
        </type>
      </definition>
    </element>
    <element>
      <path value="DeviceLog.instant"/>
      <definition>
        <short value="When the data values are reported"/>
        <formal value="The point in time that the values are reported"/>
        <comments value="Not all devices have clocks, and so the time may not be included"/>
        <min value="0"/>
        <max value="1"/>
        <type>
          <code value="instant"/>
        </type>
        <mustUnderstand value="false"/>
      </definition>
    </element>
    <element>
      <path value="DeviceLog.item"/>
      <definition>
        <short value="An item of data"/>
        <formal value="An item of data that the device produces"/>
        <min value="0"/>
        <max value="*"/>
        <mustUnderstand value="false"/>
      </definition>
    </element>
    <element>
      <path value="DeviceLog.item.key"/>
      <definition>
        <short value="Reference to device capabilities declaration"/>
        <formal value="Reference to a device capabilities declaration"/>
        <min value="1"/>
        <max value="1"/>
        <type>
          <code value="string"/>
        </type>
        <mustUnderstand value="false"/>
      </definition>
    </element>
    <element>
      <path value="DeviceLog.item.value"/>
      <definition>
        <short value="The value of the data item, if available"/>
        <formal value="The value of the data item, if available"/>
        <comments value="Usually, either a value or some flags should be provided"/>
        <min value="0"/>
        <max value="1"/>
        <type>
          <code value="string"/>
        </type>
        <mustUnderstand value="false"/>
      </definition>
    </element>
    <element>
      <path value="DeviceLog.item.flag"/>
      <definition>
        <short value="Information about the quality of the data etc"/>
        <formal value="Information about the quality of the data etc"/>
        <comments value="Usually, either a value or some flags should be provided"/>
        <min value="0"/>
        <max value="*"/>
        <type>
          <code value="code"/>
        </type>
        <mustUnderstand value="true"/>
        <binding value="DeviceValueFlag"/>
      </definition>
    </element>
    <searchParam>
      <name value="flag"/>
      <type value="token"/>
      <repeats value="union"/>
      <documentation value="Information about the quality of the data etc"/>
    </searchParam>
    <searchParam>
      <name value="_id"/>
      <type value="token"/>
      <repeats value="single"/>
      <documentation value="The logical resource id associated with the resource (must be supported by all servers)"/>
    </searchParam>
    <searchParam>
      <name value="value"/>
      <type value="qtoken"/>
      <repeats value="union"/>
      <documentation value="The value of the data item, if available"/>
    </searchParam>
    <searchParam>
      <name value="key"/>
      <type value="qtoken"/>
      <repeats value="union"/>
      <documentation value="Reference to device capabilities declaration"/>
    </searchParam>
  </constraint>
</Profile>