<?xml version="1.0" encoding="UTF-8"?>

<Profile xmlns="http://hl7.org/fhir">
  <text>
    <status value="generated"/><div xmlns="http://www.w3.org/1999/xhtml"><pre>
&lt;<a title="A documentation of healthcare-related information that is assembled together into a single statement of meaning that establishes its own context. A document is composed of a set of resources that include both human and computer readable portions. A human may attest to the accuracy of the human readable portion and may authenticate and/or sign the entire whole. A document may be kept as a set of logically linked resources, or they may be bundled together in an atom feed" class="dict" href="document-definitions.htm#Document"><b>Document</b></a> xmlns=&quot;http://hl7.org/fhir&quot;&gt;
 &lt;<a title="Logical Identifier for the document, assigned when created. This identifier stays constant when subsequent versions of the document are created" class="dict" href="document-definitions.htm#Document.id"><b>id</b></a>&gt;<span style="color: Gray">&lt;!--</span> <span style="color: brown"><b>0..1</b></span> <span style="color: darkgreen"><a href="datatypes.htm#Identifier">Identifier</a></span> <span style="color: navy">Logical identifier for document (version-independent)</span><span style="color: Gray"> --&gt;</span>&lt;/id&gt;
 &lt;<a title="Version specific identifier for the document, assigned when created. This identifier changes when subsequent versions of the document are created" class="dict" href="document-definitions.htm#Document.versionId"><b>versionId</b></a>&gt;<span style="color: Gray">&lt;!--</span> <span style="color: brown"><b>0..1</b></span> <span style="color: darkgreen"><a href="datatypes.htm#Identifier">Identifier</a></span> <span style="color: navy">Version-specific identifier for document</span><span style="color: Gray"> --&gt;</span>&lt;/versionId&gt;
 &lt;<a title="The document creation time, when the document first came into being. Where the document is a transform from an original document in some other format, the ClinicalDocument.effectiveTime is the time the original document is created." class="dict" href="document-definitions.htm#Document.created"><b>created</b></a> value=&quot;[<span style="color: darkgreen"><a href="datatypes.htm#instant">instant</a></span>]&quot;/&gt;<span style="color: Gray">&lt;!--</span> <span style="color: brown"><b>1..1</b></span> <span style="color: navy">Document creation time</span><span style="color: Gray"> --&gt;</span>
 &lt;<a title="The code specifying the particular kind of document (e.g., Prescription, Discharge Summary, Report)." class="dict" href="document-definitions.htm#Document.class"><b>class</b></a>&gt;<span style="color: Gray">&lt;!--</span> <span style="color: brown"><b>0..1</b></span> <span style="color: darkgreen"><a href="datatypes.htm#Coding">Coding</a></span> <span style="color: navy">Particular kind of document</span><span style="color: Gray"> --&gt;</span>&lt;/class&gt;
 &lt;<a title="Specifies the particular kind of document (e.g. History and Physical, Discharge Summary, Progress Note)" class="dict" href="document-definitions.htm#Document.type"><b>type</b></a>&gt;<span style="color: Gray">&lt;!--</span> <span style="color: brown"><b>1..1</b></span> <span style="color: darkgreen"><a href="datatypes.htm#CodeableConcept">CodeableConcept</a></span> <span style="color: navy">Kind of document (LOINC if possible)</span><span style="color: Gray"> --&gt;</span>&lt;/type&gt;
 &lt;<a title="Official human-readable label for the document" class="dict" href="document-definitions.htm#Document.title"><b>title</b></a> value=&quot;[<span style="color: darkgreen"><a href="datatypes.htm#string">string</a></span>]&quot;/&gt;<span style="color: Gray">&lt;!--</span> <span style="color: brown"><b>0..1</b></span> <span style="color: navy">Document title</span><span style="color: Gray"> --&gt;</span>
 &lt;<a title="The code specifying the level of confidentiality of the XDS Document. These codes are specific to an XDS Affinity Domain. (this element must be understood)" class="dict" href="document-definitions.htm#Document.confidentiality"><span style="text-decoration: underline"><b>confidentiality</b></span></a>&gt;<span style="color: Gray">&lt;!--</span> <span style="color: brown"><b>1..1</b></span> <span style="color: darkgreen"><a href="datatypes.htm#Coding">Coding</a></span> <span style="color: navy">As defined by affinity domain</span><span style="color: Gray"> --&gt;</span>&lt;/confidentiality&gt;
 &lt;<a title="Identifies the primary subject of the document." class="dict" href="document-definitions.htm#Document.subject"><b>subject</b></a>&gt;<span style="color: Gray">&lt;!--</span> <span style="color: brown"><b>1..1</b></span> <span style="color: darkgreen"><a href="resources.htm#Resource">Resource</a>(<a href="patient.htm#Patient">Patient</a>|<a href="group.htm#Group">Group</a>|<a href="device.htm#Device">Device</a>)</span> <span style="color: navy">Who/what the document is about</span><span style="color: Gray"> --&gt;</span>&lt;/subject&gt;
 &lt;<a title="Identifies who is responsible for the information in the document.  (Not necessarily who typed it in.)" class="dict" href="document-definitions.htm#Document.author"><b>author</b></a>&gt;<span style="color: Gray">&lt;!--</span> <span style="color: brown"><b>1..*</b></span> <span style="color: darkgreen"><a href="resources.htm#Resource">Resource</a>(<a href="provider.htm#Provider">Provider</a>|<a href="device.htm#Device">Device</a>)</span> <span style="color: navy">Who/what authored the final document</span><span style="color: Gray"> --&gt;</span>&lt;/author&gt;
 &lt;<a title="A participant who has attested to the accuracy of the document" class="dict" href="document-definitions.htm#Document.attester"><b>attester</b></a>&gt;  <span style="color: Gray">&lt;!-- <span style="color: brown"><b>0..*</b></span> Attests to accuracy of document --&gt;</span>
  &lt;<a title="The type of attestation the authenticator offers" class="dict" href="document-definitions.htm#Document.attester.mode"><b>mode</b></a> value=&quot;[<span style="color: darkgreen"><a href="datatypes.htm#code">code</a></span>]&quot;/&gt;<span style="color: Gray">&lt;!--</span> <span style="color: brown"><b>1..1</b></span> <span style="color: navy">personal | professional | legal | official</span><span style="color: Gray"> --&gt;</span>
  &lt;<a title="When document was attested by the party" class="dict" href="document-definitions.htm#Document.attester.time"><b>time</b></a> value=&quot;[<span style="color: darkgreen"><a href="datatypes.htm#dateTime">dateTime</a></span>]&quot;/&gt;<span style="color: Gray">&lt;!--</span> <span style="color: brown"><b>0..1</b></span> <span style="color: navy">When document attested</span><span style="color: Gray"> --&gt;</span>
  &lt;<a title="Who attested the document in the specified way" class="dict" href="document-definitions.htm#Document.attester.party"><b>party</b></a>&gt;<span style="color: Gray">&lt;!--</span> <span style="color: brown"><b>0..1</b></span> <span style="color: darkgreen"><a href="resources.htm#Resource">Resource</a>(<a href="patient.htm#Patient">Patient</a>|<a href="provider.htm#Provider">Provider</a>|<a href="organization.htm#Organization">Organization</a>)</span> <span style="color: navy">Who attested the document</span><span style="color: Gray"> --&gt;</span>&lt;/party&gt;
 &lt;/attester&gt;
 &lt;<a title="Identifies the organization or group who is responsible for ongoing maintenance of and access to the document." class="dict" href="document-definitions.htm#Document.custodian"><b>custodian</b></a>&gt;<span style="color: Gray">&lt;!--</span> <span style="color: brown"><b>0..1</b></span> <span style="color: darkgreen"><a href="resources.htm#Resource">Resource</a>(<a href="organization.htm#Organization">Organization</a>)</span> <span style="color: navy">Org which maintains the document</span><span style="color: Gray"> --&gt;</span>&lt;/custodian&gt;
 &lt;<a title="The main event/act/item, such as a colonoscopy or an appendectomy, being documented" class="dict" href="document-definitions.htm#Document.event"><b>event</b></a>&gt;  <span style="color: Gray">&lt;!-- <span style="color: brown"><b>0..1</b></span> The clinical event/act/item being documented --&gt;</span>
  &lt;<a title="This list of codes represents the main clinical acts, such as a colonoscopy or an appendectomy, being documented. In some cases, the event is inherent in the typeCode, such as a &quot;History and Physical Report&quot; in which the procedure being documented is necessarily a &quot;History and Physical&quot; act." class="dict" href="document-definitions.htm#Document.event.code"><b>code</b></a>&gt;<span style="color: Gray">&lt;!--</span> <span style="color: brown"><b>0..*</b></span> <span style="color: darkgreen"><a href="datatypes.htm#CodeableConcept">CodeableConcept</a></span> <span style="color: navy">Code(s) that apply to the event being documented</span><span style="color: Gray"> --&gt;</span>&lt;/code&gt;
  &lt;<a title="The period of time covered by the document. There is no assertion that the document is a complete representation for this period, only that it documents events during this time" class="dict" href="document-definitions.htm#Document.event.period"><b>period</b></a>&gt;<span style="color: Gray">&lt;!--</span> <span style="color: brown"><b>0..1</b></span> <span style="color: darkgreen"><a href="datatypes.htm#Period">Period</a></span> <span style="color: navy">The period covered by the document</span><span style="color: Gray"> --&gt;</span>&lt;/period&gt;
  &lt;<a title="Full details for the event(s) the document concents" class="dict" href="document-definitions.htm#Document.event.detail"><b>detail</b></a>&gt;<span style="color: Gray">&lt;!--</span> <span style="color: brown"><b>0..*</b></span> <span style="color: darkgreen"><a href="resources.htm#Resource">Resource</a>(<a href="resources.htm">Any</a>)</span> <span style="color: navy">Full details for the event(s) the document concents</span><span style="color: Gray"> --&gt;</span>&lt;/detail&gt;
 &lt;/event&gt;
 &lt;<a title="Describes the clinical encounter or type of care this document is associated with." class="dict" href="document-definitions.htm#Document.encounter"><b>encounter</b></a>&gt;<span style="color: Gray">&lt;!--</span> <span style="color: brown"><b>0..1</b></span> <span style="color: darkgreen"><a href="resources.htm#Resource">Resource</a>(<a href="resources.htm">Admission</a>|<a href="resources.htm">InterestOfCare</a>)</span> <span style="color: navy">Context of the document</span><span style="color: Gray"> --&gt;</span>&lt;/encounter&gt;
 &lt;<a title="Identifies the document this document supersedes, if any. (this element must be understood)" class="dict" href="document-definitions.htm#Document.replaces"><span style="text-decoration: underline"><b>replaces</b></span></a> value=&quot;[<span style="color: darkgreen"><a href="datatypes.htm#id">id</a></span>]&quot;/&gt;<span style="color: Gray">&lt;!--</span> <span style="color: brown"><b>0..1</b></span> <span style="color: navy">If this document replaces another</span><span style="color: Gray"> --&gt;</span>
 &lt;<a title="Additional provenance about the document and the resources that are the sections (this element must be understood)" class="dict" href="document-definitions.htm#Document.provenance"><span style="text-decoration: underline"><b>provenance</b></span></a>&gt;<span style="color: Gray">&lt;!--</span> <span style="color: brown"><b>0..*</b></span> <span style="color: darkgreen"><a href="resources.htm#Resource">Resource</a>(<a href="provenance.htm#Provenance">Provenance</a>)</span> <span style="color: navy">Additional provenance about the document and it&#39;s parts</span><span style="color: Gray"> --&gt;</span>&lt;/provenance&gt;
 &lt;<a title="A fixed CSS stylesheet to use when rendering the documents" class="dict" href="document-definitions.htm#Document.stylesheet"><b>stylesheet</b></a>&gt;<span style="color: Gray">&lt;!--</span> <span title="A document stylesheet must have a mime type of text/css" style="color: deeppink"><b>0..1</b></span> <span style="color: darkgreen"><a href="datatypes.htm#Attachment">Attachment</a></span> <span style="color: navy">Stylesheet to use when rendering the document</span><span style="color: Gray"> --&gt;</span>&lt;/stylesheet&gt;
 &lt;<a title="An alternative representation of the document that can be used in place of the html based rendering" class="dict" href="document-definitions.htm#Document.representation"><b>representation</b></a>&gt;<span style="color: Gray">&lt;!--</span> <span title="A document must have a representation, one or more sections or both" style="color: deeppink"><b>0..1</b></span> <span style="color: darkgreen"><a href="datatypes.htm#Attachment">Attachment</a></span> <span style="color: navy">Alternative representation of the document</span><span style="color: Gray"> --&gt;</span>&lt;/representation&gt;
 &lt;<a title="Identifies a main topic within the document&#39;s table of contents" class="dict" href="document-definitions.htm#Document.section"><b>section</b></a>&gt;  <span style="color: Gray">&lt;!-- <span title="A document must have a representation, one or more sections or both" style="color: deeppink"><b>0..*</b></span> Document is broken into sections --&gt;</span>
  &lt;<a title="A code identifying the kind of content contained within the section" class="dict" href="document-definitions.htm#Document.section.code"><b>code</b></a>&gt;<span style="color: Gray">&lt;!--</span> <span style="color: brown"><b>0..1</b></span> <span style="color: darkgreen"><a href="datatypes.htm#CodeableConcept">CodeableConcept</a></span> <span style="color: navy">Classification of section (recommended)</span><span style="color: Gray"> --&gt;</span>&lt;/code&gt;
  &lt;<a title="Identifies the primary subject of the section. (this element must be understood)" class="dict" href="document-definitions.htm#Document.section.subject"><span style="text-decoration: underline"><b>subject</b></span></a>&gt;<span style="color: Gray">&lt;!--</span> <span style="color: brown"><b>0..1</b></span> <span style="color: darkgreen"><a href="resources.htm#Resource">Resource</a>(<a href="patient.htm#Patient">Patient</a>|<a href="group.htm#Group">Group</a>|<a href="device.htm#Device">Device</a>)</span> <span style="color: navy">If section different to document</span><span style="color: Gray"> --&gt;</span>&lt;/subject&gt;
  &lt;<a title="Identifies the discrete data that provides the content for the section. (this element must be understood)" class="dict" href="document-definitions.htm#Document.section.content"><span style="text-decoration: underline"><b>content</b></span></a>&gt;<span style="color: Gray">&lt;!--</span> <span title="A section must have content or one or more sections, but not both." style="color: deeppink"><b>0..1</b></span> <span style="color: darkgreen"><a href="resources.htm#Resource">Resource</a>(<a href="resources.htm">Any</a>)</span> <span style="color: navy">The actual data for the section</span><span style="color: Gray"> --&gt;</span>&lt;/content&gt;
  &lt;<a title="Identifies a subtopic within the section as part of the document&#39;s table of contents" class="dict" href="document-definitions.htm#Document.section.section"><b>section</b></a>&gt;<span style="color: Gray">&lt;!--</span> <span title="A section must have content or one or more sections, but not both." style="color: deeppink"><b>0..*</b></span> <span style="color: darkgreen">Content as for Document.Section</span> <span style="color: navy">Nested Section</span><span style="color: Gray"> --&gt;</span>&lt;/section&gt;
 &lt;/section&gt;
&lt;/Document&gt;
</pre></div>
  </text>
  <name value="document"/>
  <author>
    <name value="todo (committee)"/>
  </author>
  <description value="Basic Profile. A documentation of healthcare-related information that is assembled together into a single statement of meaning that establishes its own context. A document is composed of a set of resources that include both human and computer readable portions. A human may attest to the accuracy of the human readable portion and may authenticate and/or sign the entire whole. A document may be kept as a set of logically linked resources, or they may be bundled together in an atom feed"/>
  <status>
    <code value="testing"/>
    <date value="2013-04-09"/>
  </status>
  <constraint>
    <type value="Document"/>
    <element>
      <path value="Document"/>
      <definition>
        <short value="A document that contains resources"/>
        <formal value="A documentation of healthcare-related information that is assembled together into a single statement of meaning that establishes its own context. A document is composed of a set of resources that include both human and computer readable portions. A human may attest to the accuracy of the human readable portion and may authenticate and/or sign the entire whole. A document may be kept as a set of logically linked resources, or they may be bundled together in an atom feed"/>
        <comments value="While the focus of this specification is on patient-specific clinical documents, this resource can also apply to other healthcare-related documents such as study protocol designs, healthcare invoices and other activities that are not necessarily patient-specific or clinical"/>
        <min value="1"/>
        <max value="1"/>
        <type>
          <code value="Resource"/>
        </type>
        <constraint>
          <id value="3"/>
          <name value="Document Rule"/>
          <severity value="error"/>
          <human value="A document must have a representation, one or more sections or both"/>
          <xpath value="exists(f:representation) or exists(f:section)"/>
        </constraint>
        <mustUnderstand value="false"/>
      </definition>
    </element>
    <element>
      <path value="Document.extension"/>
      <definition>
        <short value="Additional Content defined by implementations"/>
        <formal value="May be used to represent additional information that is not part of the basic definition of the resource. In order to make the use of extensions safe and manageable, there is a strict governance applied to the definition and use of extensions. Though any implementer is allowed to define an extension, there is a set of requirements that must be met as part of the definition of the extension"/>
        <comments value="there can be no stigma
associated with the use of extensions by any application, project, or standard - regardless of the institution or jurisdiction that uses or defines the extensions.  The use of extensions is what allows the FHIR specification to retain a core simplicity for everyone"/>
        <synonym value="extensions"/>
        <synonym value="user content"/>
        <min value="0"/>
        <max value="*"/>
        <type>
          <code value="Extension"/>
        </type>
      </definition>
    </element>
    <element>
      <path value="Document.text"/>
      <definition>
        <short value="Text summary of the resource, for human interpretation"/>
        <formal value="A human readable narrative that contains a summary of the resource, and may be used to represent the content of the resource to a human. The narrative need not encode all the structured data, but is required to contain sufficient detail to make it &quot;clinically safe&quot; for a human to just read the narrative. Resource definitions may define what content should be represented in the narrative to ensure clinical safety"/>
        <comments value="Contained resources do not have narrative. Resources that are not contained SHOULD have a narrative"/>
        <synonym value="narrative"/>
        <synonym value="html"/>
        <synonym value="xhtml"/>
        <synonym value="display"/>
        <min value="0"/>
        <max value="1"/>
        <type>
          <code value="Narrative"/>
        </type>
      </definition>
    </element>
    <element>
      <path value="Document.contained"/>
      <definition>
        <short value="Contained, inline Resources"/>
        <formal value="These resources do not have an independent existence apart from the resource that contains them - they cannot be identified independently, and nor can they have their own independent transaction scope"/>
        <comments value="This should never be done when the content can be identified properly, as once identification is lost, it is extremely difficult (and context dependent) to restore it again"/>
        <synonym value="inline resources"/>
        <synonym value="anonymous resources"/>
        <synonym value="contained resources"/>
        <min value="0"/>
        <max value="*"/>
        <type>
          <code value="Resource"/>
        </type>
      </definition>
    </element>
    <element>
      <path value="Document.id"/>
      <definition>
        <short value="Logical identifier for document (version-independent)"/>
        <formal value="Logical Identifier for the document, assigned when created. This identifier stays constant when subsequent versions of the document are created"/>
        <comments value="see discussion in resource definition for how these relate"/>
        <min value="0"/>
        <max value="1"/>
        <type>
          <code value="Identifier"/>
        </type>
        <mustUnderstand value="false"/>
      </definition>
    </element>
    <element>
      <path value="Document.versionId"/>
      <definition>
        <short value="Version-specific identifier for document"/>
        <formal value="Version specific identifier for the document, assigned when created. This identifier changes when subsequent versions of the document are created"/>
        <comments value="see discussion in resource definition for how these relate"/>
        <min value="0"/>
        <max value="1"/>
        <type>
          <code value="Identifier"/>
        </type>
        <mustUnderstand value="false"/>
      </definition>
    </element>
    <element>
      <path value="Document.created"/>
      <definition>
        <short value="Document creation time"/>
        <formal value="The document creation time, when the document first came into being. Where the document is a transform from an original document in some other format, the ClinicalDocument.effectiveTime is the time the original document is created."/>
        <min value="1"/>
        <max value="1"/>
        <type>
          <code value="instant"/>
        </type>
        <mustUnderstand value="false"/>
      </definition>
    </element>
    <element>
      <path value="Document.class"/>
      <definition>
        <short value="Particular kind of document"/>
        <formal value="The code specifying the particular kind of document (e.g., Prescription, Discharge Summary, Report)."/>
        <comments value="It is suggested that the XDS Affinity Domain draws these values from a coding scheme providing a coarse level of granularity (about 10 to 100 entries). Shall have a single value. This should be an extension"/>
        <min value="0"/>
        <max value="1"/>
        <type>
          <code value="Coding"/>
        </type>
        <mustUnderstand value="false"/>
      </definition>
    </element>
    <element>
      <path value="Document.type"/>
      <definition>
        <short value="Kind of document (LOINC if possible)"/>
        <formal value="Specifies the particular kind of document (e.g. History and Physical, Discharge Summary, Progress Note)"/>
        <min value="1"/>
        <max value="1"/>
        <type>
          <code value="CodeableConcept"/>
        </type>
        <mustUnderstand value="false"/>
        <binding value="DocumentType"/>
      </definition>
    </element>
    <element>
      <path value="Document.title"/>
      <definition>
        <short value="Document title"/>
        <formal value="Official human-readable label for the document"/>
        <comments value="It&#39;s commonly the case that clinical documents do not have a title and are collectively referred to by the display name of Document.type (e.g. a &quot;consultation&quot; or &quot;progress note&quot;). Where these display names are rendered to the clinician or where the document has a unique title, the Document.title value should be used"/>
        <min value="0"/>
        <max value="1"/>
        <type>
          <code value="string"/>
        </type>
        <mustUnderstand value="false"/>
      </definition>
    </element>
    <element>
      <path value="Document.confidentiality"/>
      <definition>
        <short value="As defined by affinity domain"/>
        <formal value="The code specifying the level of confidentiality of the XDS Document. These codes are specific to an XDS Affinity Domain."/>
        <comments value="Enforcement and issues related to highly sensitive documents are beyond the scope of XDS (see security section). confidentialityCode is part of a codification scheme and value set enforced by the Document Registry."/>
        <min value="1"/>
        <max value="1"/>
        <type>
          <code value="Coding"/>
        </type>
        <mustUnderstand value="true"/>
        <binding value="DocumentConfidentiality"/>
      </definition>
    </element>
    <element>
      <path value="Document.subject"/>
      <definition>
        <short value="Who/what the document is about"/>
        <formal value="Identifies the primary subject of the document."/>
        <comments value="For clinical documents, this is usually the patient."/>
        <min value="1"/>
        <max value="1"/>
        <type>
          <code value="Resource(Patient|Group|Device)"/>
        </type>
        <mustUnderstand value="false"/>
      </definition>
    </element>
    <element>
      <path value="Document.author"/>
      <definition>
        <short value="Who/what authored the final document"/>
        <formal value="Identifies who is responsible for the information in the document.  (Not necessarily who typed it in.)"/>
        <min value="1"/>
        <max value="*"/>
        <type>
          <code value="Resource(Provider|Device)"/>
        </type>
        <mustUnderstand value="false"/>
      </definition>
    </element>
    <element>
      <path value="Document.attester"/>
      <definition>
        <short value="Attests to accuracy of document"/>
        <formal value="A participant who has attested to the accuracy of the document"/>
        <min value="0"/>
        <max value="*"/>
        <mustUnderstand value="false"/>
      </definition>
    </element>
    <element>
      <path value="Document.attester.mode"/>
      <definition>
        <short value="personal | professional | legal | official"/>
        <formal value="The type of attestation the authenticator offers"/>
        <min value="1"/>
        <max value="1"/>
        <type>
          <code value="code"/>
        </type>
        <mustUnderstand value="false"/>
        <binding value="DocumentAttestationMode"/>
      </definition>
    </element>
    <element>
      <path value="Document.attester.time"/>
      <definition>
        <short value="When document attested"/>
        <formal value="When document was attested by the party"/>
        <min value="0"/>
        <max value="1"/>
        <type>
          <code value="dateTime"/>
        </type>
        <mustUnderstand value="false"/>
      </definition>
    </element>
    <element>
      <path value="Document.attester.party"/>
      <definition>
        <short value="Who attested the document"/>
        <formal value="Who attested the document in the specified way"/>
        <min value="0"/>
        <max value="1"/>
        <type>
          <code value="Resource(Patient|Provider|Organization)"/>
        </type>
        <mustUnderstand value="false"/>
      </definition>
    </element>
    <element>
      <path value="Document.custodian"/>
      <definition>
        <short value="Org which maintains the document"/>
        <formal value="Identifies the organization or group who is responsible for ongoing maintenance of and access to the document."/>
        <min value="0"/>
        <max value="1"/>
        <type>
          <code value="Resource(Organization)"/>
        </type>
        <mustUnderstand value="false"/>
      </definition>
    </element>
    <element>
      <path value="Document.event"/>
      <definition>
        <short value="The clinical event/act/item being documented"/>
        <formal value="The main event/act/item, such as a colonoscopy or an appendectomy, being documented"/>
        <comments value="The event needs to be consistent with the type element, though can provide further information if desired"/>
        <min value="0"/>
        <max value="1"/>
        <mustUnderstand value="false"/>
      </definition>
    </element>
    <element>
      <path value="Document.event.code"/>
      <definition>
        <short value="Code(s) that apply to the event being documented"/>
        <formal value="This list of codes represents the main clinical acts, such as a colonoscopy or an appendectomy, being documented. In some cases, the event is inherent in the typeCode, such as a &quot;History and Physical Report&quot; in which the procedure being documented is necessarily a &quot;History and Physical&quot; act."/>
        <comments value="An event can further specialize the act inherent in the typeCode, such as where it is simply &quot;Procedure Report&quot; and the procedure was a &quot;colonoscopy&quot;. If one or more eventCodes are included, they shall not conflict with the values inherent in the classCode, practiceSettingCode or typeCode, as such a conflict would create an ambiguous situation. This short list of codes is provided to be used as “key words” for certain types of queries."/>
        <min value="0"/>
        <max value="*"/>
        <type>
          <code value="CodeableConcept"/>
        </type>
        <mustUnderstand value="false"/>
      </definition>
    </element>
    <element>
      <path value="Document.event.period"/>
      <definition>
        <short value="The period covered by the document"/>
        <formal value="The period of time covered by the document. There is no assertion that the document is a complete representation for this period, only that it documents events during this time"/>
        <min value="0"/>
        <max value="1"/>
        <type>
          <code value="Period"/>
        </type>
        <mustUnderstand value="false"/>
      </definition>
    </element>
    <element>
      <path value="Document.event.detail"/>
      <definition>
        <short value="Full details for the event(s) the document concents"/>
        <formal value="Full details for the event(s) the document concents"/>
        <min value="0"/>
        <max value="*"/>
        <type>
          <code value="Resource(Any)"/>
        </type>
        <mustUnderstand value="false"/>
      </definition>
    </element>
    <element>
      <path value="Document.encounter"/>
      <definition>
        <short value="Context of the document"/>
        <formal value="Describes the clinical encounter or type of care this document is associated with."/>
        <min value="0"/>
        <max value="1"/>
        <type>
          <code value="Resource(Admission|InterestOfCare)"/>
        </type>
        <mustUnderstand value="false"/>
      </definition>
    </element>
    <element>
      <path value="Document.replaces"/>
      <definition>
        <short value="If this document replaces another"/>
        <formal value="Identifies the document this document supersedes, if any."/>
        <min value="0"/>
        <max value="1"/>
        <type>
          <code value="id"/>
        </type>
        <mustUnderstand value="true"/>
      </definition>
    </element>
    <element>
      <path value="Document.provenance"/>
      <definition>
        <short value="Additional provenance about the document and it&#39;s parts"/>
        <formal value="Additional provenance about the document and the resources that are the sections"/>
        <min value="0"/>
        <max value="*"/>
        <type>
          <code value="Resource(Provenance)"/>
        </type>
        <mustUnderstand value="true"/>
      </definition>
    </element>
    <element>
      <path value="Document.stylesheet"/>
      <definition>
        <short value="Stylesheet to use when rendering the document"/>
        <formal value="A fixed CSS stylesheet to use when rendering the documents"/>
        <min value="0"/>
        <max value="1"/>
        <type>
          <code value="Attachment"/>
        </type>
        <constraint>
          <id value="4"/>
          <name value="Stylesheet Rule"/>
          <severity value="error"/>
          <human value="A document stylesheet must have a mime type of text/css"/>
          <xpath value="f:mimeType/@value = &#39;text/css&#39;"/>
        </constraint>
        <mustUnderstand value="false"/>
      </definition>
    </element>
    <element>
      <path value="Document.representation"/>
      <definition>
        <short value="Alternative representation of the document"/>
        <formal value="An alternative representation of the document that can be used in place of the html based rendering"/>
        <comments value="Typically, this is application/pdf"/>
        <min value="0"/>
        <max value="1"/>
        <type>
          <code value="Attachment"/>
        </type>
        <mustUnderstand value="false"/>
      </definition>
    </element>
    <element>
      <path value="Document.section"/>
      <definition>
        <short value="Document is broken into sections"/>
        <formal value="Identifies a main topic within the document&#39;s table of contents"/>
        <min value="0"/>
        <max value="*"/>
        <constraint>
          <id value="2"/>
          <name value="Section Rule"/>
          <severity value="error"/>
          <human value="A section must have content or one or more sections, but not both."/>
          <xpath value="exists(f:content) != exists(f:section)"/>
        </constraint>
        <mustUnderstand value="false"/>
      </definition>
    </element>
    <element>
      <path value="Document.section.code"/>
      <definition>
        <short value="Classification of section (recommended)"/>
        <formal value="A code identifying the kind of content contained within the section"/>
        <min value="0"/>
        <max value="1"/>
        <type>
          <code value="CodeableConcept"/>
        </type>
        <mustUnderstand value="false"/>
        <binding value="DocumentSectionCode"/>
      </definition>
    </element>
    <element>
      <path value="Document.section.subject"/>
      <definition>
        <short value="If section different to document"/>
        <formal value="Identifies the primary subject of the section."/>
        <min value="0"/>
        <max value="1"/>
        <type>
          <code value="Resource(Patient|Group|Device)"/>
        </type>
        <mustUnderstand value="true"/>
      </definition>
    </element>
    <element>
      <path value="Document.section.content"/>
      <definition>
        <short value="The actual data for the section"/>
        <formal value="Identifies the discrete data that provides the content for the section."/>
        <comments value="Because documents represent point-in-time snapshots, resource references should generally be to a specific version."/>
        <min value="0"/>
        <max value="1"/>
        <type>
          <code value="Resource(Any)"/>
        </type>
        <mustUnderstand value="true"/>
      </definition>
    </element>
    <element>
      <path value="Document.section.section"/>
      <definition>
        <short value="Nested Section"/>
        <formal value="Identifies a subtopic within the section as part of the document&#39;s table of contents"/>
        <min value="0"/>
        <max value="*"/>
        <type>
          <code value="@Document.Section"/>
        </type>
        <mustUnderstand value="false"/>
      </definition>
    </element>
    <searchParam>
      <name value="author"/>
      <type value="qtoken"/>
      <repeats value="union"/>
      <documentation value="author of the document"/>
    </searchParam>
    <searchParam>
      <name value="_id"/>
      <type value="token"/>
      <repeats value="single"/>
      <documentation value="The logical resource id associated with the resource (must be supported by all servers)"/>
    </searchParam>
    <searchParam>
      <name value="attester"/>
      <type value="qtoken"/>
      <repeats value="union"/>
      <documentation value="attester of the document"/>
    </searchParam>
    <searchParam>
      <name value="subject"/>
      <type value="qtoken"/>
      <repeats value="union"/>
      <documentation value="subject of the document"/>
    </searchParam>
    <searchParam>
      <name value="section-content"/>
      <type value="qtoken"/>
      <repeats value="union"/>
      <documentation value="content resource of the section"/>
    </searchParam>
    <searchParam>
      <name value="context"/>
      <type value="qtoken"/>
      <repeats value="union"/>
      <documentation value="context of the document"/>
    </searchParam>
    <searchParam>
      <name value="section-type"/>
      <type value="qtoken"/>
      <repeats value="union"/>
      <documentation value="code of the document"/>
    </searchParam>
    <searchParam>
      <name value="date"/>
      <type value="date"/>
      <repeats value="single"/>
      <documentation value="the document creation time"/>
    </searchParam>
    <searchParam>
      <name value="type"/>
      <type value="qtoken"/>
      <repeats value="union"/>
      <documentation value="the type of the document"/>
    </searchParam>
  </constraint>
</Profile>