<?xml version="1.0" encoding="UTF-8"?>

<Profile xmlns="http://hl7.org/fhir">
  <text>
    <status value="generated"/><div xmlns="http://www.w3.org/1999/xhtml"><pre>
&lt;<a title="An interaction between a patient and healthcare participant(s) for the purpose of providing patient service(s) or assessing the health status of a patient." class="dict" href="encounter-definitions.htm#Encounter"><b>Encounter</b></a> xmlns=&quot;http://hl7.org/fhir&quot;&gt;
 &lt;<a title="Identifier(s) by which this visit is known" class="dict" href="encounter-definitions.htm#Encounter.identifier"><b>identifier</b></a>&gt;<span style="color: Gray">&lt;!--</span> <span style="color: brown"><b>0..*</b></span> <span style="color: darkgreen"><a href="datatypes.htm#Identifier">Identifier</a></span> <span style="color: navy">Identifier(s) by which this visit is known</span><span style="color: Gray"> --&gt;</span>&lt;/identifier&gt;
 &lt;<a title="E.g. active, aborted, finished" class="dict" href="encounter-definitions.htm#Encounter.state"><b>state</b></a>&gt;<span style="color: Gray">&lt;!--</span> <span style="color: brown"><b>0..1</b></span> <span style="color: darkgreen"><a href="datatypes.htm#CodeableConcept">CodeableConcept</a></span> <span style="color: navy">E.g. active, aborted, finished</span><span style="color: Gray"> --&gt;</span>&lt;/state&gt;
 &lt;<a title="Kind of environment the visit takes place in, e.g. inpatient, ambulatory, home, or virtual" class="dict" href="encounter-definitions.htm#Encounter.setting"><b>setting</b></a>&gt;<span style="color: Gray">&lt;!--</span> <span style="color: brown"><b>0..1</b></span> <span style="color: darkgreen"><a href="datatypes.htm#CodeableConcept">CodeableConcept</a></span> <span style="color: navy">Kind of environment the visit takes place in</span><span style="color: Gray"> --&gt;</span>&lt;/setting&gt;
 &lt;<a title="The patient present at the encounter" class="dict" href="encounter-definitions.htm#Encounter.subject"><b>subject</b></a>&gt;<span style="color: Gray">&lt;!--</span> <span style="color: brown"><b>0..1</b></span> <span style="color: darkgreen"><a href="resources.htm#Resource">Resource</a>(<a href="patient.htm#Patient">Patient</a>)</span> <span style="color: navy">The patient present at the encounter</span><span style="color: Gray"> --&gt;</span>&lt;/subject&gt;
 &lt;<a title="The main provider responsible for providing the service" class="dict" href="encounter-definitions.htm#Encounter.responsible"><b>responsible</b></a>&gt;<span style="color: Gray">&lt;!--</span> <span style="color: brown"><b>0..1</b></span> <span style="color: darkgreen"><a href="resources.htm#Resource">Resource</a>(<a href="provider.htm#Provider">Provider</a>)</span> <span style="color: navy">The main provider responsible for providing the service</span><span style="color: Gray"> --&gt;</span>&lt;/responsible&gt;
 &lt;<a title="The appointment that scheduled this visit" class="dict" href="encounter-definitions.htm#Encounter.fulfills"><b>fulfills</b></a>&gt;<span style="color: Gray">&lt;!--</span> <span style="color: brown"><b>0..1</b></span> <span style="color: darkgreen"><a href="resources.htm#Resource">Resource</a>(<a href="resources.htm">Appointment</a>)</span> <span style="color: navy">The appointment that scheduled this visit</span><span style="color: Gray"> --&gt;</span>&lt;/fulfills&gt;
 &lt;<a title="Period during which the visit lasted" class="dict" href="encounter-definitions.htm#Encounter.period"><b>period</b></a>&gt;<span style="color: Gray">&lt;!--</span> <span style="color: brown"><b>0..1</b></span> <span style="color: darkgreen"><a href="datatypes.htm#Period">Period</a></span> <span style="color: navy">Period during which the visit lasted</span><span style="color: Gray"> --&gt;</span>&lt;/period&gt;
 &lt;<a title="Quantity of time the visit lasted. This excludes the time during leaves of absence." class="dict" href="encounter-definitions.htm#Encounter.length"><b>length</b></a>&gt;<span style="color: Gray">&lt;!--</span> <span style="color: brown"><b>0..1</b></span> <span style="color: darkgreen"><a href="datatypes.htm#Duration">Duration</a></span> <span style="color: navy">Quantity of time the visit lasted</span><span style="color: Gray"> --&gt;</span>&lt;/length&gt;
 &lt;<a title="Emergency contact during the visit" class="dict" href="encounter-definitions.htm#Encounter.contact"><b>contact</b></a>&gt;<span style="color: Gray">&lt;!--</span> <span style="color: brown"><b>0..1</b></span> <span style="color: darkgreen"><a href="resources.htm#Resource">Resource</a>(<a href="resources.htm">Person</a>)</span> <span style="color: navy">Emergency contact during the visit</span><span style="color: Gray"> --&gt;</span>&lt;/contact&gt;
 &lt;<a title="Details about an admission to a clinic" class="dict" href="encounter-definitions.htm#Encounter.admission"><b>admission</b></a>&gt;  <span style="color: Gray">&lt;!-- <span style="color: brown"><b>0..1</b></span> Details about an admission to a clinic --&gt;</span>
  &lt;<a title="The provider responsible for admission" class="dict" href="encounter-definitions.htm#Encounter.admission.admitter"><b>admitter</b></a>&gt;<span style="color: Gray">&lt;!--</span> <span style="color: brown"><b>0..1</b></span> <span style="color: darkgreen"><a href="resources.htm#Resource">Resource</a>(<a href="provider.htm#Provider">Provider</a>)</span> <span style="color: navy">The provider responsible for admission</span><span style="color: Gray"> --&gt;</span>&lt;/admitter&gt;
  &lt;<a title="The location the patient came from before admission" class="dict" href="encounter-definitions.htm#Encounter.admission.origin"><b>origin</b></a>&gt;<span style="color: Gray">&lt;!--</span> <span style="color: brown"><b>0..1</b></span> <span style="color: darkgreen"><a href="resources.htm#Resource">Resource</a>(<a href="location.htm#Location">Location</a>)</span> <span style="color: navy">The location the patient came from before admission</span><span style="color: Gray"> --&gt;</span>&lt;/origin&gt;
 &lt;/admission&gt;
 &lt;<a title="Reason the encounter takes place" class="dict" href="encounter-definitions.htm#Encounter.indication"><b>indication</b></a>&gt;<span style="color: Gray">&lt;!--</span> <span style="color: brown"><b>0..1</b></span> <span style="color: darkgreen"><a href="resources.htm#Resource">Resource</a>(<a href="resources.htm">Any</a>)</span> <span style="color: navy">Reason the encounter takes place</span><span style="color: Gray"> --&gt;</span>&lt;/indication&gt;
 &lt;<a title="List of locations the patient has been at." class="dict" href="encounter-definitions.htm#Encounter.location"><b>location</b></a>&gt;  <span style="color: Gray">&lt;!-- <span style="color: brown"><b>0..*</b></span> List of locations the patient has been at --&gt;</span>
  &lt;<a title="The location the encounter takes place" class="dict" href="encounter-definitions.htm#Encounter.location.location"><b>location</b></a>&gt;<span style="color: Gray">&lt;!--</span> <span style="color: brown"><b>1..1</b></span> <span style="color: darkgreen"><a href="resources.htm#Resource">Resource</a>(<a href="location.htm#Location">Location</a>)</span> <span style="color: navy">The location the encounter takes place</span><span style="color: Gray"> --&gt;</span>&lt;/location&gt;
  &lt;<a title="A name of specific label for the bed the patient was in on the location" class="dict" href="encounter-definitions.htm#Encounter.location.bed_x_"><b>bed[x]</b></a>&gt;<span style="color: Gray">&lt;!--</span> <span style="color: brown"><b>0..1</b></span> <span style="color: darkgreen"><a href="datatypes.htm#string">string</a>|<a href="datatypes.htm#Coding">Coding</a></span> <span style="color: navy">Name of the bed the patient stays in</span><span style="color: Gray"> --&gt;</span>&lt;/bed[x]&gt;
  &lt;<a title="Time period during which the patient was present at the location" class="dict" href="encounter-definitions.htm#Encounter.location.period"><b>period</b></a> value=&quot;[<span style="color: darkgreen"><a href="datatypes.htm#dateTime">dateTime</a></span>]&quot;/&gt;<span style="color: Gray">&lt;!--</span> <span style="color: brown"><b>1..1</b></span> <span style="color: navy">Time period during which the patient was present at the location</span><span style="color: Gray"> --&gt;</span>
  &lt;<a title="Provider responsible for the patient during his stay at this location" class="dict" href="encounter-definitions.htm#Encounter.location.responsible"><b>responsible</b></a>&gt;<span style="color: Gray">&lt;!--</span> <span style="color: brown"><b>0..1</b></span> <span style="color: darkgreen"><a href="resources.htm#Resource">Resource</a>(<a href="provider.htm#Provider">Provider</a>)</span> <span style="color: navy">Provider responsible for the patient during his stay at this location</span><span style="color: Gray"> --&gt;</span>&lt;/responsible&gt;
 &lt;/location&gt;
 &lt;<a title="Details about a discharge from a clinic" class="dict" href="encounter-definitions.htm#Encounter.discharge"><b>discharge</b></a>&gt;  <span style="color: Gray">&lt;!-- <span style="color: brown"><b>0..1</b></span> Details about a discharge from a clinic --&gt;</span>
  &lt;<a title="Provider responsible for the patient during the discharge" class="dict" href="encounter-definitions.htm#Encounter.discharge.discharger"><b>discharger</b></a>&gt;<span style="color: Gray">&lt;!--</span> <span style="color: brown"><b>0..1</b></span> <span style="color: darkgreen"><a href="resources.htm#Resource">Resource</a>(<a href="provider.htm#Provider">Provider</a>)</span> <span style="color: navy">Provider responsible for the patient during the discharge</span><span style="color: Gray"> --&gt;</span>&lt;/discharger&gt;
  &lt;<a title="Contact person to inform about the discharge" class="dict" href="encounter-definitions.htm#Encounter.discharge.contact"><b>contact</b></a>&gt;<span style="color: Gray">&lt;!--</span> <span style="color: brown"><b>0..1</b></span> <span style="color: darkgreen"><a href="resources.htm#Resource">Resource</a>(<a href="resources.htm">Person</a>)</span> <span style="color: navy">Contact person to inform about the discharge</span><span style="color: Gray"> --&gt;</span>&lt;/contact&gt;
  &lt;<a title="Location the patient is discharged to" class="dict" href="encounter-definitions.htm#Encounter.discharge.destination"><b>destination</b></a>&gt;<span style="color: Gray">&lt;!--</span> <span style="color: brown"><b>0..1</b></span> <span style="color: darkgreen"><a href="resources.htm#Resource">Resource</a>(<a href="location.htm#Location">Location</a>)</span> <span style="color: navy">Location the patient is discharged to</span><span style="color: Gray"> --&gt;</span>&lt;/destination&gt;
 &lt;/discharge&gt;
&lt;/Encounter&gt;
</pre></div>
  </text>
  <name value="encounter"/>
  <author>
    <name value="todo (committee)"/>
  </author>
  <description value="Basic Profile. An interaction between a patient and healthcare participant(s) for the purpose of providing patient service(s) or assessing the health status of a patient."/>
  <status>
    <code value="testing"/>
    <date value="2013-04-09"/>
  </status>
  <constraint>
    <type value="Encounter"/>
    <element>
      <path value="Encounter"/>
      <definition>
        <short value="An interaction during which services are provided to the patient"/>
        <formal value="An interaction between a patient and healthcare participant(s) for the purpose of providing patient service(s) or assessing the health status of a patient."/>
        <min value="1"/>
        <max value="1"/>
        <type>
          <code value="Resource"/>
        </type>
        <mustUnderstand value="false"/>
      </definition>
    </element>
    <element>
      <path value="Encounter.extension"/>
      <definition>
        <short value="Additional Content defined by implementations"/>
        <formal value="May be used to represent additional information that is not part of the basic definition of the resource. In order to make the use of extensions safe and manageable, there is a strict governance applied to the definition and use of extensions. Though any implementer is allowed to define an extension, there is a set of requirements that must be met as part of the definition of the extension"/>
        <comments value="there can be no stigma
associated with the use of extensions by any application, project, or standard - regardless of the institution or jurisdiction that uses or defines the extensions.  The use of extensions is what allows the FHIR specification to retain a core simplicity for everyone"/>
        <synonym value="extensions"/>
        <synonym value="user content"/>
        <min value="0"/>
        <max value="*"/>
        <type>
          <code value="Extension"/>
        </type>
      </definition>
    </element>
    <element>
      <path value="Encounter.text"/>
      <definition>
        <short value="Text summary of the resource, for human interpretation"/>
        <formal value="A human readable narrative that contains a summary of the resource, and may be used to represent the content of the resource to a human. The narrative need not encode all the structured data, but is required to contain sufficient detail to make it &quot;clinically safe&quot; for a human to just read the narrative. Resource definitions may define what content should be represented in the narrative to ensure clinical safety"/>
        <comments value="Contained resources do not have narrative. Resources that are not contained SHOULD have a narrative"/>
        <synonym value="narrative"/>
        <synonym value="html"/>
        <synonym value="xhtml"/>
        <synonym value="display"/>
        <min value="0"/>
        <max value="1"/>
        <type>
          <code value="Narrative"/>
        </type>
      </definition>
    </element>
    <element>
      <path value="Encounter.contained"/>
      <definition>
        <short value="Contained, inline Resources"/>
        <formal value="These resources do not have an independent existence apart from the resource that contains them - they cannot be identified independently, and nor can they have their own independent transaction scope"/>
        <comments value="This should never be done when the content can be identified properly, as once identification is lost, it is extremely difficult (and context dependent) to restore it again"/>
        <synonym value="inline resources"/>
        <synonym value="anonymous resources"/>
        <synonym value="contained resources"/>
        <min value="0"/>
        <max value="*"/>
        <type>
          <code value="Resource"/>
        </type>
      </definition>
    </element>
    <element>
      <path value="Encounter.identifier"/>
      <definition>
        <short value="Identifier(s) by which this visit is known"/>
        <formal value="Identifier(s) by which this visit is known"/>
        <min value="0"/>
        <max value="*"/>
        <type>
          <code value="Identifier"/>
        </type>
        <mustUnderstand value="false"/>
      </definition>
    </element>
    <element>
      <path value="Encounter.state"/>
      <definition>
        <short value="E.g. active, aborted, finished"/>
        <formal value="E.g. active, aborted, finished"/>
        <min value="0"/>
        <max value="1"/>
        <type>
          <code value="CodeableConcept"/>
        </type>
        <mustUnderstand value="false"/>
        <binding value="VisitState"/>
      </definition>
    </element>
    <element>
      <path value="Encounter.setting"/>
      <definition>
        <short value="Kind of environment the visit takes place in"/>
        <formal value="Kind of environment the visit takes place in, e.g. inpatient, ambulatory, home, or virtual"/>
        <min value="0"/>
        <max value="1"/>
        <type>
          <code value="CodeableConcept"/>
        </type>
        <mustUnderstand value="false"/>
        <binding value="VisitSetting"/>
      </definition>
    </element>
    <element>
      <path value="Encounter.subject"/>
      <definition>
        <short value="The patient present at the encounter"/>
        <formal value="The patient present at the encounter"/>
        <min value="0"/>
        <max value="1"/>
        <type>
          <code value="Resource(Patient)"/>
        </type>
        <mustUnderstand value="false"/>
      </definition>
    </element>
    <element>
      <path value="Encounter.responsible"/>
      <definition>
        <short value="The main provider responsible for providing the service"/>
        <formal value="The main provider responsible for providing the service"/>
        <min value="0"/>
        <max value="1"/>
        <type>
          <code value="Resource(Provider)"/>
        </type>
        <mustUnderstand value="false"/>
      </definition>
    </element>
    <element>
      <path value="Encounter.fulfills"/>
      <definition>
        <short value="The appointment that scheduled this visit"/>
        <formal value="The appointment that scheduled this visit"/>
        <min value="0"/>
        <max value="1"/>
        <type>
          <code value="Resource(Appointment)"/>
        </type>
        <mustUnderstand value="false"/>
      </definition>
    </element>
    <element>
      <path value="Encounter.period"/>
      <definition>
        <short value="Period during which the visit lasted"/>
        <formal value="Period during which the visit lasted"/>
        <min value="0"/>
        <max value="1"/>
        <type>
          <code value="Period"/>
        </type>
        <mustUnderstand value="false"/>
      </definition>
    </element>
    <element>
      <path value="Encounter.length"/>
      <definition>
        <short value="Quantity of time the visit lasted"/>
        <formal value="Quantity of time the visit lasted. This excludes the time during leaves of absence."/>
        <min value="0"/>
        <max value="1"/>
        <type>
          <code value="Duration"/>
        </type>
        <mustUnderstand value="false"/>
      </definition>
    </element>
    <element>
      <path value="Encounter.contact"/>
      <definition>
        <short value="Emergency contact during the visit"/>
        <formal value="Emergency contact during the visit"/>
        <min value="0"/>
        <max value="1"/>
        <type>
          <code value="Resource(Person)"/>
        </type>
        <mustUnderstand value="false"/>
      </definition>
    </element>
    <element>
      <path value="Encounter.admission"/>
      <definition>
        <short value="Details about an admission to a clinic"/>
        <formal value="Details about an admission to a clinic"/>
        <min value="0"/>
        <max value="1"/>
        <mustUnderstand value="false"/>
      </definition>
    </element>
    <element>
      <path value="Encounter.admission.admitter"/>
      <definition>
        <short value="The provider responsible for admission"/>
        <formal value="The provider responsible for admission"/>
        <min value="0"/>
        <max value="1"/>
        <type>
          <code value="Resource(Provider)"/>
        </type>
        <mustUnderstand value="false"/>
      </definition>
    </element>
    <element>
      <path value="Encounter.admission.origin"/>
      <definition>
        <short value="The location the patient came from before admission"/>
        <formal value="The location the patient came from before admission"/>
        <min value="0"/>
        <max value="1"/>
        <type>
          <code value="Resource(Location)"/>
        </type>
        <mustUnderstand value="false"/>
      </definition>
    </element>
    <element>
      <path value="Encounter.indication"/>
      <definition>
        <short value="Reason the encounter takes place"/>
        <formal value="Reason the encounter takes place"/>
        <min value="0"/>
        <max value="1"/>
        <type>
          <code value="Resource(Any)"/>
        </type>
        <mustUnderstand value="false"/>
      </definition>
    </element>
    <element>
      <path value="Encounter.location"/>
      <definition>
        <short value="List of locations the patient has been at"/>
        <formal value="List of locations the patient has been at."/>
        <min value="0"/>
        <max value="*"/>
        <mustUnderstand value="false"/>
      </definition>
    </element>
    <element>
      <path value="Encounter.location.location"/>
      <definition>
        <short value="The location the encounter takes place"/>
        <formal value="The location the encounter takes place"/>
        <min value="1"/>
        <max value="1"/>
        <type>
          <code value="Resource(Location)"/>
        </type>
        <mustUnderstand value="false"/>
      </definition>
    </element>
    <element>
      <path value="Encounter.location.bed[x]"/>
      <definition>
        <short value="Name of the bed the patient stays in"/>
        <formal value="A name of specific label for the bed the patient was in on the location"/>
        <min value="0"/>
        <max value="1"/>
        <type>
          <code value="string"/>
        </type>
        <type>
          <code value="Coding"/>
        </type>
        <mustUnderstand value="false"/>
      </definition>
    </element>
    <element>
      <path value="Encounter.location.period"/>
      <definition>
        <short value="Time period during which the patient was present at the location"/>
        <formal value="Time period during which the patient was present at the location"/>
        <min value="1"/>
        <max value="1"/>
        <type>
          <code value="dateTime"/>
        </type>
        <mustUnderstand value="false"/>
      </definition>
    </element>
    <element>
      <path value="Encounter.location.responsible"/>
      <definition>
        <short value="Provider responsible for the patient during his stay at this location"/>
        <formal value="Provider responsible for the patient during his stay at this location"/>
        <min value="0"/>
        <max value="1"/>
        <type>
          <code value="Resource(Provider)"/>
        </type>
        <mustUnderstand value="false"/>
      </definition>
    </element>
    <element>
      <path value="Encounter.discharge"/>
      <definition>
        <short value="Details about a discharge from a clinic"/>
        <formal value="Details about a discharge from a clinic"/>
        <min value="0"/>
        <max value="1"/>
        <mustUnderstand value="false"/>
      </definition>
    </element>
    <element>
      <path value="Encounter.discharge.discharger"/>
      <definition>
        <short value="Provider responsible for the patient during the discharge"/>
        <formal value="Provider responsible for the patient during the discharge"/>
        <min value="0"/>
        <max value="1"/>
        <type>
          <code value="Resource(Provider)"/>
        </type>
        <mustUnderstand value="false"/>
      </definition>
    </element>
    <element>
      <path value="Encounter.discharge.contact"/>
      <definition>
        <short value="Contact person to inform about the discharge"/>
        <formal value="Contact person to inform about the discharge"/>
        <min value="0"/>
        <max value="1"/>
        <type>
          <code value="Resource(Person)"/>
        </type>
        <mustUnderstand value="false"/>
      </definition>
    </element>
    <element>
      <path value="Encounter.discharge.destination"/>
      <definition>
        <short value="Location the patient is discharged to"/>
        <formal value="Location the patient is discharged to"/>
        <min value="0"/>
        <max value="1"/>
        <type>
          <code value="Resource(Location)"/>
        </type>
        <mustUnderstand value="false"/>
      </definition>
    </element>
    <searchParam>
      <name value="_id"/>
      <type value="token"/>
      <repeats value="single"/>
      <documentation value="The logical resource id associated with the resource (must be supported by all servers)"/>
    </searchParam>
  </constraint>
</Profile>