<?xml version="1.0" encoding="UTF-8"?><Group xmlns="http://hl7.org/fhir">
  <text>
    <status value="additional"/>
    <div xmlns="http://www.w3.org/1999/xhtml">
      <p>Herd of 25 horses</p>
      <p>Gender: mixed</p>
      <p>Owner: John Smith</p>
    </div>
  </text>
  <type value="animal"/>
  <actual value="true"/>
  <code>
    <text value="Horse"/>
  </code>
  <name value="John&#39;s herd"/>
  <quantity value="25"/>
  <characteristic>
    <type>
      <text value="gender"/>
    </type>
    <valueString value="mixed"/>
  </characteristic>
  <characteristic>
    <type>
      <text value="owner"/>
    </type>
    <valueString value="John Smith"/>
  </characteristic>
</Group>