<?xml version="1.0" encoding="UTF-8"?>

<Profile xmlns="http://hl7.org/fhir">
  <text>
    <status value="generated"/><div xmlns="http://www.w3.org/1999/xhtml"><pre>
&lt;<a title="Represents a defined collection of entities that may be discussed or acted upon collectively but which are not expected to act collectively and are not formally or legally recognized.  I.e. A collection of entities that isn&#39;t an Organization" class="dict" href="group-definitions.htm#Group"><b>Group</b></a> xmlns=&quot;http://hl7.org/fhir&quot;&gt;
 &lt;<a title="A unique business identifier for this group" class="dict" href="group-definitions.htm#Group.identifier"><b>identifier</b></a>&gt;<span style="color: Gray">&lt;!--</span> <span style="color: brown"><b>0..1</b></span> <span style="color: darkgreen"><a href="datatypes.htm#Identifier">Identifier</a></span> <span style="color: navy">Unique id</span><span style="color: Gray"> --&gt;</span>&lt;/identifier&gt;
 &lt;<a title="Identifies the broad classification of the kind of resources the group includes (this element must be understood)" class="dict" href="group-definitions.htm#Group.type"><span style="text-decoration: underline"><b>type</b></span></a> value=&quot;[<span style="color: darkgreen"><a href="datatypes.htm#code">code</a></span>]&quot;/&gt;<span style="color: Gray">&lt;!--</span> <span title="Can only have a code for non-Person groups" style="color: deeppink"><b>1..1</b></span> <span style="color: navy">Group Classification</span><span style="color: Gray"> --&gt;</span>
 &lt;<a title="If true, indicates that the resource refers to a specific group of real individuals.  If false, the group defines a set of intended individuals (this element must be understood)" class="dict" href="group-definitions.htm#Group.actual"><span style="text-decoration: underline"><b>actual</b></span></a> value=&quot;[<span style="color: darkgreen"><a href="datatypes.htm#boolean">boolean</a></span>]&quot;/&gt;<span style="color: Gray">&lt;!--</span> <span title="Can only have members if group is &quot;actual&quot;" style="color: deeppink"><b>1..1</b></span> <span style="color: navy">Descriptive or actual</span><span style="color: Gray"> --&gt;</span>
 &lt;<a title="Provides a specific type of resource the group includes.  E.g. &quot;cow&quot;, &quot;syringe&quot;, etc." class="dict" href="group-definitions.htm#Group.code"><b>code</b></a>&gt;<span style="color: Gray">&lt;!--</span> <span title="Can only have a code for non-Person groups" style="color: deeppink"><b>0..1</b></span> <span style="color: darkgreen"><a href="datatypes.htm#CodeableConcept">CodeableConcept</a></span> <span style="color: navy">Kind of Group members</span><span style="color: Gray"> --&gt;</span>&lt;/code&gt;
 &lt;<a title="A label assigned to the group for human identification and communication" class="dict" href="group-definitions.htm#Group.name"><b>name</b></a> value=&quot;[<span style="color: darkgreen"><a href="datatypes.htm#string">string</a></span>]&quot;/&gt;<span style="color: Gray">&lt;!--</span> <span style="color: brown"><b>0..1</b></span> <span style="color: navy">Label for Group</span><span style="color: Gray"> --&gt;</span>
 &lt;<a title="A count of the number of resource instances that are part of the group" class="dict" href="group-definitions.htm#Group.quantity"><b>quantity</b></a> value=&quot;[<span style="color: darkgreen"><a href="datatypes.htm#integer">integer</a></span>]&quot;/&gt;<span style="color: Gray">&lt;!--</span> <span style="color: brown"><b>0..1</b></span> <span style="color: navy">Number of members</span><span style="color: Gray"> --&gt;</span>
 &lt;<a title="Identifies the traits shared by members of the group" class="dict" href="group-definitions.htm#Group.characteristic"><b>characteristic</b></a>&gt;  <span style="color: Gray">&lt;!-- <span style="color: brown"><b>0..*</b></span> Trait of group members --&gt;</span>
  &lt;<a title="Identifies the kind of trait being asserted (this element must be understood)" class="dict" href="group-definitions.htm#Group.characteristic.type"><span style="text-decoration: underline"><b>type</b></span></a>&gt;<span style="color: Gray">&lt;!--</span> <span style="color: brown"><b>1..1</b></span> <span style="color: darkgreen"><a href="datatypes.htm#CodeableConcept">CodeableConcept</a></span> <span style="color: navy">Kind of characteristic</span><span style="color: Gray"> --&gt;</span>&lt;/type&gt;
  &lt;<a title="The value of the trait that holds (or does not hold - see &#39;exclude&#39;) for members of the group (this element must be understood)" class="dict" href="group-definitions.htm#Group.characteristic.value_x_"><span style="text-decoration: underline"><b>value[x]</b></span></a>&gt;<span style="color: Gray">&lt;!--</span> <span style="color: brown"><b>1..1</b></span> <span style="color: darkgreen"><a href="datatypes.htm#CodeableConcept">CodeableConcept</a>|<a href="datatypes.htm#string">string</a>|<a href="datatypes.htm#boolean">boolean</a>|<a href="datatypes.htm#Range">Range</a></span> <span style="color: navy">Value held by characteristic</span><span style="color: Gray"> --&gt;</span>&lt;/value[x]&gt;
  &lt;<a title="If true, indicates the characteristic is one that is NOT held by members of the group (this element must be understood)" class="dict" href="group-definitions.htm#Group.characteristic.exclude"><span style="text-decoration: underline"><b>exclude</b></span></a> value=&quot;[<span style="color: darkgreen"><a href="datatypes.htm#boolean">boolean</a></span>]&quot;/&gt;<span style="color: Gray">&lt;!--</span> <span style="color: brown"><b>0..1</b></span> <span style="color: navy">Group includes or excludes</span><span style="color: Gray"> --&gt;</span>
 &lt;/characteristic&gt;
 &lt;<a title="Identifies the resource instances that are members of the group." class="dict" href="group-definitions.htm#Group.member"><b>member</b></a>&gt;<span style="color: Gray">&lt;!--</span> <span title="Can only have members if group is &quot;actual&quot;" style="color: deeppink"><b>0..*</b></span> <span style="color: darkgreen"><a href="resources.htm#Resource">Resource</a>(<a href="patient.htm#Patient">Patient</a>|<a href="provider.htm#Provider">Provider</a>|<a href="device.htm#Device">Device</a>|<a href="resources.htm">Medication</a>)</span> <span style="color: navy">Who is in group</span><span style="color: Gray"> --&gt;</span>&lt;/member&gt;
&lt;/Group&gt;
</pre></div>
  </text>
  <name value="group"/>
  <author>
    <name value="todo (committee)"/>
  </author>
  <description value="Basic Profile. Represents a defined collection of entities that may be discussed or acted upon collectively but which are not expected to act collectively and are not formally or legally recognized.  I.e. A collection of entities that isn&#39;t an Organization"/>
  <status>
    <code value="testing"/>
    <date value="2013-04-09"/>
  </status>
  <constraint>
    <type value="Group"/>
    <element>
      <path value="Group"/>
      <definition>
        <short value="Group of multiple entities"/>
        <formal value="Represents a defined collection of entities that may be discussed or acted upon collectively but which are not expected to act collectively and are not formally or legally recognized.  I.e. A collection of entities that isn&#39;t an Organization"/>
        <min value="1"/>
        <max value="1"/>
        <type>
          <code value="Resource"/>
        </type>
        <constraint>
          <id value="2"/>
          <name value="No code for Person"/>
          <severity value="error"/>
          <human value="Can only have a code for non-Person groups"/>
          <xpath value="(f:type/@value=&#39;person&#39;)!=exists(f:code)"/>
        </constraint>
        <constraint>
          <id value="1"/>
          <name value="No members for non-actual"/>
          <severity value="error"/>
          <human value="Can only have members if group is &quot;actual&quot;"/>
          <xpath value="f:actual/@value=&#39;true&#39; or not(exists(f:member))"/>
        </constraint>
        <mustUnderstand value="false"/>
      </definition>
    </element>
    <element>
      <path value="Group.extension"/>
      <definition>
        <short value="Additional Content defined by implementations"/>
        <formal value="May be used to represent additional information that is not part of the basic definition of the resource. In order to make the use of extensions safe and manageable, there is a strict governance applied to the definition and use of extensions. Though any implementer is allowed to define an extension, there is a set of requirements that must be met as part of the definition of the extension"/>
        <comments value="there can be no stigma
associated with the use of extensions by any application, project, or standard - regardless of the institution or jurisdiction that uses or defines the extensions.  The use of extensions is what allows the FHIR specification to retain a core simplicity for everyone"/>
        <synonym value="extensions"/>
        <synonym value="user content"/>
        <min value="0"/>
        <max value="*"/>
        <type>
          <code value="Extension"/>
        </type>
      </definition>
    </element>
    <element>
      <path value="Group.text"/>
      <definition>
        <short value="Text summary of the resource, for human interpretation"/>
        <formal value="A human readable narrative that contains a summary of the resource, and may be used to represent the content of the resource to a human. The narrative need not encode all the structured data, but is required to contain sufficient detail to make it &quot;clinically safe&quot; for a human to just read the narrative. Resource definitions may define what content should be represented in the narrative to ensure clinical safety"/>
        <comments value="Contained resources do not have narrative. Resources that are not contained SHOULD have a narrative"/>
        <synonym value="narrative"/>
        <synonym value="html"/>
        <synonym value="xhtml"/>
        <synonym value="display"/>
        <min value="0"/>
        <max value="1"/>
        <type>
          <code value="Narrative"/>
        </type>
      </definition>
    </element>
    <element>
      <path value="Group.contained"/>
      <definition>
        <short value="Contained, inline Resources"/>
        <formal value="These resources do not have an independent existence apart from the resource that contains them - they cannot be identified independently, and nor can they have their own independent transaction scope"/>
        <comments value="This should never be done when the content can be identified properly, as once identification is lost, it is extremely difficult (and context dependent) to restore it again"/>
        <synonym value="inline resources"/>
        <synonym value="anonymous resources"/>
        <synonym value="contained resources"/>
        <min value="0"/>
        <max value="*"/>
        <type>
          <code value="Resource"/>
        </type>
      </definition>
    </element>
    <element>
      <path value="Group.identifier"/>
      <definition>
        <short value="Unique id"/>
        <formal value="A unique business identifier for this group"/>
        <min value="0"/>
        <max value="1"/>
        <type>
          <code value="Identifier"/>
        </type>
        <mustUnderstand value="false"/>
      </definition>
    </element>
    <element>
      <path value="Group.type"/>
      <definition>
        <short value="Group Classification"/>
        <formal value="Identifies the broad classification of the kind of resources the group includes"/>
        <min value="1"/>
        <max value="1"/>
        <type>
          <code value="code"/>
        </type>
        <mustUnderstand value="true"/>
        <binding value="GroupType"/>
      </definition>
    </element>
    <element>
      <path value="Group.actual"/>
      <definition>
        <short value="Descriptive or actual"/>
        <formal value="If true, indicates that the resource refers to a specific group of real individuals.  If false, the group defines a set of intended individuals"/>
        <min value="1"/>
        <max value="1"/>
        <type>
          <code value="boolean"/>
        </type>
        <mustUnderstand value="true"/>
      </definition>
    </element>
    <element>
      <path value="Group.code"/>
      <definition>
        <short value="Kind of Group members"/>
        <formal value="Provides a specific type of resource the group includes.  E.g. &quot;cow&quot;, &quot;syringe&quot;, etc."/>
        <comments value="This would generally be omitted for Person resources"/>
        <min value="0"/>
        <max value="1"/>
        <type>
          <code value="CodeableConcept"/>
        </type>
        <mustUnderstand value="false"/>
        <binding value="GroupCode"/>
      </definition>
    </element>
    <element>
      <path value="Group.name"/>
      <definition>
        <short value="Label for Group"/>
        <formal value="A label assigned to the group for human identification and communication"/>
        <min value="0"/>
        <max value="1"/>
        <type>
          <code value="string"/>
        </type>
        <mustUnderstand value="false"/>
      </definition>
    </element>
    <element>
      <path value="Group.quantity"/>
      <definition>
        <short value="Number of members"/>
        <formal value="A count of the number of resource instances that are part of the group"/>
        <min value="0"/>
        <max value="1"/>
        <type>
          <code value="integer"/>
        </type>
        <mustUnderstand value="false"/>
      </definition>
    </element>
    <element>
      <path value="Group.characteristic"/>
      <definition>
        <short value="Trait of group members"/>
        <formal value="Identifies the traits shared by members of the group"/>
        <min value="0"/>
        <max value="*"/>
        <mustUnderstand value="false"/>
      </definition>
    </element>
    <element>
      <path value="Group.characteristic.type"/>
      <definition>
        <short value="Kind of characteristic"/>
        <formal value="Identifies the kind of trait being asserted"/>
        <min value="1"/>
        <max value="1"/>
        <type>
          <code value="CodeableConcept"/>
        </type>
        <mustUnderstand value="true"/>
        <binding value="GroupCharacteristicType"/>
      </definition>
    </element>
    <element>
      <path value="Group.characteristic.value[x]"/>
      <definition>
        <short value="Value held by characteristic"/>
        <formal value="The value of the trait that holds (or does not hold - see &#39;exclude&#39;) for members of the group"/>
        <comments value="For Range, it means members of the group have a value that falls somewhere within the specified range."/>
        <min value="1"/>
        <max value="1"/>
        <type>
          <code value="CodeableConcept"/>
        </type>
        <type>
          <code value="string"/>
        </type>
        <type>
          <code value="boolean"/>
        </type>
        <type>
          <code value="Range"/>
        </type>
        <mustUnderstand value="true"/>
        <binding value="GroupCharacteristicValue"/>
      </definition>
    </element>
    <element>
      <path value="Group.characteristic.exclude"/>
      <definition>
        <short value="Group includes or excludes"/>
        <formal value="If true, indicates the characteristic is one that is NOT held by members of the group"/>
        <min value="0"/>
        <max value="1"/>
        <type>
          <code value="boolean"/>
        </type>
        <mustUnderstand value="true"/>
      </definition>
    </element>
    <element>
      <path value="Group.member"/>
      <definition>
        <short value="Who is in group"/>
        <formal value="Identifies the resource instances that are members of the group."/>
        <min value="0"/>
        <max value="*"/>
        <type>
          <code value="Resource(Patient|Provider|Device|Medication)"/>
        </type>
        <constraint>
          <id value="3"/>
          <name value="Group member type agreement"/>
          <severity value="error"/>
          <human value="Member resource types must agree with group type"/>
          <xpath value="lower-case(f:type/@value)=parent::f:Group/f:type/@value"/>
        </constraint>
        <mustUnderstand value="false"/>
      </definition>
    </element>
    <searchParam>
      <name value="_id"/>
      <type value="token"/>
      <repeats value="single"/>
      <documentation value="The logical resource id associated with the resource (must be supported by all servers)"/>
    </searchParam>
    <searchParam>
      <name value="charvalue"/>
      <type value="string"/>
      <repeats value="intersection"/>
      <documentation value="The value of a characteristic held by the member resources (matches corresponding &#39;characteristic&#39; repetition"/>
    </searchParam>
    <searchParam>
      <name value="code"/>
      <type value="qtoken"/>
      <repeats value="union"/>
      <documentation value="The kind of resources contained"/>
    </searchParam>
    <searchParam>
      <name value="characteristic"/>
      <type value="qtoken"/>
      <repeats value="intersection"/>
      <documentation value="A characteristic held by the member resources"/>
    </searchParam>
    <searchParam>
      <name value="type"/>
      <type value="qtoken"/>
      <repeats value="single"/>
      <documentation value="The type of resources the group contains"/>
    </searchParam>
  </constraint>
</Profile>