{"Immunization":{"text":{"status":{"value":"generated"},"div":"<div>Authored on 8-Nov 2011 by Grahame Grieve. Content extracted from ISO-21090<\/div>"},"subject":{"type":{"value":"Patient"},"url":{"value":"../patient/@example"}},"type":{"coding":[{"system":{"value":"http://medicare.gov.au/vaccines"},"code":{"value":"AAD"}}]},"date":{"value":"2013-01-10"},"reported":{"value":"false"},"doseSequence":{"value":"2"},"refusal":{"date":{"value":"2013-01-10"},"reason":{"text":{"value":"slightly ill. Parent didn't believe that this was a good idea this week. Try again next week."}}}}}