<?xml version="1.0" encoding="UTF-8"?>

<Profile xmlns="http://hl7.org/fhir">
  <text>
    <status value="generated"/><div xmlns="http://www.w3.org/1999/xhtml"><pre>
&lt;<a title="An administered immunization" class="dict" href="immunization-definitions.htm#Immunization"><b>Immunization</b></a> xmlns=&quot;http://hl7.org/fhir&quot;&gt;
 &lt;<a title="Who this immunization was adminstered to" class="dict" href="immunization-definitions.htm#Immunization.subject"><b>subject</b></a>&gt;<span style="color: Gray">&lt;!--</span> <span style="color: brown"><b>0..1</b></span> <span style="color: darkgreen"><a href="resources.htm#Resource">Resource</a>(<a href="patient.htm#Patient">Patient</a>)</span> <span style="color: navy">Who this immunization was adminstered to</span><span style="color: Gray"> --&gt;</span>&lt;/subject&gt;
 &lt;<a title="Type of vaccine administered" class="dict" href="immunization-definitions.htm#Immunization.type"><b>type</b></a>&gt;<span style="color: Gray">&lt;!--</span> <span style="color: brown"><b>0..1</b></span> <span style="color: darkgreen"><a href="datatypes.htm#CodeableConcept">CodeableConcept</a></span> <span style="color: navy">Vaccine Product Type Administered</span><span style="color: Gray"> --&gt;</span>&lt;/type&gt;
 &lt;<a title="Date vaccine administered" class="dict" href="immunization-definitions.htm#Immunization.date"><b>date</b></a> value=&quot;[<span style="color: darkgreen"><a href="datatypes.htm#dateTime">dateTime</a></span>]&quot;/&gt;<span style="color: Gray">&lt;!--</span> <span style="color: brown"><b>0..1</b></span> <span style="color: navy">Vaccination  Administration Date</span><span style="color: Gray"> --&gt;</span>
 &lt;<a title="True if this administration was reported rather than observed" class="dict" href="immunization-definitions.htm#Immunization.reported"><b>reported</b></a> value=&quot;[<span style="color: darkgreen"><a href="datatypes.htm#boolean">boolean</a></span>]&quot;/&gt;<span style="color: Gray">&lt;!--</span> <span style="color: brown"><b>1..1</b></span> <span style="color: navy">If self-reported</span><span style="color: Gray"> --&gt;</span>
 &lt;<a title="Dose number in the series" class="dict" href="immunization-definitions.htm#Immunization.doseSequence"><b>doseSequence</b></a> value=&quot;[<span style="color: darkgreen"><a href="datatypes.htm#integer">integer</a></span>]&quot;/&gt;<span style="color: Gray">&lt;!--</span> <span style="color: brown"><b>0..1</b></span> <span style="color: navy">Dose number in the series</span><span style="color: Gray"> --&gt;</span>
 &lt;<a title="Name of manufacturer" class="dict" href="immunization-definitions.htm#Immunization.manufacturer"><b>manufacturer</b></a>&gt;<span style="color: Gray">&lt;!--</span> <span style="color: brown"><b>0..1</b></span> <span style="color: darkgreen"><a href="resources.htm#Resource">Resource</a>(<a href="organization.htm#Organization">Organization</a>)</span> <span style="color: navy">Vaccine Manufacturer</span><span style="color: Gray"> --&gt;</span>&lt;/manufacturer&gt;
 &lt;<a title="Lot number for vaccine" class="dict" href="immunization-definitions.htm#Immunization.lotNumber"><b>lotNumber</b></a> value=&quot;[<span style="color: darkgreen"><a href="datatypes.htm#string">string</a></span>]&quot;/&gt;<span style="color: Gray">&lt;!--</span> <span style="color: brown"><b>0..1</b></span> <span style="color: navy">Vaccine Lot Number</span><span style="color: Gray"> --&gt;</span>
 &lt;<a title="Date vaccine batch expires" class="dict" href="immunization-definitions.htm#Immunization.expirationDate"><b>expirationDate</b></a> value=&quot;[<span style="color: darkgreen"><a href="datatypes.htm#date">date</a></span>]&quot;/&gt;<span style="color: Gray">&lt;!--</span> <span style="color: brown"><b>0..1</b></span> <span style="color: navy">Vaccine Expiration Date</span><span style="color: Gray"> --&gt;</span>
 &lt;<a title="Body site where vaccine was administered" class="dict" href="immunization-definitions.htm#Immunization.site"><b>site</b></a>&gt;<span style="color: Gray">&lt;!--</span> <span style="color: brown"><b>0..1</b></span> <span style="color: darkgreen"><a href="datatypes.htm#CodeableConcept">CodeableConcept</a></span> <span style="color: navy">Vaccine  Site of Administration</span><span style="color: Gray"> --&gt;</span>&lt;/site&gt;
 &lt;<a title="Route of administration" class="dict" href="immunization-definitions.htm#Immunization.route"><b>route</b></a>&gt;<span style="color: Gray">&lt;!--</span> <span style="color: brown"><b>0..1</b></span> <span style="color: darkgreen"><a href="datatypes.htm#CodeableConcept">CodeableConcept</a></span> <span style="color: navy">Vaccine Route of Administration</span><span style="color: Gray"> --&gt;</span>&lt;/route&gt;
 &lt;<a title="Clinician who ordered the vaccine" class="dict" href="immunization-definitions.htm#Immunization.requester"><b>requester</b></a>&gt;<span style="color: Gray">&lt;!--</span> <span style="color: brown"><b>0..1</b></span> <span style="color: darkgreen"><a href="resources.htm#Resource">Resource</a>(<a href="provider.htm#Provider">Provider</a>)</span> <span style="color: navy">Vaccine Ordering Provider Name</span><span style="color: Gray"> --&gt;</span>&lt;/requester&gt;
 &lt;<a title="Clinician that administered the vaccine" class="dict" href="immunization-definitions.htm#Immunization.performer"><b>performer</b></a>&gt;<span style="color: Gray">&lt;!--</span> <span style="color: brown"><b>0..1</b></span> <span style="color: darkgreen"><a href="resources.htm#Resource">Resource</a>(<a href="provider.htm#Provider">Provider</a>)</span> <span style="color: navy">Vaccine Administering Provider Name</span><span style="color: Gray"> --&gt;</span>&lt;/performer&gt;
 &lt;<a title="Exemption(s)/ Parent Refusal(s) of Vaccine Product Type Administered (this element must be understood)" class="dict" href="immunization-definitions.htm#Immunization.refusal"><span style="text-decoration: underline"><b>refusal</b></span></a>&gt;  <span style="color: Gray">&lt;!-- <span style="color: brown"><b>0..1</b></span> Exemption(s)/ Parent Refusal(s) of Vaccine Product Type Administered --&gt;</span>
  &lt;<a title="Date of refusal" class="dict" href="immunization-definitions.htm#Immunization.refusal.date"><b>date</b></a> value=&quot;[<span style="color: darkgreen"><a href="datatypes.htm#dateTime">dateTime</a></span>]&quot;/&gt;<span style="color: Gray">&lt;!--</span> <span style="color: brown"><b>0..1</b></span> <span style="color: navy">Date of Exemption/Refusal of Vaccine Product Type Administered</span><span style="color: Gray"> --&gt;</span>
  &lt;<a title="Refusal or exemption reason" class="dict" href="immunization-definitions.htm#Immunization.refusal.reason"><b>reason</b></a>&gt;<span style="color: Gray">&lt;!--</span> <span style="color: brown"><b>0..1</b></span> <span style="color: darkgreen"><a href="datatypes.htm#CodeableConcept">CodeableConcept</a></span> <span style="color: navy">Explanation of refusal / exemption</span><span style="color: Gray"> --&gt;</span>&lt;/reason&gt;
 &lt;/refusal&gt;
 &lt;<a title="Categorical data indicating that an adverse event is associated in time to an immunization" class="dict" href="immunization-definitions.htm#Immunization.reaction"><b>reaction</b></a>&gt;  <span style="color: Gray">&lt;!-- <span style="color: brown"><b>0..*</b></span> Details of a reaction that follows immunization --&gt;</span>
  &lt;<a title="Date of reaction to the immunization" class="dict" href="immunization-definitions.htm#Immunization.reaction.date"><b>date</b></a> value=&quot;[<span style="color: darkgreen"><a href="datatypes.htm#dateTime">dateTime</a></span>]&quot;/&gt;<span style="color: Gray">&lt;!--</span> <span style="color: brown"><b>0..1</b></span> <span style="color: navy">Date of reaction to the immunization</span><span style="color: Gray"> --&gt;</span>
  &lt;<a title="Details of the reaction" class="dict" href="immunization-definitions.htm#Immunization.reaction.detail"><b>detail</b></a>&gt;<span style="color: Gray">&lt;!--</span> <span style="color: brown"><b>0..1</b></span> <span style="color: darkgreen"><a href="resources.htm#Resource">Resource</a>(<a href="resources.htm">AdverseReaction</a>|<a href="observation.htm#Observation">Observation</a>)</span> <span style="color: navy">Details of the reaction</span><span style="color: Gray"> --&gt;</span>&lt;/detail&gt;
 &lt;/reaction&gt;
&lt;/Immunization&gt;
</pre></div>
  </text>
  <name value="immunization"/>
  <author>
    <name value="todo (committee)"/>
  </author>
  <description value="Basic Profile. An administered immunization"/>
  <status>
    <code value="testing"/>
    <date value="2013-04-09"/>
  </status>
  <constraint>
    <type value="Immunization"/>
    <element>
      <path value="Immunization"/>
      <definition>
        <short value="An administered immunization"/>
        <formal value="An administered immunization"/>
        <min value="1"/>
        <max value="1"/>
        <type>
          <code value="Resource"/>
        </type>
        <mustUnderstand value="false"/>
      </definition>
    </element>
    <element>
      <path value="Immunization.extension"/>
      <definition>
        <short value="Additional Content defined by implementations"/>
        <formal value="May be used to represent additional information that is not part of the basic definition of the resource. In order to make the use of extensions safe and manageable, there is a strict governance applied to the definition and use of extensions. Though any implementer is allowed to define an extension, there is a set of requirements that must be met as part of the definition of the extension"/>
        <comments value="there can be no stigma
associated with the use of extensions by any application, project, or standard - regardless of the institution or jurisdiction that uses or defines the extensions.  The use of extensions is what allows the FHIR specification to retain a core simplicity for everyone"/>
        <synonym value="extensions"/>
        <synonym value="user content"/>
        <min value="0"/>
        <max value="*"/>
        <type>
          <code value="Extension"/>
        </type>
      </definition>
    </element>
    <element>
      <path value="Immunization.text"/>
      <definition>
        <short value="Text summary of the resource, for human interpretation"/>
        <formal value="A human readable narrative that contains a summary of the resource, and may be used to represent the content of the resource to a human. The narrative need not encode all the structured data, but is required to contain sufficient detail to make it &quot;clinically safe&quot; for a human to just read the narrative. Resource definitions may define what content should be represented in the narrative to ensure clinical safety"/>
        <comments value="Contained resources do not have narrative. Resources that are not contained SHOULD have a narrative"/>
        <synonym value="narrative"/>
        <synonym value="html"/>
        <synonym value="xhtml"/>
        <synonym value="display"/>
        <min value="0"/>
        <max value="1"/>
        <type>
          <code value="Narrative"/>
        </type>
      </definition>
    </element>
    <element>
      <path value="Immunization.contained"/>
      <definition>
        <short value="Contained, inline Resources"/>
        <formal value="These resources do not have an independent existence apart from the resource that contains them - they cannot be identified independently, and nor can they have their own independent transaction scope"/>
        <comments value="This should never be done when the content can be identified properly, as once identification is lost, it is extremely difficult (and context dependent) to restore it again"/>
        <synonym value="inline resources"/>
        <synonym value="anonymous resources"/>
        <synonym value="contained resources"/>
        <min value="0"/>
        <max value="*"/>
        <type>
          <code value="Resource"/>
        </type>
      </definition>
    </element>
    <element>
      <path value="Immunization.subject"/>
      <definition>
        <short value="Who this immunization was adminstered to"/>
        <formal value="Who this immunization was adminstered to"/>
        <min value="0"/>
        <max value="1"/>
        <type>
          <code value="Resource(Patient)"/>
        </type>
        <mustUnderstand value="false"/>
      </definition>
    </element>
    <element>
      <path value="Immunization.type"/>
      <definition>
        <short value="Vaccine Product Type Administered"/>
        <formal value="Type of vaccine administered"/>
        <min value="0"/>
        <max value="1"/>
        <type>
          <code value="CodeableConcept"/>
        </type>
        <mustUnderstand value="false"/>
        <binding value="ImmunizationType"/>
      </definition>
    </element>
    <element>
      <path value="Immunization.date"/>
      <definition>
        <short value="Vaccination  Administration Date"/>
        <formal value="Date vaccine administered"/>
        <min value="0"/>
        <max value="1"/>
        <type>
          <code value="dateTime"/>
        </type>
        <mustUnderstand value="false"/>
      </definition>
    </element>
    <element>
      <path value="Immunization.reported"/>
      <definition>
        <short value="If self-reported"/>
        <formal value="True if this administration was reported rather than observed"/>
        <min value="1"/>
        <max value="1"/>
        <type>
          <code value="boolean"/>
        </type>
        <mustUnderstand value="false"/>
      </definition>
    </element>
    <element>
      <path value="Immunization.doseSequence"/>
      <definition>
        <short value="Dose number in the series"/>
        <formal value="Dose number in the series"/>
        <min value="0"/>
        <max value="1"/>
        <type>
          <code value="integer"/>
        </type>
        <mustUnderstand value="false"/>
      </definition>
    </element>
    <element>
      <path value="Immunization.manufacturer"/>
      <definition>
        <short value="Vaccine Manufacturer"/>
        <formal value="Name of manufacturer"/>
        <min value="0"/>
        <max value="1"/>
        <type>
          <code value="Resource(Organization)"/>
        </type>
        <mustUnderstand value="false"/>
      </definition>
    </element>
    <element>
      <path value="Immunization.lotNumber"/>
      <definition>
        <short value="Vaccine Lot Number"/>
        <formal value="Lot number for vaccine"/>
        <min value="0"/>
        <max value="1"/>
        <type>
          <code value="string"/>
        </type>
        <mustUnderstand value="false"/>
      </definition>
    </element>
    <element>
      <path value="Immunization.expirationDate"/>
      <definition>
        <short value="Vaccine Expiration Date"/>
        <formal value="Date vaccine batch expires"/>
        <min value="0"/>
        <max value="1"/>
        <type>
          <code value="date"/>
        </type>
        <mustUnderstand value="false"/>
      </definition>
    </element>
    <element>
      <path value="Immunization.site"/>
      <definition>
        <short value="Vaccine  Site of Administration"/>
        <formal value="Body site where vaccine was administered"/>
        <min value="0"/>
        <max value="1"/>
        <type>
          <code value="CodeableConcept"/>
        </type>
        <mustUnderstand value="false"/>
        <binding value="ImmunizationSite"/>
      </definition>
    </element>
    <element>
      <path value="Immunization.route"/>
      <definition>
        <short value="Vaccine Route of Administration"/>
        <formal value="Route of administration"/>
        <min value="0"/>
        <max value="1"/>
        <type>
          <code value="CodeableConcept"/>
        </type>
        <mustUnderstand value="false"/>
        <binding value="ImmunizationRoute"/>
      </definition>
    </element>
    <element>
      <path value="Immunization.requester"/>
      <definition>
        <short value="Vaccine Ordering Provider Name"/>
        <formal value="Clinician who ordered the vaccine"/>
        <comments value="other participants - delegate to Provenance resource"/>
        <min value="0"/>
        <max value="1"/>
        <type>
          <code value="Resource(Provider)"/>
        </type>
        <mustUnderstand value="false"/>
      </definition>
    </element>
    <element>
      <path value="Immunization.performer"/>
      <definition>
        <short value="Vaccine Administering Provider Name"/>
        <formal value="Clinician that administered the vaccine"/>
        <min value="0"/>
        <max value="1"/>
        <type>
          <code value="Resource(Provider)"/>
        </type>
        <mustUnderstand value="false"/>
      </definition>
    </element>
    <element>
      <path value="Immunization.refusal"/>
      <definition>
        <short value="Exemption(s)/ Parent Refusal(s) of Vaccine Product Type Administered"/>
        <formal value="Exemption(s)/ Parent Refusal(s) of Vaccine Product Type Administered"/>
        <comments value="If the vaccine was not administered, this element must be present"/>
        <min value="0"/>
        <max value="1"/>
        <mustUnderstand value="true"/>
      </definition>
    </element>
    <element>
      <path value="Immunization.refusal.date"/>
      <definition>
        <short value="Date of Exemption/Refusal of Vaccine Product Type Administered"/>
        <formal value="Date of refusal"/>
        <min value="0"/>
        <max value="1"/>
        <type>
          <code value="dateTime"/>
        </type>
        <mustUnderstand value="false"/>
      </definition>
    </element>
    <element>
      <path value="Immunization.refusal.reason"/>
      <definition>
        <short value="Explanation of refusal / exemption"/>
        <formal value="Refusal or exemption reason"/>
        <min value="0"/>
        <max value="1"/>
        <type>
          <code value="CodeableConcept"/>
        </type>
        <mustUnderstand value="false"/>
      </definition>
    </element>
    <element>
      <path value="Immunization.reaction"/>
      <definition>
        <short value="Details of a reaction that follows immunization"/>
        <formal value="Categorical data indicating that an adverse event is associated in time to an immunization"/>
        <min value="0"/>
        <max value="*"/>
        <mustUnderstand value="false"/>
      </definition>
    </element>
    <element>
      <path value="Immunization.reaction.date"/>
      <definition>
        <short value="Date of reaction to the immunization"/>
        <formal value="Date of reaction to the immunization"/>
        <min value="0"/>
        <max value="1"/>
        <type>
          <code value="dateTime"/>
        </type>
        <mustUnderstand value="false"/>
      </definition>
    </element>
    <element>
      <path value="Immunization.reaction.detail"/>
      <definition>
        <short value="Details of the reaction"/>
        <formal value="Details of the reaction"/>
        <min value="0"/>
        <max value="1"/>
        <type>
          <code value="Resource(AdverseReaction|Observation)"/>
        </type>
        <mustUnderstand value="false"/>
      </definition>
    </element>
    <searchParam>
      <name value="_id"/>
      <type value="token"/>
      <repeats value="single"/>
      <documentation value="The logical resource id associated with the resource (must be supported by all servers)"/>
    </searchParam>
    <searchParam>
      <name value="manufacturer"/>
      <type value="qtoken"/>
      <repeats value="union"/>
      <documentation value="Vaccine Manufacturer"/>
    </searchParam>
    <searchParam>
      <name value="refusal-date"/>
      <type value="date"/>
      <repeats value="union"/>
      <documentation value="Date of Exemption/Refusal of Vaccine Product Type Administered"/>
    </searchParam>
    <searchParam>
      <name value="lot"/>
      <type value="string"/>
      <repeats value="union"/>
      <documentation value="Vaccine Lot Number"/>
    </searchParam>
    <searchParam>
      <name value="date"/>
      <type value="date"/>
      <repeats value="union"/>
      <documentation value="Vaccination  Administration Date"/>
    </searchParam>
    <searchParam>
      <name value="type"/>
      <type value="qtoken"/>
      <repeats value="union"/>
      <documentation value="Vaccine Product Type Administered"/>
    </searchParam>
    <searchParam>
      <name value="refusal"/>
      <type value="string"/>
      <repeats value="union"/>
      <documentation value="Explanation of refusal / exemption"/>
    </searchParam>
  </constraint>
</Profile>