<?xml version="1.0" encoding="UTF-8"?><Immunization xmlns="http://hl7.org/fhir">

  <text>
    <status value="generated"/>
    <div xmlns="http://www.w3.org/1999/xhtml">Authored on 8-Nov 2011 by Grahame Grieve. Content extracted from ISO-21090</div>
  </text>

  <subject>
    <type value="Patient"/>
    <url value="../patient/@example"/>
  </subject>
  <type>
    <coding>
      <system value="http://medicare.gov.au/vaccines"/>
      <code value="AAD"/>
    </coding>
  </type>
  <date value="2013-01-10"/>
  <reported value="false"/>
  <doseSequence value="2"/>
  <refusal>
    <date value="2013-01-10"/>
    <reason>
      <text value="slightly ill. Parent didn&#39;t believe that this was a good idea this week. Try again next week."/>
    </reason>
  </refusal>
</Immunization>