<?xml version="1.0" encoding="UTF-8"?>

<Profile xmlns="http://hl7.org/fhir">
  <text>
    <status value="generated"/><div xmlns="http://www.w3.org/1999/xhtml"><pre>
&lt;<a title="A collection of Error, warning or information messages that result from a system action" class="dict" href="issuereport-definitions.htm#IssueReport"><b>IssueReport</b></a> xmlns=&quot;http://hl7.org/fhir&quot;&gt;
 &lt;<a title="An error, warning or information message that results from a system action" class="dict" href="issuereport-definitions.htm#IssueReport.issue"><b>issue</b></a>&gt;  <span style="color: Gray">&lt;!-- <span style="color: brown"><b>1..*</b></span> A single issue associated with the action --&gt;</span>
  &lt;<a title="Indicates whether the issue indicates a variation from successful processing (this element must be understood)" class="dict" href="issuereport-definitions.htm#IssueReport.issue.severity"><span style="text-decoration: underline"><b>severity</b></span></a> value=&quot;[<span style="color: darkgreen"><a href="datatypes.htm#code">code</a></span>]&quot;/&gt;<span style="color: Gray">&lt;!--</span> <span style="color: brown"><b>1..1</b></span> <span style="color: navy">error | warning | information</span><span style="color: Gray"> --&gt;</span>
  &lt;<a title="A code indicating the type of error, warning or information message." class="dict" href="issuereport-definitions.htm#IssueReport.issue.type"><b>type</b></a>&gt;<span style="color: Gray">&lt;!--</span> <span style="color: brown"><b>0..1</b></span> <span style="color: darkgreen"><a href="datatypes.htm#CodeableConcept">CodeableConcept</a></span> <span style="color: navy">Error or warning code</span><span style="color: Gray"> --&gt;</span>&lt;/type&gt;
  &lt;<a title="Additional description of the issue" class="dict" href="issuereport-definitions.htm#IssueReport.issue.details"><b>details</b></a> value=&quot;[<span style="color: darkgreen"><a href="datatypes.htm#string">string</a></span>]&quot;/&gt;<span style="color: Gray">&lt;!--</span> <span style="color: brown"><b>0..1</b></span> <span style="color: navy">Additional description of the issue</span><span style="color: Gray"> --&gt;</span>
  &lt;<a title="A simple XPath limited to element names, repetition indicators and the default child access that identifies one of the elements in the resource that caused this issue to be raised." class="dict" href="issuereport-definitions.htm#IssueReport.issue.location"><b>location</b></a> value=&quot;[<span style="color: darkgreen"><a href="datatypes.htm#string">string</a></span>]&quot;/&gt;<span style="color: Gray">&lt;!--</span> <span style="color: brown"><b>0..*</b></span> <span style="color: navy">XPath of element(s) related to issue</span><span style="color: Gray"> --&gt;</span>
 &lt;/issue&gt;
&lt;/IssueReport&gt;
</pre></div>
  </text>
  <name value="issuereport"/>
  <author>
    <name value="todo (committee)"/>
  </author>
  <description value="Basic Profile. A collection of Error, warning or information messages that result from a system action"/>
  <status>
    <code value="testing"/>
    <date value="2013-04-09"/>
  </status>
  <constraint>
    <type value="IssueReport"/>
    <element>
      <path value="IssueReport"/>
      <definition>
        <short value="Information about the success/failure of an action"/>
        <formal value="A collection of Error, warning or information messages that result from a system action"/>
        <comments value="Can result from the failure of a REST call or be part of the response message returned from a request message.  If sent with extensions overriding particular issues, might even appear as part of a request message."/>
        <min value="1"/>
        <max value="1"/>
        <type>
          <code value="Resource"/>
        </type>
        <mustUnderstand value="false"/>
      </definition>
    </element>
    <element>
      <path value="IssueReport.extension"/>
      <definition>
        <short value="Additional Content defined by implementations"/>
        <formal value="May be used to represent additional information that is not part of the basic definition of the resource. In order to make the use of extensions safe and manageable, there is a strict governance applied to the definition and use of extensions. Though any implementer is allowed to define an extension, there is a set of requirements that must be met as part of the definition of the extension"/>
        <comments value="there can be no stigma
associated with the use of extensions by any application, project, or standard - regardless of the institution or jurisdiction that uses or defines the extensions.  The use of extensions is what allows the FHIR specification to retain a core simplicity for everyone"/>
        <synonym value="extensions"/>
        <synonym value="user content"/>
        <min value="0"/>
        <max value="*"/>
        <type>
          <code value="Extension"/>
        </type>
      </definition>
    </element>
    <element>
      <path value="IssueReport.text"/>
      <definition>
        <short value="Text summary of the resource, for human interpretation"/>
        <formal value="A human readable narrative that contains a summary of the resource, and may be used to represent the content of the resource to a human. The narrative need not encode all the structured data, but is required to contain sufficient detail to make it &quot;clinically safe&quot; for a human to just read the narrative. Resource definitions may define what content should be represented in the narrative to ensure clinical safety"/>
        <comments value="Contained resources do not have narrative. Resources that are not contained SHOULD have a narrative"/>
        <synonym value="narrative"/>
        <synonym value="html"/>
        <synonym value="xhtml"/>
        <synonym value="display"/>
        <min value="0"/>
        <max value="1"/>
        <type>
          <code value="Narrative"/>
        </type>
      </definition>
    </element>
    <element>
      <path value="IssueReport.contained"/>
      <definition>
        <short value="Contained, inline Resources"/>
        <formal value="These resources do not have an independent existence apart from the resource that contains them - they cannot be identified independently, and nor can they have their own independent transaction scope"/>
        <comments value="This should never be done when the content can be identified properly, as once identification is lost, it is extremely difficult (and context dependent) to restore it again"/>
        <synonym value="inline resources"/>
        <synonym value="anonymous resources"/>
        <synonym value="contained resources"/>
        <min value="0"/>
        <max value="*"/>
        <type>
          <code value="Resource"/>
        </type>
      </definition>
    </element>
    <element>
      <path value="IssueReport.issue"/>
      <definition>
        <short value="A single issue associated with the action"/>
        <formal value="An error, warning or information message that results from a system action"/>
        <min value="1"/>
        <max value="*"/>
        <mustUnderstand value="false"/>
      </definition>
    </element>
    <element>
      <path value="IssueReport.issue.severity"/>
      <definition>
        <short value="error | warning | information"/>
        <formal value="Indicates whether the issue indicates a variation from successful processing"/>
        <min value="1"/>
        <max value="1"/>
        <type>
          <code value="code"/>
        </type>
        <mustUnderstand value="true"/>
        <binding value="IssueSeverity"/>
      </definition>
    </element>
    <element>
      <path value="IssueReport.issue.type"/>
      <definition>
        <short value="Error or warning code"/>
        <formal value="A code indicating the type of error, warning or information message."/>
        <comments value="Codes should only be defined at a level of granularity that reasonably allows distinct actions to be taken by the receiving system.  If the response behavior of all systems is the same for two codes, the codes might as well be merged.  The human-meaningful content of the issue is conveyed in .text."/>
        <min value="0"/>
        <max value="1"/>
        <type>
          <code value="CodeableConcept"/>
        </type>
        <mustUnderstand value="false"/>
        <binding value="IssueType"/>
      </definition>
    </element>
    <element>
      <path value="IssueReport.issue.details"/>
      <definition>
        <short value="Additional description of the issue"/>
        <formal value="Additional description of the issue"/>
        <comments value="typically this field is used to provide details human readable information about the error"/>
        <min value="0"/>
        <max value="1"/>
        <type>
          <code value="string"/>
        </type>
        <mustUnderstand value="false"/>
      </definition>
    </element>
    <element>
      <path value="IssueReport.issue.location"/>
      <definition>
        <short value="XPath of element(s) related to issue"/>
        <formal value="A simple XPath limited to element names, repetition indicators and the default child access that identifies one of the elements in the resource that caused this issue to be raised."/>
        <comments value="The root of the XPath is the resource or bundle that generated IssueReport.  Each XPath must resolve to a single node.  The XPath syntax is used whether the referenced instance is expressed in XML or JSON."/>
        <min value="0"/>
        <max value="*"/>
        <type>
          <code value="string"/>
        </type>
        <mustUnderstand value="false"/>
      </definition>
    </element>
    <searchParam>
      <name value="_id"/>
      <type value="token"/>
      <repeats value="single"/>
      <documentation value="The logical resource id associated with the resource (must be supported by all servers)"/>
    </searchParam>
  </constraint>
</Profile>