<?xml version="1.0" encoding="UTF-8"?>

<Profile xmlns="http://hl7.org/fhir">
  <text>
    <status value="generated"/><div xmlns="http://www.w3.org/1999/xhtml"><pre>
&lt;<a title="A place at which services may be provided by, or on behalf of, an Organization" class="dict" href="location-definitions.htm#Location"><b>Location</b></a> xmlns=&quot;http://hl7.org/fhir&quot;&gt;
 &lt;<a title="Name of the location" class="dict" href="location-definitions.htm#Location.name"><b>name</b></a> value=&quot;[<span style="color: darkgreen"><a href="datatypes.htm#string">string</a></span>]&quot;/&gt;<span style="color: Gray">&lt;!--</span> <span style="color: brown"><b>1..1</b></span> <span style="color: navy">Name of the location</span><span style="color: Gray"> --&gt;</span>
 &lt;<a title="Classification of the location (this element must be understood)" class="dict" href="location-definitions.htm#Location.type"><span style="text-decoration: underline"><b>type</b></span></a>&gt;<span style="color: Gray">&lt;!--</span> <span style="color: brown"><b>0..*</b></span> <span style="color: darkgreen"><a href="datatypes.htm#CodeableConcept">CodeableConcept</a></span> <span style="color: navy">Classification of the location</span><span style="color: Gray"> --&gt;</span>&lt;/type&gt;
 &lt;<a title="Physical location" class="dict" href="location-definitions.htm#Location.address"><b>address</b></a>&gt;<span style="color: Gray">&lt;!--</span> <span style="color: brown"><b>0..1</b></span> <span style="color: darkgreen"><a href="datatypes.htm#Address">Address</a></span> <span style="color: navy">Physical location</span><span style="color: Gray"> --&gt;</span>&lt;/address&gt;
 &lt;<a title="The contact details of the main communication devices present at the location" class="dict" href="location-definitions.htm#Location.telecom"><b>telecom</b></a>&gt;<span style="color: Gray">&lt;!--</span> <span style="color: brown"><b>0..1</b></span> <span style="color: darkgreen"><a href="datatypes.htm#Contact">Contact</a></span> <span style="color: navy">Contact details of the location</span><span style="color: Gray"> --&gt;</span>&lt;/telecom&gt;
 &lt;<a title="The organization that provides services at the location" class="dict" href="location-definitions.htm#Location.provider"><b>provider</b></a>&gt;<span style="color: Gray">&lt;!--</span> <span style="color: brown"><b>0..1</b></span> <span style="color: darkgreen"><a href="resources.htm#Resource">Resource</a>(<a href="organization.htm#Organization">Organization</a>)</span> <span style="color: navy">The organization that provides services at the location</span><span style="color: Gray"> --&gt;</span>&lt;/provider&gt;
 &lt;<a title="Whether the location is still used to provide services (this element must be understood)" class="dict" href="location-definitions.htm#Location.active"><span style="text-decoration: underline"><b>active</b></span></a> value=&quot;[<span style="color: darkgreen"><a href="datatypes.htm#boolean">boolean</a></span>]&quot;/&gt;<span style="color: Gray">&lt;!--</span> <span style="color: brown"><b>0..1</b></span> <span style="color: navy">Whether the location is still used to provide services</span><span style="color: Gray"> --&gt;</span>
 &lt;<a title="Description of the location" class="dict" href="location-definitions.htm#Location.description"><b>description</b></a> value=&quot;[<span style="color: darkgreen"><a href="datatypes.htm#string">string</a></span>]&quot;/&gt;<span style="color: Gray">&lt;!--</span> <span style="color: brown"><b>0..1</b></span> <span style="color: navy">Description of the location</span><span style="color: Gray"> --&gt;</span>
&lt;/Location&gt;
</pre></div>
  </text>
  <name value="location"/>
  <author>
    <name value="todo (committee)"/>
  </author>
  <description value="Basic Profile. A place at which services may be provided by, or on behalf of, an Organization"/>
  <status>
    <code value="testing"/>
    <date value="2013-04-09"/>
  </status>
  <constraint>
    <type value="Location"/>
    <element>
      <path value="Location"/>
      <definition>
        <short value="A place at which services may be provided by, or on behalf of, an Organization"/>
        <formal value="A place at which services may be provided by, or on behalf of, an Organization"/>
        <min value="1"/>
        <max value="1"/>
        <type>
          <code value="Resource"/>
        </type>
        <mustUnderstand value="false"/>
      </definition>
    </element>
    <element>
      <path value="Location.extension"/>
      <definition>
        <short value="Additional Content defined by implementations"/>
        <formal value="May be used to represent additional information that is not part of the basic definition of the resource. In order to make the use of extensions safe and manageable, there is a strict governance applied to the definition and use of extensions. Though any implementer is allowed to define an extension, there is a set of requirements that must be met as part of the definition of the extension"/>
        <comments value="there can be no stigma
associated with the use of extensions by any application, project, or standard - regardless of the institution or jurisdiction that uses or defines the extensions.  The use of extensions is what allows the FHIR specification to retain a core simplicity for everyone"/>
        <synonym value="extensions"/>
        <synonym value="user content"/>
        <min value="0"/>
        <max value="*"/>
        <type>
          <code value="Extension"/>
        </type>
      </definition>
    </element>
    <element>
      <path value="Location.text"/>
      <definition>
        <short value="Text summary of the resource, for human interpretation"/>
        <formal value="A human readable narrative that contains a summary of the resource, and may be used to represent the content of the resource to a human. The narrative need not encode all the structured data, but is required to contain sufficient detail to make it &quot;clinically safe&quot; for a human to just read the narrative. Resource definitions may define what content should be represented in the narrative to ensure clinical safety"/>
        <comments value="Contained resources do not have narrative. Resources that are not contained SHOULD have a narrative"/>
        <synonym value="narrative"/>
        <synonym value="html"/>
        <synonym value="xhtml"/>
        <synonym value="display"/>
        <min value="0"/>
        <max value="1"/>
        <type>
          <code value="Narrative"/>
        </type>
      </definition>
    </element>
    <element>
      <path value="Location.contained"/>
      <definition>
        <short value="Contained, inline Resources"/>
        <formal value="These resources do not have an independent existence apart from the resource that contains them - they cannot be identified independently, and nor can they have their own independent transaction scope"/>
        <comments value="This should never be done when the content can be identified properly, as once identification is lost, it is extremely difficult (and context dependent) to restore it again"/>
        <synonym value="inline resources"/>
        <synonym value="anonymous resources"/>
        <synonym value="contained resources"/>
        <min value="0"/>
        <max value="*"/>
        <type>
          <code value="Resource"/>
        </type>
      </definition>
    </element>
    <element>
      <path value="Location.name"/>
      <definition>
        <short value="Name of the location"/>
        <formal value="Name of the location"/>
        <min value="1"/>
        <max value="1"/>
        <type>
          <code value="string"/>
        </type>
        <mustUnderstand value="false"/>
      </definition>
    </element>
    <element>
      <path value="Location.type"/>
      <definition>
        <short value="Classification of the location"/>
        <formal value="Classification of the location"/>
        <comments value="There are many ways by which locations can be classified, so this element may be repeated."/>
        <min value="0"/>
        <max value="*"/>
        <type>
          <code value="CodeableConcept"/>
        </type>
        <mustUnderstand value="true"/>
        <binding value="LocationType"/>
      </definition>
    </element>
    <element>
      <path value="Location.address"/>
      <definition>
        <short value="Physical location"/>
        <formal value="Physical location"/>
        <min value="0"/>
        <max value="1"/>
        <type>
          <code value="Address"/>
        </type>
        <mustUnderstand value="false"/>
      </definition>
    </element>
    <element>
      <path value="Location.telecom"/>
      <definition>
        <short value="Contact details of the location"/>
        <formal value="The contact details of the main communication devices present at the location"/>
        <min value="0"/>
        <max value="1"/>
        <type>
          <code value="Contact"/>
        </type>
        <mustUnderstand value="false"/>
      </definition>
    </element>
    <element>
      <path value="Location.provider"/>
      <definition>
        <short value="The organization that provides services at the location"/>
        <formal value="The organization that provides services at the location"/>
        <min value="0"/>
        <max value="1"/>
        <type>
          <code value="Resource(Organization)"/>
        </type>
        <mustUnderstand value="false"/>
      </definition>
    </element>
    <element>
      <path value="Location.active"/>
      <definition>
        <short value="Whether the location is still used to provide services"/>
        <formal value="Whether the location is still used to provide services"/>
        <min value="0"/>
        <max value="1"/>
        <type>
          <code value="boolean"/>
        </type>
        <mustUnderstand value="true"/>
      </definition>
    </element>
    <element>
      <path value="Location.description"/>
      <definition>
        <short value="Description of the location"/>
        <formal value="Description of the location"/>
        <min value="0"/>
        <max value="1"/>
        <type>
          <code value="string"/>
        </type>
        <mustUnderstand value="false"/>
      </definition>
    </element>
    <searchParam>
      <name value="_id"/>
      <type value="token"/>
      <repeats value="single"/>
      <documentation value="The logical resource id associated with the resource (must be supported by all servers)"/>
    </searchParam>
    <searchParam>
      <name value="address"/>
      <type value="string"/>
      <repeats value="union"/>
      <documentation value="A (part of the) address of the location"/>
    </searchParam>
    <searchParam>
      <name value="name"/>
      <type value="string"/>
      <repeats value="union"/>
      <documentation value="A (portion of the) name of the location"/>
    </searchParam>
    <searchParam>
      <name value="active"/>
      <type value="token"/>
      <repeats value="single"/>
      <documentation value="Whether to search for active or inactive locations"/>
    </searchParam>
    <searchParam>
      <name value="type"/>
      <type value="qtoken"/>
      <repeats value="union"/>
      <documentation value="A code for the type of location"/>
    </searchParam>
  </constraint>
</Profile>