<?xml version="1.0" encoding="UTF-8"?>

<Profile xmlns="http://hl7.org/fhir">
  <text>
    <status value="generated"/><div xmlns="http://www.w3.org/1999/xhtml"><pre>
&lt;<a title="Describes the event of a patient being given a dose of a medication.  This may be as simple as swallowing a tablet or it may be a long running infusion.

Related resources tie this event to the authorizing prescription, and the specific encounter between patient and health care provider" class="dict" href="medicationadministration-definitions.htm#MedicationAdministration"><b>MedicationAdministration</b></a> xmlns=&quot;http://hl7.org/fhir&quot;&gt;
 &lt;<a title="Will generally be set to show that the administration has been completed.  For some long running administrations such as infusions it is possible for an administration to be started but not completed or it may be paused while some other process is under way." class="dict" href="medicationadministration-definitions.htm#MedicationAdministration.administrationEventStatus"><b>administrationEventStatus</b></a> value=&quot;[<span style="color: darkgreen"><a href="datatypes.htm#code">code</a></span>]&quot;/&gt;<span style="color: Gray">&lt;!--</span> <span style="color: brown"><b>1..1</b></span> <span style="color: navy">Administration event status</span><span style="color: Gray"> --&gt;</span>
 &lt;<a title="Set this to true if the record is saying that the medication was NOT administered." class="dict" href="medicationadministration-definitions.htm#MedicationAdministration.isNegated"><b>isNegated</b></a> value=&quot;[<span style="color: darkgreen"><a href="datatypes.htm#boolean">boolean</a></span>]&quot;/&gt;<span style="color: Gray">&lt;!--</span> <span style="color: brown"><b>0..1</b></span> <span style="color: navy">Is event negated</span><span style="color: Gray"> --&gt;</span>
 &lt;<a title="A code indicating why the administration has been negated.

Use only if isNegated is set to TRUE" class="dict" href="medicationadministration-definitions.htm#MedicationAdministration.negatedReason"><b>negatedReason</b></a>&gt;<span style="color: Gray">&lt;!--</span> <span style="color: brown"><b>0..*</b></span> <span style="color: darkgreen"><a href="datatypes.htm#CodeableConcept">CodeableConcept</a></span> <span style="color: navy">Reason event is negated</span><span style="color: Gray"> --&gt;</span>&lt;/negatedReason&gt;
 &lt;<a title="An interval of time during which the administration takes place.  For many administrations, such as swallowing a tablet the lower and upper values of the interval will be the same." class="dict" href="medicationadministration-definitions.htm#MedicationAdministration.effectiveTime"><b>effectiveTime</b></a>&gt;<span style="color: Gray">&lt;!--</span> <span style="color: brown"><b>1..1</b></span> <span style="color: darkgreen"><a href="datatypes.htm#Period">Period</a></span> <span style="color: navy">Effective time</span><span style="color: Gray"> --&gt;</span>&lt;/effectiveTime&gt;
 &lt;<a title="A coded value indicating the method by which the medication is introduced into or onto the body. Most commonly used for injections.  Examples:  Slow Push; Deep IV.

Terminologies used often pre-coordinate this term with the route and or form of administration." class="dict" href="medicationadministration-definitions.htm#MedicationAdministration.method"><b>method</b></a>&gt;<span style="color: Gray">&lt;!--</span> <span style="color: brown"><b>0..1</b></span> <span style="color: darkgreen"><a href="datatypes.htm#CodeableConcept">CodeableConcept</a></span> <span style="color: navy">Administration method</span><span style="color: Gray"> --&gt;</span>&lt;/method&gt;
 &lt;<a title="A coded value indicating the location on the body where the medication is introduced into or onto the body.   Where the code system indicates laterality by means of a separate coded concept this must be post-coordinated with the code indicating the location." class="dict" href="medicationadministration-definitions.htm#MedicationAdministration.approachSite"><b>approachSite</b></a>&gt;<span style="color: Gray">&lt;!--</span> <span style="color: brown"><b>0..1</b></span> <span style="color: darkgreen"><a href="datatypes.htm#CodeableConcept">CodeableConcept</a></span> <span style="color: navy">Approach site</span><span style="color: Gray"> --&gt;</span>&lt;/approachSite&gt;
 &lt;<a title="A coded value indicating the path in or on the body by which the medication is introduced into or onto the body.  Where the code system indicates laterality by means of a separate coded concept this must be post-coordinated with the code indicating the route." class="dict" href="medicationadministration-definitions.htm#MedicationAdministration.route"><b>route</b></a>&gt;<span style="color: Gray">&lt;!--</span> <span style="color: brown"><b>0..1</b></span> <span style="color: darkgreen"><a href="datatypes.htm#CodeableConcept">CodeableConcept</a></span> <span style="color: navy">Route of administration</span><span style="color: Gray"> --&gt;</span>&lt;/route&gt;
 &lt;<a title="The amount of a medication administered to the patient as a single amount." class="dict" href="medicationadministration-definitions.htm#MedicationAdministration.administeredDose"><b>administeredDose</b></a>&gt;<span style="color: Gray">&lt;!--</span> <span style="color: brown"><b>0..1</b></span> <span style="color: darkgreen"><a href="datatypes.htm#Quantity">Quantity</a></span> <span style="color: navy">Administered dose</span><span style="color: Gray"> --&gt;</span>&lt;/administeredDose&gt;
 &lt;<a title="The amount of a medication administered to the patient over a period of time.

Example 250ml/30min" class="dict" href="medicationadministration-definitions.htm#MedicationAdministration.doseRate"><b>doseRate</b></a>&gt;<span style="color: Gray">&lt;!--</span> <span style="color: brown"><b>0..1</b></span> <span style="color: darkgreen"><a href="datatypes.htm#Quantity">Quantity</a></span> <span style="color: navy">Dose rate</span><span style="color: Gray"> --&gt;</span>&lt;/doseRate&gt;
 &lt;<a title="External identifier - FHIR will generate its own internal IDs (probably URLs) which do not need to be explicitly managed by the resource.  The identifier here is one that would be used by another non-FHIR system - for example an automated medication pump would provide a record each time it operated; an administration while the patient was off the ward might be made with a different system and entered after the event.  Particularly important if these records have to be updated." class="dict" href="medicationadministration-definitions.htm#MedicationAdministration.id"><b>id</b></a>&gt;<span style="color: Gray">&lt;!--</span> <span style="color: brown"><b>0..*</b></span> <span style="color: darkgreen"><a href="datatypes.htm#Identifier">Identifier</a></span> <span style="color: navy">External Identifier</span><span style="color: Gray"> --&gt;</span>&lt;/id&gt;
 &lt;<a title="A link to a resource that provides the original request, instruction and authority to perform the administration." class="dict" href="medicationadministration-definitions.htm#MedicationAdministration.prescription"><b>prescription</b></a>&gt;<span style="color: Gray">&lt;!--</span> <span style="color: brown"><b>1..1</b></span> <span style="color: darkgreen"><a href="resources.htm#Resource">Resource</a>(<a href="prescription.htm#Prescription">Prescription</a>)</span> <span style="color: navy">Prescription</span><span style="color: Gray"> --&gt;</span>&lt;/prescription&gt;
 &lt;<a title="A link to a resource representing the person to whom the medication was given." class="dict" href="medicationadministration-definitions.htm#MedicationAdministration.patient"><b>patient</b></a>&gt;<span style="color: Gray">&lt;!--</span> <span style="color: brown"><b>1..1</b></span> <span style="color: darkgreen"><a href="resources.htm#Resource">Resource</a>(<a href="patient.htm#Patient">Patient</a>)</span> <span style="color: navy">Patient</span><span style="color: Gray"> --&gt;</span>&lt;/patient&gt;
 &lt;<a title="This is either a link to a resource representing the details of the medication or a simple attribute carrying a code that identifies the medication from a known list of medications." class="dict" href="medicationadministration-definitions.htm#MedicationAdministration.medication"><b>medication</b></a>&gt;<span style="color: Gray">&lt;!--</span> <span style="color: brown"><b>1..*</b></span> <span style="color: darkgreen"><a href="datatypes.htm#CodeableConcept">CodeableConcept</a></span> <span style="color: navy">Medication</span><span style="color: Gray"> --&gt;</span>&lt;/medication&gt;
 &lt;<a title="An identifier or a link to a resource that identifies the particular occurrence of contact between patient and health care provider." class="dict" href="medicationadministration-definitions.htm#MedicationAdministration.encounter"><b>encounter</b></a>&gt;<span style="color: Gray">&lt;!--</span> <span style="color: brown"><b>0..1</b></span> <span style="color: darkgreen"><a href="datatypes.htm#Identifier">Identifier</a></span> <span style="color: navy">Encounter</span><span style="color: Gray"> --&gt;</span>&lt;/encounter&gt;
 &lt;<a title="An identifier or a link to a resource that identifies a device used in administering the medication to the patient." class="dict" href="medicationadministration-definitions.htm#MedicationAdministration.administrationDevice"><b>administrationDevice</b></a>&gt;<span style="color: Gray">&lt;!--</span> <span style="color: brown"><b>0..*</b></span> <span style="color: darkgreen"><a href="resources.htm#Resource">Resource</a>(<a href="device.htm#Device">Device</a>)</span> <span style="color: navy">Administration device</span><span style="color: Gray"> --&gt;</span>&lt;/administrationDevice&gt;
&lt;/MedicationAdministration&gt;
</pre></div>
  </text>
  <name value="medicationadministration"/>
  <author>
    <name value="todo (committee)"/>
  </author>
  <description value="Basic Profile. Describes the event of a patient being given a dose of a medication.  This may be as simple as swallowing a tablet or it may be a long running infusion.

Related resources tie this event to the authorizing prescription, and the specific encounter between patient and health care provider"/>
  <status>
    <code value="testing"/>
    <date value="2013-04-09"/>
  </status>
  <constraint>
    <type value="MedicationAdministration"/>
    <element>
      <path value="MedicationAdministration"/>
      <definition>
        <short value="Administration of medication to a patient"/>
        <formal value="Describes the event of a patient being given a dose of a medication.  This may be as simple as swallowing a tablet or it may be a long running infusion.

Related resources tie this event to the authorizing prescription, and the specific encounter between patient and health care provider"/>
        <min value="1"/>
        <max value="1"/>
        <type>
          <code value="Resource"/>
        </type>
        <constraint>
          <id value="1"/>
          <name value="Dose"/>
          <severity value="error"/>
          <human value="Must have at least one of administeredDose and doseRate"/>
          <xpath value="exists(f:administeredDose) or exists(f:doseRate)"/>
        </constraint>
        <mustUnderstand value="false"/>
      </definition>
    </element>
    <element>
      <path value="MedicationAdministration.extension"/>
      <definition>
        <short value="Additional Content defined by implementations"/>
        <formal value="May be used to represent additional information that is not part of the basic definition of the resource. In order to make the use of extensions safe and manageable, there is a strict governance applied to the definition and use of extensions. Though any implementer is allowed to define an extension, there is a set of requirements that must be met as part of the definition of the extension"/>
        <comments value="there can be no stigma
associated with the use of extensions by any application, project, or standard - regardless of the institution or jurisdiction that uses or defines the extensions.  The use of extensions is what allows the FHIR specification to retain a core simplicity for everyone"/>
        <synonym value="extensions"/>
        <synonym value="user content"/>
        <min value="0"/>
        <max value="*"/>
        <type>
          <code value="Extension"/>
        </type>
      </definition>
    </element>
    <element>
      <path value="MedicationAdministration.text"/>
      <definition>
        <short value="Text summary of the resource, for human interpretation"/>
        <formal value="A human readable narrative that contains a summary of the resource, and may be used to represent the content of the resource to a human. The narrative need not encode all the structured data, but is required to contain sufficient detail to make it &quot;clinically safe&quot; for a human to just read the narrative. Resource definitions may define what content should be represented in the narrative to ensure clinical safety"/>
        <comments value="Contained resources do not have narrative. Resources that are not contained SHOULD have a narrative"/>
        <synonym value="narrative"/>
        <synonym value="html"/>
        <synonym value="xhtml"/>
        <synonym value="display"/>
        <min value="0"/>
        <max value="1"/>
        <type>
          <code value="Narrative"/>
        </type>
      </definition>
    </element>
    <element>
      <path value="MedicationAdministration.contained"/>
      <definition>
        <short value="Contained, inline Resources"/>
        <formal value="These resources do not have an independent existence apart from the resource that contains them - they cannot be identified independently, and nor can they have their own independent transaction scope"/>
        <comments value="This should never be done when the content can be identified properly, as once identification is lost, it is extremely difficult (and context dependent) to restore it again"/>
        <synonym value="inline resources"/>
        <synonym value="anonymous resources"/>
        <synonym value="contained resources"/>
        <min value="0"/>
        <max value="*"/>
        <type>
          <code value="Resource"/>
        </type>
      </definition>
    </element>
    <element>
      <path value="MedicationAdministration.administrationEventStatus"/>
      <definition>
        <short value="Administration event status"/>
        <formal value="Will generally be set to show that the administration has been completed.  For some long running administrations such as infusions it is possible for an administration to be started but not completed or it may be paused while some other process is under way."/>
        <min value="1"/>
        <max value="1"/>
        <type>
          <code value="code"/>
        </type>
        <mustUnderstand value="false"/>
        <binding value="MedicationAdministrationStatus"/>
      </definition>
    </element>
    <element>
      <path value="MedicationAdministration.isNegated"/>
      <definition>
        <short value="Is event negated"/>
        <formal value="Set this to true if the record is saying that the medication was NOT administered."/>
        <min value="0"/>
        <max value="1"/>
        <type>
          <code value="boolean"/>
        </type>
        <mustUnderstand value="false"/>
      </definition>
    </element>
    <element>
      <path value="MedicationAdministration.negatedReason"/>
      <definition>
        <short value="Reason event is negated"/>
        <formal value="A code indicating why the administration has been negated.

Use only if isNegated is set to TRUE"/>
        <min value="0"/>
        <max value="*"/>
        <type>
          <code value="CodeableConcept"/>
        </type>
        <mustUnderstand value="false"/>
        <binding value="MedicationAdministrationNegationReason"/>
      </definition>
    </element>
    <element>
      <path value="MedicationAdministration.effectiveTime"/>
      <definition>
        <short value="Effective time"/>
        <formal value="An interval of time during which the administration takes place.  For many administrations, such as swallowing a tablet the lower and upper values of the interval will be the same."/>
        <min value="1"/>
        <max value="1"/>
        <type>
          <code value="Period"/>
        </type>
        <mustUnderstand value="false"/>
      </definition>
    </element>
    <element>
      <path value="MedicationAdministration.method"/>
      <definition>
        <short value="Administration method"/>
        <formal value="A coded value indicating the method by which the medication is introduced into or onto the body. Most commonly used for injections.  Examples:  Slow Push; Deep IV.

Terminologies used often pre-coordinate this term with the route and or form of administration."/>
        <min value="0"/>
        <max value="1"/>
        <type>
          <code value="CodeableConcept"/>
        </type>
        <mustUnderstand value="false"/>
        <binding value="MedicationAdministrationMethod"/>
      </definition>
    </element>
    <element>
      <path value="MedicationAdministration.approachSite"/>
      <definition>
        <short value="Approach site"/>
        <formal value="A coded value indicating the location on the body where the medication is introduced into or onto the body.   Where the code system indicates laterality by means of a separate coded concept this must be post-coordinated with the code indicating the location."/>
        <min value="0"/>
        <max value="1"/>
        <type>
          <code value="CodeableConcept"/>
        </type>
        <mustUnderstand value="false"/>
        <binding value="MedicationAdministrationSite"/>
      </definition>
    </element>
    <element>
      <path value="MedicationAdministration.route"/>
      <definition>
        <short value="Route of administration"/>
        <formal value="A coded value indicating the path in or on the body by which the medication is introduced into or onto the body.  Where the code system indicates laterality by means of a separate coded concept this must be post-coordinated with the code indicating the route."/>
        <min value="0"/>
        <max value="1"/>
        <type>
          <code value="CodeableConcept"/>
        </type>
        <mustUnderstand value="false"/>
        <binding value="RouteOfAdministration"/>
      </definition>
    </element>
    <element>
      <path value="MedicationAdministration.administeredDose"/>
      <definition>
        <short value="Administered dose"/>
        <formal value="The amount of a medication administered to the patient as a single amount."/>
        <comments value="(??Need to check work for Puffs.)"/>
        <min value="0"/>
        <max value="1"/>
        <type>
          <code value="Quantity"/>
        </type>
        <mustUnderstand value="false"/>
      </definition>
    </element>
    <element>
      <path value="MedicationAdministration.doseRate"/>
      <definition>
        <short value="Dose rate"/>
        <formal value="The amount of a medication administered to the patient over a period of time.

Example 250ml/30min"/>
        <comments value="(??Need to check work for Puffs.)"/>
        <min value="0"/>
        <max value="1"/>
        <type>
          <code value="Quantity"/>
        </type>
        <mustUnderstand value="false"/>
      </definition>
    </element>
    <element>
      <path value="MedicationAdministration.id"/>
      <definition>
        <short value="External Identifier"/>
        <formal value="External identifier - FHIR will generate its own internal IDs (probably URLs) which do not need to be explicitly managed by the resource.  The identifier here is one that would be used by another non-FHIR system - for example an automated medication pump would provide a record each time it operated; an administration while the patient was off the ward might be made with a different system and entered after the event.  Particularly important if these records have to be updated."/>
        <min value="0"/>
        <max value="*"/>
        <type>
          <code value="Identifier"/>
        </type>
        <mustUnderstand value="false"/>
      </definition>
    </element>
    <element>
      <path value="MedicationAdministration.prescription"/>
      <definition>
        <short value="Prescription"/>
        <formal value="A link to a resource that provides the original request, instruction and authority to perform the administration."/>
        <min value="1"/>
        <max value="1"/>
        <type>
          <code value="Resource(Prescription)"/>
        </type>
        <mustUnderstand value="false"/>
      </definition>
    </element>
    <element>
      <path value="MedicationAdministration.patient"/>
      <definition>
        <short value="Patient"/>
        <formal value="A link to a resource representing the person to whom the medication was given."/>
        <min value="1"/>
        <max value="1"/>
        <type>
          <code value="Resource(Patient)"/>
        </type>
        <mustUnderstand value="false"/>
      </definition>
    </element>
    <element>
      <path value="MedicationAdministration.medication"/>
      <definition>
        <short value="Medication"/>
        <formal value="This is either a link to a resource representing the details of the medication or a simple attribute carrying a code that identifies the medication from a known list of medications."/>
        <min value="1"/>
        <max value="*"/>
        <type>
          <code value="CodeableConcept"/>
        </type>
        <mustUnderstand value="false"/>
        <binding value="AMedicinesTerminology"/>
      </definition>
    </element>
    <element>
      <path value="MedicationAdministration.encounter"/>
      <definition>
        <short value="Encounter"/>
        <formal value="An identifier or a link to a resource that identifies the particular occurrence of contact between patient and health care provider."/>
        <min value="0"/>
        <max value="1"/>
        <type>
          <code value="Identifier"/>
        </type>
        <mustUnderstand value="false"/>
      </definition>
    </element>
    <element>
      <path value="MedicationAdministration.administrationDevice"/>
      <definition>
        <short value="Administration device"/>
        <formal value="An identifier or a link to a resource that identifies a device used in administering the medication to the patient."/>
        <min value="0"/>
        <max value="*"/>
        <type>
          <code value="Resource(Device)"/>
        </type>
        <mustUnderstand value="false"/>
      </definition>
    </element>
    <searchParam>
      <name value="identity"/>
      <type value="qtoken"/>
      <repeats value="union"/>
      <documentation value="Return administrations with this external identity"/>
    </searchParam>
    <searchParam>
      <name value="medicineName"/>
      <type value="string"/>
      <repeats value="union"/>
      <documentation value="Text in medicine name"/>
    </searchParam>
    <searchParam>
      <name value="patient"/>
      <type value="qtoken"/>
      <repeats value="single"/>
      <documentation value="The identity of a patient to list administrations  for"/>
    </searchParam>
    <searchParam>
      <name value="_id"/>
      <type value="token"/>
      <repeats value="single"/>
      <documentation value="The logical resource id associated with the resource (must be supported by all servers)"/>
    </searchParam>
    <searchParam>
      <name value="status"/>
      <type value="token"/>
      <repeats value="union"/>
      <documentation value="Status of the administration"/>
    </searchParam>
    <searchParam>
      <name value="prescription"/>
      <type value="qtoken"/>
      <repeats value="single"/>
      <documentation value="The identity of a prescription to list administrations from"/>
    </searchParam>
    <searchParam>
      <name value="medicineCode"/>
      <type value="qtoken"/>
      <repeats value="union"/>
      <documentation value="Code for medicine or text in medicine name"/>
    </searchParam>
    <searchParam>
      <name value="encounter"/>
      <type value="qtoken"/>
      <repeats value="union"/>
      <documentation value="Return administrations with this encounter identity"/>
    </searchParam>
    <searchParam>
      <name value="date"/>
      <type value="date"/>
      <repeats value="single"/>
      <documentation value="Date of administration"/>
    </searchParam>
    <searchParam>
      <name value="administrationDevice"/>
      <type value="qtoken"/>
      <repeats value="union"/>
      <documentation value="Return administrations with this administration device identity"/>
    </searchParam>
  </constraint>
</Profile>