{"MedicationAdministration":{"text":{"status":{"value":"generated"},"div":"<div>\n      <p>Penicillin VK 10ml suspension administered by oral route at 14:30 on 1 June 2012<\/p>\n      <p>on the authority of prescription ref: example<\/p>\n      <p>to patient ref: a23<\/p>\n    <\/div>"},"administrationEventStatus":{"value":"completed"},"effectiveTime":{"start":{"value":"2012-06-01T14:30:00"},"end":{"value":"2012-06-01T14:30:00"}},"route":{"coding":[{"system":{"value":"http://snomed.info"},"code":{"value":"363743006"},"display":{"value":"oral administration of treatment"}}]},"administeredDose":{"value":{"value":"10"},"units":{"value":"ml"},"system":{"value":"http://unitsofmeasure.org"},"code":{"value":"ml"}},"prescription":{"type":{"value":"Prescription"},"url":{"value":"../prescription/@example"}},"patient":{"type":{"value":"Patient"},"url":{"value":"../patient/@example"}},"medication":[{"coding":[{"system":{"value":"http://snomed.info"},"code":{"value":"123456789"},"display":{"value":"Penicillin VK oral suspension 125mg/5ml"}}]}]}}