<?xml version="1.0" encoding="UTF-8"?>

<Profile xmlns="http://hl7.org/fhir">
  <text>
    <status value="generated"/><div xmlns="http://www.w3.org/1999/xhtml"><pre>
<span style="color: Gray">&lt;!-- <span style="color: Darkviolet">Resources</span> --&gt;</span>
<span style="color: Gray">&lt;!--<a name="Picture"> </a><span style="color: Darkviolet">Picture</span> --&gt;</span>
&lt;<span title="Simple observations"><b>Observation</b></span> xmlns=&quot;http://hl7.org/fhir&quot;&gt;
 <span style="color: Gray">&lt;!--</span><span style="color: blue">&quot;AccessionNumber&quot;</span>  <span style="color: Gray"> --&gt;</span>
 &lt;<span title="Used by the requester to link back to the original context"><b>extension</b></span>&gt;<span style="color: Gray">&lt;!--</span> <span style="color: brown"><b>0..1</b></span> <span style="color: darkgreen"><a href="#accession"><span style="color: DarkViolet">@accession</span></a></span> <span style="color: navy">Used by the requester to link back to the original context</span><span style="color: Gray"> --&gt;</span>&lt;/extension&gt;
 <span style="color: Gray">&lt;!--</span><span style="color: blue">&quot;StudyId&quot;</span>  <span style="color: Gray"> --&gt;</span>
 &lt;<span title="The session in which the picture was taken"><b>extension</b></span>&gt;<span style="color: Gray">&lt;!--</span> <span style="color: brown"><b>0..1</b></span> <span style="color: darkgreen"><a href="#studyid"><span style="color: DarkViolet">@studyid</span></a></span> <span style="color: navy">The session in which the picture was taken</span><span style="color: Gray"> --&gt;</span>&lt;/extension&gt;
 <span style="color: Gray">&lt;!--</span><span style="color: blue">&quot;SeriesId&quot;</span>  <span style="color: Gray"> --&gt;</span>
 &lt;<span title="The series of images in which this picture was taken"><b>extension</b></span>&gt;<span style="color: Gray">&lt;!--</span> <span style="color: brown"><b>0..1</b></span> <span style="color: darkgreen"><a href="#seriesid"><span style="color: DarkViolet">@seriesid</span></a></span> <span style="color: navy">The series of images in which this picture was taken</span><span style="color: Gray"> --&gt;</span>&lt;/extension&gt;
 <i class="inherited">&lt;<span title="A human readable narrative that contains a summary of the resource, and may be used to represent the content of the resource to a human. The narrative need not encode all the structured data, but is required to contain sufficient detail to make it &quot;clinically safe&quot; for a human to just read the narrative. Resource definitions may define what content should be represented in the narrative to ensure clinical safety"><b>text</b></span>&gt;<span style="color: Gray">&lt;!--</span> <span style="color: brown"><b>0..1</b></span> <span style="color: darkgreen"><a href="http://hl7.org/fhir/formats.htm#Narrative">Narrative</a></span> <span style="color: navy">Text summary of the resource, for human interpretation</span><span style="color: Gray"> --&gt;</span>&lt;/text&gt;</i>
 <i class="inherited">&lt;<span title="These resources do not have an independent existence apart from the resource that contains them - they cannot be identified independently, and nor can they have their own independent transaction scope"><b>contained</b></span>&gt;<span style="color: Gray">&lt;!--</span> <span style="color: brown"><b>0..*</b></span> <span style="color: darkgreen"><a href="http://hl7.org/fhir/resources.htm#Resource">Resource</a></span> <span style="color: navy">Contained, inline Resources</span><span style="color: Gray"> --&gt;</span>&lt;/contained&gt;</i>
 &lt;<span title="Modality this picture is from (this element must be supported)" style="text-decoration: underline"><b>name</b></span>&gt;<span style="color: Gray">&lt;!--</span> <span style="color: brown"><b>1..1</b></span> <span style="color: darkgreen"><a href="http://hl7.org/fhir/datatypes.htm#CodeableConcept">CodeableConcept</a></span> <span style="color: navy">Modality this picture is from</span><span style="color: Gray"> --&gt;</span>&lt;/name&gt;
 &lt;<span title="The image pixel content as dicom, png, jpg, or tiff"><b>valueAttachment</b></span>&gt; <span style="color: brown"><b>1..1</b></span> <span style="color: darkgreen"><a href="http://hl7.org/fhir/datatypes.htm#Attachment">Attachment</a></span>  <span style="color: Gray">&lt;!-- <span style="color: brown"><b>1..1</b></span> The image pixel content as dicom, png, jpg, or tiff --&gt;</span>
  &lt;<span title="mime type of the actual image"><b>contentType</b></span> value=&quot;[<span style="color: darkgreen"><a href="http://hl7.org/fhir/datatypes.htm#code">code</a></span>]&quot;/&gt;<span style="color: Gray">&lt;!--</span> <span style="color: brown"><b>0..1</b></span> <span style="color: navy">mime type of the actual image</span><span style="color: Gray"> --&gt;</span>
  &lt;<span title="if the pixel data is included directly in the resource"><b>data</b></span> value=&quot;[<span style="color: darkgreen"><a href="http://hl7.org/fhir/datatypes.htm#base64Binary">base64Binary</a></span>]&quot;/&gt;<span style="color: Gray">&lt;!--</span> <span style="color: brown"><b>0..1</b></span> <span style="color: navy">if the pixel data is included directly in the resource</span><span style="color: Gray"> --&gt;</span>
  &lt;<span title="if the pixel data is hosted on some server somewhere"><b>url</b></span> value=&quot;[<span style="color: darkgreen"><a href="http://hl7.org/fhir/datatypes.htm#uri">uri</a></span>]&quot;/&gt;<span style="color: Gray">&lt;!--</span> <span style="color: brown"><b>0..1</b></span> <span style="color: navy">if the pixel data is hosted on some server somewhere</span><span style="color: Gray"> --&gt;</span>
  &lt;<span title="Size of the image in bytes"><b>size</b></span> value=&quot;[<span style="color: darkgreen"><a href="http://hl7.org/fhir/datatypes.htm#integer">integer</a></span>]&quot;/&gt;<span style="color: Gray">&lt;!--</span> <span style="color: brown"><b>0..1</b></span> <span style="color: navy">Size of the image in bytes</span><span style="color: Gray"> --&gt;</span>
 &lt;/valueAttachment&gt;
 &lt;<span title="No interpretation when the observation is just a picture"><b>interpretation</b></span> value=&quot;[<span style="color: darkgreen"><a href="http://hl7.org/fhir/datatypes.htm#base64Binary">base64Binary</a></span>]&quot;/&gt;<span style="color: Gray">&lt;!--</span> <span style="color: brown"><b>0..0</b></span> <span style="color: navy">No interpretation when the observation is just a picture</span><span style="color: Gray"> --&gt;</span>
 &lt;<span title="No comments when the observation is just a picture"><b>comments</b></span> value=&quot;[<span style="color: darkgreen"><a href="http://hl7.org/fhir/datatypes.htm#string">string</a></span>]&quot;/&gt;<span style="color: Gray">&lt;!--</span> <span style="color: brown"><b>0..0</b></span> <span style="color: navy">No comments when the observation is just a picture</span><span style="color: Gray"> --&gt;</span>
 &lt;<span title="When the image was taken"><b>obtainedDateTime</b></span>&gt;<span style="color: Gray">&lt;!--</span> <span style="color: brown"><b>0..1</b></span> <span style="color: darkgreen"><a href="http://hl7.org/fhir/datetime.htm#dateTIme">dateTIme</a></span> <span style="color: navy">When the image was taken</span><span style="color: Gray"> --&gt;</span>&lt;/obtainedDateTime&gt;
 &lt;<span title="Not tracked for an Image"><b>issued</b></span> value=&quot;[<span style="color: darkgreen"><a href="http://hl7.org/fhir/datatypes.htm#instant">instant</a></span>]&quot;/&gt;<span style="color: Gray">&lt;!--</span> <span style="color: brown"><b>0..0</b></span> <span style="color: navy">Not tracked for an Image</span><span style="color: Gray"> --&gt;</span>
 &lt;<span title="Images do not have status">status</span>&gt;final&lt;status/&gt;
 &lt;<span title="Images are always considered reliable">reliability</span>&gt;ok&lt;reliability/&gt;
 &lt;<span title="The part of the body that this is an image of"><b>bodySite</b></span>&gt;<span style="color: Gray">&lt;!--</span> <span style="color: brown"><b>0..1</b></span> <span style="color: darkgreen"><a href="http://hl7.org/fhir/datatypes.htm#CodeableConcept">CodeableConcept</a></span> <span style="color: navy">The part of the body that this is an image of</span><span style="color: Gray"> --&gt;</span>&lt;/bodySite&gt;
 &lt;<span title="A reference to the method/protocol that was followed when the images were taken"><b>method</b></span>&gt;<span style="color: Gray">&lt;!--</span> <span style="color: brown"><b>0..1</b></span> <span style="color: darkgreen"><a href="http://hl7.org/fhir/datatypes.htm#CodeableConcept">CodeableConcept</a></span> <span style="color: navy">How the image was taken</span><span style="color: Gray"> --&gt;</span>&lt;/method&gt;
 &lt;<span title="Identifier for the image"><b>identifier</b></span>&gt;<span style="color: Gray">&lt;!--</span> <span style="color: brown"><b>0..1</b></span> <span style="color: darkgreen"><a href="http://hl7.org/fhir/datatypes.htm#Identifier">Identifier</a></span> <span style="color: navy">Identifier for the image</span><span style="color: Gray"> --&gt;</span>&lt;/identifier&gt;
 &lt;<span title="Who/What this image is taken of"><b>subject</b></span>&gt;<span style="color: Gray">&lt;!--</span> <span style="color: brown"><b>0..1</b></span> <span style="color: darkgreen"><a href="http://hl7.org/fhir/resources.htm#Resource">Resource</a>(<a href="http://hl7.org/fhir/patient.htm#Patient">Patient</a>|<a href="http://hl7.org/fhir/group.htm#Group">Group</a>|<a href="http://hl7.org/fhir/device.htm#Device">Device</a>)</span> <span style="color: navy">Who/What this image is taken of</span><span style="color: Gray"> --&gt;</span>&lt;/subject&gt;
 &lt;<span title="The person who generated the image"><b>performer</b></span>&gt;<span style="color: Gray">&lt;!--</span> <span style="color: brown"><b>0..1</b></span> <span style="color: darkgreen"><a href="http://hl7.org/fhir/resources.htm#Resource">Resource</a>(<a href="http://hl7.org/fhir/provider.htm#Provider">Provider</a>)</span> <span style="color: navy">The person who generated the image</span><span style="color: Gray"> --&gt;</span>&lt;/performer&gt;
 &lt;<span title="An inapplicable concept for pictures"><b>referenceRange</b></span>&gt;  <span style="color: Gray">&lt;!-- <span style="color: brown"><b>0..0</b></span> An inapplicable concept for pictures --&gt;</span>
  <i class="inherited">&lt;<span title="Code for the meaning of the reference range"><b>meaning</b></span>&gt;<span style="color: Gray">&lt;!--</span> <span style="color: brown"><b>0..1</b></span> <span style="color: darkgreen"><a href="http://hl7.org/fhir/datatypes.htm#CodeableConcept">CodeableConcept</a></span> <span style="color: navy">The meaning of this range</span><span style="color: Gray"> --&gt;</span>&lt;/meaning&gt;</i>
  <i class="inherited">&lt;<span title="Actual value of the reference range.  May be a quantity (&lt;20mg/L), an range (10-20 umol/L), or some text"><b>range[x]</b></span>&gt;<span style="color: Gray">&lt;!--</span> <span style="color: brown"><b>1..1</b></span> <span style="color: darkgreen"><a href="http://hl7.org/fhir/datatypes.htm#Quantity">Quantity</a>|<a href="http://hl7.org/fhir/datatypes.htm#Range">Range</a>|<a href="http://hl7.org/fhir/datatypes.htm#string">string</a></span> <span style="color: navy">Reference</span><span style="color: Gray"> --&gt;</span>&lt;/range[x]&gt;</i>
 &lt;/referenceRange&gt;
 <span style="color: Gray">&lt;!--</span><span style="color: blue">&quot;deviceName&quot;</span>  <span style="color: Gray"> --&gt;</span>
 &lt;<span title="Name of the manufacturer"><b>component</b></span>&gt;  <span style="color: Gray">&lt;!-- <span style="color: brown"><b>0..1</b></span> Name of the manufacturer --&gt;</span>
  &lt;<span title="fixed code">name</span>&gt;
    &lt;coding&gt;
      &lt;code value=&quot;http://hl7.org/fhir/picture-fields&quot;/&gt;
    &lt;/coding&gt;
    &lt;text value=&quot;device&quot;/&gt;
  &lt;/name&gt;
  &lt;<span title="actual value"><b>valueQuantity</b></span>&gt;<span style="color: Gray">&lt;!--</span> <span style="color: brown"><b>1..1</b></span> <span style="color: darkgreen"><a href="http://hl7.org/fhir/datatypes.htm#Quantity">Quantity</a></span> <span style="color: navy">actual value</span><span style="color: Gray"> --&gt;</span>&lt;/valueQuantity&gt;
 &lt;/component&gt;
 <span style="color: Gray">&lt;!--</span><span style="color: blue">&quot;height&quot;</span>  <span style="color: Gray"> --&gt;</span>
 &lt;<span title="Height of the image"><b>component</b></span>&gt;  <span style="color: Gray">&lt;!-- <span style="color: brown"><b>0..1</b></span> Height of the image --&gt;</span>
  &lt;<span title="fixed code">name</span>&gt;
    &lt;coding&gt;
      &lt;code value=&quot;http://hl7.org/fhir/picture-fields&quot;/&gt;
      &lt;system value=&quot;height&quot;/&gt;
      &lt;display value=&quot;Height&quot;/&gt;
    &lt;/coding&gt;
  &lt;/name&gt;
  &lt;<span title="actual value"><b>valueQuantity</b></span>&gt;<span style="color: Gray">&lt;!--</span> <span style="color: brown"><b>1..1</b></span> <span style="color: darkgreen"><a href="http://hl7.org/fhir/datatypes.htm#Quantity">Quantity</a></span> <span style="color: navy">actual value</span><span style="color: Gray"> --&gt;</span>&lt;/valueQuantity&gt;
 &lt;/component&gt;
 <span style="color: Gray">&lt;!--</span><span style="color: blue">&quot;width&quot;</span>  <span style="color: Gray"> --&gt;</span>
 &lt;<span title="Width of the image"><b>component</b></span>&gt;  <span style="color: Gray">&lt;!-- <span style="color: brown"><b>0..1</b></span> Width of the image --&gt;</span>
  &lt;<span title="fixed code">name</span>&gt;
    &lt;coding&gt;
      &lt;code value=&quot;http://hl7.org/fhir/picture-fields&quot;/&gt;
      &lt;system value=&quot;width&quot;/&gt;
      &lt;display value=&quot;Width&quot;/&gt;
    &lt;/coding&gt;
  &lt;/name&gt;
  &lt;<span title="actual value"><b>valueQuantity</b></span>&gt;<span style="color: Gray">&lt;!--</span> <span style="color: brown"><b>1..1</b></span> <span style="color: darkgreen"><a href="http://hl7.org/fhir/datatypes.htm#Quantity">Quantity</a></span> <span style="color: navy">actual value</span><span style="color: Gray"> --&gt;</span>&lt;/valueQuantity&gt;
 &lt;/component&gt;
 <span style="color: Gray">&lt;!--</span><span style="color: blue">&quot;bits&quot;</span>  <span style="color: Gray"> --&gt;</span>
 &lt;<span title="Number of bits of colour (2..32)"><b>component</b></span>&gt;  <span style="color: Gray">&lt;!-- <span style="color: brown"><b>0..1</b></span> Number of bits of colour (2..32) --&gt;</span>
  &lt;<span title="fixed code">name</span>&gt;
    &lt;coding&gt;
      &lt;code value=&quot;http://hl7.org/fhir/picture-fields&quot;/&gt;
      &lt;system value=&quot;bits&quot;/&gt;
      &lt;display value=&quot;Bit Count&quot;/&gt;
    &lt;/coding&gt;
  &lt;/name&gt;
  &lt;<span title="actual value"><b>valueQuantity</b></span>&gt;<span style="color: Gray">&lt;!--</span> <span style="color: brown"><b>1..1</b></span> <span style="color: darkgreen"><a href="http://hl7.org/fhir/datatypes.htm#Quantity">Quantity</a></span> <span style="color: navy">actual value</span><span style="color: Gray"> --&gt;</span>&lt;/valueQuantity&gt;
 &lt;/component&gt;
 <span style="color: Gray">&lt;!--</span><span style="color: blue">&quot;frames&quot;</span>  <span style="color: Gray"> --&gt;</span>
 &lt;<span title="Number of frames"><b>component</b></span>&gt;  <span style="color: Gray">&lt;!-- <span style="color: brown"><b>0..1</b></span> Number of frames --&gt;</span>
  &lt;<span title="fixed code">name</span>&gt;
    &lt;coding&gt;
      &lt;code value=&quot;http://hl7.org/fhir/picture-fields&quot;/&gt;
      &lt;system value=&quot;frames&quot;/&gt;
      &lt;display value=&quot;Frame Count&quot;/&gt;
    &lt;/coding&gt;
  &lt;/name&gt;
  &lt;<span title="actual value"><b>valueQuantity</b></span>&gt;<span style="color: Gray">&lt;!--</span> <span style="color: brown"><b>1..1</b></span> <span style="color: darkgreen"><a href="http://hl7.org/fhir/datatypes.htm#Quantity">Quantity</a></span> <span style="color: navy">actual value</span><span style="color: Gray"> --&gt;</span>&lt;/valueQuantity&gt;
 &lt;/component&gt;
 <span style="color: Gray">&lt;!--</span><span style="color: blue">&quot;frameDelay&quot;</span>  <span style="color: Gray"> --&gt;</span>
 &lt;<span title="Length of time between frames"><b>component</b></span>&gt;  <span style="color: Gray">&lt;!-- <span style="color: brown"><b>0..1</b></span> Length of time between frames --&gt;</span>
  &lt;<span title="fixed code">name</span>&gt;
    &lt;coding&gt;
      &lt;code value=&quot;http://hl7.org/fhir/picture-fields&quot;/&gt;
      &lt;system value=&quot;frameDelay&quot;/&gt;
      &lt;display value=&quot;Frame Delay Duration&quot;/&gt;
    &lt;/coding&gt;
  &lt;/name&gt;
  &lt;<span title="actual value"><b>valueQuantity</b></span>&gt;<span style="color: Gray">&lt;!--</span> <span style="color: brown"><b>1..1</b></span> <span style="color: darkgreen"><a href="http://hl7.org/fhir/datatypes.htm#Quantity">Quantity</a></span> <span style="color: navy">actual value</span><span style="color: Gray"> --&gt;</span>&lt;/valueQuantity&gt;
 &lt;/component&gt;
 <span style="color: Gray">&lt;!--</span><span style="color: blue">&quot;view&quot;</span>  <span style="color: Gray"> --&gt;</span>
 &lt;<span title="Imaging view e.g Lateral or Antero-posterior (AP)"><b>component</b></span>&gt;  <span style="color: Gray">&lt;!-- <span style="color: brown"><b>0..1</b></span> Imaging view e.g Lateral or Antero-posterior (AP) --&gt;</span>
  &lt;<span title="fixed code">name</span>&gt;
    &lt;coding&gt;
      &lt;code value=&quot;http://hl7.org/fhir/picture-fields&quot;/&gt;
      &lt;system value=&quot;view&quot;/&gt;
      &lt;display value=&quot;Patient Orientation&quot;/&gt;
    &lt;/coding&gt;
  &lt;/name&gt;
  &lt;<span title="actual value"><b>valueCodeableConcept</b></span>&gt;<span style="color: Gray">&lt;!--</span> <span style="color: brown"><b>1..1</b></span> <span style="color: darkgreen"><a href="http://hl7.org/fhir/datatypes.htm#CodeableConcept">CodeableConcept</a></span> <span style="color: navy">actual value</span><span style="color: Gray"> --&gt;</span>&lt;/valueCodeableConcept&gt;
 &lt;/component&gt;
&lt;/Observation&gt;

<span style=" color: Gray">&lt;!-- <span style="color: Darkviolet">Extensions</span> --&gt;</span>
&lt;<span title="An identifier for the order that is used by the application/system that requested the image to link back to the original context (if there was such a system). This is not the identity of the image, but of the &quot;request for an image to be generated&quot;"><b>extension</b></span>&gt;<a name="accession"> </a>&lt;!--  <span style="color: brown"><b>0..1</b></span> <span style="color: navy">Used by the requester to link back to the original context</span> --&gt;
 &lt;<b>url</b> value=&quot;http://hl7.org/fhir/profile/@picture#accession&quot;/&gt;
 &lt;<b>valueIdentifier</b>&gt;<span style=" color: Gray">&lt;!-- </span> <span style="color: brown;"><b>0..1</b></span>  <span style="color: darkgreen"><a href="http://hl7.org/fhir/datatypes.htm#Identifier">Identifier</a></span> <span style="color: navy">Actual Value of Extension</span> <span style=" color: Gray">--&gt; </span>&lt;/valueIdentifier&gt;
&lt;/extension&gt;

&lt;<span title="The session in which the picture was taken."><b>extension</b></span>&gt;<a name="studyid"> </a>&lt;!--  <span style="color: brown"><b>0..1</b></span> <span style="color: navy">The session in which the picture was taken</span> --&gt;
 &lt;<b>url</b> value=&quot;http://hl7.org/fhir/profile/@picture#studyid&quot;/&gt;
 &lt;<b>valueIdentifier</b>&gt;<span style=" color: Gray">&lt;!-- </span> <span style="color: brown;"><b>0..1</b></span>  <span style="color: darkgreen"><a href="http://hl7.org/fhir/datatypes.htm#Identifier">Identifier</a></span> <span style="color: navy">Actual Value of Extension</span> <span style=" color: Gray">--&gt; </span>&lt;/valueIdentifier&gt;
&lt;/extension&gt;

&lt;<span title="The series of images in which this picture was taken"><b>extension</b></span>&gt;<a name="seriesid"> </a>&lt;!--  <span style="color: brown"><b>0..1</b></span> <span style="color: navy">The series of images in which this picture was taken</span> --&gt;
 &lt;<b>url</b> value=&quot;http://hl7.org/fhir/profile/@picture#seriesid&quot;/&gt;
 &lt;<b>valueIdentifier</b>&gt;<span style=" color: Gray">&lt;!-- </span> <span style="color: brown;"><b>0..1</b></span>  <span style="color: darkgreen"><a href="http://hl7.org/fhir/datatypes.htm#Identifier">Identifier</a></span> <span style="color: navy">Actual Value of Extension</span> <span style=" color: Gray">--&gt; </span>&lt;/valueIdentifier&gt;
&lt;/extension&gt;

</pre></div>
  </text>
  <name value="Standard Profile for Pictures &amp; Videos"/>
  <author>
    <name value="Grahame Grieve"/>
    <telecom>
      <system value="url"/>
      <value value="grahame@healthintersections.com.au"/>
    </telecom>
  </author>
  <description value="Describes how the observation resource is used to represent a digital mage with one or more frames"/>
  <status>
    <code value="draft"/>
    <date value="2013-01-27"/>
  </status>
  <constraint>
    <type value="Observation"/>
    <name value="Picture"/>
    <element>
      <path value="Observation"/>
      <name value="Picture"/>
      <definition>
        <short value="Simple observations"/>
        <formal value="Simple observations"/>
        <comments value="Used for simple observations such as device measures, laboratory atomic results, vital signs, height, weight, smoking status, comments, etc.  Other resources are used to descrive aggregate collections of observations such as Lab reports, etc"/>
        <min value="1"/>
        <max value="1"/>
        <mustUnderstand value="false"/>
      </definition>
    </element>
    <element>
      <path value="Observation.extension"/>
      <name value="AccessionNumber"/>
      <definition>
        <short value="Used by the requester to link back to the original context"/>
        <formal value="Used by the requester to link back to the original context"/>
        <comments value="there can be no stigma associated with the use of extensions by any application, project, or standard - regardless of the institution or jurisdiction that uses or defines the extensions.  The use of extensions is what allows the FHIR specification to retain a core simplicity for everyone"/>
        <min value="0"/>
        <max value="1"/>
        <type>
          <code value="Extension"/>
        </type>
        <mustUnderstand value="false"/>
      </definition>
    </element>
    <element>
      <path value="Observation.extension"/>
      <name value="StudyId"/>
      <definition>
        <short value="The session in which the picture was taken"/>
        <formal value="The session in which the picture was taken"/>
        <comments value="there can be no stigma associated with the use of extensions by any application, project, or standard - regardless of the institution or jurisdiction that uses or defines the extensions.  The use of extensions is what allows the FHIR specification to retain a core simplicity for everyone"/>
        <min value="0"/>
        <max value="1"/>
        <type>
          <code value="Extension"/>
        </type>
        <mustUnderstand value="false"/>
      </definition>
    </element>
    <element>
      <path value="Observation.extension"/>
      <name value="SeriesId"/>
      <definition>
        <short value="The series of images in which this picture was taken"/>
        <formal value="The series of images in which this picture was taken"/>
        <comments value="there can be no stigma associated with the use of extensions by any application, project, or standard - regardless of the institution or jurisdiction that uses or defines the extensions.  The use of extensions is what allows the FHIR specification to retain a core simplicity for everyone"/>
        <min value="0"/>
        <max value="1"/>
        <type>
          <code value="Extension"/>
        </type>
        <mustUnderstand value="false"/>
      </definition>
    </element>
    <element>
      <path value="Observation.text"/>
      <definition>
        <short value="Text summary of the resource, for human interpretation"/>
        <formal value="A human readable narrative that contains a summary of the resource, and may be used to represent the content of the resource to a human. The narrative need not encode all the structured data, but is required to contain sufficient detail to make it &quot;clinically safe&quot; for a human to just read the narrative. Resource definitions may define what content should be represented in the narrative to ensure clinical safety"/>
        <comments value="Contained resources do not have narrative. Resources that are not contained SHOULD have a narrative"/>
        <min value="0"/>
        <max value="1"/>
        <type>
          <code value="Narrative"/>
        </type>
        <mustUnderstand value="false"/>
      </definition>
    </element>
    <element>
      <path value="Observation.contained"/>
      <definition>
        <short value="Contained, inline Resources"/>
        <formal value="These resources do not have an independent existence apart from the resource that contains them - they cannot be identified independently, and nor can they have their own independent transaction scope"/>
        <comments value="This should never be done when the content can be identified properly, as once identification is lost, it is extremely difficult (and context dependent) to restore it again"/>
        <min value="0"/>
        <max value="*"/>
        <type>
          <code value="Resource"/>
        </type>
        <mustUnderstand value="false"/>
      </definition>
    </element>
    <element>
      <path value="Observation.name"/>
      <definition>
        <short value="Modality this picture is from"/>
        <formal value="Modality this picture is from"/>
        <min value="1"/>
        <max value="1"/>
        <type>
          <code value="CodeableConcept"/>
        </type>
        <mustUnderstand value="false"/>
        <binding value="PictureTypeCodes"/>
      </definition>
    </element>
    <element>
      <path value="Observation.valueAttachment"/>
      <definition>
        <short value="The image pixel content as dicom, png, jpg, or tiff"/>
        <formal value="The image pixel content as dicom, png, jpg, or tiff"/>
        <comments value="The datatype for this element should be determined by Observation.name"/>
        <min value="1"/>
        <max value="1"/>
        <type>
          <code value="Attachment"/>
        </type>
        <mustUnderstand value="false"/>
        <binding value="ObservationResult"/>
      </definition>
    </element>
    <element>
      <path value="Observation.valueAttachment.contentType"/>
      <definition>
        <short value="mime type of the actual image"/>
        <formal value="mime type of the actual image"/>
        <min value="0"/>
        <max value="1"/>
        <type>
          <code value="code"/>
        </type>
        <mustUnderstand value="false"/>
        <binding value="MimeType"/>
      </definition>
    </element>
    <element>
      <path value="Observation.valueAttachment.data"/>
      <definition>
        <short value="if the pixel data is included directly in the resource"/>
        <formal value="if the pixel data is included directly in the resource"/>
        <comments value="The base64-encoded data must be expressed in the same character set as the base resource XML"/>
        <min value="0"/>
        <max value="1"/>
        <type>
          <code value="base64Binary"/>
        </type>
        <mustUnderstand value="false"/>
      </definition>
    </element>
    <element>
      <path value="Observation.valueAttachment.url"/>
      <definition>
        <short value="if the pixel data is hosted on some server somewhere"/>
        <formal value="if the pixel data is hosted on some server somewhere"/>
        <comments value="If both data and url are provided, the url must point to the same content as the data contains. Urls may be relative references or may be made to transient locations such as a wrapping envelope using cid: though this has ramifications for using signatures. If a URL is provided, it must resolve to actual data."/>
        <min value="0"/>
        <max value="1"/>
        <type>
          <code value="uri"/>
        </type>
        <mustUnderstand value="false"/>
      </definition>
    </element>
    <element>
      <path value="Observation.valueAttachment.size"/>
      <definition>
        <short value="Size of the image in bytes"/>
        <formal value="Size of the image in bytes"/>
        <comments value="The number of bytes is redundant if the data is provided as a base64binary, but is useful if the data is provided as a url reference"/>
        <min value="0"/>
        <max value="1"/>
        <type>
          <code value="integer"/>
        </type>
        <mustUnderstand value="false"/>
      </definition>
    </element>
    <element>
      <path value="Observation.interpretation"/>
      <definition>
        <short value="No interpretation when the observation is just a picture"/>
        <formal value="No interpretation when the observation is just a picture"/>
        <min value="0"/>
        <max value="0"/>
        <type>
          <code value="base64Binary"/>
        </type>
        <mustUnderstand value="false"/>
        <binding value="ObservationInterpretation"/>
      </definition>
    </element>
    <element>
      <path value="Observation.comments"/>
      <definition>
        <short value="No comments when the observation is just a picture"/>
        <formal value="No comments when the observation is just a picture"/>
        <min value="0"/>
        <max value="0"/>
        <type>
          <code value="string"/>
        </type>
        <mustUnderstand value="false"/>
      </definition>
    </element>
    <element>
      <path value="Observation.obtainedDateTime"/>
      <definition>
        <short value="When the image was taken"/>
        <formal value="When the image was taken"/>
        <comments value="At least a date should be present unless this observation is a historical report"/>
        <min value="0"/>
        <max value="1"/>
        <type>
          <code value="dateTIme"/>
        </type>
        <mustUnderstand value="false"/>
      </definition>
    </element>
    <element>
      <path value="Observation.issued"/>
      <definition>
        <short value="Not tracked for an Image"/>
        <formal value="Not tracked for an Image"/>
        <comments value="Updated when the result is updated"/>
        <min value="0"/>
        <max value="0"/>
        <type>
          <code value="instant"/>
        </type>
        <mustUnderstand value="false"/>
      </definition>
    </element>
    <element>
      <path value="Observation.status"/>
      <definition>
        <short value="Images do not have status"/>
        <formal value="Images do not have status"/>
        <min value="1"/>
        <max value="1"/>
        <type>
          <code value="code"/>
        </type>
        <mustUnderstand value="false"/>
        <binding value="ObservationStatus"/>
      </definition>
    </element>
    <element>
      <path value="Observation.reliability"/>
      <definition>
        <short value="Images are always considered reliable"/>
        <formal value="Images are always considered reliable"/>
        <comments value="Note that in most contexts, unreliable results are not recorded, deleted, or otherwise excluded, but this is not always done or possible. Interpreters of a result, whether human or machine, must always either be aware of the status, or prevented from seeing the observation if the reliability is not &quot;ok&quot;"/>
        <min value="1"/>
        <max value="1"/>
        <type>
          <code value="code"/>
        </type>
        <mustUnderstand value="false"/>
        <binding value="ObservationReliability"/>
      </definition>
    </element>
    <element>
      <path value="Observation.bodySite"/>
      <definition>
        <short value="The part of the body that this is an image of"/>
        <formal value="The part of the body that this is an image of"/>
        <comments value="Only used if not implicit in code for SimpleObservation.result.type"/>
        <min value="0"/>
        <max value="1"/>
        <type>
          <code value="CodeableConcept"/>
        </type>
        <mustUnderstand value="false"/>
        <binding value="ObservationBodySite"/>
      </definition>
    </element>
    <element>
      <path value="Observation.method"/>
      <definition>
        <short value="How the image was taken"/>
        <formal value="A reference to the method/protocol that was followed when the images were taken"/>
        <comments value="Only used if not implicit in code for SimpleObservation.result.type"/>
        <min value="0"/>
        <max value="1"/>
        <type>
          <code value="CodeableConcept"/>
        </type>
        <mustUnderstand value="false"/>
        <binding value="ObservationMethod"/>
      </definition>
    </element>
    <element>
      <path value="Observation.identifier"/>
      <definition>
        <short value="Identifier for the image"/>
        <formal value="Identifier for the image"/>
        <min value="0"/>
        <max value="1"/>
        <type>
          <code value="Identifier"/>
        </type>
        <mustUnderstand value="false"/>
      </definition>
    </element>
    <element>
      <path value="Observation.subject"/>
      <definition>
        <short value="Who/What this image is taken of"/>
        <formal value="Who/What this image is taken of"/>
        <comments value="The only circumstance in which the subject can be missing is when the observation is made by a device that does not know the patient. In this case, the observation must be matched to a patient through some context/channel matching technique, and at this point, the observation should be updated"/>
        <min value="0"/>
        <max value="1"/>
        <type>
          <code value="Resource(Patient|Group|Device)"/>
        </type>
        <mustUnderstand value="false"/>
      </definition>
    </element>
    <element>
      <path value="Observation.performer"/>
      <definition>
        <short value="The person who generated the image"/>
        <formal value="The person who generated the image"/>
        <comments value="This would only be &quot;Device&quot; if the device is responsible for the measurement, not to capture the device used by a human to make the measurement.  (The latter could be captured as an extension.)"/>
        <min value="0"/>
        <max value="1"/>
        <type>
          <code value="Resource(Provider)"/>
        </type>
        <mustUnderstand value="false"/>
      </definition>
    </element>
    <element>
      <path value="Observation.referenceRange"/>
      <definition>
        <short value="An inapplicable concept for pictures"/>
        <formal value="An inapplicable concept for pictures"/>
        <comments value="Most results only have one reference range, might be generic or be specific to the patient&#39;s age, gender, weight and other factors. When these things are not known, multiple reference ranges may be provided"/>
        <min value="0"/>
        <max value="0"/>
        <mustUnderstand value="false"/>
      </definition>
    </element>
    <element>
      <path value="Observation.referenceRange.meaning"/>
      <definition>
        <short value="The meaning of this range"/>
        <formal value="Code for the meaning of the reference range"/>
        <comments value="This is only usually populated if there is more than one range"/>
        <min value="0"/>
        <max value="1"/>
        <type>
          <code value="CodeableConcept"/>
        </type>
        <mustUnderstand value="false"/>
        <binding value="ObservationRangeMeaning"/>
      </definition>
    </element>
    <element>
      <path value="Observation.referenceRange.range[x]"/>
      <definition>
        <short value="Reference"/>
        <formal value="Actual value of the reference range.  May be a quantity (&lt;20mg/L), an range (10-20 umol/L), or some text"/>
        <comments value="Text reference ranges are typically used in endocrinology, or for legacy data with string reference ranges"/>
        <min value="1"/>
        <max value="1"/>
        <type>
          <code value="Quantity"/>
        </type>
        <type>
          <code value="Range"/>
        </type>
        <type>
          <code value="string"/>
        </type>
        <mustUnderstand value="false"/>
      </definition>
    </element>
    <element>
      <path value="Observation.component"/>
      <name value="deviceName"/>
      <definition>
        <short value="Name of the manufacturer"/>
        <formal value="Name of the manufacturer"/>
        <comments value="It would be usual to either have a value or components with values, but both may be used, such as for APGAR scores"/>
        <min value="0"/>
        <max value="1"/>
        <mustUnderstand value="false"/>
      </definition>
    </element>
    <element>
      <path value="Observation.component.name"/>
      <definition>
        <short value="fixed code"/>
        <formal value="fixed code"/>
        <min value="1"/>
        <max value="1"/>
        <type>
          <code value="CodeableConcept"/>
        </type>
        <mustUnderstand value="false"/>
        <binding value="SubObservationType"/>
      </definition>
    </element>
    <element>
      <path value="Observation.component.value[x]"/>
      <definition>
        <short value="actual value"/>
        <formal value="actual value"/>
        <comments value="The datatype for this element should be determined by Observation.name"/>
        <min value="1"/>
        <max value="1"/>
        <type>
          <code value="Quantity"/>
        </type>
        <mustUnderstand value="false"/>
        <binding value="SubObservationResult"/>
      </definition>
    </element>
    <element>
      <path value="Observation.component"/>
      <name value="height"/>
      <definition>
        <short value="Height of the image"/>
        <formal value="Height of the image"/>
        <comments value="It would be usual to either have a value or components with values, but both may be used, such as for APGAR scores"/>
        <min value="0"/>
        <max value="1"/>
        <mustUnderstand value="false"/>
      </definition>
    </element>
    <element>
      <path value="Observation.component.name"/>
      <definition>
        <short value="fixed code"/>
        <formal value="fixed code"/>
        <min value="1"/>
        <max value="1"/>
        <type>
          <code value="CodeableConcept"/>
        </type>
        <mustUnderstand value="false"/>
        <binding value="SubObservationType"/>
      </definition>
    </element>
    <element>
      <path value="Observation.component.value[x]"/>
      <definition>
        <short value="actual value"/>
        <formal value="actual value"/>
        <comments value="The datatype for this element should be determined by Observation.name"/>
        <min value="1"/>
        <max value="1"/>
        <type>
          <code value="Quantity"/>
        </type>
        <mustUnderstand value="false"/>
        <binding value="SubObservationResult"/>
      </definition>
    </element>
    <element>
      <path value="Observation.component"/>
      <name value="width"/>
      <definition>
        <short value="Width of the image"/>
        <formal value="Width of the image"/>
        <comments value="It would be usual to either have a value or components with values, but both may be used, such as for APGAR scores"/>
        <min value="0"/>
        <max value="1"/>
        <mustUnderstand value="false"/>
      </definition>
    </element>
    <element>
      <path value="Observation.component.name"/>
      <definition>
        <short value="fixed code"/>
        <formal value="fixed code"/>
        <min value="1"/>
        <max value="1"/>
        <type>
          <code value="CodeableConcept"/>
        </type>
        <mustUnderstand value="false"/>
        <binding value="SubObservationType"/>
      </definition>
    </element>
    <element>
      <path value="Observation.component.value[x]"/>
      <definition>
        <short value="actual value"/>
        <formal value="actual value"/>
        <comments value="The datatype for this element should be determined by Observation.name"/>
        <min value="1"/>
        <max value="1"/>
        <type>
          <code value="Quantity"/>
        </type>
        <mustUnderstand value="false"/>
        <binding value="SubObservationResult"/>
      </definition>
    </element>
    <element>
      <path value="Observation.component"/>
      <name value="bits"/>
      <definition>
        <short value="Number of bits of colour (2..32)"/>
        <formal value="Number of bits of colour (2..32)"/>
        <comments value="It would be usual to either have a value or components with values, but both may be used, such as for APGAR scores"/>
        <min value="0"/>
        <max value="1"/>
        <mustUnderstand value="false"/>
      </definition>
    </element>
    <element>
      <path value="Observation.component.name"/>
      <definition>
        <short value="fixed code"/>
        <formal value="fixed code"/>
        <min value="1"/>
        <max value="1"/>
        <type>
          <code value="CodeableConcept"/>
        </type>
        <mustUnderstand value="false"/>
        <binding value="SubObservationType"/>
      </definition>
    </element>
    <element>
      <path value="Observation.component.value[x]"/>
      <definition>
        <short value="actual value"/>
        <formal value="actual value"/>
        <comments value="The datatype for this element should be determined by Observation.name"/>
        <min value="1"/>
        <max value="1"/>
        <type>
          <code value="Quantity"/>
        </type>
        <mustUnderstand value="false"/>
        <binding value="SubObservationResult"/>
      </definition>
    </element>
    <element>
      <path value="Observation.component"/>
      <name value="frames"/>
      <definition>
        <short value="Number of frames"/>
        <formal value="Number of frames"/>
        <comments value="It would be usual to either have a value or components with values, but both may be used, such as for APGAR scores"/>
        <min value="0"/>
        <max value="1"/>
        <mustUnderstand value="false"/>
      </definition>
    </element>
    <element>
      <path value="Observation.component.name"/>
      <definition>
        <short value="fixed code"/>
        <formal value="fixed code"/>
        <min value="1"/>
        <max value="1"/>
        <type>
          <code value="CodeableConcept"/>
        </type>
        <mustUnderstand value="false"/>
        <binding value="SubObservationType"/>
      </definition>
    </element>
    <element>
      <path value="Observation.component.value[x]"/>
      <definition>
        <short value="actual value"/>
        <formal value="actual value"/>
        <comments value="The datatype for this element should be determined by Observation.name"/>
        <min value="1"/>
        <max value="1"/>
        <type>
          <code value="Quantity"/>
        </type>
        <mustUnderstand value="false"/>
        <binding value="SubObservationResult"/>
      </definition>
    </element>
    <element>
      <path value="Observation.component"/>
      <name value="frameDelay"/>
      <definition>
        <short value="Length of time between frames"/>
        <formal value="Length of time between frames"/>
        <comments value="It would be usual to either have a value or components with values, but both may be used, such as for APGAR scores"/>
        <min value="0"/>
        <max value="1"/>
        <mustUnderstand value="false"/>
      </definition>
    </element>
    <element>
      <path value="Observation.component.name"/>
      <definition>
        <short value="fixed code"/>
        <formal value="fixed code"/>
        <min value="1"/>
        <max value="1"/>
        <type>
          <code value="CodeableConcept"/>
        </type>
        <mustUnderstand value="false"/>
        <binding value="SubObservationType"/>
      </definition>
    </element>
    <element>
      <path value="Observation.component.value[x]"/>
      <definition>
        <short value="actual value"/>
        <formal value="actual value"/>
        <comments value="The datatype for this element should be determined by Observation.name"/>
        <min value="1"/>
        <max value="1"/>
        <type>
          <code value="Quantity"/>
        </type>
        <mustUnderstand value="false"/>
        <binding value="SubObservationResult"/>
      </definition>
    </element>
    <element>
      <path value="Observation.component"/>
      <name value="view"/>
      <definition>
        <short value="Imaging view e.g Lateral or Antero-posterior (AP)"/>
        <formal value="Imaging view e.g Lateral or Antero-posterior (AP)"/>
        <comments value="It would be usual to either have a value or components with values, but both may be used, such as for APGAR scores"/>
        <min value="0"/>
        <max value="1"/>
        <mustUnderstand value="false"/>
      </definition>
    </element>
    <element>
      <path value="Observation.component.name"/>
      <definition>
        <short value="fixed code"/>
        <formal value="fixed code"/>
        <min value="1"/>
        <max value="1"/>
        <type>
          <code value="CodeableConcept"/>
        </type>
        <mustUnderstand value="false"/>
        <binding value="SubObservationType"/>
      </definition>
    </element>
    <element>
      <path value="Observation.component.value[x]"/>
      <definition>
        <short value="actual value"/>
        <formal value="actual value"/>
        <comments value="The datatype for this element should be determined by Observation.name"/>
        <min value="1"/>
        <max value="1"/>
        <type>
          <code value="CodeableConcept"/>
        </type>
        <mustUnderstand value="false"/>
        <binding value="SubObservationResult"/>
      </definition>
    </element>
  </constraint>
  <extensionDefn>
    <id value="accession"/>
    <contextType value="resource"/>
    <context value="Observation"/>
    <definition>
      <short value="Used by the requester to link back to the original context"/>
      <formal value="An identifier for the order that is used by the application/system that requested the image to link back to the original context (if there was such a system). This is not the identity of the image, but of the &quot;request for an image to be generated&quot;"/>
      <comments value="The name &quot;Accession Number&quot; comes from DICOM, where it is used ubiquitiously"/>
      <min value="0"/>
      <max value="1"/>
      <type>
        <code value="Identifier"/>
      </type>
      <mustSupport value="false"/>
      <mustUnderstand value="false"/>
    </definition>
  </extensionDefn>
  <extensionDefn>
    <id value="studyid"/>
    <contextType value="resource"/>
    <context value="Observation"/>
    <definition>
      <short value="The session in which the picture was taken"/>
      <formal value="The session in which the picture was taken."/>
      <comments value="Usually used for DICOM images"/>
      <min value="0"/>
      <max value="1"/>
      <type>
        <code value="Identifier"/>
      </type>
      <mustSupport value="false"/>
      <mustUnderstand value="false"/>
    </definition>
  </extensionDefn>
  <extensionDefn>
    <id value="seriesid"/>
    <contextType value="resource"/>
    <context value="Observation"/>
    <definition>
      <short value="The series of images in which this picture was taken"/>
      <formal value="The series of images in which this picture was taken"/>
      <comments value="Usually used for DICOM images"/>
      <min value="0"/>
      <max value="1"/>
      <type>
        <code value="Identifier"/>
      </type>
      <mustSupport value="false"/>
      <mustUnderstand value="false"/>
    </definition>
  </extensionDefn>
  <binding>
    <name value="PictureTypeCodes"/>
    <definition value="Type of the image capturing machinery"/>
    <type value="codelist"/>
    <conformance value="required"/>
    <reference value="#image-modality4"/>
    <concept>
      <code value="XC"/>
      <definition value="External Camera (Photography - Still picture)"/>
    </concept>
    <concept>
      <code value="VC"/>
      <definition value="Video Camera (Moving picture)"/>
    </concept>
    <concept>
      <code value="DIA"/>
      <definition value="Diagram / Hand drawn image"/>
    </concept>
    <concept>
      <code value="BI"/>
      <definition value="Biomagnetic Imaging"/>
    </concept>
    <concept>
      <code value="CR"/>
      <definition value="Computed Radiography"/>
    </concept>
    <concept>
      <code value="CT"/>
      <definition value="Computed Tomography"/>
    </concept>
    <concept>
      <code value="DG"/>
      <definition value="Diaphanography"/>
    </concept>
    <concept>
      <code value="DX"/>
      <definition value="Digital Radiography"/>
    </concept>
    <concept>
      <code value="ECG"/>
      <definition value="Electrocardiograms"/>
    </concept>
    <concept>
      <code value="EM"/>
      <definition value="Electron Microscope"/>
    </concept>
    <concept>
      <code value="ES"/>
      <definition value="Endoscopy"/>
    </concept>
    <concept>
      <code value="GM"/>
      <definition value="General Microscopy"/>
    </concept>
    <concept>
      <code value="LS"/>
      <definition value="Laser Surface Scan"/>
    </concept>
    <concept>
      <code value="MG"/>
      <definition value="Mammography"/>
    </concept>
    <concept>
      <code value="MR"/>
      <definition value="Magnetic Resonance"/>
    </concept>
    <concept>
      <code value="NM"/>
      <definition value="Nuclear Medicine"/>
    </concept>
    <concept>
      <code value="OP"/>
      <definition value="Ophthalmic Photography"/>
    </concept>
    <concept>
      <code value="OPM"/>
      <definition value="Ophthalmic Mapping"/>
    </concept>
    <concept>
      <code value="OPR"/>
      <definition value="Ophthalmic Refraction"/>
    </concept>
    <concept>
      <code value="OPV"/>
      <definition value="Ophthalmic Visual Field"/>
    </concept>
    <concept>
      <code value="PT"/>
      <definition value="Positron Emission Tomography (PET)"/>
    </concept>
    <concept>
      <code value="RD"/>
      <definition value="Radiotherapy Dose (a.k.a. RTDOSE)"/>
    </concept>
    <concept>
      <code value="RF"/>
      <definition value="Radio Fluoroscopy"/>
    </concept>
    <concept>
      <code value="RG"/>
      <definition value="Radiographic Imaging (conventional film screen)"/>
    </concept>
    <concept>
      <code value="RTIMAG"/>
      <definition value="Radiotherapy Image"/>
    </concept>
    <concept>
      <code value="RP"/>
      <definition value="Radiotherapy Plan (a.k.a. RTPLAN)"/>
    </concept>
    <concept>
      <code value="RS"/>
      <definition value="Radiotherapy Structure Set (a.k.a. RTSTRUCT)"/>
    </concept>
    <concept>
      <code value="RT"/>
      <definition value="Radiation Therapy"/>
    </concept>
    <concept>
      <code value="SC"/>
      <definition value="Secondary Capture"/>
    </concept>
    <concept>
      <code value="SM"/>
      <definition value="Slide Microscopy"/>
    </concept>
    <concept>
      <code value="SR"/>
      <definition value="Structured Reporting"/>
    </concept>
    <concept>
      <code value="TG"/>
      <definition value="Thermography"/>
    </concept>
    <concept>
      <code value="US"/>
      <definition value="Ultrasound"/>
    </concept>
    <concept>
      <code value="VL"/>
      <definition value="Visible Light"/>
    </concept>
    <concept>
      <code value="XA"/>
      <definition value="X-Ray Angiography"/>
    </concept>
    <concept>
      <code value="HC"/>
      <definition value="Hard Copy"/>
    </concept>
    <concept>
      <code value="OT"/>
      <definition value="Other"/>
    </concept>
  </binding>
</Profile>