<?xml version="1.0" encoding="UTF-8"?>

<Profile xmlns="http://hl7.org/fhir">
  <text>
    <status value="generated"/><div xmlns="http://www.w3.org/1999/xhtml"><pre>
&lt;<a title="A Response to an order" class="dict" href="orderresponse-definitions.htm#OrderResponse"><b>OrderResponse</b></a> xmlns=&quot;http://hl7.org/fhir&quot;&gt;
 &lt;<a title="The order this is a response to" class="dict" href="orderresponse-definitions.htm#OrderResponse.request"><b>request</b></a>&gt;<span style="color: Gray">&lt;!--</span> <span style="color: brown"><b>1..1</b></span> <span style="color: darkgreen"><a href="resources.htm#Resource">Resource</a>(<a href="order.htm#Order">Order</a>)</span> <span style="color: navy">The order this is a response to</span><span style="color: Gray"> --&gt;</span>&lt;/request&gt;
 &lt;<a title="When the response was made" class="dict" href="orderresponse-definitions.htm#OrderResponse.date"><b>date</b></a> value=&quot;[<span style="color: darkgreen"><a href="datatypes.htm#dateTime">dateTime</a></span>]&quot;/&gt;<span style="color: Gray">&lt;!--</span> <span style="color: brown"><b>0..1</b></span> <span style="color: navy">When the response was made</span><span style="color: Gray"> --&gt;</span>
 &lt;<a title="Who made the rResponse" class="dict" href="orderresponse-definitions.htm#OrderResponse.who"><b>who</b></a>&gt;<span style="color: Gray">&lt;!--</span> <span style="color: brown"><b>0..1</b></span> <span style="color: darkgreen"><a href="resources.htm#Resource">Resource</a>(<a href="provider.htm#Provider">Provider</a>|<a href="organization.htm#Organization">Organization</a>)</span> <span style="color: navy">Who made the rResponse</span><span style="color: Gray"> --&gt;</span>&lt;/who&gt;
 &lt;<a title="If required by policy" class="dict" href="orderresponse-definitions.htm#OrderResponse.authority"><b>authority</b></a>&gt;<span style="color: Gray">&lt;!--</span> <span style="color: brown"><b>0..1</b></span> <span style="color: darkgreen"><a href="resources.htm#Resource">Resource</a>(<a href="resources.htm">Any</a>)</span> <span style="color: navy">If required by policy</span><span style="color: Gray"> --&gt;</span>&lt;/authority&gt;
 &lt;<a title="How much the request will/did cost" class="dict" href="orderresponse-definitions.htm#OrderResponse.cost"><b>cost</b></a>&gt;<span style="color: Gray">&lt;!--</span> <span style="color: brown"><b>0..1</b></span> <span style="color: darkgreen"><a href="datatypes.htm#Money">Money</a></span> <span style="color: navy">How much the request will/did cost</span><span style="color: Gray"> --&gt;</span>&lt;/cost&gt;
 &lt;<a title="The status of the response (this element must be understood)" class="dict" href="orderresponse-definitions.htm#OrderResponse.code"><span style="text-decoration: underline"><b>code</b></span></a> value=&quot;[<span style="color: darkgreen"><a href="datatypes.htm#code">code</a></span>]&quot;/&gt;<span style="color: Gray">&lt;!--</span> <span style="color: brown"><b>1..1</b></span> <span style="color: navy">The status of the response</span><span style="color: Gray"> --&gt;</span>
 &lt;<a title="Additional description of the response" class="dict" href="orderresponse-definitions.htm#OrderResponse.description"><b>description</b></a> value=&quot;[<span style="color: darkgreen"><a href="datatypes.htm#string">string</a></span>]&quot;/&gt;<span style="color: Gray">&lt;!--</span> <span style="color: brown"><b>0..1</b></span> <span style="color: navy">Additional description of the response</span><span style="color: Gray"> --&gt;</span>
 &lt;<a title="Details of the outcome of performing the order" class="dict" href="orderresponse-definitions.htm#OrderResponse.fulfillment"><b>fulfillment</b></a>&gt;<span style="color: Gray">&lt;!--</span> <span style="color: brown"><b>0..*</b></span> <span style="color: darkgreen"><a href="resources.htm#Resource">Resource</a>(<a href="resources.htm">Any</a>)</span> <span style="color: navy">Details of the outcome of performing the order</span><span style="color: Gray"> --&gt;</span>&lt;/fulfillment&gt;
&lt;/OrderResponse&gt;
</pre></div>
  </text>
  <name value="orderresponse"/>
  <author>
    <name value="todo (committee)"/>
  </author>
  <description value="Basic Profile. A Response to an order"/>
  <status>
    <code value="testing"/>
    <date value="2013-04-09"/>
  </status>
  <constraint>
    <type value="OrderResponse"/>
    <element>
      <path value="OrderResponse"/>
      <definition>
        <short value="A Response to an order"/>
        <formal value="A Response to an order"/>
        <min value="1"/>
        <max value="1"/>
        <type>
          <code value="Resource"/>
        </type>
        <mustUnderstand value="false"/>
      </definition>
    </element>
    <element>
      <path value="OrderResponse.extension"/>
      <definition>
        <short value="Additional Content defined by implementations"/>
        <formal value="May be used to represent additional information that is not part of the basic definition of the resource. In order to make the use of extensions safe and manageable, there is a strict governance applied to the definition and use of extensions. Though any implementer is allowed to define an extension, there is a set of requirements that must be met as part of the definition of the extension"/>
        <comments value="there can be no stigma
associated with the use of extensions by any application, project, or standard - regardless of the institution or jurisdiction that uses or defines the extensions.  The use of extensions is what allows the FHIR specification to retain a core simplicity for everyone"/>
        <synonym value="extensions"/>
        <synonym value="user content"/>
        <min value="0"/>
        <max value="*"/>
        <type>
          <code value="Extension"/>
        </type>
      </definition>
    </element>
    <element>
      <path value="OrderResponse.text"/>
      <definition>
        <short value="Text summary of the resource, for human interpretation"/>
        <formal value="A human readable narrative that contains a summary of the resource, and may be used to represent the content of the resource to a human. The narrative need not encode all the structured data, but is required to contain sufficient detail to make it &quot;clinically safe&quot; for a human to just read the narrative. Resource definitions may define what content should be represented in the narrative to ensure clinical safety"/>
        <comments value="Contained resources do not have narrative. Resources that are not contained SHOULD have a narrative"/>
        <synonym value="narrative"/>
        <synonym value="html"/>
        <synonym value="xhtml"/>
        <synonym value="display"/>
        <min value="0"/>
        <max value="1"/>
        <type>
          <code value="Narrative"/>
        </type>
      </definition>
    </element>
    <element>
      <path value="OrderResponse.contained"/>
      <definition>
        <short value="Contained, inline Resources"/>
        <formal value="These resources do not have an independent existence apart from the resource that contains them - they cannot be identified independently, and nor can they have their own independent transaction scope"/>
        <comments value="This should never be done when the content can be identified properly, as once identification is lost, it is extremely difficult (and context dependent) to restore it again"/>
        <synonym value="inline resources"/>
        <synonym value="anonymous resources"/>
        <synonym value="contained resources"/>
        <min value="0"/>
        <max value="*"/>
        <type>
          <code value="Resource"/>
        </type>
      </definition>
    </element>
    <element>
      <path value="OrderResponse.request"/>
      <definition>
        <short value="The order this is a response to"/>
        <formal value="The order this is a response to"/>
        <min value="1"/>
        <max value="1"/>
        <type>
          <code value="Resource(Order)"/>
        </type>
        <mustUnderstand value="false"/>
      </definition>
    </element>
    <element>
      <path value="OrderResponse.date"/>
      <definition>
        <short value="When the response was made"/>
        <formal value="When the response was made"/>
        <min value="0"/>
        <max value="1"/>
        <type>
          <code value="dateTime"/>
        </type>
        <mustUnderstand value="false"/>
      </definition>
    </element>
    <element>
      <path value="OrderResponse.who"/>
      <definition>
        <short value="Who made the rResponse"/>
        <formal value="Who made the rResponse"/>
        <min value="0"/>
        <max value="1"/>
        <type>
          <code value="Resource(Provider|Organization)"/>
        </type>
        <mustUnderstand value="false"/>
      </definition>
    </element>
    <element>
      <path value="OrderResponse.authority"/>
      <definition>
        <short value="If required by policy"/>
        <formal value="If required by policy"/>
        <comments value="reference will be constrained when suitable targets exist"/>
        <min value="0"/>
        <max value="1"/>
        <type>
          <code value="Resource(Any)"/>
        </type>
        <mustUnderstand value="false"/>
      </definition>
    </element>
    <element>
      <path value="OrderResponse.cost"/>
      <definition>
        <short value="How much the request will/did cost"/>
        <formal value="How much the request will/did cost"/>
        <min value="0"/>
        <max value="1"/>
        <type>
          <code value="Money"/>
        </type>
        <mustUnderstand value="false"/>
      </definition>
    </element>
    <element>
      <path value="OrderResponse.code"/>
      <definition>
        <short value="The status of the response"/>
        <formal value="The status of the response"/>
        <min value="1"/>
        <max value="1"/>
        <type>
          <code value="code"/>
        </type>
        <mustUnderstand value="true"/>
        <binding value="OrderOutcomeCode"/>
      </definition>
    </element>
    <element>
      <path value="OrderResponse.description"/>
      <definition>
        <short value="Additional description of the response"/>
        <formal value="Additional description of the response"/>
        <min value="0"/>
        <max value="1"/>
        <type>
          <code value="string"/>
        </type>
        <mustUnderstand value="false"/>
      </definition>
    </element>
    <element>
      <path value="OrderResponse.fulfillment"/>
      <definition>
        <short value="Details of the outcome of performing the order"/>
        <formal value="Details of the outcome of performing the order"/>
        <min value="0"/>
        <max value="*"/>
        <type>
          <code value="Resource(Any)"/>
        </type>
        <mustUnderstand value="false"/>
      </definition>
    </element>
    <searchParam>
      <name value="authority"/>
      <type value="qtoken"/>
      <repeats value="union"/>
      <documentation value="If required by policy"/>
    </searchParam>
    <searchParam>
      <name value="_id"/>
      <type value="token"/>
      <repeats value="single"/>
      <documentation value="The logical resource id associated with the resource (must be supported by all servers)"/>
    </searchParam>
    <searchParam>
      <name value="fulfillment"/>
      <type value="qtoken"/>
      <repeats value="union"/>
      <documentation value="Details of the outcome of performing the order"/>
    </searchParam>
    <searchParam>
      <name value="request"/>
      <type value="qtoken"/>
      <repeats value="union"/>
      <documentation value="The order this is a response to"/>
    </searchParam>
    <searchParam>
      <name value="code"/>
      <type value="token"/>
      <repeats value="single"/>
      <documentation value="The status of the response"/>
    </searchParam>
    <searchParam>
      <name value="date"/>
      <type value="date"/>
      <repeats value="single"/>
      <documentation value="When the response was made"/>
    </searchParam>
    <searchParam>
      <name value="cost"/>
      <type value="integer"/>
      <repeats value="union"/>
      <documentation value="How much the request will/did cost"/>
    </searchParam>
    <searchParam>
      <name value="who"/>
      <type value="qtoken"/>
      <repeats value="union"/>
      <documentation value="Who made the rResponse"/>
    </searchParam>
  </constraint>
</Profile>