{"Order":{"text":{"status":{"value":"generated"},"div":"<div>Request for Prescription (on patient Donald DUCK @ Acme Healthcare, Inc. MR = 654321)<\/div>"},"date":{"value":"2012-12-28T09:03:04+11:00"},"subject":{"type":{"value":"Patient"},"url":{"value":"../patient/@pat2"}},"source":{"type":{"value":"Provider"},"url":{"value":"../provider/@example"}},"reason":{"value":"Standard admission testing"},"when":{"code":{"coding":[{"system":{"value":"http://acme.com/codes/request-priority"},"code":{"value":"today"}}]}},"detail":[{"type":{"value":"Prescription"},"url":{"value":"../prescription/@example"}}]}}