<?xml version="1.0" encoding="UTF-8"?><Order xmlns="http://hl7.org/fhir">
  <text>
    <status value="generated"/>
    <div xmlns="http://www.w3.org/1999/xhtml">Request for Prescription (on patient Donald DUCK @ Acme Healthcare, Inc. MR = 654321)</div>
  </text>
  <date value="2012-12-28T09:03:04+11:00"/>
  <subject>
    <type value="Patient"/>
    <url value="../patient/@pat2"/>
  </subject>
  <source>
    <type value="Provider"/>
    <url value="../provider/@example"/>
  </source>
  <reason value="Standard admission testing"/>
  
  <!--  Institution local code meaning "do this today"  -->
  <when>
    <code>
      <coding>
        <system value="http://acme.com/codes/request-priority"/>
        <code value="today"/>        
      </coding>
    </code>
  </when>
  
  <detail>
    <type value="Prescription"/>
    <url value="../prescription/@example"/>
  </detail>
</Order>