{"Organization":{"text":{"status":{"value":"generated"},"div":"<div>\n      Health Level Seven International<br/>\n\t\t\t\t3300 Washtenaw Avenue, Suite 227<br/>\n\t\t\t\tAnn Arbor, MI 48104<br/>\n\t\t\t\tUSA<br/>\n\t\t\t\t(+1) 734-677-7777 (phone)<br/>\n\t\t\t\t(+1) 734-677-6622 (fax)<br/>\n\t\t\t\tE-mail:  <a href=\"mailto:hq@HL7.org\">hq@HL7.org<\/a>\n    <\/div>"},"name":[{"value":"Health Level Seven International"}],"address":[{"line":[{"value":"3300 Washtenaw Avenue, Suite 227"}],"city":{"value":"Ann Arbor"},"state":{"value":"MI"},"zip":{"value":"48104"},"country":{"value":"USA"}}],"telecom":[{"system":{"value":"phone"},"value":{"value":"(+1) 734-677-7777"}},{"system":{"value":"fax"},"value":{"value":"(+1) 734-677-6622"}},{"system":{"value":"email"},"value":{"value":" hq@HL7.org"}}]}}