<?xml version="1.0" encoding="UTF-8"?>

<Profile xmlns="http://hl7.org/fhir">
  <text>
    <status value="generated"/><div xmlns="http://www.w3.org/1999/xhtml"><pre>
&lt;<a title="A formally or informally recognized grouping of people or organizations formed for the purpose of achieving some form of collective action.  Includes companies, institutions, corporations, departments, community groups, healthcare practice groups, etc" class="dict" href="organization-definitions.htm#Organization"><b>Organization</b></a> xmlns=&quot;http://hl7.org/fhir&quot;&gt;
 &lt;<a title="Identifier for the organization that is used to identify the organization across multiple disparate systems (this element must be understood)" class="dict" href="organization-definitions.htm#Organization.identifier"><span style="text-decoration: underline"><b>identifier</b></span></a>&gt;<span style="color: Gray">&lt;!--</span> <span title="The organization must at least have a name or and id, and possibly more" style="color: deeppink"><b>0..*</b></span> <span style="color: darkgreen"><a href="datatypes.htm#Identifier">Identifier</a></span> <span style="color: navy">Identifier for this organization</span><span style="color: Gray"> --&gt;</span>&lt;/identifier&gt;
 &lt;<a title="A name associated with the organization (this element must be understood)" class="dict" href="organization-definitions.htm#Organization.name"><span style="text-decoration: underline"><b>name</b></span></a> value=&quot;[<span style="color: darkgreen"><a href="datatypes.htm#string">string</a></span>]&quot;/&gt;<span style="color: Gray">&lt;!--</span> <span title="The organization must at least have a name or and id, and possibly more" style="color: deeppink"><b>0..*</b></span> <span style="color: navy">Name used for the organization</span><span style="color: Gray"> --&gt;</span>
 &lt;<a title="The kind of organization that this is" class="dict" href="organization-definitions.htm#Organization.type"><b>type</b></a>&gt;<span style="color: Gray">&lt;!--</span> <span style="color: brown"><b>0..1</b></span> <span style="color: darkgreen"><a href="datatypes.htm#CodeableConcept">CodeableConcept</a></span> <span style="color: navy">Kind of organization</span><span style="color: Gray"> --&gt;</span>&lt;/type&gt;
 &lt;<a title="An address for the organization" class="dict" href="organization-definitions.htm#Organization.address"><b>address</b></a>&gt;<span style="color: Gray">&lt;!--</span> <span style="color: brown"><b>0..*</b></span> <span style="color: darkgreen"><a href="datatypes.htm#Address">Address</a></span> <span style="color: navy">An address for the organization</span><span style="color: Gray"> --&gt;</span>&lt;/address&gt;
 &lt;<a title="A contact detail for the organization" class="dict" href="organization-definitions.htm#Organization.telecom"><b>telecom</b></a>&gt;<span style="color: Gray">&lt;!--</span> <span style="color: brown"><b>0..*</b></span> <span style="color: darkgreen"><a href="datatypes.htm#Contact">Contact</a></span> <span style="color: navy">A contact detail for the organization</span><span style="color: Gray"> --&gt;</span>&lt;/telecom&gt;
 &lt;<a title="Indication of whether this organization&#39;s record is still active. (this element must be understood)" class="dict" href="organization-definitions.htm#Organization.status"><span style="text-decoration: underline"><b>status</b></span></a> value=&quot;[<span style="color: darkgreen"><a href="datatypes.htm#code">code</a></span>]&quot;/&gt;<span style="color: Gray">&lt;!--</span> <span style="color: brown"><b>0..1</b></span> <span style="color: navy">The status of this organization&#39;s record</span><span style="color: Gray"> --&gt;</span>
 &lt;<a title="The qualifications/certifications an organization has, including format educational achievements, accreditations and current certifications. All these qualifications may be used to determine what roles the organization may play in a healthcare environment" class="dict" href="organization-definitions.htm#Organization.accreditation"><b>accreditation</b></a>&gt;  <span style="color: Gray">&lt;!-- <span style="color: brown"><b>0..*</b></span> Formal certifications that convey authority --&gt;</span>
  &lt;<a title="The identifier of the accreditation" class="dict" href="organization-definitions.htm#Organization.accreditation.identifier"><b>identifier</b></a>&gt;<span style="color: Gray">&lt;!--</span> <span style="color: brown"><b>0..1</b></span> <span style="color: darkgreen"><a href="datatypes.htm#Identifier">Identifier</a></span> <span style="color: navy">Identifier for the accreditation</span><span style="color: Gray"> --&gt;</span>&lt;/identifier&gt;
  &lt;<a title="The type of the accreditation" class="dict" href="organization-definitions.htm#Organization.accreditation.code"><b>code</b></a>&gt;<span style="color: Gray">&lt;!--</span> <span style="color: brown"><b>0..1</b></span> <span style="color: darkgreen"><a href="datatypes.htm#CodeableConcept">CodeableConcept</a></span> <span style="color: navy">What kind of accreditation</span><span style="color: Gray"> --&gt;</span>&lt;/code&gt;
  &lt;<a title="The organization that conferred/confers the accreditation" class="dict" href="organization-definitions.htm#Organization.accreditation.issuer"><b>issuer</b></a>&gt;<span style="color: Gray">&lt;!--</span> <span style="color: brown"><b>0..1</b></span> <span style="color: darkgreen"><a href="resources.htm#Resource">Resource</a>(<a href="organization.htm#Organization">Organization</a>)</span> <span style="color: navy">Who conferred accreditation</span><span style="color: Gray"> --&gt;</span>&lt;/issuer&gt;
  &lt;<a title="The period for which the accreditation is held" class="dict" href="organization-definitions.htm#Organization.accreditation.period"><b>period</b></a>&gt;<span style="color: Gray">&lt;!--</span> <span style="color: brown"><b>0..1</b></span> <span style="color: darkgreen"><a href="datatypes.htm#Period">Period</a></span> <span style="color: navy">When the accreditation is valid (date only)</span><span style="color: Gray"> --&gt;</span>&lt;/period&gt;
 &lt;/accreditation&gt;
 &lt;<a title="Other organizations that are related to this organization. The relationship might be one of several types: sub- or super- orgnizations (i.e. ward in a hospital, owning corporation of a hospital) or partner organizations (i.e. the operating corporation for a hospital)" class="dict" href="organization-definitions.htm#Organization.relatedOrganization"><b>relatedOrganization</b></a>&gt;  <span style="color: Gray">&lt;!-- <span style="color: brown"><b>0..*</b></span> Sub-, super-, and partner organizations --&gt;</span>
  &lt;<a title="The organization that is related to this organization (this element must be understood)" class="dict" href="organization-definitions.htm#Organization.relatedOrganization.organization"><span style="text-decoration: underline"><b>organization</b></span></a>&gt;<span style="color: Gray">&lt;!--</span> <span style="color: brown"><b>1..1</b></span> <span style="color: darkgreen"><a href="resources.htm#Resource">Resource</a>(<a href="organization.htm#Organization">Organization</a>)</span> <span style="color: navy">The related organization</span><span style="color: Gray"> --&gt;</span>&lt;/organization&gt;
  &lt;<a title="Code that specifies how this organization is related to the subject. A code is required." class="dict" href="organization-definitions.htm#Organization.relatedOrganization.relation"><b>relation</b></a>&gt;<span style="color: Gray">&lt;!--</span> <span style="color: brown"><b>1..1</b></span> <span style="color: darkgreen"><a href="datatypes.htm#CodeableConcept">CodeableConcept</a></span> <span style="color: navy">How the organizations are related</span><span style="color: Gray"> --&gt;</span>&lt;/relation&gt;
 &lt;/relatedOrganization&gt;
 &lt;<a title="Contact details for a person acting as a contact for the organization" class="dict" href="organization-definitions.htm#Organization.contactPerson"><b>contactPerson</b></a>&gt;  <span style="color: Gray">&lt;!-- <span style="color: brown"><b>0..*</b></span> Contact person for the organization --&gt;</span>
  &lt;<a title="Indicates a purpose for which the person can be contacted." class="dict" href="organization-definitions.htm#Organization.contactPerson.type"><b>type</b></a>&gt;<span style="color: Gray">&lt;!--</span> <span style="color: brown"><b>0..1</b></span> <span style="color: darkgreen"><a href="datatypes.htm#CodeableConcept">CodeableConcept</a></span> <span style="color: navy">The type of contact person</span><span style="color: Gray"> --&gt;</span>&lt;/type&gt;
  &lt;<a title="Details of the contact person" class="dict" href="organization-definitions.htm#Organization.contactPerson.details"><b>details</b></a>&gt;  <span style="color: Gray">&lt;!-- <span style="color: brown"><b>0..1</b></span> Details of the contact person --&gt;</span>
   &lt;<a title="Identifier for a natural person, in contrast to the identifier in a specific context." class="dict" href="organization-definitions.htm#Organization.contactPerson.details.identifier"><b>identifier</b></a>&gt;<span style="color: Gray">&lt;!--</span> <span style="color: brown"><b>0..*</b></span> <span style="color: darkgreen"><a href="datatypes.htm#Identifier">Identifier</a></span> <span style="color: navy">An identifier for this individual</span><span style="color: Gray"> --&gt;</span>&lt;/identifier&gt;
   &lt;<a title="A name associated with the individual." class="dict" href="organization-definitions.htm#Organization.contactPerson.details.name"><b>name</b></a>&gt;<span style="color: Gray">&lt;!--</span> <span style="color: brown"><b>0..*</b></span> <span style="color: darkgreen"><a href="datatypes.htm#HumanName">HumanName</a></span> <span style="color: navy">A name associated with the individual</span><span style="color: Gray"> --&gt;</span>&lt;/name&gt;
   &lt;<a title="A contact detail (e.g. a telephone number or an email address) by which the individual may be contacted." class="dict" href="organization-definitions.htm#Organization.contactPerson.details.telecom"><b>telecom</b></a>&gt;<span style="color: Gray">&lt;!--</span> <span style="color: brown"><b>0..*</b></span> <span style="color: darkgreen"><a href="datatypes.htm#Contact">Contact</a></span> <span style="color: navy">A contact detail for the individual</span><span style="color: Gray"> --&gt;</span>&lt;/telecom&gt;
   &lt;<a title="Administrative Gender - the gender that the patient is considered to have for administration / record keeping purposes" class="dict" href="organization-definitions.htm#Organization.contactPerson.details.gender"><b>gender</b></a>&gt;<span style="color: Gray">&lt;!--</span> <span style="color: brown"><b>0..1</b></span> <span style="color: darkgreen"><a href="datatypes.htm#Coding">Coding</a></span> <span style="color: navy">Gender for administrative purposes</span><span style="color: Gray"> --&gt;</span>&lt;/gender&gt;
   &lt;<a title="The birth date for the individual, to the degre of precision now" class="dict" href="organization-definitions.htm#Organization.contactPerson.details.birthDate"><b>birthDate</b></a> value=&quot;[<span style="color: darkgreen"><a href="datatypes.htm#dateTime">dateTime</a></span>]&quot;/&gt;<span style="color: Gray">&lt;!--</span> <span style="color: brown"><b>0..1</b></span> <span style="color: navy">The birth date for the individual</span><span style="color: Gray"> --&gt;</span>
   &lt;<a title="Indicates if the individual is deceased or not (this element must be understood)" class="dict" href="organization-definitions.htm#Organization.contactPerson.details.deceased"><span style="text-decoration: underline"><b>deceased</b></span></a> value=&quot;[<span style="color: darkgreen"><a href="datatypes.htm#boolean">boolean</a></span>]&quot;/&gt;<span style="color: Gray">&lt;!--</span> <span style="color: brown"><b>0..1</b></span> <span style="color: navy">Indicates if the individual is deceased or not</span><span style="color: Gray"> --&gt;</span>
   &lt;<a title="One or more addresses for the individual" class="dict" href="organization-definitions.htm#Organization.contactPerson.details.address"><b>address</b></a>&gt;<span style="color: Gray">&lt;!--</span> <span style="color: brown"><b>0..*</b></span> <span style="color: darkgreen"><a href="datatypes.htm#Address">Address</a></span> <span style="color: navy">One or more addresses for the individual</span><span style="color: Gray"> --&gt;</span>&lt;/address&gt;
   &lt;<a title="Image of the person" class="dict" href="organization-definitions.htm#Organization.contactPerson.details.photo"><b>photo</b></a>&gt;<span style="color: Gray">&lt;!--</span> <span style="color: brown"><b>0..*</b></span> <span style="color: darkgreen"><a href="resources.htm#Resource">Resource</a>(<a href="picture.htm#Picture">Picture</a>)</span> <span style="color: navy">Image of the person</span><span style="color: Gray"> --&gt;</span>&lt;/photo&gt;
   &lt;<a title="This field contains a patient&#39;s most recent marital (civil) status." class="dict" href="organization-definitions.htm#Organization.contactPerson.details.maritalStatus"><b>maritalStatus</b></a>&gt;<span style="color: Gray">&lt;!--</span> <span style="color: brown"><b>0..1</b></span> <span style="color: darkgreen"><a href="datatypes.htm#CodeableConcept">CodeableConcept</a></span> <span style="color: navy">Marital (civil) status of a person</span><span style="color: Gray"> --&gt;</span>&lt;/maritalStatus&gt;
   &lt;<a title="A language spoken by the person, with proficiency" class="dict" href="organization-definitions.htm#Organization.contactPerson.details.language"><b>language</b></a>&gt;  <span style="color: Gray">&lt;!-- <span style="color: brown"><b>0..*</b></span> The person&#39;s  proficiency level of a language --&gt;</span>
    &lt;<a title="The ISO-639-1 alpha 2 code in lower case for the language, optionally followed by a hyphen and the ISO-3166-1 alpha 2 code for the region in upper case. E.g. &quot;en&quot; for English, or &quot;en-US&quot; for American English versus &quot;en-EN&quot; for England English" class="dict" href="organization-definitions.htm#Organization.contactPerson.details.language.language"><b>language</b></a>&gt;<span style="color: Gray">&lt;!--</span> <span style="color: brown"><b>1..1</b></span> <span style="color: darkgreen"><a href="datatypes.htm#CodeableConcept">CodeableConcept</a></span> <span style="color: navy">Language with optional region</span><span style="color: Gray"> --&gt;</span>&lt;/language&gt;
    &lt;<a title="A value representing the person&#39;s method of expression of this language. Examples: expressed spoken, expressed written, expressed signed, received spoken, received written, received signed" class="dict" href="organization-definitions.htm#Organization.contactPerson.details.language.mode"><b>mode</b></a>&gt;<span style="color: Gray">&lt;!--</span> <span style="color: brown"><b>0..1</b></span> <span style="color: darkgreen"><a href="datatypes.htm#CodeableConcept">CodeableConcept</a></span> <span style="color: navy">Language method of expression</span><span style="color: Gray"> --&gt;</span>&lt;/mode&gt;
    &lt;<a title="A code that describes how well the language is spoken (this element must be understood)" class="dict" href="organization-definitions.htm#Organization.contactPerson.details.language.proficiencyLevel"><span style="text-decoration: underline"><b>proficiencyLevel</b></span></a>&gt;<span style="color: Gray">&lt;!--</span> <span style="color: brown"><b>0..1</b></span> <span style="color: darkgreen"><a href="datatypes.htm#CodeableConcept">CodeableConcept</a></span> <span style="color: navy">Proficiency level of the language</span><span style="color: Gray"> --&gt;</span>&lt;/proficiencyLevel&gt;
    &lt;<a title="Indicates whether or not the Person prefers this language (over other languages he masters up a certain level)" class="dict" href="organization-definitions.htm#Organization.contactPerson.details.language.preference"><b>preference</b></a> value=&quot;[<span style="color: darkgreen"><a href="datatypes.htm#boolean">boolean</a></span>]&quot;/&gt;<span style="color: Gray">&lt;!--</span> <span style="color: brown"><b>0..1</b></span> <span style="color: navy">Language preference indicator</span><span style="color: Gray"> --&gt;</span>
   &lt;/language&gt;
  &lt;/details&gt;
 &lt;/contactPerson&gt;
&lt;/Organization&gt;
</pre></div>
  </text>
  <name value="organization"/>
  <author>
    <name value="todo (committee)"/>
  </author>
  <description value="Basic Profile. A formally or informally recognized grouping of people or organizations formed for the purpose of achieving some form of collective action.  Includes companies, institutions, corporations, departments, community groups, healthcare practice groups, etc"/>
  <status>
    <code value="testing"/>
    <date value="2013-04-09"/>
  </status>
  <constraint>
    <type value="Organization"/>
    <element>
      <path value="Organization"/>
      <definition>
        <short value="A grouping of people or organizations with a common purpose"/>
        <formal value="A formally or informally recognized grouping of people or organizations formed for the purpose of achieving some form of collective action.  Includes companies, institutions, corporations, departments, community groups, healthcare practice groups, etc"/>
        <min value="1"/>
        <max value="1"/>
        <type>
          <code value="Resource"/>
        </type>
        <constraint>
          <id value="1"/>
          <name value="AtLeastANameOrId"/>
          <severity value="error"/>
          <human value="The organization must at least have a name or and id, and possibly more"/>
          <xpath value="count(f:identifier | f:name) &gt; 0"/>
        </constraint>
        <mustUnderstand value="false"/>
      </definition>
    </element>
    <element>
      <path value="Organization.extension"/>
      <definition>
        <short value="Additional Content defined by implementations"/>
        <formal value="May be used to represent additional information that is not part of the basic definition of the resource. In order to make the use of extensions safe and manageable, there is a strict governance applied to the definition and use of extensions. Though any implementer is allowed to define an extension, there is a set of requirements that must be met as part of the definition of the extension"/>
        <comments value="there can be no stigma
associated with the use of extensions by any application, project, or standard - regardless of the institution or jurisdiction that uses or defines the extensions.  The use of extensions is what allows the FHIR specification to retain a core simplicity for everyone"/>
        <synonym value="extensions"/>
        <synonym value="user content"/>
        <min value="0"/>
        <max value="*"/>
        <type>
          <code value="Extension"/>
        </type>
      </definition>
    </element>
    <element>
      <path value="Organization.text"/>
      <definition>
        <short value="Text summary of the resource, for human interpretation"/>
        <formal value="A human readable narrative that contains a summary of the resource, and may be used to represent the content of the resource to a human. The narrative need not encode all the structured data, but is required to contain sufficient detail to make it &quot;clinically safe&quot; for a human to just read the narrative. Resource definitions may define what content should be represented in the narrative to ensure clinical safety"/>
        <comments value="Contained resources do not have narrative. Resources that are not contained SHOULD have a narrative"/>
        <synonym value="narrative"/>
        <synonym value="html"/>
        <synonym value="xhtml"/>
        <synonym value="display"/>
        <min value="0"/>
        <max value="1"/>
        <type>
          <code value="Narrative"/>
        </type>
      </definition>
    </element>
    <element>
      <path value="Organization.contained"/>
      <definition>
        <short value="Contained, inline Resources"/>
        <formal value="These resources do not have an independent existence apart from the resource that contains them - they cannot be identified independently, and nor can they have their own independent transaction scope"/>
        <comments value="This should never be done when the content can be identified properly, as once identification is lost, it is extremely difficult (and context dependent) to restore it again"/>
        <synonym value="inline resources"/>
        <synonym value="anonymous resources"/>
        <synonym value="contained resources"/>
        <min value="0"/>
        <max value="*"/>
        <type>
          <code value="Resource"/>
        </type>
      </definition>
    </element>
    <element>
      <path value="Organization.identifier"/>
      <definition>
        <short value="Identifier for this organization"/>
        <formal value="Identifier for the organization that is used to identify the organization across multiple disparate systems"/>
        <min value="0"/>
        <max value="*"/>
        <type>
          <code value="Identifier"/>
        </type>
        <mustUnderstand value="true"/>
      </definition>
    </element>
    <element>
      <path value="Organization.name"/>
      <definition>
        <short value="Name used for the organization"/>
        <formal value="A name associated with the organization"/>
        <comments value="Don&#39;t use HumanName since that has many non-organization things in it"/>
        <min value="0"/>
        <max value="*"/>
        <type>
          <code value="string"/>
        </type>
        <mustUnderstand value="true"/>
      </definition>
    </element>
    <element>
      <path value="Organization.type"/>
      <definition>
        <short value="Kind of organization"/>
        <formal value="The kind of organization that this is"/>
        <comments value="Organizations can be corporations, wards, sections, clinical teams, government departments, etc. Note that code is generally a classifier of the type of organization; in many applications, codes are used to identity a particular organization (say, ward) as opposed to another of the same type - these are identifiers, not codes"/>
        <min value="0"/>
        <max value="1"/>
        <type>
          <code value="CodeableConcept"/>
        </type>
        <mustUnderstand value="false"/>
        <binding value="OrganizationType"/>
      </definition>
    </element>
    <element>
      <path value="Organization.address"/>
      <definition>
        <short value="An address for the organization"/>
        <formal value="An address for the organization"/>
        <comments value="Organization may have multiple addresses with different uses or applicable periods. The use code home is not to be used"/>
        <min value="0"/>
        <max value="*"/>
        <type>
          <code value="Address"/>
        </type>
        <mustUnderstand value="false"/>
      </definition>
    </element>
    <element>
      <path value="Organization.telecom"/>
      <definition>
        <short value="A contact detail for the organization"/>
        <formal value="A contact detail for the organization"/>
        <comments value="The use code home is not to be used. Note that these contacts are not the contact details of people who are employed by or represent the organization, but official contacts for the organization itself"/>
        <min value="0"/>
        <max value="*"/>
        <type>
          <code value="Contact"/>
        </type>
        <mustUnderstand value="false"/>
      </definition>
    </element>
    <element>
      <path value="Organization.status"/>
      <definition>
        <short value="The status of this organization&#39;s record"/>
        <formal value="Indication of whether this organization&#39;s record is still active."/>
        <comments value="Default is &quot;active&quot;."/>
        <min value="0"/>
        <max value="1"/>
        <type>
          <code value="code"/>
        </type>
        <mustUnderstand value="true"/>
        <binding value="RecordStatus"/>
      </definition>
    </element>
    <element>
      <path value="Organization.accreditation"/>
      <definition>
        <short value="Formal certifications that convey authority"/>
        <formal value="The qualifications/certifications an organization has, including format educational achievements, accreditations and current certifications. All these qualifications may be used to determine what roles the organization may play in a healthcare environment"/>
        <min value="0"/>
        <max value="*"/>
        <mustUnderstand value="false"/>
      </definition>
    </element>
    <element>
      <path value="Organization.accreditation.identifier"/>
      <definition>
        <short value="Identifier for the accreditation"/>
        <formal value="The identifier of the accreditation"/>
        <min value="0"/>
        <max value="1"/>
        <type>
          <code value="Identifier"/>
        </type>
        <mustUnderstand value="false"/>
      </definition>
    </element>
    <element>
      <path value="Organization.accreditation.code"/>
      <definition>
        <short value="What kind of accreditation"/>
        <formal value="The type of the accreditation"/>
        <min value="0"/>
        <max value="1"/>
        <type>
          <code value="CodeableConcept"/>
        </type>
        <mustUnderstand value="false"/>
        <binding value="OrganizationAccreditation"/>
      </definition>
    </element>
    <element>
      <path value="Organization.accreditation.issuer"/>
      <definition>
        <short value="Who conferred accreditation"/>
        <formal value="The organization that conferred/confers the accreditation"/>
        <min value="0"/>
        <max value="1"/>
        <type>
          <code value="Resource(Organization)"/>
        </type>
        <mustUnderstand value="false"/>
      </definition>
    </element>
    <element>
      <path value="Organization.accreditation.period"/>
      <definition>
        <short value="When the accreditation is valid (date only)"/>
        <formal value="The period for which the accreditation is held"/>
        <min value="0"/>
        <max value="1"/>
        <type>
          <code value="Period"/>
        </type>
        <mustUnderstand value="false"/>
      </definition>
    </element>
    <element>
      <path value="Organization.relatedOrganization"/>
      <definition>
        <short value="Sub-, super-, and partner organizations"/>
        <formal value="Other organizations that are related to this organization. The relationship might be one of several types: sub- or super- orgnizations (i.e. ward in a hospital, owning corporation of a hospital) or partner organizations (i.e. the operating corporation for a hospital)"/>
        <min value="0"/>
        <max value="*"/>
        <mustUnderstand value="false"/>
      </definition>
    </element>
    <element>
      <path value="Organization.relatedOrganization.organization"/>
      <definition>
        <short value="The related organization"/>
        <formal value="The organization that is related to this organization"/>
        <min value="1"/>
        <max value="1"/>
        <type>
          <code value="Resource(Organization)"/>
        </type>
        <mustUnderstand value="true"/>
      </definition>
    </element>
    <element>
      <path value="Organization.relatedOrganization.relation"/>
      <definition>
        <short value="How the organizations are related"/>
        <formal value="Code that specifies how this organization is related to the subject. A code is required."/>
        <min value="1"/>
        <max value="1"/>
        <type>
          <code value="CodeableConcept"/>
        </type>
        <mustUnderstand value="false"/>
        <binding value="OrganizationRelationship"/>
      </definition>
    </element>
    <element>
      <path value="Organization.contactPerson"/>
      <definition>
        <short value="Contact person for the organization"/>
        <formal value="Contact details for a person acting as a contact for the organization"/>
        <min value="0"/>
        <max value="*"/>
        <mustUnderstand value="false"/>
      </definition>
    </element>
    <element>
      <path value="Organization.contactPerson.type"/>
      <definition>
        <short value="The type of contact person"/>
        <formal value="Indicates a purpose for which the person can be contacted."/>
        <min value="0"/>
        <max value="1"/>
        <type>
          <code value="CodeableConcept"/>
        </type>
        <mustUnderstand value="false"/>
        <binding value="ContactPersonType"/>
      </definition>
    </element>
    <element>
      <path value="Organization.contactPerson.details"/>
      <definition>
        <short value="Details of the contact person"/>
        <formal value="Details of the contact person"/>
        <min value="0"/>
        <max value="1"/>
        <type>
          <code value="Demographics"/>
        </type>
        <mustUnderstand value="false"/>
      </definition>
    </element>
    <element>
      <path value="Organization.contactPerson.details.identifier"/>
      <definition>
        <short value="An identifier for this individual"/>
        <formal value="Identifier for a natural person, in contrast to the identifier in a specific context."/>
        <min value="0"/>
        <max value="*"/>
        <type>
          <code value="Identifier"/>
        </type>
        <mustUnderstand value="false"/>
      </definition>
    </element>
    <element>
      <path value="Organization.contactPerson.details.name"/>
      <definition>
        <short value="A name associated with the individual"/>
        <formal value="A name associated with the individual."/>
        <comments value="Person may have multiple names with different uses or applicable periods.For animals, the name is a &quot;HumanName&quot; in the sense that is assigned and used by humans and has the same patterns"/>
        <min value="0"/>
        <max value="*"/>
        <type>
          <code value="HumanName"/>
        </type>
        <mustUnderstand value="false"/>
      </definition>
    </element>
    <element>
      <path value="Organization.contactPerson.details.telecom"/>
      <definition>
        <short value="A contact detail for the individual"/>
        <formal value="A contact detail (e.g. a telephone number or an email address) by which the individual may be contacted."/>
        <comments value="Person may have multiple ways to be contacted with different uses or applicable periods. May need to have options for contacting the person urgently and also to help with identification. The address may not go directly to the individual, but may reach another party that is able to proxy for the patient (i.e. home phone, or pet owner&#39;s phone)"/>
        <min value="0"/>
        <max value="*"/>
        <type>
          <code value="Contact"/>
        </type>
        <mustUnderstand value="false"/>
      </definition>
    </element>
    <element>
      <path value="Organization.contactPerson.details.gender"/>
      <definition>
        <short value="Gender for administrative purposes"/>
        <formal value="Administrative Gender - the gender that the patient is considered to have for administration / record keeping purposes"/>
        <comments value="The gender may not match the biological sex as determined by genetics, or the individual&#39;s preferred identification. Note that for both humans and particularly animals, there are other legitimate possibilities than M and F, though the vast majority of systems and contexts only support M and F"/>
        <min value="0"/>
        <max value="1"/>
        <type>
          <code value="Coding"/>
        </type>
        <mustUnderstand value="false"/>
        <binding value="AdministrativeGender"/>
      </definition>
    </element>
    <element>
      <path value="Organization.contactPerson.details.birthDate"/>
      <definition>
        <short value="The birth date for the individual"/>
        <formal value="The birth date for the individual, to the degre of precision now"/>
        <comments value="At least an estimated year should be provided as a guess if the real dob is unknown"/>
        <min value="0"/>
        <max value="1"/>
        <type>
          <code value="dateTime"/>
        </type>
        <mustUnderstand value="false"/>
      </definition>
    </element>
    <element>
      <path value="Organization.contactPerson.details.deceased"/>
      <definition>
        <short value="Indicates if the individual is deceased or not"/>
        <formal value="Indicates if the individual is deceased or not"/>
        <comments value="If there&#39;s no value in the instance it means there is no statement on whether or not the individual is deceased. Most systems will interpret the absence of a value as a sign of the person being alive."/>
        <min value="0"/>
        <max value="1"/>
        <type>
          <code value="boolean"/>
        </type>
        <mustUnderstand value="true"/>
      </definition>
    </element>
    <element>
      <path value="Organization.contactPerson.details.address"/>
      <definition>
        <short value="One or more addresses for the individual"/>
        <formal value="One or more addresses for the individual"/>
        <comments value="Person may have multiple addresses with different uses or applicable periods"/>
        <min value="0"/>
        <max value="*"/>
        <type>
          <code value="Address"/>
        </type>
        <mustUnderstand value="false"/>
      </definition>
    </element>
    <element>
      <path value="Organization.contactPerson.details.photo"/>
      <definition>
        <short value="Image of the person"/>
        <formal value="Image of the person"/>
        <min value="0"/>
        <max value="*"/>
        <type>
          <code value="Resource(Picture)"/>
        </type>
        <mustUnderstand value="false"/>
      </definition>
    </element>
    <element>
      <path value="Organization.contactPerson.details.maritalStatus"/>
      <definition>
        <short value="Marital (civil) status of a person"/>
        <formal value="This field contains a patient&#39;s most recent marital (civil) status."/>
        <min value="0"/>
        <max value="1"/>
        <type>
          <code value="CodeableConcept"/>
        </type>
        <mustUnderstand value="false"/>
        <binding value="MaritalStatus"/>
      </definition>
    </element>
    <element>
      <path value="Organization.contactPerson.details.language"/>
      <definition>
        <short value="The person&#39;s  proficiency level of a language"/>
        <formal value="A language spoken by the person, with proficiency"/>
        <comments value="If no language is specified, this *implies* that the default local language is spoken.If you need to convey proficiency for multiple modes than you need multiple Person.language associations.

For animals, language is not a relevant field, and should be absent from the instance"/>
        <min value="0"/>
        <max value="*"/>
        <mustUnderstand value="false"/>
      </definition>
    </element>
    <element>
      <path value="Organization.contactPerson.details.language.language"/>
      <definition>
        <short value="Language with optional region"/>
        <formal value="The ISO-639-1 alpha 2 code in lower case for the language, optionally followed by a hyphen and the ISO-3166-1 alpha 2 code for the region in upper case. E.g. &quot;en&quot; for English, or &quot;en-US&quot; for American English versus &quot;en-EN&quot; for England English"/>
        <comments value="The structure aa-BB with this exact casing is one the most widely used notations for locale. However not all systems actually code this but instead have it as free text. Hence CodeableConcept instead of code as the data type"/>
        <min value="1"/>
        <max value="1"/>
        <type>
          <code value="CodeableConcept"/>
        </type>
        <mustUnderstand value="false"/>
        <binding value="Language"/>
      </definition>
    </element>
    <element>
      <path value="Organization.contactPerson.details.language.mode"/>
      <definition>
        <short value="Language method of expression"/>
        <formal value="A value representing the person&#39;s method of expression of this language. Examples: expressed spoken, expressed written, expressed signed, received spoken, received written, received signed"/>
        <comments value="It&#39;s expected that modeCode and proficiencyLevelCode work in conjunction. It makes less sense to convey modeCode unless you want to distinctly denote someone proficiency for a particular mode. It&#39;s however perfectly acceptable to have a proficiencyLevelCode without a modeCode"/>
        <min value="0"/>
        <max value="1"/>
        <type>
          <code value="CodeableConcept"/>
        </type>
        <mustUnderstand value="false"/>
        <binding value="LanguageAbilityMode"/>
      </definition>
    </element>
    <element>
      <path value="Organization.contactPerson.details.language.proficiencyLevel"/>
      <definition>
        <short value="Proficiency level of the language"/>
        <formal value="A code that describes how well the language is spoken"/>
        <comments value="See comments for Person.language.modeCode"/>
        <min value="0"/>
        <max value="1"/>
        <type>
          <code value="CodeableConcept"/>
        </type>
        <mustUnderstand value="true"/>
        <binding value="LanguageAbilityProficiency"/>
      </definition>
    </element>
    <element>
      <path value="Organization.contactPerson.details.language.preference"/>
      <definition>
        <short value="Language preference indicator"/>
        <formal value="Indicates whether or not the Person prefers this language (over other languages he masters up a certain level)"/>
        <min value="0"/>
        <max value="1"/>
        <type>
          <code value="boolean"/>
        </type>
        <mustUnderstand value="false"/>
      </definition>
    </element>
    <searchParam>
      <name value="phonetic"/>
      <type value="string"/>
      <repeats value="union"/>
      <documentation value="A portion of the Organization&#39;s name using some kind of phonetic matching algorithm"/>
    </searchParam>
    <searchParam>
      <name value="_id"/>
      <type value="token"/>
      <repeats value="single"/>
      <documentation value="The logical resource id associated with the resource (must be supported by all servers)"/>
    </searchParam>
    <searchParam>
      <name value="address"/>
      <type value="string"/>
      <repeats value="union"/>
      <documentation value="An address in any kind of address/part for the organization"/>
    </searchParam>
    <searchParam>
      <name value="ctelecom"/>
      <type value="string"/>
      <repeats value="union"/>
      <documentation value="The value in any kind of telecom information for any contact person of the organization"/>
    </searchParam>
    <searchParam>
      <name value="name"/>
      <type value="string"/>
      <repeats value="union"/>
      <documentation value="A portion of the Organization&#39;s name"/>
    </searchParam>
    <searchParam>
      <name value="telecom"/>
      <type value="string"/>
      <repeats value="union"/>
      <documentation value="The value in any kind of telecom information for the organization"/>
    </searchParam>
    <searchParam>
      <name value="related-relation"/>
      <type value="qtoken"/>
      <repeats value="union"/>
      <documentation value="A type of related organisation to search for"/>
    </searchParam>
    <searchParam>
      <name value="type"/>
      <type value="qtoken"/>
      <repeats value="union"/>
      <documentation value="A code for the type of organization"/>
    </searchParam>
    <searchParam>
      <name value="identifier"/>
      <type value="qtoken"/>
      <repeats value="union"/>
      <documentation value="Any identifier for the organization"/>
    </searchParam>
    <searchParam>
      <name value="caddress"/>
      <type value="string"/>
      <repeats value="union"/>
      <documentation value="An address in any kind of address/part for any contact person of the organization"/>
    </searchParam>
    <searchParam>
      <name value="cname"/>
      <type value="string"/>
      <repeats value="union"/>
      <documentation value="A portion of the name of any contact person"/>
    </searchParam>
    <searchParam>
      <name value="related"/>
      <type value="qtoken"/>
      <repeats value="single"/>
      <documentation value="Any one of the related organizations"/>
    </searchParam>
  </constraint>
</Profile>