<?xml version="1.0" encoding="UTF-8"?><Organization xmlns="http://hl7.org/fhir">
  <text>
    <status value="generated"/>
    <div xmlns="http://www.w3.org/1999/xhtml">
      <p>Clinical Laboratory @ Acme Hospital. ph: +1 555 234 1234, email: <a href="mailto:contact@labs.acme.org">contact@labs.acme.org</a></p>
    </div>
  </text>
  <name value="Acme Org, Clinical Lab"/>
  
  <telecom>
    <system value="phone"/>
    <value value="+1 555 234 1234"/>
    <use value="work"/>
  </telecom>
  <telecom>
    <system value="email"/>
    <value value="contact@labs.acme.org"/>
    <use value="work"/>
  </telecom>
</Organization>