<?xml version="1.0" encoding="UTF-8"?>

<Profile xmlns="http://hl7.org/fhir">
  <text>
    <status value="generated"/><div xmlns="http://www.w3.org/1999/xhtml"><pre>
&lt;<a title="A patient is a person or animal that is receiving care" class="dict" href="patient-definitions.htm#Patient"><b>Patient</b></a> xmlns=&quot;http://hl7.org/fhir&quot;&gt;
 &lt;<a title="A linked patient record is a record that concerns the same patient. Records are linked after it is realized that at least one was created in error. (this element must be understood)" class="dict" href="patient-definitions.htm#Patient.link"><span style="text-decoration: underline"><b>link</b></span></a>&gt;<span style="color: Gray">&lt;!--</span> <span style="color: brown"><b>0..*</b></span> <span style="color: darkgreen"><a href="resources.htm#Resource">Resource</a>(<a href="patient.htm#Patient">Patient</a>)</span> <span style="color: navy">Other patients linked to this resource</span><span style="color: Gray"> --&gt;</span>&lt;/link&gt;
 &lt;<a title="Whether the patient record is in use, or has been removed from active use (this element must be understood)" class="dict" href="patient-definitions.htm#Patient.active"><span style="text-decoration: underline"><b>active</b></span></a> value=&quot;[<span style="color: darkgreen"><a href="datatypes.htm#boolean">boolean</a></span>]&quot;/&gt;<span style="color: Gray">&lt;!--</span> <span style="color: brown"><b>0..1</b></span> <span style="color: navy">Whether this patient record is active (in use)</span><span style="color: Gray"> --&gt;</span>
 &lt;<a title="An identifier that applies to this person as a patient (this element must be understood)" class="dict" href="patient-definitions.htm#Patient.identifier"><span style="text-decoration: underline"><b>identifier</b></span></a>&gt;<span style="color: Gray">&lt;!--</span> <span style="color: brown"><b>0..*</b></span> <span style="color: darkgreen"><a href="datatypes.htm#Identifier">Identifier</a></span> <span style="color: navy">An identifier for the person as this patient</span><span style="color: Gray"> --&gt;</span>&lt;/identifier&gt;
 &lt;<a title="Patient Demographic details" class="dict" href="patient-definitions.htm#Patient.details"><b>details</b></a>&gt;  <span style="color: Gray">&lt;!-- <span style="color: brown"><b>0..1</b></span> Patient demographics --&gt;</span>
  &lt;<a title="Identifier for a natural person, in contrast to the identifier in a specific context." class="dict" href="patient-definitions.htm#Patient.details.identifier"><b>identifier</b></a>&gt;<span style="color: Gray">&lt;!--</span> <span style="color: brown"><b>0..*</b></span> <span style="color: darkgreen"><a href="datatypes.htm#Identifier">Identifier</a></span> <span style="color: navy">An identifier for this individual</span><span style="color: Gray"> --&gt;</span>&lt;/identifier&gt;
  &lt;<a title="A name associated with the individual." class="dict" href="patient-definitions.htm#Patient.details.name"><b>name</b></a>&gt;<span style="color: Gray">&lt;!--</span> <span style="color: brown"><b>0..*</b></span> <span style="color: darkgreen"><a href="datatypes.htm#HumanName">HumanName</a></span> <span style="color: navy">A name associated with the individual</span><span style="color: Gray"> --&gt;</span>&lt;/name&gt;
  &lt;<a title="A contact detail (e.g. a telephone number or an email address) by which the individual may be contacted." class="dict" href="patient-definitions.htm#Patient.details.telecom"><b>telecom</b></a>&gt;<span style="color: Gray">&lt;!--</span> <span style="color: brown"><b>0..*</b></span> <span style="color: darkgreen"><a href="datatypes.htm#Contact">Contact</a></span> <span style="color: navy">A contact detail for the individual</span><span style="color: Gray"> --&gt;</span>&lt;/telecom&gt;
  &lt;<a title="Administrative Gender - the gender that the patient is considered to have for administration / record keeping purposes" class="dict" href="patient-definitions.htm#Patient.details.gender"><b>gender</b></a>&gt;<span style="color: Gray">&lt;!--</span> <span style="color: brown"><b>0..1</b></span> <span style="color: darkgreen"><a href="datatypes.htm#Coding">Coding</a></span> <span style="color: navy">Gender for administrative purposes</span><span style="color: Gray"> --&gt;</span>&lt;/gender&gt;
  &lt;<a title="The birth date for the individual, to the degre of precision now" class="dict" href="patient-definitions.htm#Patient.details.birthDate"><b>birthDate</b></a> value=&quot;[<span style="color: darkgreen"><a href="datatypes.htm#dateTime">dateTime</a></span>]&quot;/&gt;<span style="color: Gray">&lt;!--</span> <span style="color: brown"><b>0..1</b></span> <span style="color: navy">The birth date for the individual</span><span style="color: Gray"> --&gt;</span>
  &lt;<a title="Indicates if the individual is deceased or not (this element must be understood)" class="dict" href="patient-definitions.htm#Patient.details.deceased"><span style="text-decoration: underline"><b>deceased</b></span></a> value=&quot;[<span style="color: darkgreen"><a href="datatypes.htm#boolean">boolean</a></span>]&quot;/&gt;<span style="color: Gray">&lt;!--</span> <span style="color: brown"><b>0..1</b></span> <span style="color: navy">Indicates if the individual is deceased or not</span><span style="color: Gray"> --&gt;</span>
  &lt;<a title="One or more addresses for the individual" class="dict" href="patient-definitions.htm#Patient.details.address"><b>address</b></a>&gt;<span style="color: Gray">&lt;!--</span> <span style="color: brown"><b>0..*</b></span> <span style="color: darkgreen"><a href="datatypes.htm#Address">Address</a></span> <span style="color: navy">One or more addresses for the individual</span><span style="color: Gray"> --&gt;</span>&lt;/address&gt;
  &lt;<a title="Image of the person" class="dict" href="patient-definitions.htm#Patient.details.photo"><b>photo</b></a>&gt;<span style="color: Gray">&lt;!--</span> <span style="color: brown"><b>0..*</b></span> <span style="color: darkgreen"><a href="resources.htm#Resource">Resource</a>(<a href="picture.htm#Picture">Picture</a>)</span> <span style="color: navy">Image of the person</span><span style="color: Gray"> --&gt;</span>&lt;/photo&gt;
  &lt;<a title="This field contains a patient&#39;s most recent marital (civil) status." class="dict" href="patient-definitions.htm#Patient.details.maritalStatus"><b>maritalStatus</b></a>&gt;<span style="color: Gray">&lt;!--</span> <span style="color: brown"><b>0..1</b></span> <span style="color: darkgreen"><a href="datatypes.htm#CodeableConcept">CodeableConcept</a></span> <span style="color: navy">Marital (civil) status of a person</span><span style="color: Gray"> --&gt;</span>&lt;/maritalStatus&gt;
  &lt;<a title="A language spoken by the person, with proficiency" class="dict" href="patient-definitions.htm#Patient.details.language"><b>language</b></a>&gt;  <span style="color: Gray">&lt;!-- <span style="color: brown"><b>0..*</b></span> The person&#39;s  proficiency level of a language --&gt;</span>
   &lt;<a title="The ISO-639-1 alpha 2 code in lower case for the language, optionally followed by a hyphen and the ISO-3166-1 alpha 2 code for the region in upper case. E.g. &quot;en&quot; for English, or &quot;en-US&quot; for American English versus &quot;en-EN&quot; for England English" class="dict" href="patient-definitions.htm#Patient.details.language.language"><b>language</b></a>&gt;<span style="color: Gray">&lt;!--</span> <span style="color: brown"><b>1..1</b></span> <span style="color: darkgreen"><a href="datatypes.htm#CodeableConcept">CodeableConcept</a></span> <span style="color: navy">Language with optional region</span><span style="color: Gray"> --&gt;</span>&lt;/language&gt;
   &lt;<a title="A value representing the person&#39;s method of expression of this language. Examples: expressed spoken, expressed written, expressed signed, received spoken, received written, received signed" class="dict" href="patient-definitions.htm#Patient.details.language.mode"><b>mode</b></a>&gt;<span style="color: Gray">&lt;!--</span> <span style="color: brown"><b>0..1</b></span> <span style="color: darkgreen"><a href="datatypes.htm#CodeableConcept">CodeableConcept</a></span> <span style="color: navy">Language method of expression</span><span style="color: Gray"> --&gt;</span>&lt;/mode&gt;
   &lt;<a title="A code that describes how well the language is spoken (this element must be understood)" class="dict" href="patient-definitions.htm#Patient.details.language.proficiencyLevel"><span style="text-decoration: underline"><b>proficiencyLevel</b></span></a>&gt;<span style="color: Gray">&lt;!--</span> <span style="color: brown"><b>0..1</b></span> <span style="color: darkgreen"><a href="datatypes.htm#CodeableConcept">CodeableConcept</a></span> <span style="color: navy">Proficiency level of the language</span><span style="color: Gray"> --&gt;</span>&lt;/proficiencyLevel&gt;
   &lt;<a title="Indicates whether or not the Person prefers this language (over other languages he masters up a certain level)" class="dict" href="patient-definitions.htm#Patient.details.language.preference"><b>preference</b></a> value=&quot;[<span style="color: darkgreen"><a href="datatypes.htm#boolean">boolean</a></span>]&quot;/&gt;<span style="color: Gray">&lt;!--</span> <span style="color: brown"><b>0..1</b></span> <span style="color: navy">Language preference indicator</span><span style="color: Gray"> --&gt;</span>
  &lt;/language&gt;
 &lt;/details&gt;
 &lt;<a title="A contact party for the patient" class="dict" href="patient-definitions.htm#Patient.contact"><b>contact</b></a>&gt;  <span style="color: Gray">&lt;!-- <span style="color: brown"><b>0..*</b></span> A contact party for the patient --&gt;</span>
  &lt;<a title="The nature of the relationship between the patient and the contactperson" class="dict" href="patient-definitions.htm#Patient.contact.relationship"><b>relationship</b></a>&gt;<span style="color: Gray">&lt;!--</span> <span style="color: brown"><b>0..*</b></span> <span style="color: darkgreen"><a href="datatypes.htm#CodeableConcept">CodeableConcept</a></span> <span style="color: navy">The kind of relationship</span><span style="color: Gray"> --&gt;</span>&lt;/relationship&gt;
  &lt;<a title="Details about the contact person" class="dict" href="patient-definitions.htm#Patient.contact.details"><b>details</b></a>&gt;  <span style="color: Gray">&lt;!-- <span title="Need contact details or at least a reference to an organization" style="color: deeppink"><b>0..1</b></span> Details about the contact person --&gt;</span>
   &lt;<a title="Identifier for a natural person, in contrast to the identifier in a specific context." class="dict" href="patient-definitions.htm#Patient.contact.details.identifier"><b>identifier</b></a>&gt;<span style="color: Gray">&lt;!--</span> <span style="color: brown"><b>0..*</b></span> <span style="color: darkgreen"><a href="datatypes.htm#Identifier">Identifier</a></span> <span style="color: navy">An identifier for this individual</span><span style="color: Gray"> --&gt;</span>&lt;/identifier&gt;
   &lt;<a title="A name associated with the individual." class="dict" href="patient-definitions.htm#Patient.contact.details.name"><b>name</b></a>&gt;<span style="color: Gray">&lt;!--</span> <span style="color: brown"><b>0..*</b></span> <span style="color: darkgreen"><a href="datatypes.htm#HumanName">HumanName</a></span> <span style="color: navy">A name associated with the individual</span><span style="color: Gray"> --&gt;</span>&lt;/name&gt;
   &lt;<a title="A contact detail (e.g. a telephone number or an email address) by which the individual may be contacted." class="dict" href="patient-definitions.htm#Patient.contact.details.telecom"><b>telecom</b></a>&gt;<span style="color: Gray">&lt;!--</span> <span style="color: brown"><b>0..*</b></span> <span style="color: darkgreen"><a href="datatypes.htm#Contact">Contact</a></span> <span style="color: navy">A contact detail for the individual</span><span style="color: Gray"> --&gt;</span>&lt;/telecom&gt;
   &lt;<a title="Administrative Gender - the gender that the patient is considered to have for administration / record keeping purposes" class="dict" href="patient-definitions.htm#Patient.contact.details.gender"><b>gender</b></a>&gt;<span style="color: Gray">&lt;!--</span> <span style="color: brown"><b>0..1</b></span> <span style="color: darkgreen"><a href="datatypes.htm#Coding">Coding</a></span> <span style="color: navy">Gender for administrative purposes</span><span style="color: Gray"> --&gt;</span>&lt;/gender&gt;
   &lt;<a title="The birth date for the individual, to the degre of precision now" class="dict" href="patient-definitions.htm#Patient.contact.details.birthDate"><b>birthDate</b></a> value=&quot;[<span style="color: darkgreen"><a href="datatypes.htm#dateTime">dateTime</a></span>]&quot;/&gt;<span style="color: Gray">&lt;!--</span> <span style="color: brown"><b>0..1</b></span> <span style="color: navy">The birth date for the individual</span><span style="color: Gray"> --&gt;</span>
   &lt;<a title="Indicates if the individual is deceased or not (this element must be understood)" class="dict" href="patient-definitions.htm#Patient.contact.details.deceased"><span style="text-decoration: underline"><b>deceased</b></span></a> value=&quot;[<span style="color: darkgreen"><a href="datatypes.htm#boolean">boolean</a></span>]&quot;/&gt;<span style="color: Gray">&lt;!--</span> <span style="color: brown"><b>0..1</b></span> <span style="color: navy">Indicates if the individual is deceased or not</span><span style="color: Gray"> --&gt;</span>
   &lt;<a title="One or more addresses for the individual" class="dict" href="patient-definitions.htm#Patient.contact.details.address"><b>address</b></a>&gt;<span style="color: Gray">&lt;!--</span> <span style="color: brown"><b>0..*</b></span> <span style="color: darkgreen"><a href="datatypes.htm#Address">Address</a></span> <span style="color: navy">One or more addresses for the individual</span><span style="color: Gray"> --&gt;</span>&lt;/address&gt;
   &lt;<a title="Image of the person" class="dict" href="patient-definitions.htm#Patient.contact.details.photo"><b>photo</b></a>&gt;<span style="color: Gray">&lt;!--</span> <span style="color: brown"><b>0..*</b></span> <span style="color: darkgreen"><a href="resources.htm#Resource">Resource</a>(<a href="picture.htm#Picture">Picture</a>)</span> <span style="color: navy">Image of the person</span><span style="color: Gray"> --&gt;</span>&lt;/photo&gt;
   &lt;<a title="This field contains a patient&#39;s most recent marital (civil) status." class="dict" href="patient-definitions.htm#Patient.contact.details.maritalStatus"><b>maritalStatus</b></a>&gt;<span style="color: Gray">&lt;!--</span> <span style="color: brown"><b>0..1</b></span> <span style="color: darkgreen"><a href="datatypes.htm#CodeableConcept">CodeableConcept</a></span> <span style="color: navy">Marital (civil) status of a person</span><span style="color: Gray"> --&gt;</span>&lt;/maritalStatus&gt;
   &lt;<a title="A language spoken by the person, with proficiency" class="dict" href="patient-definitions.htm#Patient.contact.details.language"><b>language</b></a>&gt;  <span style="color: Gray">&lt;!-- <span style="color: brown"><b>0..*</b></span> The person&#39;s  proficiency level of a language --&gt;</span>
    &lt;<a title="The ISO-639-1 alpha 2 code in lower case for the language, optionally followed by a hyphen and the ISO-3166-1 alpha 2 code for the region in upper case. E.g. &quot;en&quot; for English, or &quot;en-US&quot; for American English versus &quot;en-EN&quot; for England English" class="dict" href="patient-definitions.htm#Patient.contact.details.language.language"><b>language</b></a>&gt;<span style="color: Gray">&lt;!--</span> <span style="color: brown"><b>1..1</b></span> <span style="color: darkgreen"><a href="datatypes.htm#CodeableConcept">CodeableConcept</a></span> <span style="color: navy">Language with optional region</span><span style="color: Gray"> --&gt;</span>&lt;/language&gt;
    &lt;<a title="A value representing the person&#39;s method of expression of this language. Examples: expressed spoken, expressed written, expressed signed, received spoken, received written, received signed" class="dict" href="patient-definitions.htm#Patient.contact.details.language.mode"><b>mode</b></a>&gt;<span style="color: Gray">&lt;!--</span> <span style="color: brown"><b>0..1</b></span> <span style="color: darkgreen"><a href="datatypes.htm#CodeableConcept">CodeableConcept</a></span> <span style="color: navy">Language method of expression</span><span style="color: Gray"> --&gt;</span>&lt;/mode&gt;
    &lt;<a title="A code that describes how well the language is spoken (this element must be understood)" class="dict" href="patient-definitions.htm#Patient.contact.details.language.proficiencyLevel"><span style="text-decoration: underline"><b>proficiencyLevel</b></span></a>&gt;<span style="color: Gray">&lt;!--</span> <span style="color: brown"><b>0..1</b></span> <span style="color: darkgreen"><a href="datatypes.htm#CodeableConcept">CodeableConcept</a></span> <span style="color: navy">Proficiency level of the language</span><span style="color: Gray"> --&gt;</span>&lt;/proficiencyLevel&gt;
    &lt;<a title="Indicates whether or not the Person prefers this language (over other languages he masters up a certain level)" class="dict" href="patient-definitions.htm#Patient.contact.details.language.preference"><b>preference</b></a> value=&quot;[<span style="color: darkgreen"><a href="datatypes.htm#boolean">boolean</a></span>]&quot;/&gt;<span style="color: Gray">&lt;!--</span> <span style="color: brown"><b>0..1</b></span> <span style="color: navy">Language preference indicator</span><span style="color: Gray"> --&gt;</span>
   &lt;/language&gt;
  &lt;/details&gt;
  &lt;<a title="Organization on behalf of which the contact is acting or for which the contact is working." class="dict" href="patient-definitions.htm#Patient.contact.organization"><b>organization</b></a>&gt;<span style="color: Gray">&lt;!--</span> <span title="Need contact details or at least a reference to an organization" style="color: deeppink"><b>0..1</b></span> <span style="color: darkgreen"><a href="resources.htm#Resource">Resource</a>(<a href="organization.htm#Organization">Organization</a>)</span> <span style="color: navy">Organization that is associated with the contact</span><span style="color: Gray"> --&gt;</span>&lt;/organization&gt;
 &lt;/contact&gt;
 &lt;<a title="This element has a value if the patient is an animal (this element must be understood)" class="dict" href="patient-definitions.htm#Patient.animal"><span style="text-decoration: underline"><b>animal</b></span></a>&gt;  <span style="color: Gray">&lt;!-- <span style="color: brown"><b>0..1</b></span> If this patient is an animal (non-human) --&gt;</span>
  &lt;<a title="Identifies the high level categorization of the kind of animal" class="dict" href="patient-definitions.htm#Patient.animal.species"><b>species</b></a>&gt;<span style="color: Gray">&lt;!--</span> <span style="color: brown"><b>1..1</b></span> <span style="color: darkgreen"><a href="datatypes.htm#CodeableConcept">CodeableConcept</a></span> <span style="color: navy">E.g. Dog, Cow</span><span style="color: Gray"> --&gt;</span>&lt;/species&gt;
  &lt;<a title="Identifies the detailed categorization of the kind of animal." class="dict" href="patient-definitions.htm#Patient.animal.breed"><b>breed</b></a>&gt;<span style="color: Gray">&lt;!--</span> <span style="color: brown"><b>0..1</b></span> <span style="color: darkgreen"><a href="datatypes.htm#CodeableConcept">CodeableConcept</a></span> <span style="color: navy">E.g. Poodle, Angus</span><span style="color: Gray"> --&gt;</span>&lt;/breed&gt;
  &lt;<a title="Indicates the current state of the animal&#39;s reproductive organs" class="dict" href="patient-definitions.htm#Patient.animal.genderStatus"><b>genderStatus</b></a>&gt;<span style="color: Gray">&lt;!--</span> <span style="color: brown"><b>0..1</b></span> <span style="color: darkgreen"><a href="datatypes.htm#CodeableConcept">CodeableConcept</a></span> <span style="color: navy">E.g. Neutered, Intact</span><span style="color: Gray"> --&gt;</span>&lt;/genderStatus&gt;
 &lt;/animal&gt;
 &lt;<a title="The provider for whom this is a patient record (this element must be understood)" class="dict" href="patient-definitions.htm#Patient.provider"><span style="text-decoration: underline"><b>provider</b></span></a>&gt;<span style="color: Gray">&lt;!--</span> <span style="color: brown"><b>0..1</b></span> <span style="color: darkgreen"><a href="resources.htm#Resource">Resource</a>(<a href="organization.htm#Organization">Organization</a>)</span> <span style="color: navy">Organization managing the patient</span><span style="color: Gray"> --&gt;</span>&lt;/provider&gt;
 &lt;<a title="Indicates whether the patient is part of a multiple or indicates the actual birth order." class="dict" href="patient-definitions.htm#Patient.multipleBirth_x_"><b>multipleBirth[x]</b></a>&gt;<span style="color: Gray">&lt;!--</span> <span style="color: brown"><b>0..1</b></span> <span style="color: darkgreen"><a href="datatypes.htm#boolean">boolean</a>|<a href="datatypes.htm#integer">integer</a></span> <span style="color: navy">Indicates whether patient is part of a multiple birth</span><span style="color: Gray"> --&gt;</span>&lt;/multipleBirth[x]&gt;
 &lt;<a title="Date of death of patient (this element must be understood)" class="dict" href="patient-definitions.htm#Patient.deceasedDate"><span style="text-decoration: underline"><b>deceasedDate</b></span></a> value=&quot;[<span style="color: darkgreen"><a href="datatypes.htm#dateTime">dateTime</a></span>]&quot;/&gt;<span style="color: Gray">&lt;!--</span> <span style="color: brown"><b>0..1</b></span> <span style="color: navy">Date of death of patient</span><span style="color: Gray"> --&gt;</span>
 &lt;<a title="Dietary restrictions for the patient" class="dict" href="patient-definitions.htm#Patient.diet"><b>diet</b></a>&gt;<span style="color: Gray">&lt;!--</span> <span style="color: brown"><b>0..1</b></span> <span style="color: darkgreen"><a href="datatypes.htm#CodeableConcept">CodeableConcept</a></span> <span style="color: navy">Dietary restrictions for the patient</span><span style="color: Gray"> --&gt;</span>&lt;/diet&gt;
&lt;/Patient&gt;
</pre></div>
  </text>
  <name value="patient"/>
  <author>
    <name value="todo (committee)"/>
  </author>
  <description value="Basic Profile. A patient is a person or animal that is receiving care"/>
  <status>
    <code value="testing"/>
    <date value="2013-04-09"/>
  </status>
  <constraint>
    <type value="Patient"/>
    <element>
      <path value="Patient"/>
      <definition>
        <short value="Person or animal receiving care"/>
        <formal value="A patient is a person or animal that is receiving care"/>
        <min value="1"/>
        <max value="1"/>
        <type>
          <code value="Resource"/>
        </type>
        <mustUnderstand value="false"/>
      </definition>
    </element>
    <element>
      <path value="Patient.extension"/>
      <definition>
        <short value="Additional Content defined by implementations"/>
        <formal value="May be used to represent additional information that is not part of the basic definition of the resource. In order to make the use of extensions safe and manageable, there is a strict governance applied to the definition and use of extensions. Though any implementer is allowed to define an extension, there is a set of requirements that must be met as part of the definition of the extension"/>
        <comments value="there can be no stigma
associated with the use of extensions by any application, project, or standard - regardless of the institution or jurisdiction that uses or defines the extensions.  The use of extensions is what allows the FHIR specification to retain a core simplicity for everyone"/>
        <synonym value="extensions"/>
        <synonym value="user content"/>
        <min value="0"/>
        <max value="*"/>
        <type>
          <code value="Extension"/>
        </type>
      </definition>
    </element>
    <element>
      <path value="Patient.text"/>
      <definition>
        <short value="Text summary of the resource, for human interpretation"/>
        <formal value="A human readable narrative that contains a summary of the resource, and may be used to represent the content of the resource to a human. The narrative need not encode all the structured data, but is required to contain sufficient detail to make it &quot;clinically safe&quot; for a human to just read the narrative. Resource definitions may define what content should be represented in the narrative to ensure clinical safety"/>
        <comments value="Contained resources do not have narrative. Resources that are not contained SHOULD have a narrative"/>
        <synonym value="narrative"/>
        <synonym value="html"/>
        <synonym value="xhtml"/>
        <synonym value="display"/>
        <min value="0"/>
        <max value="1"/>
        <type>
          <code value="Narrative"/>
        </type>
      </definition>
    </element>
    <element>
      <path value="Patient.contained"/>
      <definition>
        <short value="Contained, inline Resources"/>
        <formal value="These resources do not have an independent existence apart from the resource that contains them - they cannot be identified independently, and nor can they have their own independent transaction scope"/>
        <comments value="This should never be done when the content can be identified properly, as once identification is lost, it is extremely difficult (and context dependent) to restore it again"/>
        <synonym value="inline resources"/>
        <synonym value="anonymous resources"/>
        <synonym value="contained resources"/>
        <min value="0"/>
        <max value="*"/>
        <type>
          <code value="Resource"/>
        </type>
      </definition>
    </element>
    <element>
      <path value="Patient.link"/>
      <definition>
        <short value="Other patients linked to this resource"/>
        <formal value="A linked patient record is a record that concerns the same patient. Records are linked after it is realized that at least one was created in error."/>
        <comments value="More then two patient records may be linked. Note that there is a special transaction for linking patient records in the RESTful context, as record linking consistency must be maintained"/>
        <min value="0"/>
        <max value="*"/>
        <type>
          <code value="Resource(Patient)"/>
        </type>
        <mustUnderstand value="true"/>
      </definition>
    </element>
    <element>
      <path value="Patient.active"/>
      <definition>
        <short value="Whether this patient record is active (in use)"/>
        <formal value="Whether the patient record is in use, or has been removed from active use"/>
        <comments value="If a record is inactive, and linked to an active record, then future patient/person/record updates should occur on the other patient"/>
        <min value="0"/>
        <max value="1"/>
        <type>
          <code value="boolean"/>
        </type>
        <mustUnderstand value="true"/>
      </definition>
    </element>
    <element>
      <path value="Patient.identifier"/>
      <definition>
        <short value="An identifier for the person as this patient"/>
        <formal value="An identifier that applies to this person as a patient"/>
        <min value="0"/>
        <max value="*"/>
        <type>
          <code value="Identifier"/>
        </type>
        <mustUnderstand value="true"/>
      </definition>
    </element>
    <element>
      <path value="Patient.details"/>
      <definition>
        <short value="Patient demographics"/>
        <formal value="Patient Demographic details"/>
        <min value="0"/>
        <max value="1"/>
        <type>
          <code value="Demographics"/>
        </type>
        <mustUnderstand value="false"/>
      </definition>
    </element>
    <element>
      <path value="Patient.details.identifier"/>
      <definition>
        <short value="An identifier for this individual"/>
        <formal value="Identifier for a natural person, in contrast to the identifier in a specific context."/>
        <min value="0"/>
        <max value="*"/>
        <type>
          <code value="Identifier"/>
        </type>
        <mustUnderstand value="false"/>
      </definition>
    </element>
    <element>
      <path value="Patient.details.name"/>
      <definition>
        <short value="A name associated with the individual"/>
        <formal value="A name associated with the individual."/>
        <comments value="Person may have multiple names with different uses or applicable periods.For animals, the name is a &quot;HumanName&quot; in the sense that is assigned and used by humans and has the same patterns"/>
        <min value="0"/>
        <max value="*"/>
        <type>
          <code value="HumanName"/>
        </type>
        <mustUnderstand value="false"/>
      </definition>
    </element>
    <element>
      <path value="Patient.details.telecom"/>
      <definition>
        <short value="A contact detail for the individual"/>
        <formal value="A contact detail (e.g. a telephone number or an email address) by which the individual may be contacted."/>
        <comments value="Person may have multiple ways to be contacted with different uses or applicable periods. May need to have options for contacting the person urgently and also to help with identification. The address may not go directly to the individual, but may reach another party that is able to proxy for the patient (i.e. home phone, or pet owner&#39;s phone)"/>
        <min value="0"/>
        <max value="*"/>
        <type>
          <code value="Contact"/>
        </type>
        <mustUnderstand value="false"/>
      </definition>
    </element>
    <element>
      <path value="Patient.details.gender"/>
      <definition>
        <short value="Gender for administrative purposes"/>
        <formal value="Administrative Gender - the gender that the patient is considered to have for administration / record keeping purposes"/>
        <comments value="The gender may not match the biological sex as determined by genetics, or the individual&#39;s preferred identification. Note that for both humans and particularly animals, there are other legitimate possibilities than M and F, though the vast majority of systems and contexts only support M and F"/>
        <min value="0"/>
        <max value="1"/>
        <type>
          <code value="Coding"/>
        </type>
        <mustUnderstand value="false"/>
        <binding value="AdministrativeGender"/>
      </definition>
    </element>
    <element>
      <path value="Patient.details.birthDate"/>
      <definition>
        <short value="The birth date for the individual"/>
        <formal value="The birth date for the individual, to the degre of precision now"/>
        <comments value="At least an estimated year should be provided as a guess if the real dob is unknown"/>
        <min value="0"/>
        <max value="1"/>
        <type>
          <code value="dateTime"/>
        </type>
        <mustUnderstand value="false"/>
      </definition>
    </element>
    <element>
      <path value="Patient.details.deceased"/>
      <definition>
        <short value="Indicates if the individual is deceased or not"/>
        <formal value="Indicates if the individual is deceased or not"/>
        <comments value="If there&#39;s no value in the instance it means there is no statement on whether or not the individual is deceased. Most systems will interpret the absence of a value as a sign of the person being alive."/>
        <min value="0"/>
        <max value="1"/>
        <type>
          <code value="boolean"/>
        </type>
        <mustUnderstand value="true"/>
      </definition>
    </element>
    <element>
      <path value="Patient.details.address"/>
      <definition>
        <short value="One or more addresses for the individual"/>
        <formal value="One or more addresses for the individual"/>
        <comments value="Person may have multiple addresses with different uses or applicable periods"/>
        <min value="0"/>
        <max value="*"/>
        <type>
          <code value="Address"/>
        </type>
        <mustUnderstand value="false"/>
      </definition>
    </element>
    <element>
      <path value="Patient.details.photo"/>
      <definition>
        <short value="Image of the person"/>
        <formal value="Image of the person"/>
        <min value="0"/>
        <max value="*"/>
        <type>
          <code value="Resource(Picture)"/>
        </type>
        <mustUnderstand value="false"/>
      </definition>
    </element>
    <element>
      <path value="Patient.details.maritalStatus"/>
      <definition>
        <short value="Marital (civil) status of a person"/>
        <formal value="This field contains a patient&#39;s most recent marital (civil) status."/>
        <min value="0"/>
        <max value="1"/>
        <type>
          <code value="CodeableConcept"/>
        </type>
        <mustUnderstand value="false"/>
        <binding value="MaritalStatus"/>
      </definition>
    </element>
    <element>
      <path value="Patient.details.language"/>
      <definition>
        <short value="The person&#39;s  proficiency level of a language"/>
        <formal value="A language spoken by the person, with proficiency"/>
        <comments value="If no language is specified, this *implies* that the default local language is spoken.If you need to convey proficiency for multiple modes than you need multiple Person.language associations.

For animals, language is not a relevant field, and should be absent from the instance"/>
        <min value="0"/>
        <max value="*"/>
        <mustUnderstand value="false"/>
      </definition>
    </element>
    <element>
      <path value="Patient.details.language.language"/>
      <definition>
        <short value="Language with optional region"/>
        <formal value="The ISO-639-1 alpha 2 code in lower case for the language, optionally followed by a hyphen and the ISO-3166-1 alpha 2 code for the region in upper case. E.g. &quot;en&quot; for English, or &quot;en-US&quot; for American English versus &quot;en-EN&quot; for England English"/>
        <comments value="The structure aa-BB with this exact casing is one the most widely used notations for locale. However not all systems actually code this but instead have it as free text. Hence CodeableConcept instead of code as the data type"/>
        <min value="1"/>
        <max value="1"/>
        <type>
          <code value="CodeableConcept"/>
        </type>
        <mustUnderstand value="false"/>
        <binding value="Language"/>
      </definition>
    </element>
    <element>
      <path value="Patient.details.language.mode"/>
      <definition>
        <short value="Language method of expression"/>
        <formal value="A value representing the person&#39;s method of expression of this language. Examples: expressed spoken, expressed written, expressed signed, received spoken, received written, received signed"/>
        <comments value="It&#39;s expected that modeCode and proficiencyLevelCode work in conjunction. It makes less sense to convey modeCode unless you want to distinctly denote someone proficiency for a particular mode. It&#39;s however perfectly acceptable to have a proficiencyLevelCode without a modeCode"/>
        <min value="0"/>
        <max value="1"/>
        <type>
          <code value="CodeableConcept"/>
        </type>
        <mustUnderstand value="false"/>
        <binding value="LanguageAbilityMode"/>
      </definition>
    </element>
    <element>
      <path value="Patient.details.language.proficiencyLevel"/>
      <definition>
        <short value="Proficiency level of the language"/>
        <formal value="A code that describes how well the language is spoken"/>
        <comments value="See comments for Person.language.modeCode"/>
        <min value="0"/>
        <max value="1"/>
        <type>
          <code value="CodeableConcept"/>
        </type>
        <mustUnderstand value="true"/>
        <binding value="LanguageAbilityProficiency"/>
      </definition>
    </element>
    <element>
      <path value="Patient.details.language.preference"/>
      <definition>
        <short value="Language preference indicator"/>
        <formal value="Indicates whether or not the Person prefers this language (over other languages he masters up a certain level)"/>
        <min value="0"/>
        <max value="1"/>
        <type>
          <code value="boolean"/>
        </type>
        <mustUnderstand value="false"/>
      </definition>
    </element>
    <element>
      <path value="Patient.contact"/>
      <definition>
        <short value="A contact party for the patient"/>
        <formal value="A contact party for the patient"/>
        <comments value="Contact covers all kinds of contact parties: family members, business contacts, guardians, caregivers. Not applicable to register pedigree and family ties beyond use of having contact."/>
        <min value="0"/>
        <max value="*"/>
        <constraint>
          <id value="1"/>
          <name value="ContactNeedsDetails"/>
          <severity value="error"/>
          <human value="Need contact details or at least a reference to an organization"/>
          <xpath value="f:details or f:organization"/>
        </constraint>
        <mustUnderstand value="false"/>
      </definition>
    </element>
    <element>
      <path value="Patient.contact.relationship"/>
      <definition>
        <short value="The kind of relationship"/>
        <formal value="The nature of the relationship between the patient and the contactperson"/>
        <min value="0"/>
        <max value="*"/>
        <type>
          <code value="CodeableConcept"/>
        </type>
        <mustUnderstand value="false"/>
        <binding value="ContactRelationship"/>
      </definition>
    </element>
    <element>
      <path value="Patient.contact.details"/>
      <definition>
        <short value="Details about the contact person"/>
        <formal value="Details about the contact person"/>
        <min value="0"/>
        <max value="1"/>
        <type>
          <code value="Demographics"/>
        </type>
        <mustUnderstand value="false"/>
      </definition>
    </element>
    <element>
      <path value="Patient.contact.details.identifier"/>
      <definition>
        <short value="An identifier for this individual"/>
        <formal value="Identifier for a natural person, in contrast to the identifier in a specific context."/>
        <min value="0"/>
        <max value="*"/>
        <type>
          <code value="Identifier"/>
        </type>
        <mustUnderstand value="false"/>
      </definition>
    </element>
    <element>
      <path value="Patient.contact.details.name"/>
      <definition>
        <short value="A name associated with the individual"/>
        <formal value="A name associated with the individual."/>
        <comments value="Person may have multiple names with different uses or applicable periods.For animals, the name is a &quot;HumanName&quot; in the sense that is assigned and used by humans and has the same patterns"/>
        <min value="0"/>
        <max value="*"/>
        <type>
          <code value="HumanName"/>
        </type>
        <mustUnderstand value="false"/>
      </definition>
    </element>
    <element>
      <path value="Patient.contact.details.telecom"/>
      <definition>
        <short value="A contact detail for the individual"/>
        <formal value="A contact detail (e.g. a telephone number or an email address) by which the individual may be contacted."/>
        <comments value="Person may have multiple ways to be contacted with different uses or applicable periods. May need to have options for contacting the person urgently and also to help with identification. The address may not go directly to the individual, but may reach another party that is able to proxy for the patient (i.e. home phone, or pet owner&#39;s phone)"/>
        <min value="0"/>
        <max value="*"/>
        <type>
          <code value="Contact"/>
        </type>
        <mustUnderstand value="false"/>
      </definition>
    </element>
    <element>
      <path value="Patient.contact.details.gender"/>
      <definition>
        <short value="Gender for administrative purposes"/>
        <formal value="Administrative Gender - the gender that the patient is considered to have for administration / record keeping purposes"/>
        <comments value="The gender may not match the biological sex as determined by genetics, or the individual&#39;s preferred identification. Note that for both humans and particularly animals, there are other legitimate possibilities than M and F, though the vast majority of systems and contexts only support M and F"/>
        <min value="0"/>
        <max value="1"/>
        <type>
          <code value="Coding"/>
        </type>
        <mustUnderstand value="false"/>
        <binding value="AdministrativeGender"/>
      </definition>
    </element>
    <element>
      <path value="Patient.contact.details.birthDate"/>
      <definition>
        <short value="The birth date for the individual"/>
        <formal value="The birth date for the individual, to the degre of precision now"/>
        <comments value="At least an estimated year should be provided as a guess if the real dob is unknown"/>
        <min value="0"/>
        <max value="1"/>
        <type>
          <code value="dateTime"/>
        </type>
        <mustUnderstand value="false"/>
      </definition>
    </element>
    <element>
      <path value="Patient.contact.details.deceased"/>
      <definition>
        <short value="Indicates if the individual is deceased or not"/>
        <formal value="Indicates if the individual is deceased or not"/>
        <comments value="If there&#39;s no value in the instance it means there is no statement on whether or not the individual is deceased. Most systems will interpret the absence of a value as a sign of the person being alive."/>
        <min value="0"/>
        <max value="1"/>
        <type>
          <code value="boolean"/>
        </type>
        <mustUnderstand value="true"/>
      </definition>
    </element>
    <element>
      <path value="Patient.contact.details.address"/>
      <definition>
        <short value="One or more addresses for the individual"/>
        <formal value="One or more addresses for the individual"/>
        <comments value="Person may have multiple addresses with different uses or applicable periods"/>
        <min value="0"/>
        <max value="*"/>
        <type>
          <code value="Address"/>
        </type>
        <mustUnderstand value="false"/>
      </definition>
    </element>
    <element>
      <path value="Patient.contact.details.photo"/>
      <definition>
        <short value="Image of the person"/>
        <formal value="Image of the person"/>
        <min value="0"/>
        <max value="*"/>
        <type>
          <code value="Resource(Picture)"/>
        </type>
        <mustUnderstand value="false"/>
      </definition>
    </element>
    <element>
      <path value="Patient.contact.details.maritalStatus"/>
      <definition>
        <short value="Marital (civil) status of a person"/>
        <formal value="This field contains a patient&#39;s most recent marital (civil) status."/>
        <min value="0"/>
        <max value="1"/>
        <type>
          <code value="CodeableConcept"/>
        </type>
        <mustUnderstand value="false"/>
        <binding value="MaritalStatus"/>
      </definition>
    </element>
    <element>
      <path value="Patient.contact.details.language"/>
      <definition>
        <short value="The person&#39;s  proficiency level of a language"/>
        <formal value="A language spoken by the person, with proficiency"/>
        <comments value="If no language is specified, this *implies* that the default local language is spoken.If you need to convey proficiency for multiple modes than you need multiple Person.language associations.

For animals, language is not a relevant field, and should be absent from the instance"/>
        <min value="0"/>
        <max value="*"/>
        <mustUnderstand value="false"/>
      </definition>
    </element>
    <element>
      <path value="Patient.contact.details.language.language"/>
      <definition>
        <short value="Language with optional region"/>
        <formal value="The ISO-639-1 alpha 2 code in lower case for the language, optionally followed by a hyphen and the ISO-3166-1 alpha 2 code for the region in upper case. E.g. &quot;en&quot; for English, or &quot;en-US&quot; for American English versus &quot;en-EN&quot; for England English"/>
        <comments value="The structure aa-BB with this exact casing is one the most widely used notations for locale. However not all systems actually code this but instead have it as free text. Hence CodeableConcept instead of code as the data type"/>
        <min value="1"/>
        <max value="1"/>
        <type>
          <code value="CodeableConcept"/>
        </type>
        <mustUnderstand value="false"/>
        <binding value="Language"/>
      </definition>
    </element>
    <element>
      <path value="Patient.contact.details.language.mode"/>
      <definition>
        <short value="Language method of expression"/>
        <formal value="A value representing the person&#39;s method of expression of this language. Examples: expressed spoken, expressed written, expressed signed, received spoken, received written, received signed"/>
        <comments value="It&#39;s expected that modeCode and proficiencyLevelCode work in conjunction. It makes less sense to convey modeCode unless you want to distinctly denote someone proficiency for a particular mode. It&#39;s however perfectly acceptable to have a proficiencyLevelCode without a modeCode"/>
        <min value="0"/>
        <max value="1"/>
        <type>
          <code value="CodeableConcept"/>
        </type>
        <mustUnderstand value="false"/>
        <binding value="LanguageAbilityMode"/>
      </definition>
    </element>
    <element>
      <path value="Patient.contact.details.language.proficiencyLevel"/>
      <definition>
        <short value="Proficiency level of the language"/>
        <formal value="A code that describes how well the language is spoken"/>
        <comments value="See comments for Person.language.modeCode"/>
        <min value="0"/>
        <max value="1"/>
        <type>
          <code value="CodeableConcept"/>
        </type>
        <mustUnderstand value="true"/>
        <binding value="LanguageAbilityProficiency"/>
      </definition>
    </element>
    <element>
      <path value="Patient.contact.details.language.preference"/>
      <definition>
        <short value="Language preference indicator"/>
        <formal value="Indicates whether or not the Person prefers this language (over other languages he masters up a certain level)"/>
        <min value="0"/>
        <max value="1"/>
        <type>
          <code value="boolean"/>
        </type>
        <mustUnderstand value="false"/>
      </definition>
    </element>
    <element>
      <path value="Patient.contact.organization"/>
      <definition>
        <short value="Organization that is associated with the contact"/>
        <formal value="Organization on behalf of which the contact is acting or for which the contact is working."/>
        <min value="0"/>
        <max value="1"/>
        <type>
          <code value="Resource(Organization)"/>
        </type>
        <mustUnderstand value="false"/>
      </definition>
    </element>
    <element>
      <path value="Patient.animal"/>
      <definition>
        <short value="If this patient is an animal (non-human)"/>
        <formal value="This element has a value if the patient is an animal"/>
        <comments value="The animal element is must-understand since patients may be non-human. Systems must either handle patient details appropriately (e.g. inform users patient is not human) or reject non-human patient records"/>
        <min value="0"/>
        <max value="1"/>
        <mustUnderstand value="true"/>
      </definition>
    </element>
    <element>
      <path value="Patient.animal.species"/>
      <definition>
        <short value="E.g. Dog, Cow"/>
        <formal value="Identifies the high level categorization of the kind of animal"/>
        <comments value="If the patient is non-human, at least a species must be specified"/>
        <min value="1"/>
        <max value="1"/>
        <type>
          <code value="CodeableConcept"/>
        </type>
        <mustUnderstand value="false"/>
        <binding value="AnimalSpecies"/>
      </definition>
    </element>
    <element>
      <path value="Patient.animal.breed"/>
      <definition>
        <short value="E.g. Poodle, Angus"/>
        <formal value="Identifies the detailed categorization of the kind of animal."/>
        <min value="0"/>
        <max value="1"/>
        <type>
          <code value="CodeableConcept"/>
        </type>
        <mustUnderstand value="false"/>
        <binding value="AnimalBreed"/>
      </definition>
    </element>
    <element>
      <path value="Patient.animal.genderStatus"/>
      <definition>
        <short value="E.g. Neutered, Intact"/>
        <formal value="Indicates the current state of the animal&#39;s reproductive organs"/>
        <min value="0"/>
        <max value="1"/>
        <type>
          <code value="CodeableConcept"/>
        </type>
        <mustUnderstand value="false"/>
        <binding value="AnimalGenderStatus"/>
      </definition>
    </element>
    <element>
      <path value="Patient.provider"/>
      <definition>
        <short value="Organization managing the patient"/>
        <formal value="The provider for whom this is a patient record"/>
        <min value="0"/>
        <max value="1"/>
        <type>
          <code value="Resource(Organization)"/>
        </type>
        <mustUnderstand value="true"/>
      </definition>
    </element>
    <element>
      <path value="Patient.multipleBirth[x]"/>
      <definition>
        <short value="Indicates whether patient is part of a multiple birth"/>
        <formal value="Indicates whether the patient is part of a multiple or indicates the actual birth order."/>
        <min value="0"/>
        <max value="1"/>
        <type>
          <code value="boolean"/>
        </type>
        <type>
          <code value="integer"/>
        </type>
        <mustUnderstand value="false"/>
      </definition>
    </element>
    <element>
      <path value="Patient.deceasedDate"/>
      <definition>
        <short value="Date of death of patient"/>
        <formal value="Date of death of patient"/>
        <min value="0"/>
        <max value="1"/>
        <type>
          <code value="dateTime"/>
        </type>
        <mustUnderstand value="true"/>
      </definition>
    </element>
    <element>
      <path value="Patient.diet"/>
      <definition>
        <short value="Dietary restrictions for the patient"/>
        <formal value="Dietary restrictions for the patient"/>
        <comments value="not for specifying medical diets, but for casual dietary restrictions such as vegetarian, diary-free, nut-free, etc"/>
        <min value="0"/>
        <max value="1"/>
        <type>
          <code value="CodeableConcept"/>
        </type>
        <mustUnderstand value="false"/>
        <binding value="PatientDiet"/>
      </definition>
    </element>
    <searchParam>
      <name value="animal-breed"/>
      <type value="qtoken"/>
      <repeats value="union"/>
      <documentation value="the breed for animal patients"/>
    </searchParam>
    <searchParam>
      <name value="phonetic"/>
      <type value="string"/>
      <repeats value="union"/>
      <documentation value="a portion of either family or given name using some kind of phonetic matching algorithm"/>
    </searchParam>
    <searchParam>
      <name value="provider"/>
      <type value="qtoken"/>
      <repeats value="union"/>
      <documentation value="The identity of the organization at which this person is a patient"/>
    </searchParam>
    <searchParam>
      <name value="animal-species"/>
      <type value="qtoken"/>
      <repeats value="union"/>
      <documentation value="the species for animal patients"/>
    </searchParam>
    <searchParam>
      <name value="_id"/>
      <type value="token"/>
      <repeats value="single"/>
      <documentation value="The logical resource id associated with the resource (must be supported by all servers)"/>
    </searchParam>
    <searchParam>
      <name value="given"/>
      <type value="string"/>
      <repeats value="union"/>
      <documentation value="a portion of the given name of the patient"/>
    </searchParam>
    <searchParam>
      <name value="address"/>
      <type value="string"/>
      <repeats value="union"/>
      <documentation value="an address in any kind of address/part of the patient"/>
    </searchParam>
    <searchParam>
      <name value="family"/>
      <type value="string"/>
      <repeats value="union"/>
      <documentation value="a portion of the family name of the patient"/>
    </searchParam>
    <searchParam>
      <name value="name"/>
      <type value="string"/>
      <repeats value="union"/>
      <documentation value="a portion of either family or given name of the patient"/>
    </searchParam>
    <searchParam>
      <name value="telecom"/>
      <type value="string"/>
      <repeats value="union"/>
      <documentation value="the value in any kind of telecom details of the patient"/>
    </searchParam>
    <searchParam>
      <name value="birthdate"/>
      <type value="date"/>
      <repeats value="single"/>
      <documentation value="the patient&#39;s date of birth"/>
    </searchParam>
    <searchParam>
      <name value="active"/>
      <type value="token"/>
      <repeats value="single"/>
      <documentation value="Whether the patient record is active"/>
    </searchParam>
    <searchParam>
      <name value="gender"/>
      <type value="qtoken"/>
      <repeats value="single"/>
      <documentation value="gender of the patient"/>
    </searchParam>
    <searchParam>
      <name value="language"/>
      <type value="qtoken"/>
      <repeats value="union"/>
      <documentation value="language code (irrespective of use value)"/>
    </searchParam>
    <searchParam>
      <name value="identifier"/>
      <type value="qtoken"/>
      <repeats value="union"/>
      <documentation value="A patient identifier"/>
    </searchParam>
  </constraint>
</Profile>