{"Patient":{"text":{"status":{"value":"generated"},"div":"<div>\n      <p>Henry Levin the 7th<\/p>\n    <\/div>"},"active":{"value":"true"},"identifier":[{"use":{"value":"usual"},"label":{"value":"MRN"},"system":{"value":"urn:oid:2.16.840.1.113883.19.5"},"id":{"value":"12345"}}],"details":{"name":[{"family":[{"value":"Levin"}],"given":[{"value":"Henry"}]}],"gender":{"system":{"value":"urn:oid:2.16.840.1.113883.5.1"},"code":{"value":"M"}},"birthDate":{"value":"1932-09-24"}},"provider":{"type":{"value":"Organization"},"url":{"value":"../organization/@2.16.840.1.113883.19.5"},"display":{"value":"Good Health Clinic"}}}}