{"Patient":{"text":{"status":{"value":"generated"},"div":"<div>\n      <table>\n        <tbody>\n          <tr>\n            <td>Name<\/td>\n            <td>Peter James <b>Chalmers<\/b> (&quot;Jim&quot;)<\/td>\n          <\/tr>\n          <tr>\n            <td>Address<\/td>\n            <td>534 Erewhon, Pleasantville, Vic, 3999<\/td>\n          <\/tr>\n          <tr>\n            <td>Contacts<\/td>\n            <td>Home: unknown. Work: (03) 5555 6473<\/td>\n          <\/tr>\n          <tr>\n            <td>Id<\/td>\n            <td>MRN: 12345 (Acme Healthcare)<\/td>\n          <\/tr>\n        <\/tbody>\n      <\/table>\n    <\/div>"},"active":{"value":"true"},"identifier":[{"use":{"value":"usual"},"label":{"value":"MRN"},"system":{"value":"oid:1.2.36.146.595.217.0.1"},"id":{"value":"12345"},"period":{"start":{"value":"2001-05-06"}},"assigner":{"display":{"value":"Acme Healthcare"}}}],"details":{"name":[{"use":{"value":"official"},"family":[{"value":"Chalmers"}],"given":[{"value":"Peter"},{"value":"James"}]},{"use":{"value":"usual"},"given":[{"value":"Jim"}]}],"telecom":[{"use":{"value":"home"}},{"system":{"value":"phone"},"value":{"value":"(03) 5555 6473"},"use":{"value":"work"}}],"gender":{"system":{"value":"http://hl7.org/fhir/sid/v2-0001"},"code":{"value":"M"},"display":{"value":"Male"}},"birthDate":{"value":"1974-12-25"},"deceased":{"value":"false"},"address":[{"use":{"value":"home"},"line":[{"value":"534 Erewhon St"}],"city":{"value":"PleasantVille"},"state":{"value":"Vic"},"zip":{"value":"3999"}}]},"contact":[{"relationship":[{"coding":[{"system":{"value":"http://hl7.org/fhir/contact-relationship"},"code":{"value":"partner"}}]}],"details":{"name":[{"family":[{"value":"du"},{"value":"Marché"}],"given":[{"value":"Bénédicte"}]}],"telecom":[{"system":{"value":"phone"},"value":{"value":"+33 (237) 998327"}}]}}],"provider":{"type":{"value":"Organization"},"url":{"value":"../organization/@1"}}}}