<?xml version="1.0" encoding="UTF-8"?><Patient xmlns="http://hl7.org/fhir">
  <text>
    <status value="generated"/>
    <div xmlns="http://www.w3.org/1999/xhtml">
      <table>
        <tbody>
          <tr>
            <td>Name</td>
            <td>Peter James <b>Chalmers</b> (&quot;Jim&quot;)</td>
          </tr>
          <tr>
            <td>Address</td>
            <td>534 Erewhon, Pleasantville, Vic, 3999</td>
          </tr>
          <tr>
            <td>Contacts</td>
            <td>Home: unknown. Work: (03) 5555 6473</td>
          </tr>
          <tr>
            <td>Id</td>
            <td>MRN: 12345 (Acme Healthcare)</td>
          </tr>
        </tbody>
      </table>
    </div>
  </text>
  <active value="true"/>
 
  <!--  MRN assigned by ACME healthcare on 6-May 2001  -->
  <identifier>
    <use value="usual"/>
    <label value="MRN"/>
    <system value="oid:1.2.36.146.595.217.0.1"/>
    <id value="12345"/>
    <period>
      <start value="2001-05-06"/>
    </period>
    <assigner>
      <display value="Acme Healthcare"/>
    </assigner>
  </identifier>

  <details>
    <!--  Peter James Chalmers, but called "Jim"  -->
    <name>
      <use value="official"/>
      <family value="Chalmers"/>
      <given value="Peter"/>
      <given value="James"/>
    </name>
    <name>
      <use value="usual"/>
      <given value="Jim"/>
    </name>

    <telecom>
      <use value="home"/>
      <!--  home communication details aren't known  -->
    </telecom>
    <telecom>
      <system value="phone"/>
      <value value="(03) 5555 6473"/>
      <use value="work"/>
    </telecom>
    
    <!--  use v2 code system for male / female  -->
    <gender>
      <system value="http://hl7.org/fhir/sid/v2-0001"/>
      <code value="M"/>
      <display value="Male"/>
    </gender>
    <birthDate value="1974-12-25"/>
    <deceased value="false"/>

    <address>
      <use value="home"/>
      <line value="534 Erewhon St"/>
      <city value="PleasantVille"/>
      <state value="Vic"/>
      <zip value="3999"/>
    </address>
  </details>

  <contact>
    <relationship>
      <coding>
        <system value="http://hl7.org/fhir/contact-relationship"/>
        <code value="partner"/>
      </coding>
    </relationship>
    <details>
      <name>
        <family value="du"/>
        <family value="Marché"/>
        <given value="Bénédicte"/>
      </name>
      <telecom>
        <system value="phone"/>
        <value value="+33 (237) 998327"/>        
      </telecom>
    </details>
  </contact>
  
  <provider>
    <type value="Organization"/>
    <url value="../organization/@1"/>
  </provider>
</Patient>