{"Patient":{"text":{"status":{"value":"generated"},"div":"<div>\n      <p>Patient John Doe, M, 27-May 1956. ID: 89765a87b<\/p>\n    <\/div>"},"active":{"value":"true"},"identifier":[{"use":{"value":"usual"},"label":{"value":"MRN"},"system":{"value":"oid:3.4.5"},"id":{"value":"89765a87b"}}],"details":{"name":[{"family":[{"value":"Doe"}],"given":[{"value":"John"}]}],"gender":{"system":{"value":"http://hl7.org/fhir/sid/v2-0001"},"code":{"value":"M"}},"birthDate":{"value":"1956-05-27"},"address":[{"line":[{"value":"100 Main St"}],"city":{"value":"Metropolis"},"state":{"value":"Il"},"zip":{"value":"44130"},"country":{"value":"USA"}}]},"provider":{"type":{"value":"Organization"},"url":{"value":"../organization/@2"}}}}