{"Patient":{"text":{"status":{"value":"generated"},"div":"<div>\n      <table>\n        <tbody>\n          <tr>\n            <td>Id<\/td>\n            <td>Kenzi (Dog: Golden Retriever)<\/td>\n          <\/tr>\n          <tr>\n            <td>Owner<\/td>\n            <td>Peter Chalmers, 534 Erewhon, Pleasantville, Vic, 3999<\/td>\n          <\/tr>\n          <tr>\n            <td>Contacts<\/td>\n            <td>Work: (03) 5555 6473<\/td>\n          <\/tr>\n          <tr>\n            <td>Id<\/td>\n            <td>Dog Tag: 1234123 (Maroondah City Council)<\/td>\n          <\/tr>\n        <\/tbody>\n      <\/table>\n    <\/div>"},"active":{"value":"true"},"identifier":[{"label":{"value":"Dog Tag"},"system":{"value":"http://www.maroondah.vic.gov.au/AnimalRegFees.aspx"},"id":{"value":"1234123"},"period":{"start":{"value":"2010-05-31"}},"assigner":{"display":{"value":"Maroondah City Council"}}}],"details":{"name":[{"use":{"value":"usual"},"given":[{"value":"Kenzi"}]}],"gender":{"code":{"value":"F"}},"birthDate":{"value":"2010-03-23"}},"animal":{"species":{"coding":[{"system":{"value":"http://en.wikipedia.org/wiki/Biological_classification"},"code":{"value":"Canis lupus familiaris"}}]},"breed":{"coding":[{"system":{"value":"http://snomed.info"},"code":{"value":"58108001"},"display":{"value":"Golden retriever"}}]}},"provider":{"display":{"value":"Pete's Vetinary Services"}}}}