<?xml version="1.0" encoding="UTF-8"?><Patient xmlns="http://hl7.org/fhir">
  <extension>
    <url value="http://nema.org/fhir/extensions#0010:1010"/>
    <valueQuantity>
      <value value="56"/>
      <units value="Y"/>
    </valueQuantity>
  </extension>
  <extension>
    <url value="http://nema.org/fhir/extensions#0010:1020"/>
    <valueQuantity>
      <value value="1.83"/>
      <units value="m"/>
    </valueQuantity>
  </extension>
  <extension>
    <url value="http://nema.org/fhir/extensions#0010:1030"/>
    <valueQuantity>
      <value value="72.58"/>
      <units value="kg"/>
    </valueQuantity>
  </extension>
  <text>
    <status value="generated"/>
    <div xmlns="http://www.w3.org/1999/xhtml">
      Patient MINT_TEST, ID = MINT1234. Age = 56y, Size = 1.83m, Weight = 72.58kg
    </div>
  </text>
  <active value="true"/>
  <identifier>
    <system value="http://nema.org/examples/patients"/>
    <id value="MINT1234"/>
  </identifier>
  <details>
    <name>
      <family value="MINT_TEST"/>
    </name>
    <gender>
      <system value="http://nema.org/examples/gender"/>
      <code value="M"/>
    </gender>
  </details>
  <provider>
    <type value="Organization"/>
    <url value="../organization/@1"/>
  </provider>
</Patient>