<?xml version="1.0" encoding="UTF-8"?><feed xmlns="http://www.w3.org/2005/Atom">
  <title>Standard Patient Examples</title>
  <id>urn:uuid:b248b1b2-1686-4b94-9936-37d7a5f94b51</id>
  <link href="http://www.hl7.org/fhir/patient-examples.xml" rel="self"/>
  <updated>2012-05-29T23:45:32Z</updated>
  <entry>
    <title>patient, female</title>
    <id>http://hl7.org/fhir/patient/@1</id>
    <link href="http://hl7.org/fhir/patient/@1/history/@1" rel="self"/>
    <updated>2012-05-29T23:45:32Z</updated>
    <author>
      <name>Grahame Grieve / HL7 publishing committee</name>
    </author>
    <category scheme="http://hl7.org/fhir/resource-types" term="Patient"/>
    <content type="text/xml">
      <Patient xmlns="http://hl7.org/fhir">
        <text>
          <status value="generated"/>
          <div xmlns="http://www.w3.org/1999/xhtml">Everywoman, Eve. SSN:
						444222222</div>
        </text>
        <active value="true"/>
        <identifier>
          <label value="SSN"/>
          <system value="http://hl7.org/fhir/sid/us-ssn"/>
          <id value="444222222"/>
        </identifier>
        <details>
          <name>
            <use value="official"/>
            <family value="Everywoman"/>
            <given value="Eve"/>
          </name>
          <telecom>
            <system value="phone"/>
            <value value="555-555-2003"/>
            <use value="work"/>
          </telecom>
          <gender>
            <system value="http://hl7.org/fhir/sid/v2-0001"/>
            <code value="F"/>
          </gender>
          <birthDate value="1973-05-31"/>
          <address>
            <use value="home"/>
            <line value="2222 Home Street"/>
          </address>
        </details>
        <provider>
          <type value="Organization"/>
          <url value="../organization/@hl7"/>
        </provider>
      </Patient>
    </content>
    <summary type="xhtml">
      <div xmlns="http://www.w3.org/1999/xhtml">Everywoman, Eve. SSN:
				444222222</div>
    </summary>
  </entry>
  <entry>
    <title>patient, male</title>
    <id>http://hl7.org/fhir/patient/@2</id>
    <link href="http://hl7.org/fhir/patient/@2/history/@1" rel="self"/>
    <updated>2012-05-29T23:45:32Z</updated>
    <author>
      <name>Grahame Grieve</name>
    </author>
    <category scheme="http://hl7.org/fhir/resource-types" term="Patient"/>
    <content type="text/xml">
      <Patient xmlns="http://hl7.org/fhir">
        <text>
          <status value="generated"/>
          <div xmlns="http://www.w3.org/1999/xhtml">Everyman, Adam. SSN:
						444333333</div>
        </text>
        <active value="true"/>
        <identifier>
          <label value="SSN"/>
          <system value="http://hl7.org/fhir/sid/us-ssn"/>
          <id value="444333333"/>
        </identifier>
        <details>
          <name>
            <use value="official"/>
            <family value="Everyman"/>
            <given value="Adam"/>
          </name>
          <telecom>
            <system value="phone"/>
            <value value="555-555-2004"/>
            <use value="work"/>
          </telecom>
          <gender>
            <system value="http://hl7.org/fhir/sid/v2-0001"/>
            <code value="M"/>
          </gender>
          <address>
            <use value="home"/>
            <line value="2222 Home Street"/>
          </address>
        </details>
        <provider>
          <type value="Organization"/>
          <url value="../organization/@hl7"/>
        </provider>
      </Patient>
    </content>
    <summary type="xhtml">
      <div xmlns="http://www.w3.org/1999/xhtml">Everyman, Adam. SSN:
				444333333</div>
    </summary>
  </entry>
  <entry>
    <title>patient, child</title>
    <id>http://hl7.org/fhir/patient/@3</id>
    <link href="http://hl7.org/fhir/patient/@3/history/@1" rel="self"/>
    <updated>2012-05-29T23:45:32Z</updated>
    <author>
      <name>Grahame Grieve</name>
    </author>
    <category scheme="http://hl7.org/fhir/resource-types" term="Patient"/>
    <content type="text/xml">
      <Patient xmlns="http://hl7.org/fhir">
        <text>
          <status value="generated"/>
          <div xmlns="http://www.w3.org/1999/xhtml">Kidd, Kari. SSN:
						444555555</div>
        </text>
        <active value="true"/>
        <identifier>
          <label value="SSN"/>
          <system value="http://hl7.org/fhir/sid/us-ssn"/>
          <id value="444555555"/>
        </identifier>
        <details>
          <name>
            <use value="official"/>
            <family value="Kidd"/>
            <given value="Kari"/>
          </name>
          <telecom>
            <system value="phone"/>
            <value value="555-555-2005"/>
            <use value="work"/>
          </telecom>
          <gender>
            <system value="http://hl7.org/fhir/sid/v2-0001"/>
            <code value="F"/>
          </gender>
          <address>
            <use value="home"/>
            <line value="2222 Home Street"/>
          </address>
        </details>
        <provider>
          <type value="Organization"/>
          <url value="../organization/@hl7"/>
        </provider>
      </Patient>
    </content>
    <summary type="xhtml">
      <div xmlns="http://www.w3.org/1999/xhtml">Kidd, Kari. SSN:
				444555555</div>
    </summary>
  </entry>
  <entry>
    <title>family, daughter</title>
    <id>http://hl7.org/fhir/patient/@4</id>
    <link href="http://hl7.org/fhir/patient/@4/history/@1" rel="self"/>
    <updated>2012-05-29T23:45:32Z</updated>
    <author>
      <name>Grahame Grieve</name>
    </author>
    <category scheme="http://hl7.org/fhir/resource-types" term="Patient"/>
    <content type="text/xml">
      <Patient xmlns="http://hl7.org/fhir">
        <text>
          <status value="generated"/>
          <div xmlns="http://www.w3.org/1999/xhtml">Nuclear, Nancy. SSN:
						444114567</div>
        </text>
        <active value="true"/>
        <identifier>
          <label value="SSN"/>
          <system value="http://hl7.org/fhir/sid/us-ssn"/>
          <id value="444114567"/>
        </identifier>
        <details>
          <name>
            <use value="official"/>
            <family value="Nuclear"/>
            <given value="Nancy"/>
          </name>
          <telecom>
            <system value="phone"/>
            <value value="555-555-5001"/>
            <use value="work"/>
          </telecom>
          <gender>
            <system value="http://hl7.org/fhir/sid/v2-0001"/>
            <code value="F"/>
          </gender>
          <address>
            <use value="home"/>
            <line value="6666 Home Street"/>
          </address>
        </details>
        <provider>
          <type value="Organization"/>
          <url value="../organization/@hl7"/>
        </provider>
      </Patient>
    </content>
    <summary type="xhtml">
      <div xmlns="http://www.w3.org/1999/xhtml">Nuclear, Nancy. SSN:
				444114567</div>
    </summary>
  </entry>
  <entry>
    <title>family, husband</title>
    <id>http://hl7.org/fhir/patient/@5</id>
    <link href="http://hl7.org/fhir/patient/@5/history/@1" rel="self"/>
    <updated>2012-05-29T23:45:32Z</updated>
    <author>
      <name>Grahame Grieve</name>
    </author>
    <category scheme="http://hl7.org/fhir/resource-types" term="Patient"/>
    <content type="text/xml">
      <Patient xmlns="http://hl7.org/fhir">
        <text>
          <status value="generated"/>
          <div xmlns="http://www.w3.org/1999/xhtml">Nuclear, Neville. SSN:
						444111234</div>
        </text>
        <active value="true"/>
        <identifier>
          <label value="SSN"/>
          <system value="http://hl7.org/fhir/sid/us-ssn"/>
          <id value="444111234"/>
        </identifier>
        <details>
          <name>
            <use value="official"/>
            <family value="Nuclear"/>
            <given value="Neville"/>
          </name>
          <telecom>
            <system value="phone"/>
            <value value="555-555-5001"/>
            <use value="work"/>
          </telecom>
          <gender>
            <system value="http://hl7.org/fhir/sid/v2-0001"/>
            <code value="M"/>
          </gender>
          <address>
            <use value="home"/>
            <line value="6666 Home Street"/>
          </address>
        </details>
        <provider>
          <type value="Organization"/>
          <url value="../organization/@hl7"/>
        </provider>
      </Patient>
    </content>
    <summary type="xhtml">
      <div xmlns="http://www.w3.org/1999/xhtml">Nuclear, Neville. SSN:
				444111234</div>
    </summary>
  </entry>
  <entry>
    <title>family, son</title>
    <id>http://hl7.org/fhir/patient/@6</id>
    <link href="http://hl7.org/fhir/patient/@6/history/@1" rel="self"/>
    <updated>2012-05-29T23:45:32Z</updated>
    <author>
      <name>Grahame Grieve</name>
    </author>
    <category scheme="http://hl7.org/fhir/resource-types" term="Patient"/>
    <content type="text/xml">
      <Patient xmlns="http://hl7.org/fhir">
        <text>
          <status value="generated"/>
          <div xmlns="http://www.w3.org/1999/xhtml">Nuclear, Ned. SSN:
						444113456</div>
        </text>
        <active value="true"/>
        <identifier>
          <label value="SSN"/>
          <system value="http://hl7.org/fhir/sid/us-ssn"/>
          <id value="444113456"/>
        </identifier>
        <details>
          <name>
            <use value="official"/>
            <family value="Nuclear"/>
            <given value="Ned"/>
          </name>
          <telecom>
            <system value="phone"/>
            <value value="555-555-5001"/>
            <use value="work"/>
          </telecom>
          <gender>
            <system value="http://hl7.org/fhir/sid/v2-0001"/>
            <code value="M"/>
          </gender>
          <address>
            <use value="home"/>
            <line value="6666 Home Street"/>
          </address>
        </details>
        <provider>
          <type value="Organization"/>
          <url value="../organization/@hl7"/>
        </provider>
      </Patient>
    </content>
    <summary type="xhtml">
      <div xmlns="http://www.w3.org/1999/xhtml">Nuclear, Ned. SSN:
				444113456</div>
    </summary>
  </entry>
  <entry>
    <title>family, wife</title>
    <id>http://hl7.org/fhir/patient/@7</id>
    <link href="http://hl7.org/fhir/patient/@7/history/@1" rel="self"/>
    <updated>2012-05-29T23:45:32Z</updated>
    <author>
      <name>Grahame Grieve</name>
    </author>
    <category scheme="http://hl7.org/fhir/resource-types" term="Patient"/>
    <content type="text/xml">
      <Patient xmlns="http://hl7.org/fhir">
        <text>
          <status value="generated"/>
          <div xmlns="http://www.w3.org/1999/xhtml">Nuclear, Nelda. SSN:
						444112345</div>
        </text>
        <active value="true"/>
        <identifier>
          <label value="SSN"/>
          <system value="http://hl7.org/fhir/sid/us-ssn"/>
          <id value="444112345"/>
        </identifier>
        <details>
          <name>
            <use value="official"/>
            <family value="Nuclear"/>
            <given value="Nelda"/>
          </name>
          <telecom>
            <system value="phone"/>
            <value value="555-555-5001"/>
            <use value="work"/>
          </telecom>
          <gender>
            <system value="http://hl7.org/fhir/sid/v2-0001"/>
            <code value="F"/>
          </gender>
          <address>
            <use value="home"/>
            <line value="6666 Home Street"/>
          </address>
        </details>
        <provider>
          <type value="Organization"/>
          <url value="../organization/@hl7"/>
        </provider>
      </Patient>
    </content>
    <summary type="xhtml">
      <div xmlns="http://www.w3.org/1999/xhtml">Nuclear, Nelda. SSN:
				444112345</div>
    </summary>
  </entry>
  <entry>
    <title>next of kin (parent)</title>
    <id>http://hl7.org/fhir/patient/@8</id>
    <link href="http://hl7.org/fhir/patient/@8/history/@1" rel="self"/>
    <updated>2012-05-29T23:45:32Z</updated>
    <author>
      <name>Grahame Grieve</name>
    </author>
    <category scheme="http://hl7.org/fhir/resource-types" term="Patient"/>
    <content type="text/xml">
      <Patient xmlns="http://hl7.org/fhir">
        <text>
          <status value="generated"/>
          <div xmlns="http://www.w3.org/1999/xhtml">Mum, Martha. SSN:
						444666666</div>
        </text>
        <active value="true"/>
        <identifier>
          <label value="SSN"/>
          <system value="http://hl7.org/fhir/sid/us-ssn"/>
          <id value="444666666"/>
        </identifier>
        <details>
          <name>
            <use value="official"/>
            <family value="Mum"/>
            <given value="Martha"/>
          </name>
          <telecom>
            <system value="phone"/>
            <value value="555-555-2006"/>
            <use value="work"/>
          </telecom>
          <gender>
            <system value="http://hl7.org/fhir/sid/v2-0001"/>
            <code value="F"/>
          </gender>
          <address>
            <use value="home"/>
            <line value="4444 Home Street"/>
          </address>
        </details>
        <provider>
          <type value="Organization"/>
          <url value="../organization/@hl7"/>
        </provider>
      </Patient>
    </content>
    <summary type="xhtml">
      <div xmlns="http://www.w3.org/1999/xhtml">Mum, Martha. SSN:
				444666666</div>
    </summary>
  </entry>
  <entry>
    <title>next of kin (child)</title>
    <id>http://hl7.org/fhir/patient/@9</id>
    <link href="http://hl7.org/fhir/patient/@9/history/@1" rel="self"/>
    <updated>2012-05-29T23:45:32Z</updated>
    <author>
      <name>Grahame Grieve</name>
    </author>
    <category scheme="http://hl7.org/fhir/resource-types" term="Patient"/>
    <content type="text/xml">
      <Patient xmlns="http://hl7.org/fhir">
        <text>
          <status value="generated"/>
          <div xmlns="http://www.w3.org/1999/xhtml">Sons, Stuart. SSN:
						444777777</div>
        </text>
        <active value="true"/>
        <identifier>
          <label value="SSN"/>
          <system value="http://hl7.org/fhir/sid/us-ssn"/>
          <id value="444777777"/>
        </identifier>
        <details>
          <name>
            <use value="official"/>
            <family value="Sons"/>
            <given value="Stuart"/>
          </name>
          <telecom>
            <system value="phone"/>
            <value value="555-555-2007"/>
            <use value="work"/>
          </telecom>
          <gender>
            <system value="http://hl7.org/fhir/sid/v2-0001"/>
            <code value="M"/>
          </gender>
          <address>
            <use value="home"/>
            <line value="4444 Home Street"/>
          </address>
        </details>
        <provider>
          <type value="Organization"/>
          <url value="../organization/@hl7"/>
        </provider>
      </Patient>
    </content>
    <summary type="xhtml">
      <div xmlns="http://www.w3.org/1999/xhtml">Sons, Stuart. SSN:
				444777777</div>
    </summary>
  </entry>
  <entry>
    <title>next of kin (spouse)</title>
    <id>http://hl7.org/fhir/patient/@10</id>
    <link href="http://hl7.org/fhir/patient/@10/history/@1" rel="self"/>
    <updated>2012-05-29T23:45:32Z</updated>
    <author>
      <name>Grahame Grieve</name>
    </author>
    <category scheme="http://hl7.org/fhir/resource-types" term="Patient"/>
    <content type="text/xml">
      <Patient xmlns="http://hl7.org/fhir">
        <text>
          <status value="generated"/>
          <div xmlns="http://www.w3.org/1999/xhtml">Betterhalf, Boris. SSN:
						444888888</div>
        </text>
        <active value="true"/>
        <identifier>
          <label value="SSN"/>
          <system value="http://hl7.org/fhir/sid/us-ssn"/>
          <id value="444888888"/>
        </identifier>
        <details>
          <name>
            <use value="official"/>
            <family value="Betterhalf"/>
            <given value="Boris"/>
          </name>
          <telecom>
            <system value="phone"/>
            <value value="555-555-2008"/>
            <use value="work"/>
          </telecom>
          <gender>
            <system value="http://hl7.org/fhir/sid/v2-0001"/>
            <code value="M"/>
          </gender>
          <address>
            <use value="home"/>
            <line value="2222 Home Street"/>
          </address>
        </details>
        <provider>
          <type value="Organization"/>
          <url value="../organization/@hl7"/>
        </provider>
      </Patient>
    </content>
    <summary type="xhtml">
      <div xmlns="http://www.w3.org/1999/xhtml">Betterhalf, Boris. SSN:
				444888888</div>
    </summary>
  </entry>
  <entry>
    <title>next of kin (other)</title>
    <id>http://hl7.org/fhir/patient/@11</id>
    <link href="http://hl7.org/fhir/patient/@11/history/@1" rel="self"/>
    <updated>2012-05-29T23:45:32Z</updated>
    <author>
      <name>Grahame Grieve</name>
    </author>
    <category scheme="http://hl7.org/fhir/resource-types" term="Patient"/>
    <content type="text/xml">
      <Patient xmlns="http://hl7.org/fhir">
        <text>
          <status value="generated"/>
          <div xmlns="http://www.w3.org/1999/xhtml">Relative, Ralph. SSN:
						444999999</div>
        </text>
        <active value="true"/>
        <identifier>
          <label value="SSN"/>
          <system value="http://hl7.org/fhir/sid/us-ssn"/>
          <id value="444999999"/>
        </identifier>
        <details>
          <name>
            <use value="official"/>
            <family value="Relative"/>
            <given value="Ralph"/>
          </name>
          <telecom>
            <system value="phone"/>
            <value value="555-555-2009"/>
            <use value="work"/>
          </telecom>
          <gender>
            <system value="http://hl7.org/fhir/sid/v2-0001"/>
            <code value="M"/>
          </gender>
          <address>
            <use value="home"/>
            <line value="4444 Home Street"/>
          </address>
        </details>
        <provider>
          <type value="Organization"/>
          <url value="../organization/@hl7"/>
        </provider>
      </Patient>
    </content>
    <summary type="xhtml">
      <div xmlns="http://www.w3.org/1999/xhtml">Relative, Ralph. SSN:
				444999999</div>
    </summary>
  </entry>
  <entry>
    <title>contact person</title>
    <id>http://hl7.org/fhir/patient/@12</id>
    <link href="http://hl7.org/fhir/patient/@12/history/@1" rel="self"/>
    <updated>2012-05-29T23:45:32Z</updated>
    <author>
      <name>Grahame Grieve</name>
    </author>
    <category scheme="http://hl7.org/fhir/resource-types" term="Patient"/>
    <content type="text/xml">
      <Patient xmlns="http://hl7.org/fhir">
        <text>
          <status value="generated"/>
          <div xmlns="http://www.w3.org/1999/xhtml">Contact, Carrie. SSN:
						555222222</div>
        </text>
        <active value="true"/>
        <identifier>
          <label value="SSN"/>
          <system value="http://hl7.org/fhir/sid/us-ssn"/>
          <id value="555222222"/>
        </identifier>
        <details>
          <name>
            <use value="official"/>
            <family value="Contact"/>
            <given value="Carrie"/>
          </name>
          <telecom>
            <system value="phone"/>
            <value value="555-555-2010"/>
            <use value="work"/>
          </telecom>
          <gender>
            <system value="http://hl7.org/fhir/sid/v2-0001"/>
            <code value="F"/>
          </gender>
          <address>
            <use value="home"/>
            <line value="5555 Home Street"/>
          </address>
        </details>
        <provider>
          <type value="Organization"/>
          <url value="../organization/@hl7"/>
        </provider>
      </Patient>
    </content>
    <summary type="xhtml">
      <div xmlns="http://www.w3.org/1999/xhtml">Contact, Carrie. SSN:
				555222222</div>
    </summary>
  </entry>
</feed>