<?xml version="1.0" encoding="UTF-8"?>

<Profile xmlns="http://hl7.org/fhir">
  <text>
    <status value="generated"/><div xmlns="http://www.w3.org/1999/xhtml"><pre>
&lt;<a title="An Image used in healthcare. The actual pixels maybe inline or provided by direct reference" class="dict" href="picture-definitions.htm#Picture"><b>Picture</b></a> xmlns=&quot;http://hl7.org/fhir&quot;&gt;
 &lt;<a title="Who/What this image is taken of" class="dict" href="picture-definitions.htm#Picture.subject"><b>subject</b></a>&gt;<span style="color: Gray">&lt;!--</span> <span style="color: brown"><b>0..1</b></span> <span style="color: darkgreen"><a href="resources.htm#Resource">Resource</a>(<a href="patient.htm#Patient">Patient</a>|<a href="group.htm#Group">Group</a>|<a href="device.htm#Device">Device</a>)</span> <span style="color: navy">Who/What this image is taken of</span><span style="color: Gray"> --&gt;</span>&lt;/subject&gt;
 &lt;<a title="When the image was taken" class="dict" href="picture-definitions.htm#Picture.dateTime"><b>dateTime</b></a> value=&quot;[<span style="color: darkgreen"><a href="datatypes.htm#dateTime">dateTime</a></span>]&quot;/&gt;<span style="color: Gray">&lt;!--</span> <span style="color: brown"><b>0..1</b></span> <span style="color: navy">When the image was taken</span><span style="color: Gray"> --&gt;</span>
 &lt;<a title="The person who generated the image" class="dict" href="picture-definitions.htm#Picture.operator"><b>operator</b></a>&gt;<span style="color: Gray">&lt;!--</span> <span style="color: brown"><b>0..1</b></span> <span style="color: darkgreen"><a href="resources.htm#Resource">Resource</a>(<a href="provider.htm#Provider">Provider</a>)</span> <span style="color: navy">The person who generated the image</span><span style="color: Gray"> --&gt;</span>&lt;/operator&gt;
 &lt;<a title="Identifier for the image" class="dict" href="picture-definitions.htm#Picture.identifier"><b>identifier</b></a>&gt;<span style="color: Gray">&lt;!--</span> <span style="color: brown"><b>0..1</b></span> <span style="color: darkgreen"><a href="datatypes.htm#Identifier">Identifier</a></span> <span style="color: navy">Identifier for the image</span><span style="color: Gray"> --&gt;</span>&lt;/identifier&gt;
 &lt;<a title="An identifier for the order that is used by the application/system that requested the image to link back to the original context (if there was such a system). This is not the identity of the image, but of the &quot;request for an image to be generated&quot;" class="dict" href="picture-definitions.htm#Picture.accessionNo"><b>accessionNo</b></a>&gt;<span style="color: Gray">&lt;!--</span> <span style="color: brown"><b>0..1</b></span> <span style="color: darkgreen"><a href="datatypes.htm#Identifier">Identifier</a></span> <span style="color: navy">Used by the requester to link back to the original context</span><span style="color: Gray"> --&gt;</span>&lt;/accessionNo&gt;
 &lt;<a title="The session in which the picture was taken." class="dict" href="picture-definitions.htm#Picture.studyId"><b>studyId</b></a>&gt;<span style="color: Gray">&lt;!--</span> <span style="color: brown"><b>0..1</b></span> <span style="color: darkgreen"><a href="datatypes.htm#Identifier">Identifier</a></span> <span style="color: navy">The session in which the picture was taken</span><span style="color: Gray"> --&gt;</span>&lt;/studyId&gt;
 &lt;<a title="The series of images in which this picture was taken" class="dict" href="picture-definitions.htm#Picture.seriesId"><b>seriesId</b></a>&gt;<span style="color: Gray">&lt;!--</span> <span style="color: brown"><b>0..1</b></span> <span style="color: darkgreen"><a href="datatypes.htm#Identifier">Identifier</a></span> <span style="color: navy">The series of images in which this picture was taken</span><span style="color: Gray"> --&gt;</span>&lt;/seriesId&gt;
 &lt;<a title="A reference to the method/protocol that was followed when the images were taken" class="dict" href="picture-definitions.htm#Picture.method"><b>method</b></a>&gt;<span style="color: Gray">&lt;!--</span> <span style="color: brown"><b>0..1</b></span> <span style="color: darkgreen"><a href="datatypes.htm#CodeableConcept">CodeableConcept</a></span> <span style="color: navy">How the image was taken</span><span style="color: Gray"> --&gt;</span>&lt;/method&gt;
 &lt;<a title="Who asked that this image be collected" class="dict" href="picture-definitions.htm#Picture.requester"><b>requester</b></a>&gt;<span style="color: Gray">&lt;!--</span> <span style="color: brown"><b>0..1</b></span> <span style="color: darkgreen"><a href="resources.htm#Resource">Resource</a>(<a href="provider.htm#Provider">Provider</a>)</span> <span style="color: navy">Who asked that this image be collected</span><span style="color: Gray"> --&gt;</span>&lt;/requester&gt;
 &lt;<a title="Type of the image capturing machinery (this element must be understood)" class="dict" href="picture-definitions.htm#Picture.modality"><span style="text-decoration: underline"><b>modality</b></span></a> value=&quot;[<span style="color: darkgreen"><a href="datatypes.htm#code">code</a></span>]&quot;/&gt;<span style="color: Gray">&lt;!--</span> <span style="color: brown"><b>1..1</b></span> <span style="color: navy">Type of the image capturing machinery</span><span style="color: Gray"> --&gt;</span>
 &lt;<a title="Name of the manufacturer" class="dict" href="picture-definitions.htm#Picture.deviceName"><b>deviceName</b></a> value=&quot;[<span style="color: darkgreen"><a href="datatypes.htm#string">string</a></span>]&quot;/&gt;<span style="color: Gray">&lt;!--</span> <span style="color: brown"><b>0..1</b></span> <span style="color: navy">Name of the manufacturer</span><span style="color: Gray"> --&gt;</span>
 &lt;<a title="Height of the image" class="dict" href="picture-definitions.htm#Picture.height"><b>height</b></a> value=&quot;[<span style="color: darkgreen"><a href="datatypes.htm#integer">integer</a></span>]&quot;/&gt;<span style="color: Gray">&lt;!--</span> <span style="color: brown"><b>0..1</b></span> <span style="color: navy">Height of the image</span><span style="color: Gray"> --&gt;</span>
 &lt;<a title="Width of the image" class="dict" href="picture-definitions.htm#Picture.width"><b>width</b></a> value=&quot;[<span style="color: darkgreen"><a href="datatypes.htm#integer">integer</a></span>]&quot;/&gt;<span style="color: Gray">&lt;!--</span> <span style="color: brown"><b>0..1</b></span> <span style="color: navy">Width of the image</span><span style="color: Gray"> --&gt;</span>
 &lt;<a title="Number of bits of colour (2..32)" class="dict" href="picture-definitions.htm#Picture.bits"><b>bits</b></a> value=&quot;[<span style="color: darkgreen"><a href="datatypes.htm#integer">integer</a></span>]&quot;/&gt;<span style="color: Gray">&lt;!--</span> <span style="color: brown"><b>0..1</b></span> <span style="color: navy">Number of bits of colour (2..32)</span><span style="color: Gray"> --&gt;</span>
 &lt;<a title="Number of frames" class="dict" href="picture-definitions.htm#Picture.frames"><b>frames</b></a> value=&quot;[<span style="color: darkgreen"><a href="datatypes.htm#integer">integer</a></span>]&quot;/&gt;<span style="color: Gray">&lt;!--</span> <span style="color: brown"><b>0..1</b></span> <span style="color: navy">Number of frames</span><span style="color: Gray"> --&gt;</span>
 &lt;<a title="Length of time between frames" class="dict" href="picture-definitions.htm#Picture.frameDelay"><b>frameDelay</b></a>&gt;<span style="color: Gray">&lt;!--</span> <span style="color: brown"><b>0..1</b></span> <span style="color: darkgreen"><a href="datatypes.htm#Duration">Duration</a></span> <span style="color: navy">Length of time between frames</span><span style="color: Gray"> --&gt;</span>&lt;/frameDelay&gt;
 &lt;<a title="The name of the imaging view e.g Lateral or Antero-posterior (AP)." class="dict" href="picture-definitions.htm#Picture.view"><b>view</b></a>&gt;<span style="color: Gray">&lt;!--</span> <span style="color: brown"><b>0..1</b></span> <span style="color: darkgreen"><a href="datatypes.htm#CodeableConcept">CodeableConcept</a></span> <span style="color: navy">Imaging view e.g Lateral or Antero-posterior (AP)</span><span style="color: Gray"> --&gt;</span>&lt;/view&gt;
 &lt;<a title="Actual picture - reference or data" class="dict" href="picture-definitions.htm#Picture.content"><b>content</b></a>&gt;<span style="color: Gray">&lt;!--</span> <span style="color: brown"><b>1..1</b></span> <span style="color: darkgreen"><a href="datatypes.htm#Attachment">Attachment</a></span> <span style="color: navy">Actual picture - reference or data</span><span style="color: Gray"> --&gt;</span>&lt;/content&gt;
&lt;/Picture&gt;
</pre></div>
  </text>
  <name value="picture"/>
  <author>
    <name value="todo (committee)"/>
  </author>
  <description value="Basic Profile. An Image used in healthcare. The actual pixels maybe inline or provided by direct reference"/>
  <status>
    <code value="testing"/>
    <date value="2013-04-09"/>
  </status>
  <constraint>
    <type value="Picture"/>
    <element>
      <path value="Picture"/>
      <definition>
        <short value="An Image used in healthcare. The actual pixels maybe inline or provided by direct reference"/>
        <formal value="An Image used in healthcare. The actual pixels maybe inline or provided by direct reference"/>
        <min value="1"/>
        <max value="1"/>
        <type>
          <code value="Resource"/>
        </type>
        <mustUnderstand value="false"/>
      </definition>
    </element>
    <element>
      <path value="Picture.extension"/>
      <definition>
        <short value="Additional Content defined by implementations"/>
        <formal value="May be used to represent additional information that is not part of the basic definition of the resource. In order to make the use of extensions safe and manageable, there is a strict governance applied to the definition and use of extensions. Though any implementer is allowed to define an extension, there is a set of requirements that must be met as part of the definition of the extension"/>
        <comments value="there can be no stigma
associated with the use of extensions by any application, project, or standard - regardless of the institution or jurisdiction that uses or defines the extensions.  The use of extensions is what allows the FHIR specification to retain a core simplicity for everyone"/>
        <synonym value="extensions"/>
        <synonym value="user content"/>
        <min value="0"/>
        <max value="*"/>
        <type>
          <code value="Extension"/>
        </type>
      </definition>
    </element>
    <element>
      <path value="Picture.text"/>
      <definition>
        <short value="Text summary of the resource, for human interpretation"/>
        <formal value="A human readable narrative that contains a summary of the resource, and may be used to represent the content of the resource to a human. The narrative need not encode all the structured data, but is required to contain sufficient detail to make it &quot;clinically safe&quot; for a human to just read the narrative. Resource definitions may define what content should be represented in the narrative to ensure clinical safety"/>
        <comments value="Contained resources do not have narrative. Resources that are not contained SHOULD have a narrative"/>
        <synonym value="narrative"/>
        <synonym value="html"/>
        <synonym value="xhtml"/>
        <synonym value="display"/>
        <min value="0"/>
        <max value="1"/>
        <type>
          <code value="Narrative"/>
        </type>
      </definition>
    </element>
    <element>
      <path value="Picture.contained"/>
      <definition>
        <short value="Contained, inline Resources"/>
        <formal value="These resources do not have an independent existence apart from the resource that contains them - they cannot be identified independently, and nor can they have their own independent transaction scope"/>
        <comments value="This should never be done when the content can be identified properly, as once identification is lost, it is extremely difficult (and context dependent) to restore it again"/>
        <synonym value="inline resources"/>
        <synonym value="anonymous resources"/>
        <synonym value="contained resources"/>
        <min value="0"/>
        <max value="*"/>
        <type>
          <code value="Resource"/>
        </type>
      </definition>
    </element>
    <element>
      <path value="Picture.subject"/>
      <definition>
        <short value="Who/What this image is taken of"/>
        <formal value="Who/What this image is taken of"/>
        <min value="0"/>
        <max value="1"/>
        <type>
          <code value="Resource(Patient|Group|Device)"/>
        </type>
        <mustUnderstand value="false"/>
      </definition>
    </element>
    <element>
      <path value="Picture.dateTime"/>
      <definition>
        <short value="When the image was taken"/>
        <formal value="When the image was taken"/>
        <comments value="For an image including multiple frames, this is the start time"/>
        <min value="0"/>
        <max value="1"/>
        <type>
          <code value="dateTime"/>
        </type>
        <mustUnderstand value="false"/>
      </definition>
    </element>
    <element>
      <path value="Picture.operator"/>
      <definition>
        <short value="The person who generated the image"/>
        <formal value="The person who generated the image"/>
        <min value="0"/>
        <max value="1"/>
        <type>
          <code value="Resource(Provider)"/>
        </type>
        <mustUnderstand value="false"/>
      </definition>
    </element>
    <element>
      <path value="Picture.identifier"/>
      <definition>
        <short value="Identifier for the image"/>
        <formal value="Identifier for the image"/>
        <min value="0"/>
        <max value="1"/>
        <type>
          <code value="Identifier"/>
        </type>
        <mustUnderstand value="false"/>
      </definition>
    </element>
    <element>
      <path value="Picture.accessionNo"/>
      <definition>
        <short value="Used by the requester to link back to the original context"/>
        <formal value="An identifier for the order that is used by the application/system that requested the image to link back to the original context (if there was such a system). This is not the identity of the image, but of the &quot;request for an image to be generated&quot;"/>
        <comments value="The name &quot;Accession Number&quot; comes from DICOM, where it is used ubiquitiously"/>
        <min value="0"/>
        <max value="1"/>
        <type>
          <code value="Identifier"/>
        </type>
        <mustUnderstand value="false"/>
      </definition>
    </element>
    <element>
      <path value="Picture.studyId"/>
      <definition>
        <short value="The session in which the picture was taken"/>
        <formal value="The session in which the picture was taken."/>
        <comments value="Usually used for DICOM images"/>
        <min value="0"/>
        <max value="1"/>
        <type>
          <code value="Identifier"/>
        </type>
        <mustUnderstand value="false"/>
      </definition>
    </element>
    <element>
      <path value="Picture.seriesId"/>
      <definition>
        <short value="The series of images in which this picture was taken"/>
        <formal value="The series of images in which this picture was taken"/>
        <comments value="Usually used for DICOM images"/>
        <min value="0"/>
        <max value="1"/>
        <type>
          <code value="Identifier"/>
        </type>
        <mustUnderstand value="false"/>
      </definition>
    </element>
    <element>
      <path value="Picture.method"/>
      <definition>
        <short value="How the image was taken"/>
        <formal value="A reference to the method/protocol that was followed when the images were taken"/>
        <min value="0"/>
        <max value="1"/>
        <type>
          <code value="CodeableConcept"/>
        </type>
        <mustUnderstand value="false"/>
      </definition>
    </element>
    <element>
      <path value="Picture.requester"/>
      <definition>
        <short value="Who asked that this image be collected"/>
        <formal value="Who asked that this image be collected"/>
        <min value="0"/>
        <max value="1"/>
        <type>
          <code value="Resource(Provider)"/>
        </type>
        <mustUnderstand value="false"/>
      </definition>
    </element>
    <element>
      <path value="Picture.modality"/>
      <definition>
        <short value="Type of the image capturing machinery"/>
        <formal value="Type of the image capturing machinery"/>
        <min value="1"/>
        <max value="1"/>
        <type>
          <code value="code"/>
        </type>
        <mustUnderstand value="true"/>
        <binding value="ImageModality3"/>
      </definition>
    </element>
    <element>
      <path value="Picture.deviceName"/>
      <definition>
        <short value="Name of the manufacturer"/>
        <formal value="Name of the manufacturer"/>
        <min value="0"/>
        <max value="1"/>
        <type>
          <code value="string"/>
        </type>
        <mustUnderstand value="false"/>
      </definition>
    </element>
    <element>
      <path value="Picture.height"/>
      <definition>
        <short value="Height of the image"/>
        <formal value="Height of the image"/>
        <min value="0"/>
        <max value="1"/>
        <type>
          <code value="integer"/>
        </type>
        <mustUnderstand value="false"/>
      </definition>
    </element>
    <element>
      <path value="Picture.width"/>
      <definition>
        <short value="Width of the image"/>
        <formal value="Width of the image"/>
        <min value="0"/>
        <max value="1"/>
        <type>
          <code value="integer"/>
        </type>
        <mustUnderstand value="false"/>
      </definition>
    </element>
    <element>
      <path value="Picture.bits"/>
      <definition>
        <short value="Number of bits of colour (2..32)"/>
        <formal value="Number of bits of colour (2..32)"/>
        <min value="0"/>
        <max value="1"/>
        <type>
          <code value="integer"/>
        </type>
        <mustUnderstand value="false"/>
      </definition>
    </element>
    <element>
      <path value="Picture.frames"/>
      <definition>
        <short value="Number of frames"/>
        <formal value="Number of frames"/>
        <min value="0"/>
        <max value="1"/>
        <type>
          <code value="integer"/>
        </type>
        <mustUnderstand value="false"/>
      </definition>
    </element>
    <element>
      <path value="Picture.frameDelay"/>
      <definition>
        <short value="Length of time between frames"/>
        <formal value="Length of time between frames"/>
        <comments value="a value of 0 indicates that the frames are not a sequence of time separated images"/>
        <min value="0"/>
        <max value="1"/>
        <type>
          <code value="Duration"/>
        </type>
        <mustUnderstand value="false"/>
      </definition>
    </element>
    <element>
      <path value="Picture.view"/>
      <definition>
        <short value="Imaging view e.g Lateral or Antero-posterior (AP)"/>
        <formal value="The name of the imaging view e.g Lateral or Antero-posterior (AP)."/>
        <min value="0"/>
        <max value="1"/>
        <type>
          <code value="CodeableConcept"/>
        </type>
        <mustUnderstand value="false"/>
      </definition>
    </element>
    <element>
      <path value="Picture.content"/>
      <definition>
        <short value="Actual picture - reference or data"/>
        <formal value="Actual picture - reference or data"/>
        <comments value="Recommended content types: image/jpeg, image/png, application/dicom. Application/dicom can contain the transfer syntax as a parameter"/>
        <min value="1"/>
        <max value="1"/>
        <type>
          <code value="Attachment"/>
        </type>
        <mustUnderstand value="false"/>
      </definition>
    </element>
    <searchParam>
      <name value="series"/>
      <type value="qtoken"/>
      <repeats value="union"/>
      <documentation value="The series of images in which this picture was taken"/>
    </searchParam>
    <searchParam>
      <name value="_id"/>
      <type value="token"/>
      <repeats value="single"/>
      <documentation value="The logical resource id associated with the resource (must be supported by all servers)"/>
    </searchParam>
    <searchParam>
      <name value="subject"/>
      <type value="qtoken"/>
      <repeats value="union"/>
      <documentation value="Who the image is about"/>
    </searchParam>
    <searchParam>
      <name value="accession"/>
      <type value="qtoken"/>
      <repeats value="union"/>
      <documentation value="Used by the requester to link back to the original context"/>
    </searchParam>
    <searchParam>
      <name value="study"/>
      <type value="qtoken"/>
      <repeats value="union"/>
      <documentation value="The session in which the picture was taken"/>
    </searchParam>
    <searchParam>
      <name value="view"/>
      <type value="qtoken"/>
      <repeats value="union"/>
      <documentation value="Imaging view e.g Lateral or Antero-posterior (AP)"/>
    </searchParam>
    <searchParam>
      <name value="modality"/>
      <type value="token"/>
      <repeats value="union"/>
      <documentation value="the modality of the image"/>
    </searchParam>
    <searchParam>
      <name value="date"/>
      <type value="date"/>
      <repeats value="union"/>
      <documentation value="the date the image was taken"/>
    </searchParam>
    <searchParam>
      <name value="identifier"/>
      <type value="qtoken"/>
      <repeats value="union"/>
      <documentation value="the request id for the image"/>
    </searchParam>
    <searchParam>
      <name value="operator"/>
      <type value="qtoken"/>
      <repeats value="union"/>
      <documentation value="person who gathered the image"/>
    </searchParam>
    <searchParam>
      <name value="size"/>
      <type value="integer"/>
      <repeats value="intersection"/>
      <documentation value="the size of the image in MB - may include &gt; or &lt; in the value"/>
    </searchParam>
  </constraint>
</Profile>