<?xml version="1.0" encoding="UTF-8"?>

<Profile xmlns="http://hl7.org/fhir">
  <text>
    <status value="generated"/><div xmlns="http://www.w3.org/1999/xhtml"><pre>
&lt;<a title="Directions provided by a prescribing practitioner for a specific medication to be administered (and possibly) supplied to an individual" class="dict" href="prescription-definitions.htm#Prescription"><b>Prescription</b></a> xmlns=&quot;http://hl7.org/fhir&quot;&gt;
 &lt;<a title="A identifier used in an external system and associated with this medication (this element must be understood)" class="dict" href="prescription-definitions.htm#Prescription.identifier"><span style="text-decoration: underline"><b>identifier</b></span></a>&gt;<span style="color: Gray">&lt;!--</span> <span style="color: brown"><b>0..*</b></span> <span style="color: darkgreen"><a href="datatypes.htm#Identifier">Identifier</a></span> <span style="color: navy">Prescription identification</span><span style="color: Gray"> --&gt;</span>&lt;/identifier&gt;
 &lt;<a title="Actual status of the prescription (this element must be understood)" class="dict" href="prescription-definitions.htm#Prescription.status"><span style="text-decoration: underline"><b>status</b></span></a> value=&quot;[<span style="color: darkgreen"><a href="datatypes.htm#code">code</a></span>]&quot;/&gt;<span style="color: Gray">&lt;!--</span> <span style="color: brown"><b>1..1</b></span> <span style="color: navy">Status: Active|Completed</span><span style="color: Gray"> --&gt;</span>
 &lt;<a title="The patient the prescription is prescribing medicine for (this element must be understood)" class="dict" href="prescription-definitions.htm#Prescription.patient"><span style="text-decoration: underline"><b>patient</b></span></a>&gt;<span style="color: Gray">&lt;!--</span> <span style="color: brown"><b>1..1</b></span> <span style="color: darkgreen"><a href="resources.htm#Resource">Resource</a>(<a href="patient.htm#Patient">Patient</a>)</span> <span style="color: navy">Patient receiving medicine</span><span style="color: Gray"> --&gt;</span>&lt;/patient&gt;
 &lt;<a title="The clinician or doctor prescribing the medication" class="dict" href="prescription-definitions.htm#Prescription.prescriber"><b>prescriber</b></a>&gt;<span style="color: Gray">&lt;!--</span> <span style="color: brown"><b>1..1</b></span> <span style="color: darkgreen"><a href="resources.htm#Resource">Resource</a>(<a href="provider.htm#Provider">Provider</a>)</span> <span style="color: navy">Prescribing doctor</span><span style="color: Gray"> --&gt;</span>&lt;/prescriber&gt;
 &lt;<a title="Date/time on which the prescription was written" class="dict" href="prescription-definitions.htm#Prescription.prescribed"><b>prescribed</b></a> value=&quot;[<span style="color: darkgreen"><a href="datatypes.htm#dateTime">dateTime</a></span>]&quot;/&gt;<span style="color: Gray">&lt;!--</span> <span style="color: brown"><b>1..1</b></span> <span style="color: navy">Date/time prescribed</span><span style="color: Gray"> --&gt;</span>
 &lt;<a title="Details of the dispense as requested by the prescriber" class="dict" href="prescription-definitions.htm#Prescription.dispense"><b>dispense</b></a>&gt;  <span style="color: Gray">&lt;!-- <span style="color: brown"><b>0..1</b></span> Details of included dispense request --&gt;</span>
  &lt;<a title="Requested number of repeats" class="dict" href="prescription-definitions.htm#Prescription.dispense.repeats"><b>repeats</b></a> value=&quot;[<span style="color: darkgreen"><a href="datatypes.htm#integer">integer</a></span>]&quot;/&gt;<span style="color: Gray">&lt;!--</span> <span style="color: brown"><b>0..1</b></span> <span style="color: navy">Number of repeats</span><span style="color: Gray"> --&gt;</span>
  &lt;<a title="Requested quantity per repeat" class="dict" href="prescription-definitions.htm#Prescription.dispense.quantity"><b>quantity</b></a>&gt;<span style="color: Gray">&lt;!--</span> <span style="color: brown"><b>1..1</b></span> <span style="color: darkgreen"><a href="datatypes.htm#Quantity">Quantity</a></span> <span style="color: navy">Quantity per repeat</span><span style="color: Gray"> --&gt;</span>&lt;/quantity&gt;
  &lt;<a title="Person to fulfill the requested dispense" class="dict" href="prescription-definitions.htm#Prescription.dispense.dispenser"><b>dispenser</b></a>&gt;<span style="color: Gray">&lt;!--</span> <span style="color: brown"><b>0..1</b></span> <span style="color: darkgreen"><a href="resources.htm#Resource">Resource</a>(<a href="organization.htm#Organization">Organization</a>)</span> <span style="color: navy">Person to fulfill the requested dispense</span><span style="color: Gray"> --&gt;</span>&lt;/dispenser&gt;
 &lt;/dispense&gt;
 &lt;<a title="The one single medicine, vaccine or other product prescribed in this prescription." class="dict" href="prescription-definitions.htm#Prescription.medicine"><b>medicine</b></a>&gt;  <span style="color: Gray">&lt;!-- <span style="color: brown"><b>1..1</b></span> Prescribed medicine --&gt;</span>
  &lt;<a title="Text and or Code(s) that identify the medicine (this element must be understood)" class="dict" href="prescription-definitions.htm#Prescription.medicine.identification"><span style="text-decoration: underline"><b>identification</b></span></a>&gt;<span style="color: Gray">&lt;!--</span> <span style="color: brown"><b>0..1</b></span> <span style="color: darkgreen"><a href="datatypes.htm#CodeableConcept">CodeableConcept</a></span> <span style="color: navy">Text and/or code(s) for medicine</span><span style="color: Gray"> --&gt;</span>&lt;/identification&gt;
  &lt;<a title="The substance in the medication formulation that is pharmaceutically active and is responsible for the medication&#39;s therapeutic effect" class="dict" href="prescription-definitions.htm#Prescription.medicine.activeIngredient"><b>activeIngredient</b></a>&gt;  <span style="color: Gray">&lt;!-- <span style="color: brown"><b>0..*</b></span> Active substance --&gt;</span>
   &lt;<a title="Coded representation of active ingredient" class="dict" href="prescription-definitions.htm#Prescription.medicine.activeIngredient.identification"><b>identification</b></a>&gt;<span style="color: Gray">&lt;!--</span> <span style="color: brown"><b>1..1</b></span> <span style="color: darkgreen"><a href="datatypes.htm#CodeableConcept">CodeableConcept</a></span> <span style="color: navy">Text and/or Code(s) for active ingredient</span><span style="color: Gray"> --&gt;</span>&lt;/identification&gt;
   &lt;<a title="Quantity of active ingredient expressed in relation to the whole of the prepared medicine" class="dict" href="prescription-definitions.htm#Prescription.medicine.activeIngredient.quantity_x_"><b>quantity[x]</b></a>&gt;<span style="color: Gray">&lt;!--</span> <span style="color: brown"><b>0..1</b></span> <span style="color: darkgreen"><a href="datatypes.htm#Ratio">Ratio</a>|<a href="datatypes.htm#code">code</a></span> <span style="color: navy">Relative quantity of active ingredient</span><span style="color: Gray"> --&gt;</span>&lt;/quantity[x]&gt;
  &lt;/activeIngredient&gt;
  &lt;<a title="Ingredients in the medication that are not active" class="dict" href="prescription-definitions.htm#Prescription.medicine.inactiveIngredient"><b>inactiveIngredient</b></a>&gt;  <span style="color: Gray">&lt;!-- <span style="color: brown"><b>0..*</b></span> Inactive substance --&gt;</span>
   &lt;<a title="Coded representation of the inactive ingredient" class="dict" href="prescription-definitions.htm#Prescription.medicine.inactiveIngredient.identification"><b>identification</b></a>&gt;<span style="color: Gray">&lt;!--</span> <span style="color: brown"><b>1..1</b></span> <span style="color: darkgreen"><a href="datatypes.htm#CodeableConcept">CodeableConcept</a></span> <span style="color: navy">Text and/or Code(s) for inactive ingredient</span><span style="color: Gray"> --&gt;</span>&lt;/identification&gt;
   &lt;<a title="Quantity of inactive ingredient expressed in relation to the whole of the prepared medicine" class="dict" href="prescription-definitions.htm#Prescription.medicine.inactiveIngredient.quantity_x_"><b>quantity[x]</b></a>&gt;<span style="color: Gray">&lt;!--</span> <span style="color: brown"><b>0..1</b></span> <span style="color: darkgreen"><a href="datatypes.htm#Ratio">Ratio</a>|<a href="datatypes.htm#code">code</a></span> <span style="color: navy">Relative quantity of inactive ingredient</span><span style="color: Gray"> --&gt;</span>&lt;/quantity[x]&gt;
  &lt;/inactiveIngredient&gt;
 &lt;/medicine&gt;
 &lt;<a title="Instructions for the use of the medication. Includes details about the timing schedule, dose amounts and additional usage instructions." class="dict" href="prescription-definitions.htm#Prescription.administrationRequest"><b>administrationRequest</b></a>&gt;  <span style="color: Gray">&lt;!-- <span style="color: brown"><b>1..1</b></span> Instructions for use --&gt;</span>
  &lt;<a title="Textual description of the use of the medication." class="dict" href="prescription-definitions.htm#Prescription.administrationRequest.description"><b>description</b></a> value=&quot;[<span style="color: darkgreen"><a href="datatypes.htm#string">string</a></span>]&quot;/&gt;<span style="color: Gray">&lt;!--</span> <span style="color: brown"><b>0..1</b></span> <span style="color: navy">Textual instructions for use</span><span style="color: Gray"> --&gt;</span>
  &lt;<a title="Total dose per day/week or other period when more specific information is missing or cannot be expressed using the timing specifications." class="dict" href="prescription-definitions.htm#Prescription.administrationRequest.totalPeriodicDose"><b>totalPeriodicDose</b></a>&gt;<span style="color: Gray">&lt;!--</span> <span style="color: brown"><b>0..1</b></span> <span style="color: darkgreen"><a href="datatypes.htm#Ratio">Ratio</a></span> <span style="color: navy">Total periodic dose</span><span style="color: Gray"> --&gt;</span>&lt;/totalPeriodicDose&gt;
  &lt;<a title="First moment on which medication should be taken" class="dict" href="prescription-definitions.htm#Prescription.administrationRequest.start"><b>start</b></a> value=&quot;[<span style="color: darkgreen"><a href="datatypes.htm#dateTime">dateTime</a></span>]&quot;/&gt;<span style="color: Gray">&lt;!--</span> <span title="Restrictions on the combinations of Duration, Start and End are as follows: Duration may be specified alone or with Start.  Alternatively, Start may be specified if End is specified.  No other combinations are allowed." style="color: deeppink"><b>0..1</b></span> <span style="color: navy">Start date for administration</span><span style="color: Gray"> --&gt;</span>
  &lt;<a title="Last moment on which medication should be taken" class="dict" href="prescription-definitions.htm#Prescription.administrationRequest.end"><b>end</b></a> value=&quot;[<span style="color: darkgreen"><a href="datatypes.htm#dateTime">dateTime</a></span>]&quot;/&gt;<span style="color: Gray">&lt;!--</span> <span title="Restrictions on the combinations of Duration, Start and End are as follows: Duration may be specified alone or with Start.  Alternatively, Start may be specified if End is specified.  No other combinations are allowed." style="color: deeppink"><b>0..1</b></span> <span style="color: navy">End date for administration</span><span style="color: Gray"> --&gt;</span>
  &lt;<a title="Total duration of administration" class="dict" href="prescription-definitions.htm#Prescription.administrationRequest.duration"><b>duration</b></a>&gt;<span style="color: Gray">&lt;!--</span> <span title="Restrictions on the combinations of Duration, Start and End are as follows: Duration may be specified alone or with Start.  Alternatively, Start may be specified if End is specified.  No other combinations are allowed." style="color: deeppink"><b>0..1</b></span> <span style="color: darkgreen"><a href="datatypes.htm#Quantity">Quantity</a></span> <span style="color: navy">Total duration of administration</span><span style="color: Gray"> --&gt;</span>&lt;/duration&gt;
  &lt;<a title="Maximum number of separate administrations before the instruction ends." class="dict" href="prescription-definitions.htm#Prescription.administrationRequest.numberOfAdministrations"><b>numberOfAdministrations</b></a> value=&quot;[<span style="color: darkgreen"><a href="datatypes.htm#integer">integer</a></span>]&quot;/&gt;<span style="color: Gray">&lt;!--</span> <span title="Restrictions on the combinations of Duration, Start and End are as follows: Duration may be specified alone or with Start.  Alternatively, Start may be specified if End is specified.  No other combinations are allowed." style="color: deeppink"><b>0..1</b></span> <span style="color: navy">Maximum number of separate administrations</span><span style="color: Gray"> --&gt;</span>
  &lt;<a title="Specification of dose and schedule for administration" class="dict" href="prescription-definitions.htm#Prescription.administrationRequest.dosageInstruction"><b>dosageInstruction</b></a>&gt;  <span style="color: Gray">&lt;!-- <span style="color: brown"><b>1..*</b></span> Dosage instruction --&gt;</span>
   &lt;<a title="Precondition for starting the administration specified in this instruction" class="dict" href="prescription-definitions.htm#Prescription.administrationRequest.dosageInstruction.precondition"><b>precondition</b></a>&gt;<span style="color: Gray">&lt;!--</span> <span style="color: brown"><b>0..*</b></span> <span style="color: darkgreen"><a href="datatypes.htm#CodeableConcept">CodeableConcept</a></span> <span style="color: navy">Precondition for starting administration</span><span style="color: Gray"> --&gt;</span>&lt;/precondition&gt;
   &lt;<a title="As required (from Latin Pro Re Nate): Specifies whether administration is given to a fixed schedule (No) or only when the the state and symptoms of the patient at the time require it (Yes)." class="dict" href="prescription-definitions.htm#Prescription.administrationRequest.dosageInstruction.prn"><b>prn</b></a> value=&quot;[<span style="color: darkgreen"><a href="datatypes.htm#boolean">boolean</a></span>]&quot;/&gt;<span style="color: Gray">&lt;!--</span> <span style="color: brown"><b>0..1</b></span> <span style="color: navy">As required : Yes|No</span><span style="color: Gray"> --&gt;</span>
   &lt;<a title="Additional details to guide administration. Especially relevant for medicine administered by patient" class="dict" href="prescription-definitions.htm#Prescription.administrationRequest.dosageInstruction.additionalInstruction"><b>additionalInstruction</b></a>&gt;<span style="color: Gray">&lt;!--</span> <span style="color: brown"><b>0..*</b></span> <span style="color: darkgreen"><a href="datatypes.htm#CodeableConcept">CodeableConcept</a></span> <span style="color: navy">Additional instructions</span><span style="color: Gray"> --&gt;</span>&lt;/additionalInstruction&gt;
   &lt;<a title="Route of administration (oral, nasal, intravenous)" class="dict" href="prescription-definitions.htm#Prescription.administrationRequest.dosageInstruction.route"><b>route</b></a>&gt;<span style="color: Gray">&lt;!--</span> <span style="color: brown"><b>0..1</b></span> <span style="color: darkgreen"><a href="datatypes.htm#CodeableConcept">CodeableConcept</a></span> <span style="color: navy">Route of administration</span><span style="color: Gray"> --&gt;</span>&lt;/route&gt;
   &lt;<a title="Dose per administration, expressed in units of the (prepared) product" class="dict" href="prescription-definitions.htm#Prescription.administrationRequest.dosageInstruction.dose_x_"><b>dose[x]</b></a>&gt;<span style="color: Gray">&lt;!--</span> <span style="color: brown"><b>1..1</b></span> <span style="color: darkgreen"><a href="datatypes.htm#Quantity">Quantity</a>|<a href="datatypes.htm#Range">Range</a></span> <span style="color: navy">Dose per administration</span><span style="color: Gray"> --&gt;</span>&lt;/dose[x]&gt;
   &lt;<a title="Flow-rate for IV" class="dict" href="prescription-definitions.htm#Prescription.administrationRequest.dosageInstruction.rate"><b>rate</b></a>&gt;<span style="color: Gray">&lt;!--</span> <span style="color: brown"><b>0..1</b></span> <span style="color: darkgreen"><a href="datatypes.htm#Quantity">Quantity</a></span> <span style="color: navy">Flow-rate for IV</span><span style="color: Gray"> --&gt;</span>&lt;/rate&gt;
   &lt;<a title="Schedule for administration. If multiple are given, they are considered to be active in parallel" class="dict" href="prescription-definitions.htm#Prescription.administrationRequest.dosageInstruction.schedule"><b>schedule</b></a>&gt;<span style="color: Gray">&lt;!--</span> <span style="color: brown"><b>1..*</b></span> <span style="color: darkgreen"><a href="datatypes.htm#Schedule">Schedule</a></span> <span style="color: navy">Schedule for administration</span><span style="color: Gray"> --&gt;</span>&lt;/schedule&gt;
  &lt;/dosageInstruction&gt;
 &lt;/administrationRequest&gt;
 &lt;<a title="Diagnosis which is the reason for prescribing this medicine" class="dict" href="prescription-definitions.htm#Prescription.reason"><b>reason</b></a>&gt;<span style="color: Gray">&lt;!--</span> <span style="color: brown"><b>0..1</b></span> <span style="color: darkgreen"><a href="datatypes.htm#CodeableConcept">CodeableConcept</a></span> <span style="color: navy">Reason for prescription</span><span style="color: Gray"> --&gt;</span>&lt;/reason&gt;
&lt;/Prescription&gt;
</pre></div>
  </text>
  <name value="prescription"/>
  <author>
    <name value="todo (committee)"/>
  </author>
  <description value="Basic Profile. Directions provided by a prescribing practitioner for a specific medication to be administered (and possibly) supplied to an individual"/>
  <status>
    <code value="testing"/>
    <date value="2013-04-09"/>
  </status>
  <constraint>
    <type value="Prescription"/>
    <element>
      <path value="Prescription"/>
      <definition>
        <short value="Instruction to administer (and supply?) medication"/>
        <formal value="Directions provided by a prescribing practitioner for a specific medication to be administered (and possibly) supplied to an individual"/>
        <min value="1"/>
        <max value="1"/>
        <type>
          <code value="Resource"/>
        </type>
        <mustUnderstand value="false"/>
      </definition>
    </element>
    <element>
      <path value="Prescription.extension"/>
      <definition>
        <short value="Additional Content defined by implementations"/>
        <formal value="May be used to represent additional information that is not part of the basic definition of the resource. In order to make the use of extensions safe and manageable, there is a strict governance applied to the definition and use of extensions. Though any implementer is allowed to define an extension, there is a set of requirements that must be met as part of the definition of the extension"/>
        <comments value="there can be no stigma
associated with the use of extensions by any application, project, or standard - regardless of the institution or jurisdiction that uses or defines the extensions.  The use of extensions is what allows the FHIR specification to retain a core simplicity for everyone"/>
        <synonym value="extensions"/>
        <synonym value="user content"/>
        <min value="0"/>
        <max value="*"/>
        <type>
          <code value="Extension"/>
        </type>
      </definition>
    </element>
    <element>
      <path value="Prescription.text"/>
      <definition>
        <short value="Text summary of the resource, for human interpretation"/>
        <formal value="A human readable narrative that contains a summary of the resource, and may be used to represent the content of the resource to a human. The narrative need not encode all the structured data, but is required to contain sufficient detail to make it &quot;clinically safe&quot; for a human to just read the narrative. Resource definitions may define what content should be represented in the narrative to ensure clinical safety"/>
        <comments value="Contained resources do not have narrative. Resources that are not contained SHOULD have a narrative"/>
        <synonym value="narrative"/>
        <synonym value="html"/>
        <synonym value="xhtml"/>
        <synonym value="display"/>
        <min value="0"/>
        <max value="1"/>
        <type>
          <code value="Narrative"/>
        </type>
      </definition>
    </element>
    <element>
      <path value="Prescription.contained"/>
      <definition>
        <short value="Contained, inline Resources"/>
        <formal value="These resources do not have an independent existence apart from the resource that contains them - they cannot be identified independently, and nor can they have their own independent transaction scope"/>
        <comments value="This should never be done when the content can be identified properly, as once identification is lost, it is extremely difficult (and context dependent) to restore it again"/>
        <synonym value="inline resources"/>
        <synonym value="anonymous resources"/>
        <synonym value="contained resources"/>
        <min value="0"/>
        <max value="*"/>
        <type>
          <code value="Resource"/>
        </type>
      </definition>
    </element>
    <element>
      <path value="Prescription.identifier"/>
      <definition>
        <short value="Prescription identification"/>
        <formal value="A identifier used in an external system and associated with this medication"/>
        <min value="0"/>
        <max value="*"/>
        <type>
          <code value="Identifier"/>
        </type>
        <mustUnderstand value="true"/>
      </definition>
    </element>
    <element>
      <path value="Prescription.status"/>
      <definition>
        <short value="Status: Active|Completed"/>
        <formal value="Actual status of the prescription"/>
        <min value="1"/>
        <max value="1"/>
        <type>
          <code value="code"/>
        </type>
        <mustUnderstand value="true"/>
        <binding value="PrescriptionStatus"/>
      </definition>
    </element>
    <element>
      <path value="Prescription.patient"/>
      <definition>
        <short value="Patient receiving medicine"/>
        <formal value="The patient the prescription is prescribing medicine for"/>
        <min value="1"/>
        <max value="1"/>
        <type>
          <code value="Resource(Patient)"/>
        </type>
        <mustUnderstand value="true"/>
      </definition>
    </element>
    <element>
      <path value="Prescription.prescriber"/>
      <definition>
        <short value="Prescribing doctor"/>
        <formal value="The clinician or doctor prescribing the medication"/>
        <min value="1"/>
        <max value="1"/>
        <type>
          <code value="Resource(Provider)"/>
        </type>
        <mustUnderstand value="false"/>
      </definition>
    </element>
    <element>
      <path value="Prescription.prescribed"/>
      <definition>
        <short value="Date/time prescribed"/>
        <formal value="Date/time on which the prescription was written"/>
        <min value="1"/>
        <max value="1"/>
        <type>
          <code value="dateTime"/>
        </type>
        <mustUnderstand value="false"/>
      </definition>
    </element>
    <element>
      <path value="Prescription.dispense"/>
      <definition>
        <short value="Details of included dispense request"/>
        <formal value="Details of the dispense as requested by the prescriber"/>
        <min value="0"/>
        <max value="1"/>
        <mustUnderstand value="false"/>
      </definition>
    </element>
    <element>
      <path value="Prescription.dispense.repeats"/>
      <definition>
        <short value="Number of repeats"/>
        <formal value="Requested number of repeats"/>
        <comments value="Default is &quot;1&quot;"/>
        <min value="0"/>
        <max value="1"/>
        <type>
          <code value="integer"/>
        </type>
        <mustUnderstand value="false"/>
      </definition>
    </element>
    <element>
      <path value="Prescription.dispense.quantity"/>
      <definition>
        <short value="Quantity per repeat"/>
        <formal value="Requested quantity per repeat"/>
        <min value="1"/>
        <max value="1"/>
        <type>
          <code value="Quantity"/>
        </type>
        <mustUnderstand value="false"/>
      </definition>
    </element>
    <element>
      <path value="Prescription.dispense.dispenser"/>
      <definition>
        <short value="Person to fulfill the requested dispense"/>
        <formal value="Person to fulfill the requested dispense"/>
        <min value="0"/>
        <max value="1"/>
        <type>
          <code value="Resource(Organization)"/>
        </type>
        <mustUnderstand value="false"/>
      </definition>
    </element>
    <element>
      <path value="Prescription.medicine"/>
      <definition>
        <short value="Prescribed medicine"/>
        <formal value="The one single medicine, vaccine or other product prescribed in this prescription."/>
        <min value="1"/>
        <max value="1"/>
        <mustUnderstand value="false"/>
      </definition>
    </element>
    <element>
      <path value="Prescription.medicine.identification"/>
      <definition>
        <short value="Text and/or code(s) for medicine"/>
        <formal value="Text and or Code(s) that identify the medicine"/>
        <min value="0"/>
        <max value="1"/>
        <type>
          <code value="CodeableConcept"/>
        </type>
        <mustUnderstand value="true"/>
        <binding value="MedicationKind"/>
      </definition>
    </element>
    <element>
      <path value="Prescription.medicine.activeIngredient"/>
      <definition>
        <short value="Active substance"/>
        <formal value="The substance in the medication formulation that is pharmaceutically active and is responsible for the medication&#39;s therapeutic effect"/>
        <min value="0"/>
        <max value="*"/>
        <mustUnderstand value="false"/>
      </definition>
    </element>
    <element>
      <path value="Prescription.medicine.activeIngredient.identification"/>
      <definition>
        <short value="Text and/or Code(s) for active ingredient"/>
        <formal value="Coded representation of active ingredient"/>
        <min value="1"/>
        <max value="1"/>
        <type>
          <code value="CodeableConcept"/>
        </type>
        <mustUnderstand value="false"/>
        <binding value="MedicationKind"/>
      </definition>
    </element>
    <element>
      <path value="Prescription.medicine.activeIngredient.quantity[x]"/>
      <definition>
        <short value="Relative quantity of active ingredient"/>
        <formal value="Quantity of active ingredient expressed in relation to the whole of the prepared medicine"/>
        <min value="0"/>
        <max value="1"/>
        <type>
          <code value="Ratio"/>
        </type>
        <type>
          <code value="code"/>
        </type>
        <mustUnderstand value="false"/>
      </definition>
    </element>
    <element>
      <path value="Prescription.medicine.inactiveIngredient"/>
      <definition>
        <short value="Inactive substance"/>
        <formal value="Ingredients in the medication that are not active"/>
        <min value="0"/>
        <max value="*"/>
        <mustUnderstand value="false"/>
      </definition>
    </element>
    <element>
      <path value="Prescription.medicine.inactiveIngredient.identification"/>
      <definition>
        <short value="Text and/or Code(s) for inactive ingredient"/>
        <formal value="Coded representation of the inactive ingredient"/>
        <min value="1"/>
        <max value="1"/>
        <type>
          <code value="CodeableConcept"/>
        </type>
        <mustUnderstand value="false"/>
        <binding value="MedicationKind"/>
      </definition>
    </element>
    <element>
      <path value="Prescription.medicine.inactiveIngredient.quantity[x]"/>
      <definition>
        <short value="Relative quantity of inactive ingredient"/>
        <formal value="Quantity of inactive ingredient expressed in relation to the whole of the prepared medicine"/>
        <min value="0"/>
        <max value="1"/>
        <type>
          <code value="Ratio"/>
        </type>
        <type>
          <code value="code"/>
        </type>
        <mustUnderstand value="false"/>
      </definition>
    </element>
    <element>
      <path value="Prescription.administrationRequest"/>
      <definition>
        <short value="Instructions for use"/>
        <formal value="Instructions for the use of the medication. Includes details about the timing schedule, dose amounts and additional usage instructions."/>
        <min value="1"/>
        <max value="1"/>
        <constraint>
          <id value="1"/>
          <severity value="error"/>
          <human value="Restrictions on the combinations of Duration, Start and End are as follows: Duration may be specified alone or with Start.  Alternatively, Start may be specified if End is specified.  No other combinations are allowed."/>
          <xpath value="(exists(f:duration) and not (exists(f:start) or exists(f:end))) or (exists(f:start) and exists(f:duration)) != (exists(f:start))"/>
        </constraint>
        <mustUnderstand value="false"/>
      </definition>
    </element>
    <element>
      <path value="Prescription.administrationRequest.description"/>
      <definition>
        <short value="Textual instructions for use"/>
        <formal value="Textual description of the use of the medication."/>
        <comments value="Can contain more details than the structured information under this element, but must be in accordance with it. May not contain information about the medicine itself."/>
        <min value="0"/>
        <max value="1"/>
        <type>
          <code value="string"/>
        </type>
        <mustUnderstand value="false"/>
      </definition>
    </element>
    <element>
      <path value="Prescription.administrationRequest.totalPeriodicDose"/>
      <definition>
        <short value="Total periodic dose"/>
        <formal value="Total dose per day/week or other period when more specific information is missing or cannot be expressed using the timing specifications."/>
        <min value="0"/>
        <max value="1"/>
        <type>
          <code value="Ratio"/>
        </type>
        <mustUnderstand value="false"/>
      </definition>
    </element>
    <element>
      <path value="Prescription.administrationRequest.start"/>
      <definition>
        <short value="Start date for administration"/>
        <formal value="First moment on which medication should be taken"/>
        <min value="0"/>
        <max value="1"/>
        <type>
          <code value="dateTime"/>
        </type>
        <mustUnderstand value="false"/>
      </definition>
    </element>
    <element>
      <path value="Prescription.administrationRequest.end"/>
      <definition>
        <short value="End date for administration"/>
        <formal value="Last moment on which medication should be taken"/>
        <min value="0"/>
        <max value="1"/>
        <type>
          <code value="dateTime"/>
        </type>
        <mustUnderstand value="false"/>
      </definition>
    </element>
    <element>
      <path value="Prescription.administrationRequest.duration"/>
      <definition>
        <short value="Total duration of administration"/>
        <formal value="Total duration of administration"/>
        <min value="0"/>
        <max value="1"/>
        <type>
          <code value="Quantity"/>
        </type>
        <mustUnderstand value="false"/>
      </definition>
    </element>
    <element>
      <path value="Prescription.administrationRequest.numberOfAdministrations"/>
      <definition>
        <short value="Maximum number of separate administrations"/>
        <formal value="Maximum number of separate administrations before the instruction ends."/>
        <min value="0"/>
        <max value="1"/>
        <type>
          <code value="integer"/>
        </type>
        <mustUnderstand value="false"/>
      </definition>
    </element>
    <element>
      <path value="Prescription.administrationRequest.dosageInstruction"/>
      <definition>
        <short value="Dosage instruction"/>
        <formal value="Specification of dose and schedule for administration"/>
        <comments value="The can be &gt;1 dosage instruction to support administration of varying doses, resulting in 1 instruction per fixed dose."/>
        <min value="1"/>
        <max value="*"/>
        <mustUnderstand value="false"/>
      </definition>
    </element>
    <element>
      <path value="Prescription.administrationRequest.dosageInstruction.precondition"/>
      <definition>
        <short value="Precondition for starting administration"/>
        <formal value="Precondition for starting the administration specified in this instruction"/>
        <min value="0"/>
        <max value="*"/>
        <type>
          <code value="CodeableConcept"/>
        </type>
        <mustUnderstand value="false"/>
        <binding value="AdministrationPrecondition"/>
      </definition>
    </element>
    <element>
      <path value="Prescription.administrationRequest.dosageInstruction.prn"/>
      <definition>
        <short value="As required : Yes|No"/>
        <formal value="As required (from Latin Pro Re Nate): Specifies whether administration is given to a fixed schedule (No) or only when the the state and symptoms of the patient at the time require it (Yes)."/>
        <comments value="Default is &quot;false&quot;"/>
        <min value="0"/>
        <max value="1"/>
        <type>
          <code value="boolean"/>
        </type>
        <mustUnderstand value="false"/>
      </definition>
    </element>
    <element>
      <path value="Prescription.administrationRequest.dosageInstruction.additionalInstruction"/>
      <definition>
        <short value="Additional instructions"/>
        <formal value="Additional details to guide administration. Especially relevant for medicine administered by patient"/>
        <min value="0"/>
        <max value="*"/>
        <type>
          <code value="CodeableConcept"/>
        </type>
        <mustUnderstand value="false"/>
        <binding value="AdministrationInstruction"/>
      </definition>
    </element>
    <element>
      <path value="Prescription.administrationRequest.dosageInstruction.route"/>
      <definition>
        <short value="Route of administration"/>
        <formal value="Route of administration (oral, nasal, intravenous)"/>
        <comments value="Since the route of administration is generally determined by the choice of medication, it is not necessary to provide a value in route"/>
        <min value="0"/>
        <max value="1"/>
        <type>
          <code value="CodeableConcept"/>
        </type>
        <mustUnderstand value="false"/>
        <binding value="AdministrationRoute"/>
      </definition>
    </element>
    <element>
      <path value="Prescription.administrationRequest.dosageInstruction.dose[x]"/>
      <definition>
        <short value="Dose per administration"/>
        <formal value="Dose per administration, expressed in units of the (prepared) product"/>
        <comments value="Dose may be an interval, &quot;2-3 tablets per 4 hours&quot;"/>
        <min value="1"/>
        <max value="1"/>
        <type>
          <code value="Quantity"/>
        </type>
        <type>
          <code value="Range"/>
        </type>
        <mustUnderstand value="false"/>
      </definition>
    </element>
    <element>
      <path value="Prescription.administrationRequest.dosageInstruction.rate"/>
      <definition>
        <short value="Flow-rate for IV"/>
        <formal value="Flow-rate for IV"/>
        <min value="0"/>
        <max value="1"/>
        <type>
          <code value="Quantity"/>
        </type>
        <mustUnderstand value="false"/>
      </definition>
    </element>
    <element>
      <path value="Prescription.administrationRequest.dosageInstruction.schedule"/>
      <definition>
        <short value="Schedule for administration"/>
        <formal value="Schedule for administration. If multiple are given, they are considered to be active in parallel"/>
        <comments value="Will submit proposal to change Schedule type."/>
        <min value="1"/>
        <max value="*"/>
        <type>
          <code value="Schedule"/>
        </type>
        <mustUnderstand value="false"/>
      </definition>
    </element>
    <element>
      <path value="Prescription.reason"/>
      <definition>
        <short value="Reason for prescription"/>
        <formal value="Diagnosis which is the reason for prescribing this medicine"/>
        <min value="0"/>
        <max value="1"/>
        <type>
          <code value="CodeableConcept"/>
        </type>
        <mustUnderstand value="false"/>
        <binding value="PrescriptionReason"/>
      </definition>
    </element>
    <searchParam>
      <name value="startdate"/>
      <type value="date"/>
      <repeats value="single"/>
      <documentation value="Return only prescriptions made starting from this date (inclusive) (prescribed)"/>
    </searchParam>
    <searchParam>
      <name value="patient"/>
      <type value="qtoken"/>
      <repeats value="single"/>
      <documentation value="The identity of a patient to list prescriptions for"/>
    </searchParam>
    <searchParam>
      <name value="_id"/>
      <type value="token"/>
      <repeats value="single"/>
      <documentation value="The logical resource id associated with the resource (must be supported by all servers)"/>
    </searchParam>
    <searchParam>
      <name value="reason"/>
      <type value="qtoken"/>
      <repeats value="union"/>
      <documentation value="code or text in reason for prescription"/>
    </searchParam>
    <searchParam>
      <name value="status"/>
      <type value="token"/>
      <repeats value="union"/>
      <documentation value="status of the prescription"/>
    </searchParam>
    <searchParam>
      <name value="prescriber"/>
      <type value="qtoken"/>
      <repeats value="single"/>
      <documentation value="The identity of a prescriber to list prescriptions from"/>
    </searchParam>
    <searchParam>
      <name value="medicine"/>
      <type value="qtoken"/>
      <repeats value="union"/>
      <documentation value="code or text in medicine or ingredient"/>
    </searchParam>
    <searchParam>
      <name value="enddate"/>
      <type value="date"/>
      <repeats value="single"/>
      <documentation value="Return only prescriptions made before this date (inclusive) (prescribed)"/>
    </searchParam>
  </constraint>
</Profile>