<?xml version="1.0" encoding="UTF-8"?><Prescription xmlns="http://hl7.org/fhir">

  <text>
    <status value="generated"/>
    <div xmlns="http://www.w3.org/1999/xhtml">
      <p>Penicillin VK oral suspension, 125mg/5ml, 250 mg po tid x 10 days</p>
    </div>
  </text>

  <identifier>
 <!-- 
    <type>
      <system>http://hl7.org/fhir/sid/v2-0203</system>
      <code>MR</code>
    </type>
 -->
    <use value="usual"/>
    <label value="MRN"/>
    <system value="oid:0.1.2.3.4.5.6.7"/>
    <id value="123456"/>
  </identifier>

  <status value="active"/>

  <patient>
    <type value="Patient"/>
    <url value="../patient/@pat2"/>
  </patient>

  <prescriber>
    <type value="Provider"/>
    <url value="../provider/@example"/>
  </prescriber>

  <prescribed value="2011-03-04T11:45:33+01:00"/>

  <dispense>
    <repeats value="2"/>
    <quantity>
      <value value="50"/>
      <units value="ml"/>
    </quantity>
    <dispenser>
      <type value="Organization"/>
      <url value="../organization/@1"/>
    </dispenser>
  </dispense>

  <medicine>
    <identification>
      <text value="Penicillin VK oral suspension, 125mg/5ml"/>
    </identification>
    <activeIngredient>
      <identification>
        <coding>
          <system value="urn:hl7.org:sid/atc"/>
          <code value="XXXXX"/>
          <display value="Penicillin"/>
        </coding>
      </identification>      
      <quantityRatio>
        <numerator>
          <value value="125"/>
          <units value="mg"/>
          <system value="http://unitsofmeasure.org"/>
          <code value="mg"/>
        </numerator>
        <denominator>
          <value value="5"/>
          <units value="ml"/>
          <system value="http://unitsofmeasure.org"/>
          <code value="ml"/>
        </denominator>
      </quantityRatio>
    </activeIngredient>
    <inactiveIngredient>
      <identification>
        <coding>
          <system value="urn:hl7.org:sid/atc"/>
          <code value="YYYYY"/>
          <display value="Water"/>
        </coding>  
      </identification>
      <quantityCode value="sufficient"/>
    </inactiveIngredient>
  </medicine>

  <administrationRequest>
    <description value="250 mg po tid x 10 days"/>
   
    <totalPeriodicDose>
      <numerator>
        <value value="750"/>
        <units value="mg"/>
        <system value="http://unitsofmeasure.org"/>
        <code value="mg"/>
      </numerator>
      <denominator>
        <value value="1"/>
        <units value="day"/>
        <system value="http://unitsofmeasure.org"/>
        <code value="d"/>
      </denominator>
    </totalPeriodicDose>
    
    <duration>
      <value value="10"/>
      <units value="days"/>
      <system value="http://unitsofmeasure.org"/>
      <code value="d"/>
    </duration>
    
    <dosageInstruction>
      <route>
        <coding>
          <system value="http://snomed.info"/>
          <code value="363743006"/>
          <display value="oral administration of treatment"/>
        </coding>          
      </route>
      <doseQuantity>
        <value value="250"/>
        <units value="mg"/>
        <system value="http://unitsofmeasure.org"/>
        <code value="mg"/>
      </doseQuantity>
      <schedule>
        <repeat>
          <frequency value="3"/>
          <duration value="1"/>
          <units value="d"/>
        </repeat>
      </schedule>
    </dosageInstruction>
  </administrationRequest>

  <reason>
    <coding>
      <system value="http://hl7.org/fhir/sid/icd-10"/>
      <code value="G44.1"/>
    </coding>
    <text value="general headache"/>
  </reason>
</Prescription>