{"Problem":{"text":{"status":{"value":"generated"},"div":"<div>Mild Asthma (Date: 21-Nov 2012)<\/div>"},"subject":{"type":{"value":"Patient"},"url":{"value":"../patient/@example"}},"code":{"text":{"value":"Asthma"}},"category":{"coding":[{"system":{"value":"http://snomed.info"},"code":{"value":"439401001"},"display":{"value":"Diagnosis"}}]},"status":{"value":"confirmed"},"severity":{"coding":[{"system":{"value":"http://snomed.info"},"code":{"value":"255604002"},"display":{"value":"Mild"}}]},"onsetDate":{"value":"2012-11-12"}}}