<?xml version="1.0" encoding="UTF-8"?>

<Profile xmlns="http://hl7.org/fhir">
  <text>
    <status value="generated"/><div xmlns="http://www.w3.org/1999/xhtml"><pre>
&lt;<a title="Use to record detailed information about problems or diagnoses recognised by a clinician. There are many uses including: recording a Diagnosis during an Encounter; populating a Problem List or a Summary Statement, such as a Discharge Summary" class="dict" href="problem-definitions.htm#Problem"><b>Problem</b></a> xmlns=&quot;http://hl7.org/fhir&quot;&gt;
 &lt;<a title="Subject of this problem" class="dict" href="problem-definitions.htm#Problem.subject"><b>subject</b></a>&gt;<span style="color: Gray">&lt;!--</span> <span style="color: brown"><b>1..1</b></span> <span style="color: darkgreen"><a href="resources.htm#Resource">Resource</a>(<a href="patient.htm#Patient">Patient</a>)</span> <span style="color: navy">Subject of this problem</span><span style="color: Gray"> --&gt;</span>&lt;/subject&gt;
 &lt;<a title="Encounter during which the problem was first asserted" class="dict" href="problem-definitions.htm#Problem.encounter"><b>encounter</b></a>&gt;<span style="color: Gray">&lt;!--</span> <span style="color: brown"><b>0..1</b></span> <span style="color: darkgreen"><a href="resources.htm#Resource">Resource</a>(<a href="encounter.htm#Encounter">Encounter</a>)</span> <span style="color: navy">Encounter during which the problem was first asserted</span><span style="color: Gray"> --&gt;</span>&lt;/encounter&gt;
 &lt;<a title="Person who asserts this problem" class="dict" href="problem-definitions.htm#Problem.asserter"><b>asserter</b></a>&gt;<span style="color: Gray">&lt;!--</span> <span style="color: brown"><b>0..1</b></span> <span style="color: darkgreen"><a href="resources.htm#Resource">Resource</a>(<a href="provider.htm#Provider">Provider</a>|<a href="patient.htm#Patient">Patient</a>)</span> <span style="color: navy">Person who asserts this problem</span><span style="color: Gray"> --&gt;</span>&lt;/asserter&gt;
 &lt;<a title="Estimated or actual date the problem/diagnosis was first detected/suspected" class="dict" href="problem-definitions.htm#Problem.dateAsserted"><b>dateAsserted</b></a> value=&quot;[<span style="color: darkgreen"><a href="datatypes.htm#date">date</a></span>]&quot;/&gt;<span style="color: Gray">&lt;!--</span> <span style="color: brown"><b>0..1</b></span> <span style="color: navy">When the first detected/suspected/entered</span><span style="color: Gray"> --&gt;</span>
 &lt;<a title="Identification of the problem or diagnosis." class="dict" href="problem-definitions.htm#Problem.code"><b>code</b></a>&gt;<span style="color: Gray">&lt;!--</span> <span style="color: brown"><b>1..1</b></span> <span style="color: darkgreen"><a href="datatypes.htm#CodeableConcept">CodeableConcept</a></span> <span style="color: navy">Identification of the problem or diagnosis</span><span style="color: Gray"> --&gt;</span>&lt;/code&gt;
 &lt;<a title="A category assigned to the problem/diagnosis. E.g. finding | problem | diagnosis | concern | condition (this element must be understood)" class="dict" href="problem-definitions.htm#Problem.category"><span style="text-decoration: underline"><b>category</b></span></a>&gt;<span style="color: Gray">&lt;!--</span> <span style="color: brown"><b>0..1</b></span> <span style="color: darkgreen"><a href="datatypes.htm#CodeableConcept">CodeableConcept</a></span> <span style="color: navy">E.g. finding | problem | diagnosis | concern</span><span style="color: Gray"> --&gt;</span>&lt;/category&gt;
 &lt;<a title="The clinical status of the problem or diagnosis (this element must be understood)" class="dict" href="problem-definitions.htm#Problem.status"><span style="text-decoration: underline"><b>status</b></span></a> value=&quot;[<span style="color: darkgreen"><a href="datatypes.htm#code">code</a></span>]&quot;/&gt;<span style="color: Gray">&lt;!--</span> <span style="color: brown"><b>0..1</b></span> <span style="color: navy">provisional | working | confirmed | refuted</span><span style="color: Gray"> --&gt;</span>
 &lt;<a title="The degree of confidence that this problem/diagnosis is correct (this element must be understood)" class="dict" href="problem-definitions.htm#Problem.certainty"><span style="text-decoration: underline"><b>certainty</b></span></a>&gt;<span style="color: Gray">&lt;!--</span> <span style="color: brown"><b>0..1</b></span> <span style="color: darkgreen"><a href="datatypes.htm#CodeableConcept">CodeableConcept</a></span> <span style="color: navy">Degree of confidence</span><span style="color: Gray"> --&gt;</span>&lt;/certainty&gt;
 &lt;<a title="A subjective assessment of the severity of the Problem/Diagnosis as evaluated by the clinician." class="dict" href="problem-definitions.htm#Problem.severity"><b>severity</b></a>&gt;<span style="color: Gray">&lt;!--</span> <span style="color: brown"><b>0..1</b></span> <span style="color: darkgreen"><a href="datatypes.htm#CodeableConcept">CodeableConcept</a></span> <span style="color: navy">Subjective severity of problem/diagnosis</span><span style="color: Gray"> --&gt;</span>&lt;/severity&gt;
 &lt;<a title="Estimated or actual date the problem/diagnosis began, in the opinion of the clinician" class="dict" href="problem-definitions.htm#Problem.onset_x_"><b>onset[x]</b></a>&gt;<span style="color: Gray">&lt;!--</span> <span style="color: brown"><b>0..1</b></span> <span style="color: darkgreen"><a href="datatypes.htm#date">date</a>|<a href="datatypes.htm#Age">Age</a></span> <span style="color: navy">Estimated or actual date, or age</span><span style="color: Gray"> --&gt;</span>&lt;/onset[x]&gt;
 &lt;<a title="The date or estimated date that the problem/diagnosis resolved or went into remission. This is called &quot;abatement&quot; because of the many overloaded connotations associated with &quot;remission&quot; or &quot;resolution&quot; - problems are never really resolved, but they can abate." class="dict" href="problem-definitions.htm#Problem.abatement_x_"><b>abatement[x]</b></a>&gt;<span style="color: Gray">&lt;!--</span> <span style="color: brown"><b>0..1</b></span> <span style="color: darkgreen"><a href="datatypes.htm#date">date</a>|<a href="datatypes.htm#Age">Age</a>|<a href="datatypes.htm#boolean">boolean</a></span> <span style="color: navy">If/when in resolution/remission</span><span style="color: Gray"> --&gt;</span>&lt;/abatement[x]&gt;
 &lt;<a title="Clinical stage or grade of a problem/diagnosis. May include formal severity assessments" class="dict" href="problem-definitions.htm#Problem.stage"><b>stage</b></a>&gt;  <span style="color: Gray">&lt;!-- <span style="color: brown"><b>0..1</b></span> Stage/grade, usually assessed formally --&gt;</span>
  &lt;<a title="A simple summary of the stage such as &quot;Stage 3&quot;. The determination of the stage is disease-specific" class="dict" href="problem-definitions.htm#Problem.stage.summary"><b>summary</b></a>&gt;<span style="color: Gray">&lt;!--</span> <span title="Stage must have summary or assessment" style="color: deeppink"><b>0..1</b></span> <span style="color: darkgreen"><a href="datatypes.htm#CodeableConcept">CodeableConcept</a></span> <span style="color: navy">Simple summary (disease specific)</span><span style="color: Gray"> --&gt;</span>&lt;/summary&gt;
  &lt;<a title="Reference to a formal record of the evidence on which the staging assessment is based" class="dict" href="problem-definitions.htm#Problem.stage.assessment"><b>assessment</b></a>&gt;<span style="color: Gray">&lt;!--</span> <span title="Stage must have summary or assessment" style="color: deeppink"><b>0..*</b></span> <span style="color: darkgreen"><a href="resources.htm#Resource">Resource</a>(<a href="resources.htm">Any</a>)</span> <span style="color: navy">Formal record of assessment</span><span style="color: Gray"> --&gt;</span>&lt;/assessment&gt;
 &lt;/stage&gt;
 &lt;<a title="Supporting Evidence / manfiestions that are the basis on which this problem/diagnosis is suspected or confirmed" class="dict" href="problem-definitions.htm#Problem.evidence"><b>evidence</b></a>&gt;  <span style="color: Gray">&lt;!-- <span style="color: brown"><b>0..*</b></span> Supporting evidence --&gt;</span>
  &lt;<a title="A manifestion or symptom that led to the recording of this problem/diagnosis" class="dict" href="problem-definitions.htm#Problem.evidence.code"><b>code</b></a>&gt;<span style="color: Gray">&lt;!--</span> <span title="evidence must have code or details" style="color: deeppink"><b>0..1</b></span> <span style="color: darkgreen"><a href="datatypes.htm#CodeableConcept">CodeableConcept</a></span> <span style="color: navy">Manifestation/symptom</span><span style="color: Gray"> --&gt;</span>&lt;/code&gt;
  &lt;<a title="Links to other relevant information, including pathology reports" class="dict" href="problem-definitions.htm#Problem.evidence.details"><b>details</b></a>&gt;<span style="color: Gray">&lt;!--</span> <span title="evidence must have code or details" style="color: deeppink"><b>0..*</b></span> <span style="color: darkgreen"><a href="resources.htm#Resource">Resource</a>(<a href="resources.htm">Any</a>)</span> <span style="color: navy">Supporting information found elsewhere</span><span style="color: Gray"> --&gt;</span>&lt;/details&gt;
 &lt;/evidence&gt;
 &lt;<a title="The anatomical location where this problem/diagnosis manifests itself" class="dict" href="problem-definitions.htm#Problem.location"><b>location</b></a>&gt;  <span style="color: Gray">&lt;!-- <span style="color: brown"><b>0..*</b></span> Snatomical location, if relevant --&gt;</span>
  &lt;<a title="Code that identifies the structural location" class="dict" href="problem-definitions.htm#Problem.location.code"><b>code</b></a>&gt;<span style="color: Gray">&lt;!--</span> <span title="location must have code or details" style="color: deeppink"><b>0..1</b></span> <span style="color: darkgreen"><a href="datatypes.htm#CodeableConcept">CodeableConcept</a></span> <span style="color: navy">Location - may include laterality</span><span style="color: Gray"> --&gt;</span>&lt;/code&gt;
  &lt;<a title="Detailed and structured anatomical location information" class="dict" href="problem-definitions.htm#Problem.location.details"><b>details</b></a>&gt;<span style="color: Gray">&lt;!--</span> <span title="location must have code or details" style="color: deeppink"><b>0..1</b></span> <span style="color: darkgreen"><a href="resources.htm#Resource">Resource</a>(<a href="resources.htm">AnatomicalLocation</a>)</span> <span style="color: navy">Precise location details</span><span style="color: Gray"> --&gt;</span>&lt;/details&gt;
 &lt;/location&gt;
 &lt;<a title="Further problems, diagnoses, procedures or events that are related in some way to this problem/diagnosis, or the substance that caused/triggered this problem" class="dict" href="problem-definitions.htm#Problem.relatedItem"><b>relatedItem</b></a>&gt;  <span style="color: Gray">&lt;!-- <span style="color: brown"><b>0..*</b></span> Causes or precedents for this problem --&gt;</span>
  &lt;<a title="The type of relationship that this problem/diagnosis has to the related item" class="dict" href="problem-definitions.htm#Problem.relatedItem.type"><b>type</b></a> value=&quot;[<span style="color: darkgreen"><a href="datatypes.htm#code">code</a></span>]&quot;/&gt;<span style="color: Gray">&lt;!--</span> <span style="color: brown"><b>1..1</b></span> <span style="color: navy">due-to | follows</span><span style="color: Gray"> --&gt;</span>
  &lt;<a title="Target of the relationship" class="dict" href="problem-definitions.htm#Problem.relatedItem.target"><b>target</b></a>&gt;<span style="color: Gray">&lt;!--</span> <span style="color: brown"><b>1..1</b></span> <span style="color: darkgreen"><a href="resources.htm#Resource">Resource</a>(<a href="problem.htm#Problem">Problem</a>|<a href="resources.htm">Procedure</a>|<a href="resources.htm">Substance</a>)</span> <span style="color: navy">Relationship target</span><span style="color: Gray"> --&gt;</span>&lt;/target&gt;
 &lt;/relatedItem&gt;
&lt;/Problem&gt;
</pre></div>
  </text>
  <name value="problem"/>
  <author>
    <name value="todo (committee)"/>
  </author>
  <description value="Basic Profile. Use to record detailed information about problems or diagnoses recognised by a clinician. There are many uses including: recording a Diagnosis during an Encounter; populating a Problem List or a Summary Statement, such as a Discharge Summary"/>
  <status>
    <code value="testing"/>
    <date value="2013-04-09"/>
  </status>
  <constraint>
    <type value="Problem"/>
    <element>
      <path value="Problem"/>
      <definition>
        <short value="Detailed information about problems or diagnoses"/>
        <formal value="Use to record detailed information about problems or diagnoses recognised by a clinician. There are many uses including: recording a Diagnosis during an Encounter; populating a Problem List or a Summary Statement, such as a Discharge Summary"/>
        <min value="1"/>
        <max value="1"/>
        <type>
          <code value="Resource"/>
        </type>
        <mustUnderstand value="false"/>
      </definition>
    </element>
    <element>
      <path value="Problem.extension"/>
      <definition>
        <short value="Additional Content defined by implementations"/>
        <formal value="May be used to represent additional information that is not part of the basic definition of the resource. In order to make the use of extensions safe and manageable, there is a strict governance applied to the definition and use of extensions. Though any implementer is allowed to define an extension, there is a set of requirements that must be met as part of the definition of the extension"/>
        <comments value="there can be no stigma
associated with the use of extensions by any application, project, or standard - regardless of the institution or jurisdiction that uses or defines the extensions.  The use of extensions is what allows the FHIR specification to retain a core simplicity for everyone"/>
        <synonym value="extensions"/>
        <synonym value="user content"/>
        <min value="0"/>
        <max value="*"/>
        <type>
          <code value="Extension"/>
        </type>
      </definition>
    </element>
    <element>
      <path value="Problem.text"/>
      <definition>
        <short value="Text summary of the resource, for human interpretation"/>
        <formal value="A human readable narrative that contains a summary of the resource, and may be used to represent the content of the resource to a human. The narrative need not encode all the structured data, but is required to contain sufficient detail to make it &quot;clinically safe&quot; for a human to just read the narrative. Resource definitions may define what content should be represented in the narrative to ensure clinical safety"/>
        <comments value="Contained resources do not have narrative. Resources that are not contained SHOULD have a narrative"/>
        <synonym value="narrative"/>
        <synonym value="html"/>
        <synonym value="xhtml"/>
        <synonym value="display"/>
        <min value="0"/>
        <max value="1"/>
        <type>
          <code value="Narrative"/>
        </type>
      </definition>
    </element>
    <element>
      <path value="Problem.contained"/>
      <definition>
        <short value="Contained, inline Resources"/>
        <formal value="These resources do not have an independent existence apart from the resource that contains them - they cannot be identified independently, and nor can they have their own independent transaction scope"/>
        <comments value="This should never be done when the content can be identified properly, as once identification is lost, it is extremely difficult (and context dependent) to restore it again"/>
        <synonym value="inline resources"/>
        <synonym value="anonymous resources"/>
        <synonym value="contained resources"/>
        <min value="0"/>
        <max value="*"/>
        <type>
          <code value="Resource"/>
        </type>
      </definition>
    </element>
    <element>
      <path value="Problem.subject"/>
      <definition>
        <short value="Subject of this problem"/>
        <formal value="Subject of this problem"/>
        <min value="1"/>
        <max value="1"/>
        <type>
          <code value="Resource(Patient)"/>
        </type>
        <mustUnderstand value="false"/>
      </definition>
    </element>
    <element>
      <path value="Problem.encounter"/>
      <definition>
        <short value="Encounter during which the problem was first asserted"/>
        <formal value="Encounter during which the problem was first asserted"/>
        <min value="0"/>
        <max value="1"/>
        <type>
          <code value="Resource(Encounter)"/>
        </type>
        <mustUnderstand value="false"/>
      </definition>
    </element>
    <element>
      <path value="Problem.asserter"/>
      <definition>
        <short value="Person who asserts this problem"/>
        <formal value="Person who asserts this problem"/>
        <min value="0"/>
        <max value="1"/>
        <type>
          <code value="Resource(Provider|Patient)"/>
        </type>
        <mustUnderstand value="false"/>
      </definition>
    </element>
    <element>
      <path value="Problem.dateAsserted"/>
      <definition>
        <short value="When the first detected/suspected/entered"/>
        <formal value="Estimated or actual date the problem/diagnosis was first detected/suspected"/>
        <min value="0"/>
        <max value="1"/>
        <type>
          <code value="date"/>
        </type>
        <mustUnderstand value="false"/>
      </definition>
    </element>
    <element>
      <path value="Problem.code"/>
      <definition>
        <short value="Identification of the problem or diagnosis"/>
        <formal value="Identification of the problem or diagnosis."/>
        <min value="1"/>
        <max value="1"/>
        <type>
          <code value="CodeableConcept"/>
        </type>
        <mustUnderstand value="false"/>
        <binding value="ProblemDiaganosisCode"/>
      </definition>
    </element>
    <element>
      <path value="Problem.category"/>
      <definition>
        <short value="E.g. finding | problem | diagnosis | concern"/>
        <formal value="A category assigned to the problem/diagnosis. E.g. finding | problem | diagnosis | concern | condition"/>
        <comments value="The categorization is often highly contextual and may appear poorly differentiated or not very useful in other contexts"/>
        <min value="0"/>
        <max value="1"/>
        <type>
          <code value="CodeableConcept"/>
        </type>
        <mustUnderstand value="true"/>
        <binding value="ProblemCategory"/>
      </definition>
    </element>
    <element>
      <path value="Problem.status"/>
      <definition>
        <short value="provisional | working | confirmed | refuted"/>
        <formal value="The clinical status of the problem or diagnosis"/>
        <min value="0"/>
        <max value="1"/>
        <type>
          <code value="code"/>
        </type>
        <mustUnderstand value="true"/>
        <binding value="ProblemStatus"/>
      </definition>
    </element>
    <element>
      <path value="Problem.certainty"/>
      <definition>
        <short value="Degree of confidence"/>
        <formal value="The degree of confidence that this problem/diagnosis is correct"/>
        <comments value="May be a percentage"/>
        <min value="0"/>
        <max value="1"/>
        <type>
          <code value="CodeableConcept"/>
        </type>
        <mustUnderstand value="true"/>
        <binding value="ProblemCertainty"/>
      </definition>
    </element>
    <element>
      <path value="Problem.severity"/>
      <definition>
        <short value="Subjective severity of problem/diagnosis"/>
        <formal value="A subjective assessment of the severity of the Problem/Diagnosis as evaluated by the clinician."/>
        <comments value="Coding of the severity with a terminology is preferred, where possible"/>
        <min value="0"/>
        <max value="1"/>
        <type>
          <code value="CodeableConcept"/>
        </type>
        <mustUnderstand value="false"/>
        <binding value="ProblemSeverity"/>
      </definition>
    </element>
    <element>
      <path value="Problem.onset[x]"/>
      <definition>
        <short value="Estimated or actual date, or age"/>
        <formal value="Estimated or actual date the problem/diagnosis began, in the opinion of the clinician"/>
        <comments value="Age is generally used when the patient reports an age at which the problem began to occur"/>
        <min value="0"/>
        <max value="1"/>
        <type>
          <code value="date"/>
        </type>
        <type>
          <code value="Age"/>
        </type>
        <mustUnderstand value="false"/>
      </definition>
    </element>
    <element>
      <path value="Problem.abatement[x]"/>
      <definition>
        <short value="If/when in resolution/remission"/>
        <formal value="The date or estimated date that the problem/diagnosis resolved or went into remission. This is called &quot;abatement&quot; because of the many overloaded connotations associated with &quot;remission&quot; or &quot;resolution&quot; - problems are never really resolved, but they can abate."/>
        <comments value="There is no explicit distinction between resolution and remission because in many cases the distinction is not clear. Age is generally used when the patient reports an age at which the problem abated.

If there is no abatement element, it is unknown whether the problem has resolved or entered remission; applications and users should generally assume that the problem is still valid"/>
        <min value="0"/>
        <max value="1"/>
        <type>
          <code value="date"/>
        </type>
        <type>
          <code value="Age"/>
        </type>
        <type>
          <code value="boolean"/>
        </type>
        <mustUnderstand value="false"/>
      </definition>
    </element>
    <element>
      <path value="Problem.stage"/>
      <definition>
        <short value="Stage/grade, usually assessed formally"/>
        <formal value="Clinical stage or grade of a problem/diagnosis. May include formal severity assessments"/>
        <min value="0"/>
        <max value="1"/>
        <constraint>
          <id value="1"/>
          <name value="Stage rule"/>
          <severity value="error"/>
          <human value="Stage must have summary or assessment"/>
          <xpath value="exists(f:summary) or exists(f:assessment)"/>
        </constraint>
        <mustUnderstand value="false"/>
      </definition>
    </element>
    <element>
      <path value="Problem.stage.summary"/>
      <definition>
        <short value="Simple summary (disease specific)"/>
        <formal value="A simple summary of the stage such as &quot;Stage 3&quot;. The determination of the stage is disease-specific"/>
        <min value="0"/>
        <max value="1"/>
        <type>
          <code value="CodeableConcept"/>
        </type>
        <mustUnderstand value="false"/>
      </definition>
    </element>
    <element>
      <path value="Problem.stage.assessment"/>
      <definition>
        <short value="Formal record of assessment"/>
        <formal value="Reference to a formal record of the evidence on which the staging assessment is based"/>
        <min value="0"/>
        <max value="*"/>
        <type>
          <code value="Resource(Any)"/>
        </type>
        <mustUnderstand value="false"/>
      </definition>
    </element>
    <element>
      <path value="Problem.evidence"/>
      <definition>
        <short value="Supporting evidence"/>
        <formal value="Supporting Evidence / manfiestions that are the basis on which this problem/diagnosis is suspected or confirmed"/>
        <comments value="The evidence may be a simple lost of coded symptoms/manifestations, or references to observations or formal assessments, or both"/>
        <min value="0"/>
        <max value="*"/>
        <constraint>
          <id value="2"/>
          <name value="Evidence"/>
          <severity value="error"/>
          <human value="evidence must have code or details"/>
          <xpath value="exists(f:code) or exists(f:details)"/>
        </constraint>
        <mustUnderstand value="false"/>
      </definition>
    </element>
    <element>
      <path value="Problem.evidence.code"/>
      <definition>
        <short value="Manifestation/symptom"/>
        <formal value="A manifestion or symptom that led to the recording of this problem/diagnosis"/>
        <min value="0"/>
        <max value="1"/>
        <type>
          <code value="CodeableConcept"/>
        </type>
        <mustUnderstand value="false"/>
      </definition>
    </element>
    <element>
      <path value="Problem.evidence.details"/>
      <definition>
        <short value="Supporting information found elsewhere"/>
        <formal value="Links to other relevant information, including pathology reports"/>
        <min value="0"/>
        <max value="*"/>
        <type>
          <code value="Resource(Any)"/>
        </type>
        <mustUnderstand value="false"/>
      </definition>
    </element>
    <element>
      <path value="Problem.location"/>
      <definition>
        <short value="Snatomical location, if relevant"/>
        <formal value="The anatomical location where this problem/diagnosis manifests itself"/>
        <comments value="May be a summary code, or a reference to a very precise definition of the location, or both"/>
        <min value="0"/>
        <max value="*"/>
        <constraint>
          <id value="3"/>
          <name value="Location"/>
          <severity value="error"/>
          <human value="location must have code or details"/>
          <xpath value="exists(f:code) or exists(f:details)"/>
        </constraint>
        <mustUnderstand value="false"/>
      </definition>
    </element>
    <element>
      <path value="Problem.location.code"/>
      <definition>
        <short value="Location - may include laterality"/>
        <formal value="Code that identifies the structural location"/>
        <comments value="May include laterality"/>
        <min value="0"/>
        <max value="1"/>
        <type>
          <code value="CodeableConcept"/>
        </type>
        <mustUnderstand value="false"/>
      </definition>
    </element>
    <element>
      <path value="Problem.location.details"/>
      <definition>
        <short value="Precise location details"/>
        <formal value="Detailed and structured anatomical location information"/>
        <min value="0"/>
        <max value="1"/>
        <type>
          <code value="Resource(AnatomicalLocation)"/>
        </type>
        <mustUnderstand value="false"/>
      </definition>
    </element>
    <element>
      <path value="Problem.relatedItem"/>
      <definition>
        <short value="Causes or precedents for this problem"/>
        <formal value="Further problems, diagnoses, procedures or events that are related in some way to this problem/diagnosis, or the substance that caused/triggered this problem"/>
        <comments value="Although a problem may be caused by a substance, this is not intended to be used to record allergies/adverse reactions to substances"/>
        <min value="0"/>
        <max value="*"/>
        <mustUnderstand value="false"/>
      </definition>
    </element>
    <element>
      <path value="Problem.relatedItem.type"/>
      <definition>
        <short value="due-to | follows"/>
        <formal value="The type of relationship that this problem/diagnosis has to the related item"/>
        <min value="1"/>
        <max value="1"/>
        <type>
          <code value="code"/>
        </type>
        <mustUnderstand value="false"/>
        <binding value="ProblemRelationshipType"/>
      </definition>
    </element>
    <element>
      <path value="Problem.relatedItem.target"/>
      <definition>
        <short value="Relationship target"/>
        <formal value="Target of the relationship"/>
        <min value="1"/>
        <max value="1"/>
        <type>
          <code value="Resource(Problem|Procedure|Substance)"/>
        </type>
        <mustUnderstand value="false"/>
      </definition>
    </element>
    <searchParam>
      <name value="category"/>
      <type value="qtoken"/>
      <repeats value="union"/>
      <documentation value="the category of the problem"/>
    </searchParam>
    <searchParam>
      <name value="_id"/>
      <type value="token"/>
      <repeats value="single"/>
      <documentation value="The logical resource id associated with the resource (must be supported by all servers)"/>
    </searchParam>
    <searchParam>
      <name value="status"/>
      <type value="qtoken"/>
      <repeats value="union"/>
      <documentation value="the status of the problem/diagnosis"/>
    </searchParam>
    <searchParam>
      <name value="onset"/>
      <type value="date"/>
      <repeats value="single"/>
      <documentation value="when the problem started (if started on a date)"/>
    </searchParam>
    <searchParam>
      <name value="severity"/>
      <type value="qtoken"/>
      <repeats value="union"/>
      <documentation value="the severity of the problem"/>
    </searchParam>
    <searchParam>
      <name value="code"/>
      <type value="qtoken"/>
      <repeats value="union"/>
      <documentation value="code for the problem/diagnosis"/>
    </searchParam>
  </constraint>
</Profile>