<?xml version="1.0" encoding="UTF-8"?>

<Profile xmlns="http://hl7.org/fhir">
  <text>
    <status value="generated"/><div xmlns="http://www.w3.org/1999/xhtml"><pre>
&lt;<a title="A Resource Profile - a statement of use of one or more FHIR Resources.  It may include constraints on Resources and Data Types, Terminology Binding Statements and Extension Definitions" class="dict" href="profile-definitions.htm#Profile"><b>Profile</b></a> xmlns=&quot;http://hl7.org/fhir&quot;&gt;
 &lt;<a title="A free text natural language name identifying the Profile" class="dict" href="profile-definitions.htm#Profile.name"><b>name</b></a> value=&quot;[<span style="color: darkgreen"><a href="datatypes.htm#string">string</a></span>]&quot;/&gt;<span style="color: Gray">&lt;!--</span> <span style="color: brown"><b>1..1</b></span> <span style="color: navy">Informal name for this profile</span><span style="color: Gray"> --&gt;</span>
 &lt;<a title="The official version of this profile - for external version specific references. This has an arbitrary value managed by the profile author manually" class="dict" href="profile-definitions.htm#Profile.version"><b>version</b></a> value=&quot;[<span style="color: darkgreen"><a href="datatypes.htm#string">string</a></span>]&quot;/&gt;<span style="color: Gray">&lt;!--</span> <span style="color: brown"><b>0..1</b></span> <span style="color: navy">Used by external version specific references</span><span style="color: Gray"> --&gt;</span>
 &lt;<a title="Details of the author who accepts responsibility for publishing the profile" class="dict" href="profile-definitions.htm#Profile.author"><b>author</b></a>&gt;  <span style="color: Gray">&lt;!-- <span style="color: brown"><b>0..*</b></span> (Organization or individual) --&gt;</span>
  &lt;<a title="The name of the individual or organization that contributed to the development of the content of the profile" class="dict" href="profile-definitions.htm#Profile.author.name"><b>name</b></a> value=&quot;[<span style="color: darkgreen"><a href="datatypes.htm#string">string</a></span>]&quot;/&gt;<span style="color: Gray">&lt;!--</span> <span style="color: brown"><b>1..1</b></span> <span style="color: navy">Name of the recognized author</span><span style="color: Gray"> --&gt;</span>
  &lt;<a title="In what fashion this named author contributed to the profile" class="dict" href="profile-definitions.htm#Profile.author.role"><b>role</b></a> value=&quot;[<span style="color: darkgreen"><a href="datatypes.htm#string">string</a></span>]&quot;/&gt;<span style="color: Gray">&lt;!--</span> <span style="color: brown"><b>0..1</b></span> <span style="color: navy">How the author contributed</span><span style="color: Gray"> --&gt;</span>
  &lt;<a title="Contacts of the author to assist a user in finding and communicating with the author" class="dict" href="profile-definitions.htm#Profile.author.telecom"><b>telecom</b></a>&gt;<span style="color: Gray">&lt;!--</span> <span style="color: brown"><b>0..*</b></span> <span style="color: darkgreen"><a href="datatypes.htm#Contact">Contact</a></span> <span style="color: navy">Contact information of the author</span><span style="color: Gray"> --&gt;</span>&lt;/telecom&gt;
 &lt;/author&gt;
 &lt;<a title="A free text natural language description of the profile and its use" class="dict" href="profile-definitions.htm#Profile.description"><b>description</b></a> value=&quot;[<span style="color: darkgreen"><a href="datatypes.htm#string">string</a></span>]&quot;/&gt;<span style="color: Gray">&lt;!--</span> <span style="color: brown"><b>0..1</b></span> <span style="color: navy">Natural language description of the profile</span><span style="color: Gray"> --&gt;</span>
 &lt;<a title="A set of terms from external terminologies that may be used to assist with indexing and searching of templates." class="dict" href="profile-definitions.htm#Profile.code"><b>code</b></a>&gt;<span style="color: Gray">&lt;!--</span> <span style="color: brown"><b>0..*</b></span> <span style="color: darkgreen"><a href="datatypes.htm#Coding">Coding</a></span> <span style="color: navy">Assist with indexing and finding</span><span style="color: Gray"> --&gt;</span>&lt;/code&gt;
 &lt;<a title="Indicates where the profile exists in its overall life-cycle (this element must be understood)" class="dict" href="profile-definitions.htm#Profile.status"><span style="text-decoration: underline"><b>status</b></span></a>&gt;  <span style="color: Gray">&lt;!-- <span style="color: brown"><b>1..1</b></span> Current status --&gt;</span>
  &lt;<a title="A coded value for the position of the profile within its life-cycle (this element must be understood)" class="dict" href="profile-definitions.htm#Profile.status.code"><span style="text-decoration: underline"><b>code</b></span></a> value=&quot;[<span style="color: darkgreen"><a href="datatypes.htm#code">code</a></span>]&quot;/&gt;<span style="color: Gray">&lt;!--</span> <span style="color: brown"><b>1..1</b></span> <span style="color: navy">draft | testing | review | production | withdrawn | superseded</span><span style="color: Gray"> --&gt;</span>
  &lt;<a title="The date that the current value for status was applied to the profile" class="dict" href="profile-definitions.htm#Profile.status.date"><b>date</b></a> value=&quot;[<span style="color: darkgreen"><a href="datatypes.htm#dateTime">dateTime</a></span>]&quot;/&gt;<span style="color: Gray">&lt;!--</span> <span style="color: brown"><b>1..1</b></span> <span style="color: navy">Date for given status</span><span style="color: Gray"> --&gt;</span>
  &lt;<a title="Additional commentary related to the profile&#39;s status" class="dict" href="profile-definitions.htm#Profile.status.comment"><b>comment</b></a> value=&quot;[<span style="color: darkgreen"><a href="datatypes.htm#string">string</a></span>]&quot;/&gt;<span style="color: Gray">&lt;!--</span> <span style="color: brown"><b>0..1</b></span> <span style="color: navy">Supplemental status info</span><span style="color: Gray"> --&gt;</span>
 &lt;/status&gt;
 &lt;<a title="Other profiles that define extensions and bindings that are used in this profile" class="dict" href="profile-definitions.htm#Profile.import"><b>import</b></a>&gt;  <span style="color: Gray">&lt;!-- <span style="color: brown"><b>0..*</b></span> External source of extensions and bindings --&gt;</span>
  &lt;<a title="The identifier for the profile, ideally the URL it can be retrieved from" class="dict" href="profile-definitions.htm#Profile.import.uri"><b>uri</b></a> value=&quot;[<span style="color: darkgreen"><a href="datatypes.htm#uri">uri</a></span>]&quot;/&gt;<span style="color: Gray">&lt;!--</span> <span style="color: brown"><b>1..1</b></span> <span style="color: navy">Profile location</span><span style="color: Gray"> --&gt;</span>
  &lt;<a title="The short label used for display of the profile when uniquely identifying imported extensions" class="dict" href="profile-definitions.htm#Profile.import.prefix"><b>prefix</b></a> value=&quot;[<span style="color: darkgreen"><a href="datatypes.htm#string">string</a></span>]&quot;/&gt;<span style="color: Gray">&lt;!--</span> <span style="color: brown"><b>0..1</b></span> <span style="color: navy">Short form for referencing</span><span style="color: Gray"> --&gt;</span>
 &lt;/import&gt;
 &lt;<a title="If this profile describes a bundle, the first resource in the bundle (usually a Message or a Document)" class="dict" href="profile-definitions.htm#Profile.bundle"><b>bundle</b></a> value=&quot;[<span style="color: darkgreen"><a href="datatypes.htm#code">code</a></span>]&quot;/&gt;<span style="color: Gray">&lt;!--</span> <span style="color: brown"><b>0..1</b></span> <span style="color: navy">If this describes a bundle, the first resource in the bundle</span><span style="color: Gray"> --&gt;</span>
 &lt;<a title="A constraint statement about what contents a resource or data type may have" class="dict" href="profile-definitions.htm#Profile.constraint"><b>constraint</b></a>&gt;  <span style="color: Gray">&lt;!-- <span style="color: brown"><b>0..*</b></span> A constraint on a resource or a data type --&gt;</span>
  &lt;<a title="The Resource or Data type being described" class="dict" href="profile-definitions.htm#Profile.constraint.type"><b>type</b></a> value=&quot;[<span style="color: darkgreen"><a href="datatypes.htm#code">code</a></span>]&quot;/&gt;<span style="color: Gray">&lt;!--</span> <span title="Only complex types can be constrained, not primitive types such as string etc" style="color: deeppink"><b>1..1</b></span> <span style="color: navy">The Resource or Data Type being described</span><span style="color: Gray"> --&gt;</span>
  &lt;<a title="The name of this resource constraint statement (to refer to it from other resource constraints)" class="dict" href="profile-definitions.htm#Profile.constraint.name"><b>name</b></a> value=&quot;[<span style="color: darkgreen"><a href="datatypes.htm#string">string</a></span>]&quot;/&gt;<span style="color: Gray">&lt;!--</span> <span style="color: brown"><b>0..1</b></span> <span style="color: navy">Name for this particular resource profile (internal usage)</span><span style="color: Gray"> --&gt;</span>
  &lt;<a title="Human summary: why describe this resource?" class="dict" href="profile-definitions.htm#Profile.constraint.purpose"><b>purpose</b></a> value=&quot;[<span style="color: darkgreen"><a href="datatypes.htm#string">string</a></span>]&quot;/&gt;<span style="color: Gray">&lt;!--</span> <span style="color: brown"><b>0..1</b></span> <span style="color: navy">Human summary: why describe this resource?</span><span style="color: Gray"> --&gt;</span>
  &lt;<a title="Reference to a resource profile that includes the constraint statement that applies to this resource" class="dict" href="profile-definitions.htm#Profile.constraint.profile"><b>profile</b></a> value=&quot;[<span style="color: darkgreen"><a href="datatypes.htm#uri">uri</a></span>]&quot;/&gt;<span style="color: Gray">&lt;!--</span> <span title="Provide either a profile reference or constraints on the resource elements (but not both)" style="color: deeppink"><b>0..1</b></span> <span style="color: navy">Resource Profile reference (supplies the constraints)</span><span style="color: Gray"> --&gt;</span>
  &lt;<a title="Captures constraints on each element within the resource" class="dict" href="profile-definitions.htm#Profile.constraint.element"><b>element</b></a>&gt;  <span style="color: Gray">&lt;!-- <span title="Provide either a profile reference or constraints on the resource elements (but not both)" style="color: deeppink"><b>0..*</b></span> Definition of elements in the resource (if no profile) --&gt;</span>
   &lt;<a title="The path identifies the element and is expressed as a &quot;.&quot;-separated list of ancestor elements, beginning with the name of the resource" class="dict" href="profile-definitions.htm#Profile.constraint.element.path"><b>path</b></a> value=&quot;[<span style="color: darkgreen"><a href="datatypes.htm#string">string</a></span>]&quot;/&gt;<span style="color: Gray">&lt;!--</span> <span style="color: brown"><b>1..1</b></span> <span style="color: navy">The path of the element (see the formal definitions)</span><span style="color: Gray"> --&gt;</span>
   &lt;<a title="A unique name referring to a specific set of constraints applied to this element" class="dict" href="profile-definitions.htm#Profile.constraint.element.name"><b>name</b></a> value=&quot;[<span style="color: darkgreen"><a href="datatypes.htm#string">string</a></span>]&quot;/&gt;<span style="color: Gray">&lt;!--</span> <span style="color: brown"><b>0..1</b></span> <span style="color: navy">Name of constraint for slicing - see above</span><span style="color: Gray"> --&gt;</span>
   &lt;<a title="Definition of the content of the element to provide a more specific definition than that contained for the element in the base resource" class="dict" href="profile-definitions.htm#Profile.constraint.element.definition"><b>definition</b></a>&gt;  <span style="color: Gray">&lt;!-- <span style="color: brown"><b>1..1</b></span> More specific definition of the element --&gt;</span>
    &lt;<a title="A concise definition that  is shown in the concise XML format that summarizes profiles" class="dict" href="profile-definitions.htm#Profile.constraint.element.definition.short"><b>short</b></a> value=&quot;[<span style="color: darkgreen"><a href="datatypes.htm#string">string</a></span>]&quot;/&gt;<span style="color: Gray">&lt;!--</span> <span style="color: brown"><b>1..1</b></span> <span style="color: navy">Concise definition for xml presentation</span><span style="color: Gray"> --&gt;</span>
    &lt;<a title="The definition must be consistent with the base definition, but convey the meaning of the element in the particular context of use of the resource" class="dict" href="profile-definitions.htm#Profile.constraint.element.definition.formal"><b>formal</b></a> value=&quot;[<span style="color: darkgreen"><a href="datatypes.htm#string">string</a></span>]&quot;/&gt;<span style="color: Gray">&lt;!--</span> <span style="color: brown"><b>1..1</b></span> <span style="color: navy">Formal definition</span><span style="color: Gray"> --&gt;</span>
    &lt;<a title="Comments about the use of the element, including notes about how to use the data properly, exceptions to proper use, etc." class="dict" href="profile-definitions.htm#Profile.constraint.element.definition.comments"><b>comments</b></a> value=&quot;[<span style="color: darkgreen"><a href="datatypes.htm#string">string</a></span>]&quot;/&gt;<span style="color: Gray">&lt;!--</span> <span style="color: brown"><b>0..1</b></span> <span style="color: navy">Comments about the use of this element</span><span style="color: Gray"> --&gt;</span>
    &lt;<a title="Explains why this element is needed and why it&#39;s been constrained as it has" class="dict" href="profile-definitions.htm#Profile.constraint.element.definition.requirements"><b>requirements</b></a> value=&quot;[<span style="color: darkgreen"><a href="datatypes.htm#string">string</a></span>]&quot;/&gt;<span style="color: Gray">&lt;!--</span> <span style="color: brown"><b>0..1</b></span> <span style="color: navy">Why is this needed?</span><span style="color: Gray"> --&gt;</span>
    &lt;<a title="Identifies additional names by which this element might also be known" class="dict" href="profile-definitions.htm#Profile.constraint.element.definition.synonym"><b>synonym</b></a> value=&quot;[<span style="color: darkgreen"><a href="datatypes.htm#string">string</a></span>]&quot;/&gt;<span style="color: Gray">&lt;!--</span> <span style="color: brown"><b>0..*</b></span> <span style="color: navy">Other names</span><span style="color: Gray"> --&gt;</span>
    &lt;<a title="The minimum number of times this element must appear in the instance" class="dict" href="profile-definitions.htm#Profile.constraint.element.definition.min"><b>min</b></a> value=&quot;[<span style="color: darkgreen"><a href="datatypes.htm#integer">integer</a></span>]&quot;/&gt;<span style="color: Gray">&lt;!--</span> <span style="color: brown"><b>1..1</b></span> <span style="color: navy">Minimum Cardinality</span><span style="color: Gray"> --&gt;</span>
    &lt;<a title="The maximum number of times this element is permitted to appear in the instance" class="dict" href="profile-definitions.htm#Profile.constraint.element.definition.max"><b>max</b></a> value=&quot;[<span style="color: darkgreen"><a href="datatypes.htm#string">string</a></span>]&quot;/&gt;<span style="color: Gray">&lt;!--</span> <span title="Max must be a number or &quot;*&quot;" style="color: deeppink"><b>1..1</b></span> <span style="color: navy">Maximum Cardinality (a number or *)</span><span style="color: Gray"> --&gt;</span>
    &lt;<a title="The data type or resource that the value of this element is permitted to be" class="dict" href="profile-definitions.htm#Profile.constraint.element.definition.type"><b>type</b></a>&gt;  <span style="color: Gray">&lt;!-- <span style="color: brown"><b>0..*</b></span> Type of the element --&gt;</span>
     &lt;<a title="Data type or Resource" class="dict" href="profile-definitions.htm#Profile.constraint.element.definition.type.code"><b>code</b></a> value=&quot;[<span style="color: darkgreen"><a href="datatypes.htm#code">code</a></span>]&quot;/&gt;<span style="color: Gray">&lt;!--</span> <span style="color: brown"><b>1..1</b></span> <span style="color: navy">Data type or Resource</span><span style="color: Gray"> --&gt;</span>
     &lt;<a title="Identifies a profile that must hold for resources or datatypes referenced as the type of this element" class="dict" href="profile-definitions.htm#Profile.constraint.element.definition.type.profile"><b>profile</b></a> value=&quot;[<span style="color: darkgreen"><a href="datatypes.htm#uri">uri</a></span>]&quot;/&gt;<span style="color: Gray">&lt;!--</span> <span style="color: brown"><b>0..1</b></span> <span style="color: navy">Profile to apply</span><span style="color: Gray"> --&gt;</span>
    &lt;/type&gt;
    &lt;<a title="Identifies the name of a slice defined elsewhere in the profile whose constraints should be applied to the current element" class="dict" href="profile-definitions.htm#Profile.constraint.element.definition.nameReference"><b>nameReference</b></a> value=&quot;[<span style="color: darkgreen"><a href="datatypes.htm#string">string</a></span>]&quot;/&gt;<span style="color: Gray">&lt;!--</span> <span title="Either a name or a fixed value (but not both) is permitted" style="color: deeppink"><b>0..1</b></span> <span style="color: navy">To another element constraint (by element.name)</span><span style="color: Gray"> --&gt;</span>
    &lt;<a title="Specifies a value that must hold for this element in the instance" class="dict" href="profile-definitions.htm#Profile.constraint.element.definition.value_x_"><b>value[x]</b></a>&gt;<span style="color: Gray">&lt;!--</span> <span title="Either a name or a fixed value (but not both) is permitted; Value may only be specified if the type consists of a single repetition that has a type corresponding to one of the primitive data types." style="color: deeppink"><b>0..1</b></span> <span style="color: navy">Fixed value: [as defined for type]</span><span style="color: Gray"> --&gt;</span>&lt;/value[x]&gt;
    &lt;<a title="Indicates the shortest length that must be supported by conformant instances without truncation" class="dict" href="profile-definitions.htm#Profile.constraint.element.definition.maxLength"><b>maxLength</b></a> value=&quot;[<span style="color: darkgreen"><a href="datatypes.htm#integer">integer</a></span>]&quot;/&gt;<span style="color: Gray">&lt;!--</span> <span style="color: brown"><b>0..1</b></span> <span style="color: navy">Length for strings</span><span style="color: Gray"> --&gt;</span>
    &lt;<a title="A reference to an invariant that may make additional statements about the cardinality in the instance" class="dict" href="profile-definitions.htm#Profile.constraint.element.definition.condition"><b>condition</b></a> value=&quot;[<span style="color: darkgreen"><a href="datatypes.htm#id">id</a></span>]&quot;/&gt;<span style="color: Gray">&lt;!--</span> <span style="color: brown"><b>0..*</b></span> <span style="color: navy">Reference to invariant about presence</span><span style="color: Gray"> --&gt;</span>
    &lt;<a title="Formal constraints such as co-occurrence and other constraints that can be computationally evaluated within the context of the instance" class="dict" href="profile-definitions.htm#Profile.constraint.element.definition.constraint"><b>constraint</b></a>&gt;  <span style="color: Gray">&lt;!-- <span style="color: brown"><b>0..*</b></span> Condition that must evaluate to true --&gt;</span>
     &lt;<a title="Allows identification of which elements have their cardinalities impacted by the constraint.  Will not be referenced for constraints that do not affect cardinality" class="dict" href="profile-definitions.htm#Profile.constraint.element.definition.constraint.id"><b>id</b></a> value=&quot;[<span style="color: darkgreen"><a href="datatypes.htm#id">id</a></span>]&quot;/&gt;<span style="color: Gray">&lt;!--</span> <span style="color: brown"><b>1..1</b></span> <span style="color: navy">Target of &#39;condition&#39; reference above</span><span style="color: Gray"> --&gt;</span>
     &lt;<a title="Used to label the constraint in OCL or in short displays incapable of displaying the full human description" class="dict" href="profile-definitions.htm#Profile.constraint.element.definition.constraint.name"><b>name</b></a> value=&quot;[<span style="color: darkgreen"><a href="datatypes.htm#string">string</a></span>]&quot;/&gt;<span style="color: Gray">&lt;!--</span> <span style="color: brown"><b>0..1</b></span> <span style="color: navy">Short human label</span><span style="color: Gray"> --&gt;</span>
     &lt;<a title="Identifies the impact constraint violation has on the conformance of the instance" class="dict" href="profile-definitions.htm#Profile.constraint.element.definition.constraint.severity"><b>severity</b></a> value=&quot;[<span style="color: darkgreen"><a href="datatypes.htm#code">code</a></span>]&quot;/&gt;<span style="color: Gray">&lt;!--</span> <span style="color: brown"><b>1..1</b></span> <span style="color: navy">error | warning</span><span style="color: Gray"> --&gt;</span>
     &lt;<a title="This is the text that describes the constraint in messages identifying that the constraint has been violated" class="dict" href="profile-definitions.htm#Profile.constraint.element.definition.constraint.human"><b>human</b></a> value=&quot;[<span style="color: darkgreen"><a href="datatypes.htm#string">string</a></span>]&quot;/&gt;<span style="color: Gray">&lt;!--</span> <span style="color: brown"><b>1..1</b></span> <span style="color: navy">Human description of constraint</span><span style="color: Gray"> --&gt;</span>
     &lt;<a title="XPath expression of constraint" class="dict" href="profile-definitions.htm#Profile.constraint.element.definition.constraint.xpath"><b>xpath</b></a> value=&quot;[<span style="color: darkgreen"><a href="datatypes.htm#string">string</a></span>]&quot;/&gt;<span style="color: Gray">&lt;!--</span> <span style="color: brown"><b>1..1</b></span> <span style="color: navy">XPath expression of constraint</span><span style="color: Gray"> --&gt;</span>
     &lt;<a title="OCL expression of constraint" class="dict" href="profile-definitions.htm#Profile.constraint.element.definition.constraint.ocl"><b>ocl</b></a> value=&quot;[<span style="color: darkgreen"><a href="datatypes.htm#string">string</a></span>]&quot;/&gt;<span style="color: Gray">&lt;!--</span> <span style="color: brown"><b>0..1</b></span> <span style="color: navy">OCL expression of constraint</span><span style="color: Gray"> --&gt;</span>
    &lt;/constraint&gt;
    &lt;<a title="If true, conformant resource authors must be capable of providing a value for the element and resource consumers must be capable of extracting and doing something useful with the data element.  If false, the element may be ignored and not supported" class="dict" href="profile-definitions.htm#Profile.constraint.element.definition.mustSupport"><b>mustSupport</b></a> value=&quot;[<span style="color: darkgreen"><a href="datatypes.htm#boolean">boolean</a></span>]&quot;/&gt;<span style="color: Gray">&lt;!--</span> <span style="color: brown"><b>0..1</b></span> <span style="color: navy">If the element must be usable</span><span style="color: Gray"> --&gt;</span>
    &lt;<a title="If true, the element cannot be ignored by systems unless they recognize the element and a pre-determination has been made that it is not relevant to their particular system" class="dict" href="profile-definitions.htm#Profile.constraint.element.definition.mustUnderstand"><b>mustUnderstand</b></a> value=&quot;[<span style="color: darkgreen"><a href="datatypes.htm#boolean">boolean</a></span>]&quot;/&gt;<span style="color: Gray">&lt;!--</span> <span style="color: brown"><b>0..1</b></span> <span style="color: navy">If the element must be understood</span><span style="color: Gray"> --&gt;</span>
    &lt;<a title="Identifies the set of codes that applies to this element if a data type supporting codes is used" class="dict" href="profile-definitions.htm#Profile.constraint.element.definition.binding"><b>binding</b></a> value=&quot;[<span style="color: darkgreen"><a href="datatypes.htm#string">string</a></span>]&quot;/&gt;<span style="color: Gray">&lt;!--</span> <span title="Binding can only be present for coded elements" style="color: deeppink"><b>0..1</b></span> <span style="color: navy">Binding - see bindings below (only if coded)</span><span style="color: Gray"> --&gt;</span>
    &lt;<a title="Identifies a concept from an external specification that roughly corresponds to this element" class="dict" href="profile-definitions.htm#Profile.constraint.element.definition.mapping"><b>mapping</b></a>&gt;  <span style="color: Gray">&lt;!-- <span style="color: brown"><b>0..*</b></span> Map element to another set of definitions --&gt;</span>
     &lt;<a title="The name of the specification is mapping is being expressed to" class="dict" href="profile-definitions.htm#Profile.constraint.element.definition.mapping.target"><b>target</b></a> value=&quot;[<span style="color: darkgreen"><a href="datatypes.htm#string">string</a></span>]&quot;/&gt;<span style="color: Gray">&lt;!--</span> <span style="color: brown"><b>1..1</b></span> <span style="color: navy">Which mapping this is (v2, CDA, openEHR, etc.)</span><span style="color: Gray"> --&gt;</span>
     &lt;<a title="Expresses what part of the target specification corresponds to this element" class="dict" href="profile-definitions.htm#Profile.constraint.element.definition.mapping.map"><b>map</b></a> value=&quot;[<span style="color: darkgreen"><a href="datatypes.htm#string">string</a></span>]&quot;/&gt;<span style="color: Gray">&lt;!--</span> <span style="color: brown"><b>0..1</b></span> <span style="color: navy">Details of the mapping</span><span style="color: Gray"> --&gt;</span>
    &lt;/mapping&gt;
   &lt;/definition&gt;
   &lt;<a title="Whether the Resource that is the value for this element is included in the bundle, if the profile is specifying a bundle" class="dict" href="profile-definitions.htm#Profile.constraint.element.bundled"><b>bundled</b></a> value=&quot;[<span style="color: darkgreen"><a href="datatypes.htm#boolean">boolean</a></span>]&quot;/&gt;<span style="color: Gray">&lt;!--</span> <span title="Bundled may only be specified if one of the allowed types for the element is a resource" style="color: deeppink"><b>0..1</b></span> <span style="color: navy">If type is Resource, is it in the bundle?</span><span style="color: Gray"> --&gt;</span>
  &lt;/element&gt;
  &lt;<a title="Defines additional search parameters for implementations to support and/or make use of" class="dict" href="profile-definitions.htm#Profile.constraint.searchParam"><b>searchParam</b></a>&gt;  <span style="color: Gray">&lt;!-- <span style="color: brown"><b>0..*</b></span> Additional search params defined --&gt;</span>
   &lt;<a title="Corresponds to the name of the standard or custom search parameter" class="dict" href="profile-definitions.htm#Profile.constraint.searchParam.name"><b>name</b></a> value=&quot;[<span style="color: darkgreen"><a href="datatypes.htm#string">string</a></span>]&quot;/&gt;<span style="color: Gray">&lt;!--</span> <span style="color: brown"><b>1..1</b></span> <span style="color: navy">Name of search parameter</span><span style="color: Gray"> --&gt;</span>
   &lt;<a title="The type of value a search parameter refers to, and how the content is interpreted" class="dict" href="profile-definitions.htm#Profile.constraint.searchParam.type"><b>type</b></a> value=&quot;[<span style="color: darkgreen"><a href="datatypes.htm#code">code</a></span>]&quot;/&gt;<span style="color: Gray">&lt;!--</span> <span style="color: brown"><b>1..1</b></span> <span style="color: navy">Type of search parameter</span><span style="color: Gray"> --&gt;</span>
   &lt;<a title="Whether multiple uses of the parameter are allowed in searches, and if they are, how the multiple values are understood" class="dict" href="profile-definitions.htm#Profile.constraint.searchParam.repeats"><b>repeats</b></a> value=&quot;[<span style="color: darkgreen"><a href="datatypes.htm#code">code</a></span>]&quot;/&gt;<span style="color: Gray">&lt;!--</span> <span style="color: brown"><b>1..1</b></span> <span style="color: navy">If multiples are allowed, and what it means</span><span style="color: Gray"> --&gt;</span>
   &lt;<a title="For standard parameters, provides additional information on how the parameter is used in this solution.  For custom parameters, provides a description of what the parameter does" class="dict" href="profile-definitions.htm#Profile.constraint.searchParam.documentation"><b>documentation</b></a> value=&quot;[<span style="color: darkgreen"><a href="datatypes.htm#string">string</a></span>]&quot;/&gt;<span style="color: Gray">&lt;!--</span> <span style="color: brown"><b>1..1</b></span> <span style="color: navy">Contents and meaning of search parameter</span><span style="color: Gray"> --&gt;</span>
  &lt;/searchParam&gt;
 &lt;/constraint&gt;
 &lt;<a title="An extension defined as part of the profile" class="dict" href="profile-definitions.htm#Profile.extensionDefn"><b>extensionDefn</b></a>&gt;  <span style="color: Gray">&lt;!-- <span style="color: brown"><b>0..*</b></span> Definition of an extension --&gt;</span>
  &lt;<a title="A unique code (within the profile) used to identify the extension" class="dict" href="profile-definitions.htm#Profile.extensionDefn.id"><b>id</b></a> value=&quot;[<span style="color: darkgreen"><a href="datatypes.htm#id">id</a></span>]&quot;/&gt;<span style="color: Gray">&lt;!--</span> <span title="Codes must be unique in the context of a profile" style="color: deeppink"><b>1..1</b></span> <span style="color: navy">Identifies the extension in this profile</span><span style="color: Gray"> --&gt;</span>
  &lt;<a title="Identifies the type of context to which the extension applies" class="dict" href="profile-definitions.htm#Profile.extensionDefn.contextType"><b>contextType</b></a> value=&quot;[<span style="color: darkgreen"><a href="datatypes.htm#code">code</a></span>]&quot;/&gt;<span style="color: Gray">&lt;!--</span> <span style="color: brown"><b>1..1</b></span> <span style="color: navy">resource | datatype | mapping | extension</span><span style="color: Gray"> --&gt;</span>
  &lt;<a title="Identifies the types of resource or data type elements to which the extension can be applied" class="dict" href="profile-definitions.htm#Profile.extensionDefn.context"><b>context</b></a> value=&quot;[<span style="color: darkgreen"><a href="datatypes.htm#string">string</a></span>]&quot;/&gt;<span style="color: Gray">&lt;!--</span> <span style="color: brown"><b>1..*</b></span> <span style="color: navy">Where the extension can be used in instances</span><span style="color: Gray"> --&gt;</span>
  &lt;<a title="Definition of the extension and its content" class="dict" href="profile-definitions.htm#Profile.extensionDefn.definition"><b>definition</b></a>&gt;<span style="color: Gray">&lt;!--</span> <span style="color: brown"><b>1..1</b></span> <span style="color: darkgreen">Content as for Profile.constraint.element.definition</span> <span style="color: navy">Definition of the extension and its content</span><span style="color: Gray"> --&gt;</span>&lt;/definition&gt;
 &lt;/extensionDefn&gt;
 &lt;<a title="Defines a linkage between a vocabulary binding name used in the profile (or expected to be used in profile importing this one) and a value set or code list" class="dict" href="profile-definitions.htm#Profile.binding"><b>binding</b></a>&gt;  <span style="color: Gray">&lt;!-- <span style="color: brown"><b>0..*</b></span> Define code sets for coded elements --&gt;</span>
  &lt;<a title="The name to be associated with this set of codes" class="dict" href="profile-definitions.htm#Profile.binding.name"><b>name</b></a> value=&quot;[<span style="color: darkgreen"><a href="datatypes.htm#string">string</a></span>]&quot;/&gt;<span style="color: Gray">&lt;!--</span> <span title="Binding name must be unique in the context of a profile" style="color: deeppink"><b>1..1</b></span> <span style="color: navy">Binding name</span><span style="color: Gray"> --&gt;</span>
  &lt;<a title="Describes the intended use of this particular set of codes" class="dict" href="profile-definitions.htm#Profile.binding.definition"><b>definition</b></a> value=&quot;[<span style="color: darkgreen"><a href="datatypes.htm#string">string</a></span>]&quot;/&gt;<span style="color: Gray">&lt;!--</span> <span style="color: brown"><b>0..1</b></span> <span style="color: navy">Human explanation of the binding</span><span style="color: Gray"> --&gt;</span>
  &lt;<a title="Identifies how the set of codes for this binding is being defined" class="dict" href="profile-definitions.htm#Profile.binding.type"><b>type</b></a> value=&quot;[<span style="color: darkgreen"><a href="datatypes.htm#code">code</a></span>]&quot;/&gt;<span style="color: Gray">&lt;!--</span> <span style="color: brown"><b>1..1</b></span> <span style="color: navy">valueset | codelist | reference | special</span><span style="color: Gray"> --&gt;</span>
  &lt;<a title="If true, then conformant systems may use additional codes or (where the data type permits) text alone to convey concepts not covered by the set of codes identified in the binding.  If false, then conformant systems are constrained to the provided codes alone" class="dict" href="profile-definitions.htm#Profile.binding.isExtensible"><b>isExtensible</b></a> value=&quot;[<span style="color: darkgreen"><a href="datatypes.htm#boolean">boolean</a></span>]&quot;/&gt;<span style="color: Gray">&lt;!--</span> <span style="color: brown"><b>1..1</b></span> <span style="color: navy">Can additional codes be used?</span><span style="color: Gray"> --&gt;</span>
  &lt;<a title="Indicates the degree of conformance expectations associated with this binding" class="dict" href="profile-definitions.htm#Profile.binding.conformance"><b>conformance</b></a> value=&quot;[<span style="color: darkgreen"><a href="datatypes.htm#code">code</a></span>]&quot;/&gt;<span style="color: Gray">&lt;!--</span> <span style="color: brown"><b>1..1</b></span> <span style="color: navy">required | preferred | example</span><span style="color: Gray"> --&gt;</span>
  &lt;<a title="Points to the value set or external definition that identifies the set of codes to be used" class="dict" href="profile-definitions.htm#Profile.binding.reference"><b>reference</b></a> value=&quot;[<span style="color: darkgreen"><a href="datatypes.htm#uri">uri</a></span>]&quot;/&gt;<span style="color: Gray">&lt;!--</span> <span title="reference must be present and may only be present if binding type is &quot;reference&quot; or &quot;valueset&quot;" style="color: deeppink"><b>0..1</b></span> <span style="color: navy">Source of binding content</span><span style="color: Gray"> --&gt;</span>
  &lt;<a title="Identifies the codes forming the code list for the binding" class="dict" href="profile-definitions.htm#Profile.binding.concept"><b>concept</b></a>&gt;  <span style="color: Gray">&lt;!-- <span title="reference must be present and may only be present if binding type is &quot;reference&quot; or &quot;valueset&quot;" style="color: deeppink"><b>0..*</b></span> Enumerated codes that are the binding --&gt;</span>
   &lt;<a title="Identifies the code referenced or being defined as part of the binding" class="dict" href="profile-definitions.htm#Profile.binding.concept.code"><b>code</b></a> value=&quot;[<span style="color: darkgreen"><a href="datatypes.htm#string">string</a></span>]&quot;/&gt;<span style="color: Gray">&lt;!--</span> <span style="color: brown"><b>1..1</b></span> <span style="color: navy">Code to use for this concept</span><span style="color: Gray"> --&gt;</span>
   &lt;<a title="Identifies the system in which the referenced code is defined" class="dict" href="profile-definitions.htm#Profile.binding.concept.system"><b>system</b></a> value=&quot;[<span style="color: darkgreen"><a href="datatypes.htm#uri">uri</a></span>]&quot;/&gt;<span style="color: Gray">&lt;!--</span> <span style="color: brown"><b>0..1</b></span> <span style="color: navy">Source for the code, if taken from another system</span><span style="color: Gray"> --&gt;</span>
   &lt;<a title="Identifies the text to be displayed to the user for this code.  If none provided, then the code itself is displayed" class="dict" href="profile-definitions.htm#Profile.binding.concept.display"><b>display</b></a> value=&quot;[<span style="color: darkgreen"><a href="datatypes.htm#string">string</a></span>]&quot;/&gt;<span style="color: Gray">&lt;!--</span> <span style="color: brown"><b>0..1</b></span> <span style="color: navy">Print name - defaults to code</span><span style="color: Gray"> --&gt;</span>
   &lt;<a title="A free-text description of the meaning of this code" class="dict" href="profile-definitions.htm#Profile.binding.concept.definition"><b>definition</b></a> value=&quot;[<span style="color: darkgreen"><a href="datatypes.htm#string">string</a></span>]&quot;/&gt;<span style="color: Gray">&lt;!--</span> <span style="color: brown"><b>1..1</b></span> <span style="color: navy">Meaning of the concept</span><span style="color: Gray"> --&gt;</span>
  &lt;/concept&gt;
 &lt;/binding&gt;
&lt;/Profile&gt;
</pre></div>
  </text>
  <name value="profile"/>
  <author>
    <name value="todo (committee)"/>
  </author>
  <description value="Basic Profile. A Resource Profile - a statement of use of one or more FHIR Resources.  It may include constraints on Resources and Data Types, Terminology Binding Statements and Extension Definitions"/>
  <status>
    <code value="testing"/>
    <date value="2013-04-09"/>
  </status>
  <constraint>
    <type value="Profile"/>
    <element>
      <path value="Profile"/>
      <definition>
        <short value="Resource Profile"/>
        <formal value="A Resource Profile - a statement of use of one or more FHIR Resources.  It may include constraints on Resources and Data Types, Terminology Binding Statements and Extension Definitions"/>
        <comments value="Often called a clinical template"/>
        <min value="1"/>
        <max value="1"/>
        <type>
          <code value="Resource"/>
        </type>
        <constraint>
          <id value="8"/>
          <severity value="error"/>
          <human value="Must define at least one resource constraint, extension definition or binding"/>
          <xpath value="exists(f:constraint) or exists(f:extensionDefn) or exists(f:binding)"/>
        </constraint>
        <mustUnderstand value="false"/>
      </definition>
    </element>
    <element>
      <path value="Profile.extension"/>
      <definition>
        <short value="Additional Content defined by implementations"/>
        <formal value="May be used to represent additional information that is not part of the basic definition of the resource. In order to make the use of extensions safe and manageable, there is a strict governance applied to the definition and use of extensions. Though any implementer is allowed to define an extension, there is a set of requirements that must be met as part of the definition of the extension"/>
        <comments value="there can be no stigma
associated with the use of extensions by any application, project, or standard - regardless of the institution or jurisdiction that uses or defines the extensions.  The use of extensions is what allows the FHIR specification to retain a core simplicity for everyone"/>
        <synonym value="extensions"/>
        <synonym value="user content"/>
        <min value="0"/>
        <max value="*"/>
        <type>
          <code value="Extension"/>
        </type>
      </definition>
    </element>
    <element>
      <path value="Profile.text"/>
      <definition>
        <short value="Text summary of the resource, for human interpretation"/>
        <formal value="A human readable narrative that contains a summary of the resource, and may be used to represent the content of the resource to a human. The narrative need not encode all the structured data, but is required to contain sufficient detail to make it &quot;clinically safe&quot; for a human to just read the narrative. Resource definitions may define what content should be represented in the narrative to ensure clinical safety"/>
        <comments value="Contained resources do not have narrative. Resources that are not contained SHOULD have a narrative"/>
        <synonym value="narrative"/>
        <synonym value="html"/>
        <synonym value="xhtml"/>
        <synonym value="display"/>
        <min value="0"/>
        <max value="1"/>
        <type>
          <code value="Narrative"/>
        </type>
      </definition>
    </element>
    <element>
      <path value="Profile.contained"/>
      <definition>
        <short value="Contained, inline Resources"/>
        <formal value="These resources do not have an independent existence apart from the resource that contains them - they cannot be identified independently, and nor can they have their own independent transaction scope"/>
        <comments value="This should never be done when the content can be identified properly, as once identification is lost, it is extremely difficult (and context dependent) to restore it again"/>
        <synonym value="inline resources"/>
        <synonym value="anonymous resources"/>
        <synonym value="contained resources"/>
        <min value="0"/>
        <max value="*"/>
        <type>
          <code value="Resource"/>
        </type>
      </definition>
    </element>
    <element>
      <path value="Profile.name"/>
      <definition>
        <short value="Informal name for this profile"/>
        <formal value="A free text natural language name identifying the Profile"/>
        <comments value="Not expected to be globally unique"/>
        <min value="1"/>
        <max value="1"/>
        <type>
          <code value="string"/>
        </type>
        <mustUnderstand value="false"/>
      </definition>
    </element>
    <element>
      <path value="Profile.version"/>
      <definition>
        <short value="Used by external version specific references"/>
        <formal value="The official version of this profile - for external version specific references. This has an arbitrary value managed by the profile author manually"/>
        <min value="0"/>
        <max value="1"/>
        <type>
          <code value="string"/>
        </type>
        <mustUnderstand value="false"/>
      </definition>
    </element>
    <element>
      <path value="Profile.author"/>
      <definition>
        <short value="(Organization or individual)"/>
        <formal value="Details of the author who accepts responsibility for publishing the profile"/>
        <comments value="Usually an organization, but may be an individual. This item SHOULD be populated unless the information is available from context."/>
        <min value="0"/>
        <max value="*"/>
        <mustUnderstand value="false"/>
      </definition>
    </element>
    <element>
      <path value="Profile.author.name"/>
      <definition>
        <short value="Name of the recognized author"/>
        <formal value="The name of the individual or organization that contributed to the development of the content of the profile"/>
        <min value="1"/>
        <max value="1"/>
        <type>
          <code value="string"/>
        </type>
        <mustUnderstand value="false"/>
      </definition>
    </element>
    <element>
      <path value="Profile.author.role"/>
      <definition>
        <short value="How the author contributed"/>
        <formal value="In what fashion this named author contributed to the profile"/>
        <min value="0"/>
        <max value="1"/>
        <type>
          <code value="string"/>
        </type>
        <mustUnderstand value="false"/>
      </definition>
    </element>
    <element>
      <path value="Profile.author.telecom"/>
      <definition>
        <short value="Contact information of the author"/>
        <formal value="Contacts of the author to assist a user in finding and communicating with the author"/>
        <comments value="May be a web site, an email address, a telephone number (tel:), etc."/>
        <min value="0"/>
        <max value="*"/>
        <type>
          <code value="Contact"/>
        </type>
        <mustUnderstand value="false"/>
      </definition>
    </element>
    <element>
      <path value="Profile.description"/>
      <definition>
        <short value="Natural language description of the profile"/>
        <formal value="A free text natural language description of the profile and its use"/>
        <comments value="This field can be used for things such as why the profile was written, comments about misuse, instructions for clinical use and interpretation, literature references, examples from the paper world, etc.  It is *not* a rendering of the profile as conveyed in Profile.text. This item SHOULD be populated unless the information is available from context."/>
        <min value="0"/>
        <max value="1"/>
        <type>
          <code value="string"/>
        </type>
        <mustUnderstand value="false"/>
      </definition>
    </element>
    <element>
      <path value="Profile.code"/>
      <definition>
        <short value="Assist with indexing and finding"/>
        <formal value="A set of terms from external terminologies that may be used to assist with indexing and searching of templates."/>
        <min value="0"/>
        <max value="*"/>
        <type>
          <code value="Coding"/>
        </type>
        <mustUnderstand value="false"/>
      </definition>
    </element>
    <element>
      <path value="Profile.status"/>
      <definition>
        <short value="Current status"/>
        <formal value="Indicates where the profile exists in its overall life-cycle"/>
        <min value="1"/>
        <max value="1"/>
        <mustUnderstand value="true"/>
      </definition>
    </element>
    <element>
      <path value="Profile.status.code"/>
      <definition>
        <short value="draft | testing | review | production | withdrawn | superseded"/>
        <formal value="A coded value for the position of the profile within its life-cycle"/>
        <min value="1"/>
        <max value="1"/>
        <type>
          <code value="code"/>
        </type>
        <mustUnderstand value="true"/>
        <binding value="ResourceProfileStatus"/>
      </definition>
    </element>
    <element>
      <path value="Profile.status.date"/>
      <definition>
        <short value="Date for given status"/>
        <formal value="The date that the current value for status was applied to the profile"/>
        <min value="1"/>
        <max value="1"/>
        <type>
          <code value="dateTime"/>
        </type>
        <mustUnderstand value="false"/>
      </definition>
    </element>
    <element>
      <path value="Profile.status.comment"/>
      <definition>
        <short value="Supplemental status info"/>
        <formal value="Additional commentary related to the profile&#39;s status"/>
        <min value="0"/>
        <max value="1"/>
        <type>
          <code value="string"/>
        </type>
        <mustUnderstand value="false"/>
      </definition>
    </element>
    <element>
      <path value="Profile.import"/>
      <definition>
        <short value="External source of extensions and bindings"/>
        <formal value="Other profiles that define extensions and bindings that are used in this profile"/>
        <min value="0"/>
        <max value="*"/>
        <mustUnderstand value="false"/>
      </definition>
    </element>
    <element>
      <path value="Profile.import.uri"/>
      <definition>
        <short value="Profile location"/>
        <formal value="The identifier for the profile, ideally the URL it can be retrieved from"/>
        <comments value="Any resource definitions from these other profiles are not imported"/>
        <min value="1"/>
        <max value="1"/>
        <type>
          <code value="uri"/>
        </type>
        <mustUnderstand value="false"/>
      </definition>
    </element>
    <element>
      <path value="Profile.import.prefix"/>
      <definition>
        <short value="Short form for referencing"/>
        <formal value="The short label used for display of the profile when uniquely identifying imported extensions"/>
        <comments value="Profile instances are always conveyed using full URIs - the prefix is solely for use by entry and rendering tools"/>
        <min value="0"/>
        <max value="1"/>
        <type>
          <code value="string"/>
        </type>
        <mustUnderstand value="false"/>
      </definition>
    </element>
    <element>
      <path value="Profile.bundle"/>
      <definition>
        <short value="If this describes a bundle, the first resource in the bundle"/>
        <formal value="If this profile describes a bundle, the first resource in the bundle (usually a Message or a Document)"/>
        <min value="0"/>
        <max value="1"/>
        <type>
          <code value="code"/>
        </type>
        <mustUnderstand value="false"/>
        <binding value="ResourceType"/>
      </definition>
    </element>
    <element>
      <path value="Profile.constraint"/>
      <definition>
        <short value="A constraint on a resource or a data type"/>
        <formal value="A constraint statement about what contents a resource or data type may have"/>
        <min value="0"/>
        <max value="*"/>
        <constraint>
          <id value="1"/>
          <severity value="error"/>
          <human value="Provide either a profile reference or constraints on the resource elements (but not both)"/>
          <xpath value="exists(f:profile) != exists(f:element)"/>
        </constraint>
        <constraint>
          <id value="12"/>
          <severity value="error"/>
          <human value="Only complex types can be constrained, not primitive types such as string etc"/>
          <xpath value="upper-case(substring(f:type,1,1))=substring(f:type,1,1)"/>
        </constraint>
        <mustUnderstand value="false"/>
      </definition>
    </element>
    <element>
      <path value="Profile.constraint.type"/>
      <definition>
        <short value="The Resource or Data Type being described"/>
        <formal value="The Resource or Data type being described"/>
        <comments value="Only complex types can be constrained, not primitive types such as string etc"/>
        <min value="1"/>
        <max value="1"/>
        <type>
          <code value="code"/>
        </type>
        <mustUnderstand value="false"/>
        <binding value="FHIRContentType"/>
      </definition>
    </element>
    <element>
      <path value="Profile.constraint.name"/>
      <definition>
        <short value="Name for this particular resource profile (internal usage)"/>
        <formal value="The name of this resource constraint statement (to refer to it from other resource constraints)"/>
        <comments value="This field is the target for a resource.profile"/>
        <min value="0"/>
        <max value="1"/>
        <type>
          <code value="string"/>
        </type>
        <mustUnderstand value="false"/>
      </definition>
    </element>
    <element>
      <path value="Profile.constraint.purpose"/>
      <definition>
        <short value="Human summary: why describe this resource?"/>
        <formal value="Human summary: why describe this resource?"/>
        <min value="0"/>
        <max value="1"/>
        <type>
          <code value="string"/>
        </type>
        <mustUnderstand value="false"/>
      </definition>
    </element>
    <element>
      <path value="Profile.constraint.profile"/>
      <definition>
        <short value="Resource Profile reference (supplies the constraints)"/>
        <formal value="Reference to a resource profile that includes the constraint statement that applies to this resource"/>
        <min value="0"/>
        <max value="1"/>
        <type>
          <code value="uri"/>
        </type>
        <mustUnderstand value="false"/>
      </definition>
    </element>
    <element>
      <path value="Profile.constraint.element"/>
      <definition>
        <short value="Definition of elements in the resource (if no profile)"/>
        <formal value="Captures constraints on each element within the resource"/>
        <min value="0"/>
        <max value="*"/>
        <constraint>
          <id value="9"/>
          <severity value="error"/>
          <human value="Bundled may only be specified if one of the allowed types for the element is a resource"/>
          <xpath value="not(exists(f:bundled)) or exists(f:definition/f:type/f:code[starts-with(@value, &#39;Resource(&#39;)])"/>
        </constraint>
        <mustUnderstand value="false"/>
      </definition>
    </element>
    <element>
      <path value="Profile.constraint.element.path"/>
      <definition>
        <short value="The path of the element (see the formal definitions)"/>
        <formal value="The path identifies the element and is expressed as a &quot;.&quot;-separated list of ancestor elements, beginning with the name of the resource"/>
        <min value="1"/>
        <max value="1"/>
        <type>
          <code value="string"/>
        </type>
        <mustUnderstand value="false"/>
      </definition>
    </element>
    <element>
      <path value="Profile.constraint.element.name"/>
      <definition>
        <short value="Name of constraint for slicing - see above"/>
        <formal value="A unique name referring to a specific set of constraints applied to this element"/>
        <comments value="The name must be unique within the profile and all imported profiles within the context of the constrained resource element.  (Though to avoid confusion, uniqueness across all elements is recommended.)"/>
        <min value="0"/>
        <max value="1"/>
        <type>
          <code value="string"/>
        </type>
        <mustUnderstand value="false"/>
      </definition>
    </element>
    <element>
      <path value="Profile.constraint.element.definition"/>
      <definition>
        <short value="More specific definition of the element"/>
        <formal value="Definition of the content of the element to provide a more specific definition than that contained for the element in the base resource"/>
        <comments value="The definition must be a proper constraint on the definition of the base resource"/>
        <min value="1"/>
        <max value="1"/>
        <constraint>
          <id value="2"/>
          <severity value="error"/>
          <human value="Either a name or a fixed value (but not both) is permitted"/>
          <xpath value="not(exists(f:nameReference) and exists(f:*[starts-with(local-name(.), &#39;value&#39;)]))"/>
        </constraint>
        <constraint>
          <id value="10"/>
          <severity value="error"/>
          <human value="Value may only be specified if the type consists of a single repetition that has a type corresponding to one of the primitive data types."/>
          <xpath value="not(exists(f:*[starts-with(local-name(.), &#39;value&#39;)])) or (count(f:type)=1 and f:type/f:code[substring(@value,1,1)=lower-case(substring(@value,1,1))])"/>
        </constraint>
        <constraint>
          <id value="7"/>
          <severity value="error"/>
          <human value="Binding can only be present for coded elements"/>
          <xpath value="not(exists(f:binding)) or f:type/f:code/@value=(&#39;code&#39;,&#39;Coding&#39;,&#39;CodeableConcept&#39;)"/>
        </constraint>
        <mustUnderstand value="false"/>
      </definition>
    </element>
    <element>
      <path value="Profile.constraint.element.definition.short"/>
      <definition>
        <short value="Concise definition for xml presentation"/>
        <formal value="A concise definition that  is shown in the concise XML format that summarizes profiles"/>
        <comments value="May change the term to provide language more appropriate to the context of the profile or to reflect slicing"/>
        <min value="1"/>
        <max value="1"/>
        <type>
          <code value="string"/>
        </type>
        <mustUnderstand value="false"/>
      </definition>
    </element>
    <element>
      <path value="Profile.constraint.element.definition.formal"/>
      <definition>
        <short value="Formal definition"/>
        <formal value="The definition must be consistent with the base definition, but convey the meaning of the element in the particular context of use of the resource"/>
        <comments value="It is easy for a different definition to change the meaning of an element and this can have nasty downstream consequences. Please be careful when providing definitions"/>
        <min value="1"/>
        <max value="1"/>
        <type>
          <code value="string"/>
        </type>
        <mustUnderstand value="false"/>
      </definition>
    </element>
    <element>
      <path value="Profile.constraint.element.definition.comments"/>
      <definition>
        <short value="Comments about the use of this element"/>
        <formal value="Comments about the use of the element, including notes about how to use the data properly, exceptions to proper use, etc."/>
        <comments value="If it is possible to capture usage rules using invariants, that mechanism should be used in preference to this element"/>
        <min value="0"/>
        <max value="1"/>
        <type>
          <code value="string"/>
        </type>
        <mustUnderstand value="false"/>
      </definition>
    </element>
    <element>
      <path value="Profile.constraint.element.definition.requirements"/>
      <definition>
        <short value="Why is this needed?"/>
        <formal value="Explains why this element is needed and why it&#39;s been constrained as it has"/>
        <min value="0"/>
        <max value="1"/>
        <type>
          <code value="string"/>
        </type>
        <mustUnderstand value="false"/>
      </definition>
    </element>
    <element>
      <path value="Profile.constraint.element.definition.synonym"/>
      <definition>
        <short value="Other names"/>
        <formal value="Identifies additional names by which this element might also be known"/>
        <min value="0"/>
        <max value="*"/>
        <type>
          <code value="string"/>
        </type>
        <mustUnderstand value="false"/>
      </definition>
    </element>
    <element>
      <path value="Profile.constraint.element.definition.min"/>
      <definition>
        <short value="Minimum Cardinality"/>
        <formal value="The minimum number of times this element must appear in the instance"/>
        <min value="1"/>
        <max value="1"/>
        <type>
          <code value="integer"/>
        </type>
        <mustUnderstand value="false"/>
      </definition>
    </element>
    <element>
      <path value="Profile.constraint.element.definition.max"/>
      <definition>
        <short value="Maximum Cardinality (a number or *)"/>
        <formal value="The maximum number of times this element is permitted to appear in the instance"/>
        <min value="1"/>
        <max value="1"/>
        <type>
          <code value="string"/>
        </type>
        <constraint>
          <id value="6"/>
          <severity value="error"/>
          <human value="Max must be a number or &quot;*&quot;"/>
          <xpath value="@value=&#39;*&#39; or (normalize-space(@value)!=&#39;&#39; and normalize-space(translate(@value, &#39;0123456789&#39;,&#39;&#39;))=&#39;&#39;)"/>
        </constraint>
        <mustUnderstand value="false"/>
      </definition>
    </element>
    <element>
      <path value="Profile.constraint.element.definition.type"/>
      <definition>
        <short value="Type of the element"/>
        <formal value="The data type or resource that the value of this element is permitted to be"/>
        <min value="0"/>
        <max value="*"/>
        <mustUnderstand value="false"/>
      </definition>
    </element>
    <element>
      <path value="Profile.constraint.element.definition.type.code"/>
      <definition>
        <short value="Data type or Resource"/>
        <formal value="Data type or Resource"/>
        <min value="1"/>
        <max value="1"/>
        <type>
          <code value="code"/>
        </type>
        <mustUnderstand value="false"/>
        <binding value="DataType"/>
      </definition>
    </element>
    <element>
      <path value="Profile.constraint.element.definition.type.profile"/>
      <definition>
        <short value="Profile to apply"/>
        <formal value="Identifies a profile that must hold for resources or datatypes referenced as the type of this element"/>
        <comments value="The reference might be a simple name in the form #[name], which is a reference to another named constraint in a resource - where the resource contains more than one constraint, or a URL which is a reference to a resource Profile"/>
        <min value="0"/>
        <max value="1"/>
        <type>
          <code value="uri"/>
        </type>
        <mustUnderstand value="false"/>
      </definition>
    </element>
    <element>
      <path value="Profile.constraint.element.definition.nameReference"/>
      <definition>
        <short value="To another element constraint (by element.name)"/>
        <formal value="Identifies the name of a slice defined elsewhere in the profile whose constraints should be applied to the current element"/>
        <comments value="If child components of this element are defined, they act as constraints on the referenced slice"/>
        <min value="0"/>
        <max value="1"/>
        <type>
          <code value="string"/>
        </type>
        <mustUnderstand value="false"/>
      </definition>
    </element>
    <element>
      <path value="Profile.constraint.element.definition.value[x]"/>
      <definition>
        <short value="Fixed value: [as defined for type]"/>
        <formal value="Specifies a value that must hold for this element in the instance"/>
        <comments value="To specify a fixed value for a complex data type, include the child elements for the type and specify fixed values for each property independently"/>
        <min value="0"/>
        <max value="1"/>
        <type>
          <code value="*"/>
        </type>
        <mustUnderstand value="false"/>
      </definition>
    </element>
    <element>
      <path value="Profile.constraint.element.definition.maxLength"/>
      <definition>
        <short value="Length for strings"/>
        <formal value="Indicates the shortest length that must be supported by conformant instances without truncation"/>
        <comments value="If not specified, there is no conformance expectation for length support"/>
        <min value="0"/>
        <max value="1"/>
        <type>
          <code value="integer"/>
        </type>
        <mustUnderstand value="false"/>
      </definition>
    </element>
    <element>
      <path value="Profile.constraint.element.definition.condition"/>
      <definition>
        <short value="Reference to invariant about presence"/>
        <formal value="A reference to an invariant that may make additional statements about the cardinality in the instance"/>
        <min value="0"/>
        <max value="*"/>
        <type>
          <code value="id"/>
        </type>
        <mustUnderstand value="false"/>
      </definition>
    </element>
    <element>
      <path value="Profile.constraint.element.definition.constraint"/>
      <definition>
        <short value="Condition that must evaluate to true"/>
        <formal value="Formal constraints such as co-occurrence and other constraints that can be computationally evaluated within the context of the instance"/>
        <comments value="Constraints should be declared on the &quot;context&quot; element - the lowest element in the hierarchy that is common to all nodes referenced by the constraint"/>
        <min value="0"/>
        <max value="*"/>
        <mustUnderstand value="false"/>
      </definition>
    </element>
    <element>
      <path value="Profile.constraint.element.definition.constraint.id"/>
      <definition>
        <short value="Target of &#39;condition&#39; reference above"/>
        <formal value="Allows identification of which elements have their cardinalities impacted by the constraint.  Will not be referenced for constraints that do not affect cardinality"/>
        <min value="1"/>
        <max value="1"/>
        <type>
          <code value="id"/>
        </type>
        <mustUnderstand value="false"/>
      </definition>
    </element>
    <element>
      <path value="Profile.constraint.element.definition.constraint.name"/>
      <definition>
        <short value="Short human label"/>
        <formal value="Used to label the constraint in OCL or in short displays incapable of displaying the full human description"/>
        <min value="0"/>
        <max value="1"/>
        <type>
          <code value="string"/>
        </type>
        <mustUnderstand value="false"/>
      </definition>
    </element>
    <element>
      <path value="Profile.constraint.element.definition.constraint.severity"/>
      <definition>
        <short value="error | warning"/>
        <formal value="Identifies the impact constraint violation has on the conformance of the instance"/>
        <comments value="This allows constraints to be asserted as &quot;shall&quot; (error) and &quot;should&quot; (warning)"/>
        <min value="1"/>
        <max value="1"/>
        <type>
          <code value="code"/>
        </type>
        <mustUnderstand value="false"/>
        <binding value="ConstraintSeverity"/>
      </definition>
    </element>
    <element>
      <path value="Profile.constraint.element.definition.constraint.human"/>
      <definition>
        <short value="Human description of constraint"/>
        <formal value="This is the text that describes the constraint in messages identifying that the constraint has been violated"/>
        <comments value="Should be expressed in business terms as much as possible"/>
        <min value="1"/>
        <max value="1"/>
        <type>
          <code value="string"/>
        </type>
        <mustUnderstand value="false"/>
      </definition>
    </element>
    <element>
      <path value="Profile.constraint.element.definition.constraint.xpath"/>
      <definition>
        <short value="XPath expression of constraint"/>
        <formal value="XPath expression of constraint"/>
        <comments value="Elements must use &quot;f&quot; as the namespace prefix and must not use any other prefixes"/>
        <min value="1"/>
        <max value="1"/>
        <type>
          <code value="string"/>
        </type>
        <mustUnderstand value="false"/>
      </definition>
    </element>
    <element>
      <path value="Profile.constraint.element.definition.constraint.ocl"/>
      <definition>
        <short value="OCL expression of constraint"/>
        <formal value="OCL expression of constraint"/>
        <min value="0"/>
        <max value="1"/>
        <type>
          <code value="string"/>
        </type>
        <mustUnderstand value="false"/>
      </definition>
    </element>
    <element>
      <path value="Profile.constraint.element.definition.mustSupport"/>
      <definition>
        <short value="If the element must be usable"/>
        <formal value="If true, conformant resource authors must be capable of providing a value for the element and resource consumers must be capable of extracting and doing something useful with the data element.  If false, the element may be ignored and not supported"/>
        <comments value="&quot;Something useful&quot; is context dependent.  Key test is what would a reasonable observer expect of a system that explicitly claims to &quot;support&quot; this element"/>
        <min value="0"/>
        <max value="1"/>
        <type>
          <code value="boolean"/>
        </type>
        <mustUnderstand value="false"/>
      </definition>
    </element>
    <element>
      <path value="Profile.constraint.element.definition.mustUnderstand"/>
      <definition>
        <short value="If the element must be understood"/>
        <formal value="If true, the element cannot be ignored by systems unless they recognize the element and a pre-determination has been made that it is not relevant to their particular system"/>
        <comments value="MustUnderstand elements can be ignored by applications that recognize the element and know that the element is not relevant in the context of their system."/>
        <min value="0"/>
        <max value="1"/>
        <type>
          <code value="boolean"/>
        </type>
        <mustUnderstand value="false"/>
      </definition>
    </element>
    <element>
      <path value="Profile.constraint.element.definition.binding"/>
      <definition>
        <short value="Binding - see bindings below (only if coded)"/>
        <formal value="Identifies the set of codes that applies to this element if a data type supporting codes is used"/>
        <min value="0"/>
        <max value="1"/>
        <type>
          <code value="string"/>
        </type>
        <mustUnderstand value="false"/>
      </definition>
    </element>
    <element>
      <path value="Profile.constraint.element.definition.mapping"/>
      <definition>
        <short value="Map element to another set of definitions"/>
        <formal value="Identifies a concept from an external specification that roughly corresponds to this element"/>
        <comments value="Mappings are not necessarily specific enough for safe translation"/>
        <min value="0"/>
        <max value="*"/>
        <mustUnderstand value="false"/>
      </definition>
    </element>
    <element>
      <path value="Profile.constraint.element.definition.mapping.target"/>
      <definition>
        <short value="Which mapping this is (v2, CDA, openEHR, etc.)"/>
        <formal value="The name of the specification is mapping is being expressed to"/>
        <comments value="HL7 will provide guidelines for the name strings to use for common specifications"/>
        <min value="1"/>
        <max value="1"/>
        <type>
          <code value="string"/>
        </type>
        <mustUnderstand value="false"/>
      </definition>
    </element>
    <element>
      <path value="Profile.constraint.element.definition.mapping.map"/>
      <definition>
        <short value="Details of the mapping"/>
        <formal value="Expresses what part of the target specification corresponds to this element"/>
        <comments value="For most mappings, the syntax is undefined.  Syntax will be provided for mappings to the RIM.  Multiple mappings may be possible and may include constraints on other resource elements that identify when a particular mapping applies"/>
        <min value="0"/>
        <max value="1"/>
        <type>
          <code value="string"/>
        </type>
        <mustUnderstand value="false"/>
      </definition>
    </element>
    <element>
      <path value="Profile.constraint.element.bundled"/>
      <definition>
        <short value="If type is Resource, is it in the bundle?"/>
        <formal value="Whether the Resource that is the value for this element is included in the bundle, if the profile is specifying a bundle"/>
        <comments value="If context includes bundling"/>
        <min value="0"/>
        <max value="1"/>
        <type>
          <code value="boolean"/>
        </type>
        <mustUnderstand value="false"/>
      </definition>
    </element>
    <element>
      <path value="Profile.constraint.searchParam"/>
      <definition>
        <short value="Additional search params defined"/>
        <formal value="Defines additional search parameters for implementations to support and/or make use of"/>
        <min value="0"/>
        <max value="*"/>
        <mustUnderstand value="false"/>
      </definition>
    </element>
    <element>
      <path value="Profile.constraint.searchParam.name"/>
      <definition>
        <short value="Name of search parameter"/>
        <formal value="Corresponds to the name of the standard or custom search parameter"/>
        <comments value="Parameter names cannot overlap with standard parameter names, and standard parameters cannot be redefined"/>
        <min value="1"/>
        <max value="1"/>
        <type>
          <code value="string"/>
        </type>
        <mustUnderstand value="false"/>
      </definition>
    </element>
    <element>
      <path value="Profile.constraint.searchParam.type"/>
      <definition>
        <short value="Type of search parameter"/>
        <formal value="The type of value a search parameter refers to, and how the content is interpreted"/>
        <min value="1"/>
        <max value="1"/>
        <type>
          <code value="code"/>
        </type>
        <mustUnderstand value="false"/>
        <binding value="SearchParamType"/>
      </definition>
    </element>
    <element>
      <path value="Profile.constraint.searchParam.repeats"/>
      <definition>
        <short value="If multiples are allowed, and what it means"/>
        <formal value="Whether multiple uses of the parameter are allowed in searches, and if they are, how the multiple values are understood"/>
        <min value="1"/>
        <max value="1"/>
        <type>
          <code value="code"/>
        </type>
        <mustUnderstand value="false"/>
        <binding value="SearchRepeatBehavior"/>
      </definition>
    </element>
    <element>
      <path value="Profile.constraint.searchParam.documentation"/>
      <definition>
        <short value="Contents and meaning of search parameter"/>
        <formal value="For standard parameters, provides additional information on how the parameter is used in this solution.  For custom parameters, provides a description of what the parameter does"/>
        <min value="1"/>
        <max value="1"/>
        <type>
          <code value="string"/>
        </type>
        <mustUnderstand value="false"/>
      </definition>
    </element>
    <element>
      <path value="Profile.extensionDefn"/>
      <definition>
        <short value="Definition of an extension"/>
        <formal value="An extension defined as part of the profile"/>
        <min value="0"/>
        <max value="*"/>
        <mustUnderstand value="false"/>
      </definition>
    </element>
    <element>
      <path value="Profile.extensionDefn.id"/>
      <definition>
        <short value="Identifies the extension in this profile"/>
        <formal value="A unique code (within the profile) used to identify the extension"/>
        <comments value="Matches the portion of a reference to an extension after the # in the a url to the profile"/>
        <min value="1"/>
        <max value="1"/>
        <type>
          <code value="id"/>
        </type>
        <constraint>
          <id value="5"/>
          <severity value="error"/>
          <human value="Codes must be unique in the context of a profile"/>
          <xpath value="count(ancestor::f:Profile/f:extensionDefn/f:id[@value=current()/@value])=1"/>
        </constraint>
        <mustUnderstand value="false"/>
      </definition>
    </element>
    <element>
      <path value="Profile.extensionDefn.contextType"/>
      <definition>
        <short value="resource | datatype | mapping | extension"/>
        <formal value="Identifies the type of context to which the extension applies"/>
        <min value="1"/>
        <max value="1"/>
        <type>
          <code value="code"/>
        </type>
        <mustUnderstand value="false"/>
        <binding value="ExtensionContext"/>
      </definition>
    </element>
    <element>
      <path value="Profile.extensionDefn.context"/>
      <definition>
        <short value="Where the extension can be used in instances"/>
        <formal value="Identifies the types of resource or data type elements to which the extension can be applied"/>
        <min value="1"/>
        <max value="*"/>
        <type>
          <code value="string"/>
        </type>
        <mustUnderstand value="false"/>
      </definition>
    </element>
    <element>
      <path value="Profile.extensionDefn.definition"/>
      <definition>
        <short value="Definition of the extension and its content"/>
        <formal value="Definition of the extension and its content"/>
        <min value="1"/>
        <max value="1"/>
        <type>
          <code value="@Profile.constraint.element.definition"/>
        </type>
        <mustUnderstand value="false"/>
      </definition>
    </element>
    <element>
      <path value="Profile.binding"/>
      <definition>
        <short value="Define code sets for coded elements"/>
        <formal value="Defines a linkage between a vocabulary binding name used in the profile (or expected to be used in profile importing this one) and a value set or code list"/>
        <min value="0"/>
        <max value="*"/>
        <constraint>
          <id value="3"/>
          <severity value="error"/>
          <human value="reference must be present and may only be present if binding type is &quot;reference&quot; or &quot;valueset&quot;"/>
          <xpath value="(f:type=(&#39;reference&#39;, &#39;valueset&#39;)) = exists(f:reference)"/>
        </constraint>
        <constraint>
          <id value="4"/>
          <severity value="error"/>
          <human value="concepts must be present and may only be present if binding type is &quot;codelist&quot;"/>
          <xpath value="(f:type/@value=&#39;codelist&#39;) = exists(f:concept)"/>
        </constraint>
        <mustUnderstand value="false"/>
      </definition>
    </element>
    <element>
      <path value="Profile.binding.name"/>
      <definition>
        <short value="Binding name"/>
        <formal value="The name to be associated with this set of codes"/>
        <comments value="Must be unique within the profile.  If the same name as an imported profile, will override the imported binding (and must be a proper constraint on the imported binding)"/>
        <min value="1"/>
        <max value="1"/>
        <type>
          <code value="string"/>
        </type>
        <constraint>
          <id value="11"/>
          <severity value="error"/>
          <human value="Binding name must be unique in the context of a profile"/>
          <xpath value="count(ancestor::f:Profile/f:binding/f:name[@value=current()/@value])=1"/>
        </constraint>
        <mustUnderstand value="false"/>
      </definition>
    </element>
    <element>
      <path value="Profile.binding.definition"/>
      <definition>
        <short value="Human explanation of the binding"/>
        <formal value="Describes the intended use of this particular set of codes"/>
        <min value="0"/>
        <max value="1"/>
        <type>
          <code value="string"/>
        </type>
        <mustUnderstand value="false"/>
      </definition>
    </element>
    <element>
      <path value="Profile.binding.type"/>
      <definition>
        <short value="valueset | codelist | reference | special"/>
        <formal value="Identifies how the set of codes for this binding is being defined"/>
        <min value="1"/>
        <max value="1"/>
        <type>
          <code value="code"/>
        </type>
        <mustUnderstand value="false"/>
        <binding value="BindingType"/>
      </definition>
    </element>
    <element>
      <path value="Profile.binding.isExtensible"/>
      <definition>
        <short value="Can additional codes be used?"/>
        <formal value="If true, then conformant systems may use additional codes or (where the data type permits) text alone to convey concepts not covered by the set of codes identified in the binding.  If false, then conformant systems are constrained to the provided codes alone"/>
        <comments value="When the binding use used for elements with a type of &quot;code&quot; (rather than Coding or CodableConcept), the binding is treated as non-extensible regardless of the value of this property"/>
        <min value="1"/>
        <max value="1"/>
        <type>
          <code value="boolean"/>
        </type>
        <mustUnderstand value="false"/>
      </definition>
    </element>
    <element>
      <path value="Profile.binding.conformance"/>
      <definition>
        <short value="required | preferred | example"/>
        <formal value="Indicates the degree of conformance expectations associated with this binding"/>
        <min value="1"/>
        <max value="1"/>
        <type>
          <code value="code"/>
        </type>
        <mustUnderstand value="false"/>
        <binding value="BindingConformance"/>
      </definition>
    </element>
    <element>
      <path value="Profile.binding.reference"/>
      <definition>
        <short value="Source of binding content"/>
        <formal value="Points to the value set or external definition that identifies the set of codes to be used"/>
        <comments value="For value sets, this should point to a ValueSet resource.  The reference may be version-specific or not"/>
        <min value="0"/>
        <max value="1"/>
        <type>
          <code value="uri"/>
        </type>
        <mustUnderstand value="false"/>
      </definition>
    </element>
    <element>
      <path value="Profile.binding.concept"/>
      <definition>
        <short value="Enumerated codes that are the binding"/>
        <formal value="Identifies the codes forming the code list for the binding"/>
        <min value="0"/>
        <max value="*"/>
        <mustUnderstand value="false"/>
      </definition>
    </element>
    <element>
      <path value="Profile.binding.concept.code"/>
      <definition>
        <short value="Code to use for this concept"/>
        <formal value="Identifies the code referenced or being defined as part of the binding"/>
        <min value="1"/>
        <max value="1"/>
        <type>
          <code value="string"/>
        </type>
        <mustUnderstand value="false"/>
      </definition>
    </element>
    <element>
      <path value="Profile.binding.concept.system"/>
      <definition>
        <short value="Source for the code, if taken from another system"/>
        <formal value="Identifies the system in which the referenced code is defined"/>
        <comments value="If no system is specified, then the id for the profile is combined with the binding name to determine an implicit system uri"/>
        <min value="0"/>
        <max value="1"/>
        <type>
          <code value="uri"/>
        </type>
        <mustUnderstand value="false"/>
      </definition>
    </element>
    <element>
      <path value="Profile.binding.concept.display"/>
      <definition>
        <short value="Print name - defaults to code"/>
        <formal value="Identifies the text to be displayed to the user for this code.  If none provided, then the code itself is displayed"/>
        <min value="0"/>
        <max value="1"/>
        <type>
          <code value="string"/>
        </type>
        <mustUnderstand value="false"/>
      </definition>
    </element>
    <element>
      <path value="Profile.binding.concept.definition"/>
      <definition>
        <short value="Meaning of the concept"/>
        <formal value="A free-text description of the meaning of this code"/>
        <comments value="Definition should not overlap with that of any other concepts in the code list"/>
        <min value="1"/>
        <max value="1"/>
        <type>
          <code value="string"/>
        </type>
        <mustUnderstand value="false"/>
      </definition>
    </element>
    <searchParam>
      <name value="extension"/>
      <type value="token"/>
      <repeats value="union"/>
      <documentation value="An extension code (use or definition)"/>
    </searchParam>
    <searchParam>
      <name value="author"/>
      <type value="string"/>
      <repeats value="union"/>
      <documentation value="Name or id of the author of the profile"/>
    </searchParam>
    <searchParam>
      <name value="_id"/>
      <type value="token"/>
      <repeats value="single"/>
      <documentation value="The logical resource id associated with the resource (must be supported by all servers)"/>
    </searchParam>
    <searchParam>
      <name value="status"/>
      <type value="token"/>
      <repeats value="union"/>
      <documentation value="The current status of the profile"/>
    </searchParam>
    <searchParam>
      <name value="name"/>
      <type value="string"/>
      <repeats value="union"/>
      <documentation value="A portion of the name of the profile"/>
    </searchParam>
    <searchParam>
      <name value="resource"/>
      <type value="token"/>
      <repeats value="union"/>
      <documentation value="A resource constrained in a profile"/>
    </searchParam>
    <searchParam>
      <name value="binding"/>
      <type value="token"/>
      <repeats value="union"/>
      <documentation value="A vocabulary binding code"/>
    </searchParam>
    <searchParam>
      <name value="word"/>
      <type value="text"/>
      <repeats value="union"/>
      <documentation value="A word somewhere in the definition of the profile or the elements in the resource. (Common words  - &#39;and&#39;, etc. - are often not supported)"/>
    </searchParam>
    <searchParam>
      <name value="code"/>
      <type value="qtoken"/>
      <repeats value="union"/>
      <documentation value="A code for the profile in the format uri::code (server may choose to do subsumption)"/>
    </searchParam>
    <searchParam>
      <name value="date"/>
      <type value="date"/>
      <repeats value="single"/>
      <documentation value="The profile publication date"/>
    </searchParam>
    <searchParam>
      <name value="type"/>
      <type value="token"/>
      <repeats value="union"/>
      <documentation value="Type of resource that is constrained in the profile"/>
    </searchParam>
    <searchParam>
      <name value="reference"/>
      <type value="token"/>
      <repeats value="union"/>
      <documentation value="An id of another profile referenced in the profile"/>
    </searchParam>
  </constraint>
</Profile>