{"title":"Standard Patient Examples","id":"urn:uuid:b248b1b2-1686-4b94-9936-37d7a5f94b51","links":[{"rel":"self","href":"http://www.hl7.org/fhir/patient-examples.xml"}],"updated":"2012-05-29T23:45:32Z","entries":[{"title":"healthcare provider","id":"http://hl7.org/fhir/provider/@13","links":[{"rel":"self","href":"http://hl7.org/fhir/provider/@13/history/@1"}],"updated":"2012-05-29T23:45:32Z","authors":[{"name":"Grahame Grieve"}],"categories":[{"term":"Provider","scheme":"http://hl7.org/fhir/resource-types"}],"content":{"Provider":{"text":{"status":{"value":"generated"},"div":"<div>Seven, Henry. SSN:\n\t\t\t\t\t\t333333333<\/div>"},"identifier":[{"label":{"value":"SSN"},"system":{"value":"http://hl7.org/fhir/sid/us-ssn"},"id":{"value":"333333333"}}],"details":{"name":[{"use":{"value":"official"},"family":[{"value":"Seven"}],"given":[{"value":"Henry"}]}],"telecom":[{"system":{"value":"phone"},"value":{"value":"555-555-1002"},"use":{"value":"work"}}],"gender":{"system":{"value":"http://hl7.org/fhir/sid/v2-0001"},"code":{"value":"M"}},"address":[{"use":{"value":"home"},"line":[{"value":"1002 Healthcare Drive"}]}]},"organization":{"type":{"value":"Organization"},"url":{"value":"../organization/@hl7"}}}},"summary":"<div>Seven, Henry. SSN:\n\t\t\t\t333333333<\/div>"},{"title":"assigned practitioner","id":"http://hl7.org/fhir/provider/@14","links":[{"rel":"self","href":"http://hl7.org/fhir/provider/@14/history/@1"}],"updated":"2012-05-29T23:45:32Z","authors":[{"name":"Grahame Grieve"}],"categories":[{"term":"Provider","scheme":"http://hl7.org/fhir/resource-types"}],"content":{"Provider":{"text":{"status":{"value":"generated"},"div":"<div>Assigned, Amanda. SSN:\n\t\t\t\t\t\t33344444<\/div>"},"identifier":[{"label":{"value":"SSN"},"system":{"value":"http://hl7.org/fhir/sid/us-ssn"},"id":{"value":"33344444"}}],"details":{"name":[{"use":{"value":"official"},"family":[{"value":"Assigned"}],"given":[{"value":"Amanda"}]}],"telecom":[{"system":{"value":"phone"},"value":{"value":"555-555-1021"},"use":{"value":"work"}}],"gender":{"system":{"value":"http://hl7.org/fhir/sid/v2-0001"},"code":{"value":"F"}},"address":[{"use":{"value":"home"},"line":[{"value":"1020 Healthcare Drive"}]}]},"organization":{"type":{"value":"Organization"},"url":{"value":"../organization/@hl7"}}}},"summary":"<div>Assigned, Amanda. SSN:\n\t\t\t\t33344444<\/div>"},{"title":"physician","id":"http://hl7.org/fhir/provider/@15","links":[{"rel":"self","href":"http://hl7.org/fhir/provider/@15/history/@1"}],"updated":"2012-05-29T23:45:32Z","authors":[{"name":"Grahame Grieve"}],"categories":[{"term":"Provider","scheme":"http://hl7.org/fhir/resource-types"}],"content":{"Provider":{"text":{"status":{"value":"generated"},"div":"<div>Hippocrates, Harold. SSN:\n\t\t\t\t\t\t444444444<\/div>"},"identifier":[{"label":{"value":"SSN"},"system":{"value":"http://hl7.org/fhir/sid/us-ssn"},"id":{"value":"444444444"}}],"details":{"name":[{"use":{"value":"official"},"family":[{"value":"Hippocrates"}],"given":[{"value":"Harold"}]}],"telecom":[{"system":{"value":"phone"},"value":{"value":"555-555-1003"},"use":{"value":"work"}}],"gender":{"system":{"value":"http://hl7.org/fhir/sid/v2-0001"},"code":{"value":"M"}},"address":[{"use":{"value":"home"},"line":[{"value":"1003 Healthcare Drive"}]}]},"organization":{"type":{"value":"Organization"},"url":{"value":"../organization/@hl7"}}}},"summary":"<div>Hippocrates, Harold. SSN:\n\t\t\t\t444444444<\/div>"},{"title":"primary care physician","id":"http://hl7.org/fhir/provider/@16","links":[{"rel":"self","href":"http://hl7.org/fhir/provider/@16/history/@1"}],"updated":"2012-05-29T23:45:32Z","authors":[{"name":"Grahame Grieve"}],"categories":[{"term":"Provider","scheme":"http://hl7.org/fhir/resource-types"}],"content":{"Provider":{"text":{"status":{"value":"generated"},"div":"<div>Primary, Patricia. SSN:\n\t\t\t\t\t\t555555555<\/div>"},"identifier":[{"label":{"value":"SSN"},"system":{"value":"http://hl7.org/fhir/sid/us-ssn"},"id":{"value":"555555555"}}],"details":{"name":[{"use":{"value":"official"},"family":[{"value":"Primary"}],"given":[{"value":"Patricia"}]}],"telecom":[{"system":{"value":"phone"},"value":{"value":"555-555-1004"},"use":{"value":"work"}}],"gender":{"system":{"value":"http://hl7.org/fhir/sid/v2-0001"},"code":{"value":"F"}},"address":[{"use":{"value":"home"},"line":[{"value":"1004 Healthcare Drive"}]}]},"organization":{"type":{"value":"Organization"},"url":{"value":"../organization/@hl7"}}}},"summary":"<div>Primary, Patricia. SSN:\n\t\t\t\t555555555<\/div>"},{"title":"admitting physician","id":"http://hl7.org/fhir/provider/@17","links":[{"rel":"self","href":"http://hl7.org/fhir/provider/@17/history/@1"}],"updated":"2012-05-29T23:45:32Z","authors":[{"name":"Grahame Grieve"}],"categories":[{"term":"Provider","scheme":"http://hl7.org/fhir/resource-types"}],"content":{"Provider":{"text":{"status":{"value":"generated"},"div":"<div>Admit, Alan. SSN:\n\t\t\t\t\t\t666666666<\/div>"},"identifier":[{"label":{"value":"SSN"},"system":{"value":"http://hl7.org/fhir/sid/us-ssn"},"id":{"value":"666666666"}}],"details":{"name":[{"use":{"value":"official"},"family":[{"value":"Admit"}],"given":[{"value":"Alan"}]}],"telecom":[{"system":{"value":"phone"},"value":{"value":"555-555-1005"},"use":{"value":"work"}}],"gender":{"system":{"value":"http://hl7.org/fhir/sid/v2-0001"},"code":{"value":"M"}},"address":[{"use":{"value":"home"},"line":[{"value":"1005 Healthcare Drive"}]}]},"organization":{"type":{"value":"Organization"},"url":{"value":"../organization/@hl7"}}}},"summary":"<div>Admit, Alan. SSN:\n\t\t\t\t666666666<\/div>"},{"title":"attending physician","id":"http://hl7.org/fhir/provider/@18","links":[{"rel":"self","href":"http://hl7.org/fhir/provider/@18/history/@1"}],"updated":"2012-05-29T23:45:32Z","authors":[{"name":"Grahame Grieve"}],"categories":[{"term":"Provider","scheme":"http://hl7.org/fhir/resource-types"}],"content":{"Provider":{"text":{"status":{"value":"generated"},"div":"<div>Attend, Aaron. SSN:\n\t\t\t\t\t\t777777777<\/div>"},"identifier":[{"label":{"value":"SSN"},"system":{"value":"http://hl7.org/fhir/sid/us-ssn"},"id":{"value":"777777777"}}],"details":{"name":[{"use":{"value":"official"},"family":[{"value":"Attend"}],"given":[{"value":"Aaron"}]}],"telecom":[{"system":{"value":"phone"},"value":{"value":"555-555-1006"},"use":{"value":"work"}}],"gender":{"system":{"value":"http://hl7.org/fhir/sid/v2-0001"},"code":{"value":"M"}},"address":[{"use":{"value":"home"},"line":[{"value":"1006 Healthcare Drive"}]}]},"organization":{"type":{"value":"Organization"},"url":{"value":"../organization/@hl7"}}}},"summary":"<div>Attend, Aaron. SSN:\n\t\t\t\t777777777<\/div>"},{"title":"referring physician","id":"http://hl7.org/fhir/provider/@19","links":[{"rel":"self","href":"http://hl7.org/fhir/provider/@19/history/@1"}],"updated":"2012-05-29T23:45:32Z","authors":[{"name":"Grahame Grieve"}],"categories":[{"term":"Provider","scheme":"http://hl7.org/fhir/resource-types"}],"content":{"Provider":{"text":{"status":{"value":"generated"},"div":"<div>Sender, Sam. SSN:\n\t\t\t\t\t\t888888888<\/div>"},"identifier":[{"label":{"value":"SSN"},"system":{"value":"http://hl7.org/fhir/sid/us-ssn"},"id":{"value":"888888888"}}],"details":{"name":[{"use":{"value":"official"},"family":[{"value":"Sender"}],"given":[{"value":"Sam"}]}],"telecom":[{"system":{"value":"phone"},"value":{"value":"555-555-1007"},"use":{"value":"work"}}],"gender":{"system":{"value":"http://hl7.org/fhir/sid/v2-0001"},"code":{"value":"M"}},"address":[{"use":{"value":"home"},"line":[{"value":"1007 Healthcare Drive"}]}]},"organization":{"type":{"value":"Organization"},"url":{"value":"../organization/@hl7"}}}},"summary":"<div>Sender, Sam. SSN:\n\t\t\t\t888888888<\/div>"},{"title":"intern","id":"http://hl7.org/fhir/provider/@20","links":[{"rel":"self","href":"http://hl7.org/fhir/provider/@20/history/@1"}],"updated":"2012-05-29T23:45:32Z","authors":[{"name":"Grahame Grieve"}],"categories":[{"term":"Provider","scheme":"http://hl7.org/fhir/resource-types"}],"content":{"Provider":{"text":{"status":{"value":"generated"},"div":"<div>Intern, Irving. SSN:\n\t\t\t\t\t\t888222222<\/div>"},"identifier":[{"label":{"value":"SSN"},"system":{"value":"http://hl7.org/fhir/sid/us-ssn"},"id":{"value":"888222222"}}],"details":{"name":[{"use":{"value":"official"},"family":[{"value":"Intern"}],"given":[{"value":"Irving"}]}],"telecom":[{"system":{"value":"phone"},"value":{"value":"555-555-1022"},"use":{"value":"work"}}],"gender":{"system":{"value":"http://hl7.org/fhir/sid/v2-0001"},"code":{"value":"M"}},"address":[{"use":{"value":"home"},"line":[{"value":"1021 Healthcare Drive"}]}]},"organization":{"type":{"value":"Organization"},"url":{"value":"../organization/@hl7"}}}},"summary":"<div>Intern, Irving. SSN:\n\t\t\t\t888222222<\/div>"},{"title":"resident","id":"http://hl7.org/fhir/provider/@21","links":[{"rel":"self","href":"http://hl7.org/fhir/provider/@21/history/@1"}],"updated":"2012-05-29T23:45:32Z","authors":[{"name":"Grahame Grieve"}],"categories":[{"term":"Provider","scheme":"http://hl7.org/fhir/resource-types"}],"content":{"Provider":{"text":{"status":{"value":"generated"},"div":"<div>Resident, Rachel. SSN:\n\t\t\t\t\t\t888333333<\/div>"},"identifier":[{"label":{"value":"SSN"},"system":{"value":"http://hl7.org/fhir/sid/us-ssn"},"id":{"value":"888333333"}}],"details":{"name":[{"use":{"value":"official"},"family":[{"value":"Resident"}],"given":[{"value":"Rachel"}]}],"telecom":[{"system":{"value":"phone"},"value":{"value":"555-555-1023"},"use":{"value":"work"}}],"gender":{"system":{"value":"http://hl7.org/fhir/sid/v2-0001"},"code":{"value":"F"}},"address":[{"use":{"value":"home"},"line":[{"value":"1022 Healthcare Drive"}]}]},"organization":{"type":{"value":"Organization"},"url":{"value":"../organization/@hl7"}}}},"summary":"<div>Resident, Rachel. SSN:\n\t\t\t\t888333333<\/div>"},{"title":"chief of staff","id":"http://hl7.org/fhir/provider/@22","links":[{"rel":"self","href":"http://hl7.org/fhir/provider/@22/history/@1"}],"updated":"2012-05-29T23:45:32Z","authors":[{"name":"Grahame Grieve"}],"categories":[{"term":"Provider","scheme":"http://hl7.org/fhir/resource-types"}],"content":{"Provider":{"text":{"status":{"value":"generated"},"div":"<div>Leader, Linda. SSN:\n\t\t\t\t\t\t888444444<\/div>"},"identifier":[{"label":{"value":"SSN"},"system":{"value":"http://hl7.org/fhir/sid/us-ssn"},"id":{"value":"888444444"}}],"details":{"name":[{"use":{"value":"official"},"family":[{"value":"Leader"}],"given":[{"value":"Linda"}]}],"telecom":[{"system":{"value":"phone"},"value":{"value":"555-555-1024"},"use":{"value":"work"}}],"gender":{"system":{"value":"http://hl7.org/fhir/sid/v2-0001"},"code":{"value":"F"}},"address":[{"use":{"value":"home"},"line":[{"value":"1023 Healthcare Drive"}]}]},"organization":{"type":{"value":"Organization"},"url":{"value":"../organization/@hl7"}}}},"summary":"<div>Leader, Linda. SSN:\n\t\t\t\t888444444<\/div>"},{"title":"authenticator","id":"http://hl7.org/fhir/provider/@23","links":[{"rel":"self","href":"http://hl7.org/fhir/provider/@23/history/@1"}],"updated":"2012-05-29T23:45:32Z","authors":[{"name":"Grahame Grieve"}],"categories":[{"term":"Provider","scheme":"http://hl7.org/fhir/resource-types"}],"content":{"Provider":{"text":{"status":{"value":"generated"},"div":"<div>Verify, Virgil. SSN:\n\t\t\t\t\t\t999999999<\/div>"},"identifier":[{"label":{"value":"SSN"},"system":{"value":"http://hl7.org/fhir/sid/us-ssn"},"id":{"value":"999999999"}}],"details":{"name":[{"use":{"value":"official"},"family":[{"value":"Verify"}],"given":[{"value":"Virgil"}]}],"telecom":[{"system":{"value":"phone"},"value":{"value":"555-555-1008"},"use":{"value":"work"}}],"gender":{"system":{"value":"http://hl7.org/fhir/sid/v2-0001"},"code":{"value":"M"}},"address":[{"use":{"value":"home"},"line":[{"value":"1008 Healthcare Drive"}]}]},"organization":{"type":{"value":"Organization"},"url":{"value":"../organization/@hl7"}}}},"summary":"<div>Verify, Virgil. SSN:\n\t\t\t\t999999999<\/div>"},{"title":"specialist","id":"http://hl7.org/fhir/provider/@24","links":[{"rel":"self","href":"http://hl7.org/fhir/provider/@24/history/@1"}],"updated":"2012-05-29T23:45:32Z","authors":[{"name":"Grahame Grieve"}],"categories":[{"term":"Provider","scheme":"http://hl7.org/fhir/resource-types"}],"content":{"Provider":{"text":{"status":{"value":"generated"},"div":"<div>Specialize, Sara. SSN:\n\t\t\t\t\t\t222333333<\/div>"},"identifier":[{"label":{"value":"SSN"},"system":{"value":"http://hl7.org/fhir/sid/us-ssn"},"id":{"value":"222333333"}}],"details":{"name":[{"use":{"value":"official"},"family":[{"value":"Specialize"}],"given":[{"value":"Sara"}]}],"telecom":[{"system":{"value":"phone"},"value":{"value":"555-555-1009"},"use":{"value":"work"}}],"gender":{"system":{"value":"http://hl7.org/fhir/sid/v2-0001"},"code":{"value":"F"}},"address":[{"use":{"value":"home"},"line":[{"value":"1009 Healthcare Drive"}]}]},"organization":{"type":{"value":"Organization"},"url":{"value":"../organization/@hl7"}}}},"summary":"<div>Specialize, Sara. SSN:\n\t\t\t\t222333333<\/div>"},{"title":"allergist/immunologist","id":"http://hl7.org/fhir/provider/@25","links":[{"rel":"self","href":"http://hl7.org/fhir/provider/@25/history/@1"}],"updated":"2012-05-29T23:45:32Z","authors":[{"name":"Grahame Grieve"}],"categories":[{"term":"Provider","scheme":"http://hl7.org/fhir/resource-types"}],"content":{"Provider":{"text":{"status":{"value":"generated"},"div":"<div>Reaction, Ramsey. SSN:\n\t\t\t\t\t\t222223333<\/div>"},"identifier":[{"label":{"value":"SSN"},"system":{"value":"http://hl7.org/fhir/sid/us-ssn"},"id":{"value":"222223333"}}],"details":{"name":[{"use":{"value":"official"},"family":[{"value":"Reaction"}],"given":[{"value":"Ramsey"}]}],"telecom":[{"system":{"value":"phone"},"value":{"value":"555-555-1025"},"use":{"value":"work"}}],"gender":{"system":{"value":"http://hl7.org/fhir/sid/v2-0001"},"code":{"value":"M"}},"address":[{"use":{"value":"home"},"line":[{"value":"1024 Healthcare Drive"}]}]},"organization":{"type":{"value":"Organization"},"url":{"value":"../organization/@hl7"}}}},"summary":"<div>Reaction, Ramsey. SSN:\n\t\t\t\t222223333<\/div>"},{"title":"anesthesiologist","id":"http://hl7.org/fhir/provider/@26","links":[{"rel":"self","href":"http://hl7.org/fhir/provider/@26/history/@1"}],"updated":"2012-05-29T23:45:32Z","authors":[{"name":"Grahame Grieve"}],"categories":[{"term":"Provider","scheme":"http://hl7.org/fhir/resource-types"}],"content":{"Provider":{"text":{"status":{"value":"generated"},"div":"<div>Sleeper, Sally. SSN:\n\t\t\t\t\t\t222666666<\/div>"},"identifier":[{"label":{"value":"SSN"},"system":{"value":"http://hl7.org/fhir/sid/us-ssn"},"id":{"value":"222666666"}}],"details":{"name":[{"use":{"value":"official"},"family":[{"value":"Sleeper"}],"given":[{"value":"Sally"}]}],"telecom":[{"system":{"value":"phone"},"value":{"value":"555-555-1012"},"use":{"value":"work"}}],"gender":{"system":{"value":"http://hl7.org/fhir/sid/v2-0001"},"code":{"value":"F"}},"address":[{"use":{"value":"home"},"line":[{"value":"1012 Healthcare Drive"}]}]},"organization":{"type":{"value":"Organization"},"url":{"value":"../organization/@hl7"}}}},"summary":"<div>Sleeper, Sally. SSN:\n\t\t\t\t222666666<\/div>"},{"title":"cardiologist","id":"http://hl7.org/fhir/provider/@27","links":[{"rel":"self","href":"http://hl7.org/fhir/provider/@27/history/@1"}],"updated":"2012-05-29T23:45:32Z","authors":[{"name":"Grahame Grieve"}],"categories":[{"term":"Provider","scheme":"http://hl7.org/fhir/resource-types"}],"content":{"Provider":{"text":{"status":{"value":"generated"},"div":"<div>Pump, Patrick. SSN:\n\t\t\t\t\t\t222334444<\/div>"},"identifier":[{"label":{"value":"SSN"},"system":{"value":"http://hl7.org/fhir/sid/us-ssn"},"id":{"value":"222334444"}}],"details":{"name":[{"use":{"value":"official"},"family":[{"value":"Pump"}],"given":[{"value":"Patrick"}]}],"telecom":[{"system":{"value":"phone"},"value":{"value":"555-555-1027"},"use":{"value":"work"}}],"gender":{"system":{"value":"http://hl7.org/fhir/sid/v2-0001"},"code":{"value":"M"}},"address":[{"use":{"value":"home"},"line":[{"value":"1025 Healthcare Drive"}]}]},"organization":{"type":{"value":"Organization"},"url":{"value":"../organization/@hl7"}}}},"summary":"<div>Pump, Patrick. SSN:\n\t\t\t\t222334444<\/div>"},{"title":"cardiovascular surgeon","id":"http://hl7.org/fhir/provider/@28","links":[{"rel":"self","href":"http://hl7.org/fhir/provider/@28/history/@1"}],"updated":"2012-05-29T23:45:32Z","authors":[{"name":"Grahame Grieve"}],"categories":[{"term":"Provider","scheme":"http://hl7.org/fhir/resource-types"}],"content":{"Provider":{"text":{"status":{"value":"generated"},"div":"<div>Valve, Vera. SSN:\n\t\t\t\t\t\t222335555<\/div>"},"identifier":[{"label":{"value":"SSN"},"system":{"value":"http://hl7.org/fhir/sid/us-ssn"},"id":{"value":"222335555"}}],"details":{"name":[{"use":{"value":"official"},"family":[{"value":"Valve"}],"given":[{"value":"Vera"}]}],"telecom":[{"system":{"value":"phone"},"value":{"value":"555-555-1028"},"use":{"value":"work"}}],"gender":{"system":{"value":"http://hl7.org/fhir/sid/v2-0001"},"code":{"value":"F"}},"address":[{"use":{"value":"home"},"line":[{"value":"1026 Healthcare Drive"}]}]},"organization":{"type":{"value":"Organization"},"url":{"value":"../organization/@hl7"}}}},"summary":"<div>Valve, Vera. SSN:\n\t\t\t\t222335555<\/div>"},{"title":"dermatologist","id":"http://hl7.org/fhir/provider/@29","links":[{"rel":"self","href":"http://hl7.org/fhir/provider/@29/history/@1"}],"updated":"2012-05-29T23:45:32Z","authors":[{"name":"Grahame Grieve"}],"categories":[{"term":"Provider","scheme":"http://hl7.org/fhir/resource-types"}],"content":{"Provider":{"text":{"status":{"value":"generated"},"div":"<div>Scratch, Sophie. SSN:\n\t\t\t\t\t\t222336666<\/div>"},"identifier":[{"label":{"value":"SSN"},"system":{"value":"http://hl7.org/fhir/sid/us-ssn"},"id":{"value":"222336666"}}],"details":{"name":[{"use":{"value":"official"},"family":[{"value":"Scratch"}],"given":[{"value":"Sophie"}]}],"telecom":[{"system":{"value":"phone"},"value":{"value":"555-555-1029"},"use":{"value":"work"}}],"gender":{"system":{"value":"http://hl7.org/fhir/sid/v2-0001"},"code":{"value":"F"}},"address":[{"use":{"value":"home"},"line":[{"value":"1027 Healthcare Drive"}]}]},"organization":{"type":{"value":"Organization"},"url":{"value":"../organization/@hl7"}}}},"summary":"<div>Scratch, Sophie. SSN:\n\t\t\t\t222336666<\/div>"},{"title":"emergency medicine specialist","id":"http://hl7.org/fhir/provider/@30","links":[{"rel":"self","href":"http://hl7.org/fhir/provider/@30/history/@1"}],"updated":"2012-05-29T23:45:32Z","authors":[{"name":"Grahame Grieve"}],"categories":[{"term":"Provider","scheme":"http://hl7.org/fhir/resource-types"}],"content":{"Provider":{"text":{"status":{"value":"generated"},"div":"<div>Emergency, Eric. SSN:\n\t\t\t\t\t\t222337777<\/div>"},"identifier":[{"label":{"value":"SSN"},"system":{"value":"http://hl7.org/fhir/sid/us-ssn"},"id":{"value":"222337777"}}],"details":{"name":[{"use":{"value":"official"},"family":[{"value":"Emergency"}],"given":[{"value":"Eric"}]}],"telecom":[{"system":{"value":"phone"},"value":{"value":"555-555-1030"},"use":{"value":"work"}}],"gender":{"system":{"value":"http://hl7.org/fhir/sid/v2-0001"},"code":{"value":"M"}},"address":[{"use":{"value":"home"},"line":[{"value":"1028 Healthcare Drive"}]}]},"organization":{"type":{"value":"Organization"},"url":{"value":"../organization/@hl7"}}}},"summary":"<div>Emergency, Eric. SSN:\n\t\t\t\t222337777<\/div>"},{"title":"endocrinologist","id":"http://hl7.org/fhir/provider/@31","links":[{"rel":"self","href":"http://hl7.org/fhir/provider/@31/history/@1"}],"updated":"2012-05-29T23:45:32Z","authors":[{"name":"Grahame Grieve"}],"categories":[{"term":"Provider","scheme":"http://hl7.org/fhir/resource-types"}],"content":{"Provider":{"text":{"status":{"value":"generated"},"div":"<div>Hormone, Horace. SSN:\n\t\t\t\t\t\t222338888<\/div>"},"identifier":[{"label":{"value":"SSN"},"system":{"value":"http://hl7.org/fhir/sid/us-ssn"},"id":{"value":"222338888"}}],"details":{"name":[{"use":{"value":"official"},"family":[{"value":"Hormone"}],"given":[{"value":"Horace"}]}],"telecom":[{"system":{"value":"phone"},"value":{"value":"555-555-1031"},"use":{"value":"work"}}],"gender":{"system":{"value":"http://hl7.org/fhir/sid/v2-0001"},"code":{"value":"M"}},"address":[{"use":{"value":"home"},"line":[{"value":"1029 Healthcare Drive"}]}]},"organization":{"type":{"value":"Organization"},"url":{"value":"../organization/@hl7"}}}},"summary":"<div>Hormone, Horace. SSN:\n\t\t\t\t222338888<\/div>"},{"title":"family practitioner","id":"http://hl7.org/fhir/provider/@32","links":[{"rel":"self","href":"http://hl7.org/fhir/provider/@32/history/@1"}],"updated":"2012-05-29T23:45:32Z","authors":[{"name":"Grahame Grieve"}],"categories":[{"term":"Provider","scheme":"http://hl7.org/fhir/resource-types"}],"content":{"Provider":{"text":{"status":{"value":"generated"},"div":"<div>Family, Fay. SSN:\n\t\t\t\t\t\t222339999<\/div>"},"identifier":[{"label":{"value":"SSN"},"system":{"value":"http://hl7.org/fhir/sid/us-ssn"},"id":{"value":"222339999"}}],"details":{"name":[{"use":{"value":"official"},"family":[{"value":"Family"}],"given":[{"value":"Fay"}]}],"telecom":[{"system":{"value":"phone"},"value":{"value":"555-555-1032"},"use":{"value":"work"}}],"gender":{"system":{"value":"http://hl7.org/fhir/sid/v2-0001"},"code":{"value":"F"}},"address":[{"use":{"value":"home"},"line":[{"value":"1030 Healthcare Drive"}]}]},"organization":{"type":{"value":"Organization"},"url":{"value":"../organization/@hl7"}}}},"summary":"<div>Family, Fay. SSN:\n\t\t\t\t222339999<\/div>"},{"title":"gastroenterologist","id":"http://hl7.org/fhir/provider/@33","links":[{"rel":"self","href":"http://hl7.org/fhir/provider/@33/history/@1"}],"updated":"2012-05-29T23:45:32Z","authors":[{"name":"Grahame Grieve"}],"categories":[{"term":"Provider","scheme":"http://hl7.org/fhir/resource-types"}],"content":{"Provider":{"text":{"status":{"value":"generated"},"div":"<div>Tum, Tony. SSN:\n\t\t\t\t\t\t222442222<\/div>"},"identifier":[{"label":{"value":"SSN"},"system":{"value":"http://hl7.org/fhir/sid/us-ssn"},"id":{"value":"222442222"}}],"details":{"name":[{"use":{"value":"official"},"family":[{"value":"Tum"}],"given":[{"value":"Tony"}]}],"telecom":[{"system":{"value":"phone"},"value":{"value":"555-555-1033"},"use":{"value":"work"}}],"gender":{"system":{"value":"http://hl7.org/fhir/sid/v2-0001"},"code":{"value":"M"}},"address":[{"use":{"value":"home"},"line":[{"value":"1031 Healthcare Drive"}]}]},"organization":{"type":{"value":"Organization"},"url":{"value":"../organization/@hl7"}}}},"summary":"<div>Tum, Tony. SSN:\n\t\t\t\t222442222<\/div>"},{"title":"geriatrician","id":"http://hl7.org/fhir/provider/@34","links":[{"rel":"self","href":"http://hl7.org/fhir/provider/@34/history/@1"}],"updated":"2012-05-29T23:45:32Z","authors":[{"name":"Grahame Grieve"}],"categories":[{"term":"Provider","scheme":"http://hl7.org/fhir/resource-types"}],"content":{"Provider":{"text":{"status":{"value":"generated"},"div":"<div>Sage, Stanley. SSN:\n\t\t\t\t\t\t222443333<\/div>"},"identifier":[{"label":{"value":"SSN"},"system":{"value":"http://hl7.org/fhir/sid/us-ssn"},"id":{"value":"222443333"}}],"details":{"name":[{"use":{"value":"official"},"family":[{"value":"Sage"}],"given":[{"value":"Stanley"}]}],"telecom":[{"system":{"value":"phone"},"value":{"value":"555-555-1034"},"use":{"value":"work"}}],"gender":{"system":{"value":"http://hl7.org/fhir/sid/v2-0001"},"code":{"value":"M"}},"address":[{"use":{"value":"home"},"line":[{"value":"1032 Healthcare Drive"}]}]},"organization":{"type":{"value":"Organization"},"url":{"value":"../organization/@hl7"}}}},"summary":"<div>Sage, Stanley. SSN:\n\t\t\t\t222443333<\/div>"},{"title":"hematologist","id":"http://hl7.org/fhir/provider/@35","links":[{"rel":"self","href":"http://hl7.org/fhir/provider/@35/history/@1"}],"updated":"2012-05-29T23:45:32Z","authors":[{"name":"Grahame Grieve"}],"categories":[{"term":"Provider","scheme":"http://hl7.org/fhir/resource-types"}],"content":{"Provider":{"text":{"status":{"value":"generated"},"div":"<div>Bleeder, Boris. SSN:\n\t\t\t\t\t\t222443344<\/div>"},"identifier":[{"label":{"value":"SSN"},"system":{"value":"http://hl7.org/fhir/sid/us-ssn"},"id":{"value":"222443344"}}],"details":{"name":[{"use":{"value":"official"},"family":[{"value":"Bleeder"}],"given":[{"value":"Boris"}]}],"telecom":[{"system":{"value":"phone"},"value":{"value":"555-555-1035"},"use":{"value":"work"}}],"gender":{"system":{"value":"http://hl7.org/fhir/sid/v2-0001"},"code":{"value":"M"}},"address":[{"use":{"value":"home"},"line":[{"value":"1033 Healthcare Drive"}]}]},"organization":{"type":{"value":"Organization"},"url":{"value":"../organization/@hl7"}}}},"summary":"<div>Bleeder, Boris. SSN:\n\t\t\t\t222443344<\/div>"},{"title":"infectious disease specialist","id":"http://hl7.org/fhir/provider/@36","links":[{"rel":"self","href":"http://hl7.org/fhir/provider/@36/history/@1"}],"updated":"2012-05-29T23:45:32Z","authors":[{"name":"Grahame Grieve"}],"categories":[{"term":"Provider","scheme":"http://hl7.org/fhir/resource-types"}],"content":{"Provider":{"text":{"status":{"value":"generated"},"div":"<div>Pasteur, Paula. SSN:\n\t\t\t\t\t\t222445555<\/div>"},"identifier":[{"label":{"value":"SSN"},"system":{"value":"http://hl7.org/fhir/sid/us-ssn"},"id":{"value":"222445555"}}],"details":{"name":[{"use":{"value":"official"},"family":[{"value":"Pasteur"}],"given":[{"value":"Paula"}]}],"telecom":[{"system":{"value":"phone"},"value":{"value":"555-555-1036"},"use":{"value":"work"}}],"gender":{"system":{"value":"http://hl7.org/fhir/sid/v2-0001"},"code":{"value":"F"}},"address":[{"use":{"value":"home"},"line":[{"value":"1034 Healthcare Drive"}]}]},"organization":{"type":{"value":"Organization"},"url":{"value":"../organization/@hl7"}}}},"summary":"<div>Pasteur, Paula. SSN:\n\t\t\t\t222445555<\/div>"},{"title":"internist","id":"http://hl7.org/fhir/provider/@37","links":[{"rel":"self","href":"http://hl7.org/fhir/provider/@37/history/@1"}],"updated":"2012-05-29T23:45:32Z","authors":[{"name":"Grahame Grieve"}],"categories":[{"term":"Provider","scheme":"http://hl7.org/fhir/resource-types"}],"content":{"Provider":{"text":{"status":{"value":"generated"},"div":"<div>Osler, Otto. SSN:\n\t\t\t\t\t\t222446666<\/div>"},"identifier":[{"label":{"value":"SSN"},"system":{"value":"http://hl7.org/fhir/sid/us-ssn"},"id":{"value":"222446666"}}],"details":{"name":[{"use":{"value":"official"},"family":[{"value":"Osler"}],"given":[{"value":"Otto"}]}],"telecom":[{"system":{"value":"phone"},"value":{"value":"555-555-1037"},"use":{"value":"work"}}],"gender":{"system":{"value":"http://hl7.org/fhir/sid/v2-0001"},"code":{"value":"M"}},"address":[{"use":{"value":"home"},"line":[{"value":"1035 Healthcare Drive"}]}]},"organization":{"type":{"value":"Organization"},"url":{"value":"../organization/@hl7"}}}},"summary":"<div>Osler, Otto. SSN:\n\t\t\t\t222446666<\/div>"},{"title":"nephrologist","id":"http://hl7.org/fhir/provider/@38","links":[{"rel":"self","href":"http://hl7.org/fhir/provider/@38/history/@1"}],"updated":"2012-05-29T23:45:32Z","authors":[{"name":"Grahame Grieve"}],"categories":[{"term":"Provider","scheme":"http://hl7.org/fhir/resource-types"}],"content":{"Provider":{"text":{"status":{"value":"generated"},"div":"<div>Renal, Rory. SSN:\n\t\t\t\t\t\t222447777<\/div>"},"identifier":[{"label":{"value":"SSN"},"system":{"value":"http://hl7.org/fhir/sid/us-ssn"},"id":{"value":"222447777"}}],"details":{"name":[{"use":{"value":"official"},"family":[{"value":"Renal"}],"given":[{"value":"Rory"}]}],"telecom":[{"system":{"value":"phone"},"value":{"value":"555-555-1038"},"use":{"value":"work"}}],"gender":{"system":{"value":"http://hl7.org/fhir/sid/v2-0001"},"code":{"value":"M"}},"address":[{"use":{"value":"home"},"line":[{"value":"1036 Healthcare Drive"}]}]},"organization":{"type":{"value":"Organization"},"url":{"value":"../organization/@hl7"}}}},"summary":"<div>Renal, Rory. SSN:\n\t\t\t\t222447777<\/div>"},{"title":"neurologist","id":"http://hl7.org/fhir/provider/@39","links":[{"rel":"self","href":"http://hl7.org/fhir/provider/@39/history/@1"}],"updated":"2012-05-29T23:45:32Z","authors":[{"name":"Grahame Grieve"}],"categories":[{"term":"Provider","scheme":"http://hl7.org/fhir/resource-types"}],"content":{"Provider":{"text":{"status":{"value":"generated"},"div":"<div>Brain, Barry. SSN:\n\t\t\t\t\t\t222448888<\/div>"},"identifier":[{"label":{"value":"SSN"},"system":{"value":"http://hl7.org/fhir/sid/us-ssn"},"id":{"value":"222448888"}}],"details":{"name":[{"use":{"value":"official"},"family":[{"value":"Brain"}],"given":[{"value":"Barry"}]}],"telecom":[{"system":{"value":"phone"},"value":{"value":"555-555-1039"},"use":{"value":"work"}}],"gender":{"system":{"value":"http://hl7.org/fhir/sid/v2-0001"},"code":{"value":"M"}},"address":[{"use":{"value":"home"},"line":[{"value":"1037 Healthcare Drive"}]}]},"organization":{"type":{"value":"Organization"},"url":{"value":"../organization/@hl7"}}}},"summary":"<div>Brain, Barry. SSN:\n\t\t\t\t222448888<\/div>"},{"title":"neurosurgeon","id":"http://hl7.org/fhir/provider/@40","links":[{"rel":"self","href":"http://hl7.org/fhir/provider/@40/history/@1"}],"updated":"2012-05-29T23:45:32Z","authors":[{"name":"Grahame Grieve"}],"categories":[{"term":"Provider","scheme":"http://hl7.org/fhir/resource-types"}],"content":{"Provider":{"text":{"status":{"value":"generated"},"div":"<div>Cranium, Carol. SSN:\n\t\t\t\t\t\t222449999<\/div>"},"identifier":[{"label":{"value":"SSN"},"system":{"value":"http://hl7.org/fhir/sid/us-ssn"},"id":{"value":"222449999"}}],"details":{"name":[{"use":{"value":"official"},"family":[{"value":"Cranium"}],"given":[{"value":"Carol"}]}],"telecom":[{"system":{"value":"phone"},"value":{"value":"555-555-1040"},"use":{"value":"work"}}],"gender":{"system":{"value":"http://hl7.org/fhir/sid/v2-0001"},"code":{"value":"F"}},"address":[{"use":{"value":"home"},"line":[{"value":"1038 Healthcare Drive"}]}]},"organization":{"type":{"value":"Organization"},"url":{"value":"../organization/@hl7"}}}},"summary":"<div>Cranium, Carol. SSN:\n\t\t\t\t222449999<\/div>"},{"title":"OB/GYN","id":"http://hl7.org/fhir/provider/@41","links":[{"rel":"self","href":"http://hl7.org/fhir/provider/@41/history/@1"}],"updated":"2012-05-29T23:45:32Z","authors":[{"name":"Grahame Grieve"}],"categories":[{"term":"Provider","scheme":"http://hl7.org/fhir/resource-types"}],"content":{"Provider":{"text":{"status":{"value":"generated"},"div":"<div>Fem, Flora. SSN:\n\t\t\t\t\t\t222552222<\/div>"},"identifier":[{"label":{"value":"SSN"},"system":{"value":"http://hl7.org/fhir/sid/us-ssn"},"id":{"value":"222552222"}}],"details":{"name":[{"use":{"value":"official"},"family":[{"value":"Fem"}],"given":[{"value":"Flora"}]}],"telecom":[{"system":{"value":"phone"},"value":{"value":"555-555-1041"},"use":{"value":"work"}}],"gender":{"system":{"value":"http://hl7.org/fhir/sid/v2-0001"},"code":{"value":"F"}},"address":[{"use":{"value":"home"},"line":[{"value":"1039 Healthcare Drive"}]}]},"organization":{"type":{"value":"Organization"},"url":{"value":"../organization/@hl7"}}}},"summary":"<div>Fem, Flora. SSN:\n\t\t\t\t222552222<\/div>"},{"title":"oncologist","id":"http://hl7.org/fhir/provider/@42","links":[{"rel":"self","href":"http://hl7.org/fhir/provider/@42/history/@1"}],"updated":"2012-05-29T23:45:32Z","authors":[{"name":"Grahame Grieve"}],"categories":[{"term":"Provider","scheme":"http://hl7.org/fhir/resource-types"}],"content":{"Provider":{"text":{"status":{"value":"generated"},"div":"<div>Tumor, Trudy. SSN:\n\t\t\t\t\t\t222553333<\/div>"},"identifier":[{"label":{"value":"SSN"},"system":{"value":"http://hl7.org/fhir/sid/us-ssn"},"id":{"value":"222553333"}}],"details":{"name":[{"use":{"value":"official"},"family":[{"value":"Tumor"}],"given":[{"value":"Trudy"}]}],"telecom":[{"system":{"value":"phone"},"value":{"value":"555-555-2003"},"use":{"value":"work"}}],"gender":{"system":{"value":"http://hl7.org/fhir/sid/v2-0001"},"code":{"value":"F"}},"address":[{"use":{"value":"home"},"line":[{"value":"1040 Healthcare Drive"}]}]},"organization":{"type":{"value":"Organization"},"url":{"value":"../organization/@hl7"}}}},"summary":"<div>Tumor, Trudy. SSN:\n\t\t\t\t222553333<\/div>"},{"title":"ophthalmologist","id":"http://hl7.org/fhir/provider/@43","links":[{"rel":"self","href":"http://hl7.org/fhir/provider/@43/history/@1"}],"updated":"2012-05-29T23:45:32Z","authors":[{"name":"Grahame Grieve"}],"categories":[{"term":"Provider","scheme":"http://hl7.org/fhir/resource-types"}],"content":{"Provider":{"text":{"status":{"value":"generated"},"div":"<div>Vision, Victor. SSN:\n\t\t\t\t\t\t222554444<\/div>"},"identifier":[{"label":{"value":"SSN"},"system":{"value":"http://hl7.org/fhir/sid/us-ssn"},"id":{"value":"222554444"}}],"details":{"name":[{"use":{"value":"official"},"family":[{"value":"Vision"}],"given":[{"value":"Victor"}]}],"telecom":[{"system":{"value":"phone"},"value":{"value":"555-555-1043"},"use":{"value":"work"}}],"gender":{"system":{"value":"http://hl7.org/fhir/sid/v2-0001"},"code":{"value":"M"}},"address":[{"use":{"value":"home"},"line":[{"value":"1041 Healthcare Drive"}]}]},"organization":{"type":{"value":"Organization"},"url":{"value":"../organization/@hl7"}}}},"summary":"<div>Vision, Victor. SSN:\n\t\t\t\t222554444<\/div>"},{"title":"orthopedic surgeon","id":"http://hl7.org/fhir/provider/@44","links":[{"rel":"self","href":"http://hl7.org/fhir/provider/@44/history/@1"}],"updated":"2012-05-29T23:45:32Z","authors":[{"name":"Grahame Grieve"}],"categories":[{"term":"Provider","scheme":"http://hl7.org/fhir/resource-types"}],"content":{"Provider":{"text":{"status":{"value":"generated"},"div":"<div>Carpenter, Calvin. SSN:\n\t\t\t\t\t\t222555545<\/div>"},"identifier":[{"label":{"value":"SSN"},"system":{"value":"http://hl7.org/fhir/sid/us-ssn"},"id":{"value":"222555545"}}],"details":{"name":[{"use":{"value":"official"},"family":[{"value":"Carpenter"}],"given":[{"value":"Calvin"}]}],"telecom":[{"system":{"value":"phone"},"value":{"value":"555-555-1044"},"use":{"value":"work"}}],"gender":{"system":{"value":"http://hl7.org/fhir/sid/v2-0001"},"code":{"value":"M"}},"address":[{"use":{"value":"home"},"line":[{"value":"1042 Healthcare Drive"}]}]},"organization":{"type":{"value":"Organization"},"url":{"value":"../organization/@hl7"}}}},"summary":"<div>Carpenter, Calvin. SSN:\n\t\t\t\t222555545<\/div>"},{"title":"otolaryngologist (ENT)","id":"http://hl7.org/fhir/provider/@45","links":[{"rel":"self","href":"http://hl7.org/fhir/provider/@45/history/@1"}],"updated":"2012-05-29T23:45:32Z","authors":[{"name":"Grahame Grieve"}],"categories":[{"term":"Provider","scheme":"http://hl7.org/fhir/resource-types"}],"content":{"Provider":{"text":{"status":{"value":"generated"},"div":"<div>Rhino, Rick. SSN:\n\t\t\t\t\t\t222556666<\/div>"},"identifier":[{"label":{"value":"SSN"},"system":{"value":"http://hl7.org/fhir/sid/us-ssn"},"id":{"value":"222556666"}}],"details":{"name":[{"use":{"value":"official"},"family":[{"value":"Rhino"}],"given":[{"value":"Rick"}]}],"telecom":[{"system":{"value":"phone"},"value":{"value":"555-555-1045"},"use":{"value":"work"}}],"gender":{"system":{"value":"http://hl7.org/fhir/sid/v2-0001"},"code":{"value":"M"}},"address":[{"use":{"value":"home"},"line":[{"value":"1043 Healthcare Drive"}]}]},"organization":{"type":{"value":"Organization"},"url":{"value":"../organization/@hl7"}}}},"summary":"<div>Rhino, Rick. SSN:\n\t\t\t\t222556666<\/div>"},{"title":"pathologist","id":"http://hl7.org/fhir/provider/@46","links":[{"rel":"self","href":"http://hl7.org/fhir/provider/@46/history/@1"}],"updated":"2012-05-29T23:45:32Z","authors":[{"name":"Grahame Grieve"}],"categories":[{"term":"Provider","scheme":"http://hl7.org/fhir/resource-types"}],"content":{"Provider":{"text":{"status":{"value":"generated"},"div":"<div>Slide, Stan. SSN:\n\t\t\t\t\t\t222444444<\/div>"},"identifier":[{"label":{"value":"SSN"},"system":{"value":"http://hl7.org/fhir/sid/us-ssn"},"id":{"value":"222444444"}}],"details":{"name":[{"use":{"value":"official"},"family":[{"value":"Slide"}],"given":[{"value":"Stan"}]}],"telecom":[{"system":{"value":"phone"},"value":{"value":"555-555-1010"},"use":{"value":"work"}}],"gender":{"system":{"value":"http://hl7.org/fhir/sid/v2-0001"},"code":{"value":"M"}},"address":[{"use":{"value":"home"},"line":[{"value":"1010 Healthcare Drive"}]}]},"organization":{"type":{"value":"Organization"},"url":{"value":"../organization/@hl7"}}}},"summary":"<div>Slide, Stan. SSN:\n\t\t\t\t222444444<\/div>"},{"title":"pediatrician","id":"http://hl7.org/fhir/provider/@47","links":[{"rel":"self","href":"http://hl7.org/fhir/provider/@47/history/@1"}],"updated":"2012-05-29T23:45:32Z","authors":[{"name":"Grahame Grieve"}],"categories":[{"term":"Provider","scheme":"http://hl7.org/fhir/resource-types"}],"content":{"Provider":{"text":{"status":{"value":"generated"},"div":"<div>Kidder, Karen. SSN:\n\t\t\t\t\t\t222557777<\/div>"},"identifier":[{"label":{"value":"SSN"},"system":{"value":"http://hl7.org/fhir/sid/us-ssn"},"id":{"value":"222557777"}}],"details":{"name":[{"use":{"value":"official"},"family":[{"value":"Kidder"}],"given":[{"value":"Karen"}]}],"telecom":[{"system":{"value":"phone"},"value":{"value":"555-555-1046"},"use":{"value":"work"}}],"gender":{"system":{"value":"http://hl7.org/fhir/sid/v2-0001"},"code":{"value":"F"}},"address":[{"use":{"value":"home"},"line":[{"value":"1044 Healthcare Drive"}]}]},"organization":{"type":{"value":"Organization"},"url":{"value":"../organization/@hl7"}}}},"summary":"<div>Kidder, Karen. SSN:\n\t\t\t\t222557777<\/div>"},{"title":"plastic surgeon","id":"http://hl7.org/fhir/provider/@48","links":[{"rel":"self","href":"http://hl7.org/fhir/provider/@48/history/@1"}],"updated":"2012-05-29T23:45:32Z","authors":[{"name":"Grahame Grieve"}],"categories":[{"term":"Provider","scheme":"http://hl7.org/fhir/resource-types"}],"content":{"Provider":{"text":{"status":{"value":"generated"},"div":"<div>Hollywood, Heddie. SSN:\n\t\t\t\t\t\t222558888<\/div>"},"identifier":[{"label":{"value":"SSN"},"system":{"value":"http://hl7.org/fhir/sid/us-ssn"},"id":{"value":"222558888"}}],"details":{"name":[{"use":{"value":"official"},"family":[{"value":"Hollywood"}],"given":[{"value":"Heddie"}]}],"telecom":[{"system":{"value":"phone"},"value":{"value":"555-555-1047"},"use":{"value":"work"}}],"gender":{"system":{"value":"http://hl7.org/fhir/sid/v2-0001"},"code":{"value":"F"}},"address":[{"use":{"value":"home"},"line":[{"value":"1045 Healthcare Drive"}]}]},"organization":{"type":{"value":"Organization"},"url":{"value":"../organization/@hl7"}}}},"summary":"<div>Hollywood, Heddie. SSN:\n\t\t\t\t222558888<\/div>"},{"title":"psychiatrist","id":"http://hl7.org/fhir/provider/@49","links":[{"rel":"self","href":"http://hl7.org/fhir/provider/@49/history/@1"}],"updated":"2012-05-29T23:45:32Z","authors":[{"name":"Grahame Grieve"}],"categories":[{"term":"Provider","scheme":"http://hl7.org/fhir/resource-types"}],"content":{"Provider":{"text":{"status":{"value":"generated"},"div":"<div>Shrink, Serena. SSN:\n\t\t\t\t\t\t222559999<\/div>"},"identifier":[{"label":{"value":"SSN"},"system":{"value":"http://hl7.org/fhir/sid/us-ssn"},"id":{"value":"222559999"}}],"details":{"name":[{"use":{"value":"official"},"family":[{"value":"Shrink"}],"given":[{"value":"Serena"}]}],"telecom":[{"system":{"value":"phone"},"value":{"value":"555-555-1048"},"use":{"value":"work"}}],"gender":{"system":{"value":"http://hl7.org/fhir/sid/v2-0001"},"code":{"value":"F"}},"address":[{"use":{"value":"home"},"line":[{"value":"1046 Healthcare Drive"}]}]},"organization":{"type":{"value":"Organization"},"url":{"value":"../organization/@hl7"}}}},"summary":"<div>Shrink, Serena. SSN:\n\t\t\t\t222559999<\/div>"},{"title":"pulmonologist","id":"http://hl7.org/fhir/provider/@50","links":[{"rel":"self","href":"http://hl7.org/fhir/provider/@50/history/@1"}],"updated":"2012-05-29T23:45:32Z","authors":[{"name":"Grahame Grieve"}],"categories":[{"term":"Provider","scheme":"http://hl7.org/fhir/resource-types"}],"content":{"Provider":{"text":{"status":{"value":"generated"},"div":"<div>Puffer, Penny. SSN:\n\t\t\t\t\t\t222662222<\/div>"},"identifier":[{"label":{"value":"SSN"},"system":{"value":"http://hl7.org/fhir/sid/us-ssn"},"id":{"value":"222662222"}}],"details":{"name":[{"use":{"value":"official"},"family":[{"value":"Puffer"}],"given":[{"value":"Penny"}]}],"telecom":[{"system":{"value":"phone"},"value":{"value":"555-555-1049"},"use":{"value":"work"}}],"gender":{"system":{"value":"http://hl7.org/fhir/sid/v2-0001"},"code":{"value":"F"}},"address":[{"use":{"value":"home"},"line":[{"value":"1047 Healthcare Drive"}]}]},"organization":{"type":{"value":"Organization"},"url":{"value":"../organization/@hl7"}}}},"summary":"<div>Puffer, Penny. SSN:\n\t\t\t\t222662222<\/div>"},{"title":"radiologist","id":"http://hl7.org/fhir/provider/@51","links":[{"rel":"self","href":"http://hl7.org/fhir/provider/@51/history/@1"}],"updated":"2012-05-29T23:45:32Z","authors":[{"name":"Grahame Grieve"}],"categories":[{"term":"Provider","scheme":"http://hl7.org/fhir/resource-types"}],"content":{"Provider":{"text":{"status":{"value":"generated"},"div":"<div>Curie, Christine. SSN:\n\t\t\t\t\t\t222555555<\/div>"},"identifier":[{"label":{"value":"SSN"},"system":{"value":"http://hl7.org/fhir/sid/us-ssn"},"id":{"value":"222555555"}}],"details":{"name":[{"use":{"value":"official"},"family":[{"value":"Curie"}],"given":[{"value":"Christine"}]}],"telecom":[{"system":{"value":"phone"},"value":{"value":"555-555-1011"},"use":{"value":"work"}}],"gender":{"system":{"value":"http://hl7.org/fhir/sid/v2-0001"},"code":{"value":"F"}},"address":[{"use":{"value":"home"},"line":[{"value":"1011 Healthcare Drive"}]}]},"organization":{"type":{"value":"Organization"},"url":{"value":"../organization/@hl7"}}}},"summary":"<div>Curie, Christine. SSN:\n\t\t\t\t222555555<\/div>"},{"title":"rheumatologist","id":"http://hl7.org/fhir/provider/@52","links":[{"rel":"self","href":"http://hl7.org/fhir/provider/@52/history/@1"}],"updated":"2012-05-29T23:45:32Z","authors":[{"name":"Grahame Grieve"}],"categories":[{"term":"Provider","scheme":"http://hl7.org/fhir/resource-types"}],"content":{"Provider":{"text":{"status":{"value":"generated"},"div":"<div>Joint, Jeffrey. SSN:\n\t\t\t\t\t\t222663333<\/div>"},"identifier":[{"label":{"value":"SSN"},"system":{"value":"http://hl7.org/fhir/sid/us-ssn"},"id":{"value":"222663333"}}],"details":{"name":[{"use":{"value":"official"},"family":[{"value":"Joint"}],"given":[{"value":"Jeffrey"}]}],"telecom":[{"system":{"value":"phone"},"value":{"value":"555-555-1050"},"use":{"value":"work"}}],"gender":{"system":{"value":"http://hl7.org/fhir/sid/v2-0001"},"code":{"value":"M"}},"address":[{"use":{"value":"home"},"line":[{"value":"1048 Healthcare Drive"}]}]},"organization":{"type":{"value":"Organization"},"url":{"value":"../organization/@hl7"}}}},"summary":"<div>Joint, Jeffrey. SSN:\n\t\t\t\t222663333<\/div>"},{"title":"surgeon","id":"http://hl7.org/fhir/provider/@53","links":[{"rel":"self","href":"http://hl7.org/fhir/provider/@53/history/@1"}],"updated":"2012-05-29T23:45:32Z","authors":[{"name":"Grahame Grieve"}],"categories":[{"term":"Provider","scheme":"http://hl7.org/fhir/resource-types"}],"content":{"Provider":{"text":{"status":{"value":"generated"},"div":"<div>Cutter, Carl. SSN:\n\t\t\t\t\t\t222777777<\/div>"},"identifier":[{"label":{"value":"SSN"},"system":{"value":"http://hl7.org/fhir/sid/us-ssn"},"id":{"value":"222777777"}}],"details":{"name":[{"use":{"value":"official"},"family":[{"value":"Cutter"}],"given":[{"value":"Carl"}]}],"telecom":[{"system":{"value":"phone"},"value":{"value":"555-555-1013"},"use":{"value":"work"}}],"gender":{"system":{"value":"http://hl7.org/fhir/sid/v2-0001"},"code":{"value":"M"}},"address":[{"use":{"value":"home"},"line":[{"value":"1013 Healthcare Drive"}]}]},"organization":{"type":{"value":"Organization"},"url":{"value":"../organization/@hl7"}}}},"summary":"<div>Cutter, Carl. SSN:\n\t\t\t\t222777777<\/div>"},{"title":"urologist","id":"http://hl7.org/fhir/provider/@54","links":[{"rel":"self","href":"http://hl7.org/fhir/provider/@54/history/@1"}],"updated":"2012-05-29T23:45:32Z","authors":[{"name":"Grahame Grieve"}],"categories":[{"term":"Provider","scheme":"http://hl7.org/fhir/resource-types"}],"content":{"Provider":{"text":{"status":{"value":"generated"},"div":"<div>Plumber, Peter. SSN:\n\t\t\t\t\t\t222664444<\/div>"},"identifier":[{"label":{"value":"SSN"},"system":{"value":"http://hl7.org/fhir/sid/us-ssn"},"id":{"value":"222664444"}}],"details":{"name":[{"use":{"value":"official"},"family":[{"value":"Plumber"}],"given":[{"value":"Peter"}]}],"telecom":[{"system":{"value":"phone"},"value":{"value":"555-555-1051"},"use":{"value":"work"}}],"gender":{"system":{"value":"http://hl7.org/fhir/sid/v2-0001"},"code":{"value":"M"}},"address":[{"use":{"value":"home"},"line":[{"value":"1049 Healthcare Drive"}]}]},"organization":{"type":{"value":"Organization"},"url":{"value":"../organization/@hl7"}}}},"summary":"<div>Plumber, Peter. SSN:\n\t\t\t\t222664444<\/div>"},{"title":"physician assistant","id":"http://hl7.org/fhir/provider/@55","links":[{"rel":"self","href":"http://hl7.org/fhir/provider/@55/history/@1"}],"updated":"2012-05-29T23:45:32Z","authors":[{"name":"Grahame Grieve"}],"categories":[{"term":"Provider","scheme":"http://hl7.org/fhir/resource-types"}],"content":{"Provider":{"text":{"status":{"value":"generated"},"div":"<div>Helper, Horace. SSN:\n\t\t\t\t\t\t222665555<\/div>"},"identifier":[{"label":{"value":"SSN"},"system":{"value":"http://hl7.org/fhir/sid/us-ssn"},"id":{"value":"222665555"}}],"details":{"name":[{"use":{"value":"official"},"family":[{"value":"Helper"}],"given":[{"value":"Horace"}]}],"telecom":[{"system":{"value":"phone"},"value":{"value":"555-555-1052"},"use":{"value":"work"}}],"gender":{"system":{"value":"http://hl7.org/fhir/sid/v2-0001"},"code":{"value":"M"}},"address":[{"use":{"value":"home"},"line":[{"value":"1050 Healthcare Drive"}]}]},"organization":{"type":{"value":"Organization"},"url":{"value":"../organization/@hl7"}}}},"summary":"<div>Helper, Horace. SSN:\n\t\t\t\t222665555<\/div>"},{"title":"registered nurse","id":"http://hl7.org/fhir/provider/@56","links":[{"rel":"self","href":"http://hl7.org/fhir/provider/@56/history/@1"}],"updated":"2012-05-29T23:45:32Z","authors":[{"name":"Grahame Grieve"}],"categories":[{"term":"Provider","scheme":"http://hl7.org/fhir/resource-types"}],"content":{"Provider":{"text":{"status":{"value":"generated"},"div":"<div>Nightingale, Nancy. SSN:\n\t\t\t\t\t\t222888888<\/div>"},"identifier":[{"label":{"value":"SSN"},"system":{"value":"http://hl7.org/fhir/sid/us-ssn"},"id":{"value":"222888888"}}],"details":{"name":[{"use":{"value":"official"},"family":[{"value":"Nightingale"}],"given":[{"value":"Nancy"}]}],"telecom":[{"system":{"value":"phone"},"value":{"value":"555-555-1014"},"use":{"value":"work"}}],"gender":{"system":{"value":"http://hl7.org/fhir/sid/v2-0001"},"code":{"value":"F"}},"address":[{"use":{"value":"home"},"line":[{"value":"1014 Healthcare Drive"}]}]},"organization":{"type":{"value":"Organization"},"url":{"value":"../organization/@hl7"}}}},"summary":"<div>Nightingale, Nancy. SSN:\n\t\t\t\t222888888<\/div>"},{"title":"nursing assistant","id":"http://hl7.org/fhir/provider/@57","links":[{"rel":"self","href":"http://hl7.org/fhir/provider/@57/history/@1"}],"updated":"2012-05-29T23:45:32Z","authors":[{"name":"Grahame Grieve"}],"categories":[{"term":"Provider","scheme":"http://hl7.org/fhir/resource-types"}],"content":{"Provider":{"text":{"status":{"value":"generated"},"div":"<div>Barton, Clarence. SSN:\n\t\t\t\t\t\t222999999<\/div>"},"identifier":[{"label":{"value":"SSN"},"system":{"value":"http://hl7.org/fhir/sid/us-ssn"},"id":{"value":"222999999"}}],"details":{"name":[{"use":{"value":"official"},"family":[{"value":"Barton"}],"given":[{"value":"Clarence"}]}],"telecom":[{"system":{"value":"phone"},"value":{"value":"555-555-1015"},"use":{"value":"work"}}],"gender":{"system":{"value":"http://hl7.org/fhir/sid/v2-0001"},"code":{"value":"M"}},"address":[{"use":{"value":"home"},"line":[{"value":"1015 Healthcare Drive"}]}]},"organization":{"type":{"value":"Organization"},"url":{"value":"../organization/@hl7"}}}},"summary":"<div>Barton, Clarence. SSN:\n\t\t\t\t222999999<\/div>"},{"title":"chiropractor","id":"http://hl7.org/fhir/provider/@58","links":[{"rel":"self","href":"http://hl7.org/fhir/provider/@58/history/@1"}],"updated":"2012-05-29T23:45:32Z","authors":[{"name":"Grahame Grieve"}],"categories":[{"term":"Provider","scheme":"http://hl7.org/fhir/resource-types"}],"content":{"Provider":{"text":{"status":{"value":"generated"},"div":"<div>Bender, Bob. SSN:\n\t\t\t\t\t\t222666666<\/div>"},"identifier":[{"label":{"value":"SSN"},"system":{"value":"http://hl7.org/fhir/sid/us-ssn"},"id":{"value":"222666666"}}],"details":{"name":[{"use":{"value":"official"},"family":[{"value":"Bender"}],"given":[{"value":"Bob"}]}],"telecom":[{"system":{"value":"phone"},"value":{"value":"555-555-1053"},"use":{"value":"work"}}],"gender":{"system":{"value":"http://hl7.org/fhir/sid/v2-0001"},"code":{"value":"M"}},"address":[{"use":{"value":"home"},"line":[{"value":"1051 Healthcare Drive"}]}]},"organization":{"type":{"value":"Organization"},"url":{"value":"../organization/@hl7"}}}},"summary":"<div>Bender, Bob. SSN:\n\t\t\t\t222666666<\/div>"},{"title":"dentist","id":"http://hl7.org/fhir/provider/@59","links":[{"rel":"self","href":"http://hl7.org/fhir/provider/@59/history/@1"}],"updated":"2012-05-29T23:45:32Z","authors":[{"name":"Grahame Grieve"}],"categories":[{"term":"Provider","scheme":"http://hl7.org/fhir/resource-types"}],"content":{"Provider":{"text":{"status":{"value":"generated"},"div":"<div>Chopper, Charlie. SSN:\n\t\t\t\t\t\t222667777<\/div>"},"identifier":[{"label":{"value":"SSN"},"system":{"value":"http://hl7.org/fhir/sid/us-ssn"},"id":{"value":"222667777"}}],"details":{"name":[{"use":{"value":"official"},"family":[{"value":"Chopper"}],"given":[{"value":"Charlie"}]}],"telecom":[{"system":{"value":"phone"},"value":{"value":"555-555-1054"},"use":{"value":"work"}}],"gender":{"system":{"value":"http://hl7.org/fhir/sid/v2-0001"},"code":{"value":"M"}},"address":[{"use":{"value":"home"},"line":[{"value":"1052 Healthcare Drive"}]}]},"organization":{"type":{"value":"Organization"},"url":{"value":"../organization/@hl7"}}}},"summary":"<div>Chopper, Charlie. SSN:\n\t\t\t\t222667777<\/div>"},{"title":"orthodontist","id":"http://hl7.org/fhir/provider/@60","links":[{"rel":"self","href":"http://hl7.org/fhir/provider/@60/history/@1"}],"updated":"2012-05-29T23:45:32Z","authors":[{"name":"Grahame Grieve"}],"categories":[{"term":"Provider","scheme":"http://hl7.org/fhir/resource-types"}],"content":{"Provider":{"text":{"status":{"value":"generated"},"div":"<div>Brace, Ben. SSN:\n\t\t\t\t\t\t222668888<\/div>"},"identifier":[{"label":{"value":"SSN"},"system":{"value":"http://hl7.org/fhir/sid/us-ssn"},"id":{"value":"222668888"}}],"details":{"name":[{"use":{"value":"official"},"family":[{"value":"Brace"}],"given":[{"value":"Ben"}]}],"telecom":[{"system":{"value":"phone"},"value":{"value":"555-555-1055"},"use":{"value":"work"}}],"gender":{"system":{"value":"http://hl7.org/fhir/sid/v2-0001"},"code":{"value":"M"}},"address":[{"use":{"value":"home"},"line":[{"value":"1053 Healthcare Drive"}]}]},"organization":{"type":{"value":"Organization"},"url":{"value":"../organization/@hl7"}}}},"summary":"<div>Brace, Ben. SSN:\n\t\t\t\t222668888<\/div>"},{"title":"optometrist","id":"http://hl7.org/fhir/provider/@61","links":[{"rel":"self","href":"http://hl7.org/fhir/provider/@61/history/@1"}],"updated":"2012-05-29T23:45:32Z","authors":[{"name":"Grahame Grieve"}],"categories":[{"term":"Provider","scheme":"http://hl7.org/fhir/resource-types"}],"content":{"Provider":{"text":{"status":{"value":"generated"},"div":"<div>Specs, Sylvia. SSN:\n\t\t\t\t\t\t222669999<\/div>"},"identifier":[{"label":{"value":"SSN"},"system":{"value":"http://hl7.org/fhir/sid/us-ssn"},"id":{"value":"222669999"}}],"details":{"name":[{"use":{"value":"official"},"family":[{"value":"Specs"}],"given":[{"value":"Sylvia"}]}],"telecom":[{"system":{"value":"phone"},"value":{"value":"555-555-1056"},"use":{"value":"work"}}],"gender":{"system":{"value":"http://hl7.org/fhir/sid/v2-0001"},"code":{"value":"F"}},"address":[{"use":{"value":"home"},"line":[{"value":"1054 Healthcare Drive"}]}]},"organization":{"type":{"value":"Organization"},"url":{"value":"../organization/@hl7"}}}},"summary":"<div>Specs, Sylvia. SSN:\n\t\t\t\t222669999<\/div>"},{"title":"pharmacist","id":"http://hl7.org/fhir/provider/@62","links":[{"rel":"self","href":"http://hl7.org/fhir/provider/@62/history/@1"}],"updated":"2012-05-29T23:45:32Z","authors":[{"name":"Grahame Grieve"}],"categories":[{"term":"Provider","scheme":"http://hl7.org/fhir/resource-types"}],"content":{"Provider":{"text":{"status":{"value":"generated"},"div":"<div>Script, Susan. SSN:\n\t\t\t\t\t\t333222222<\/div>"},"identifier":[{"label":{"value":"SSN"},"system":{"value":"http://hl7.org/fhir/sid/us-ssn"},"id":{"value":"333222222"}}],"details":{"name":[{"use":{"value":"official"},"family":[{"value":"Script"}],"given":[{"value":"Susan"}]}],"telecom":[{"system":{"value":"phone"},"value":{"value":"555-555-1016"},"use":{"value":"work"}}],"gender":{"system":{"value":"http://hl7.org/fhir/sid/v2-0001"},"code":{"value":"F"}},"address":[{"use":{"value":"home"},"line":[{"value":"1016 Healthcare Drive"}]}]},"organization":{"type":{"value":"Organization"},"url":{"value":"../organization/@hl7"}}}},"summary":"<div>Script, Susan. SSN:\n\t\t\t\t333222222<\/div>"},{"title":"podiatrist","id":"http://hl7.org/fhir/provider/@63","links":[{"rel":"self","href":"http://hl7.org/fhir/provider/@63/history/@1"}],"updated":"2012-05-29T23:45:32Z","authors":[{"name":"Grahame Grieve"}],"categories":[{"term":"Provider","scheme":"http://hl7.org/fhir/resource-types"}],"content":{"Provider":{"text":{"status":{"value":"generated"},"div":"<div>Bunion, Paul. SSN:\n\t\t\t\t\t\t222772222<\/div>"},"identifier":[{"label":{"value":"SSN"},"system":{"value":"http://hl7.org/fhir/sid/us-ssn"},"id":{"value":"222772222"}}],"details":{"name":[{"use":{"value":"official"},"family":[{"value":"Bunion"}],"given":[{"value":"Paul"}]}],"telecom":[{"system":{"value":"phone"},"value":{"value":"555-555-1057"},"use":{"value":"work"}}],"gender":{"system":{"value":"http://hl7.org/fhir/sid/v2-0001"},"code":{"value":"M"}},"address":[{"use":{"value":"home"},"line":[{"value":"1055 Healthcare Drive"}]}]},"organization":{"type":{"value":"Organization"},"url":{"value":"../organization/@hl7"}}}},"summary":"<div>Bunion, Paul. SSN:\n\t\t\t\t222772222<\/div>"},{"title":"psychologist","id":"http://hl7.org/fhir/provider/@64","links":[{"rel":"self","href":"http://hl7.org/fhir/provider/@64/history/@1"}],"updated":"2012-05-29T23:45:32Z","authors":[{"name":"Grahame Grieve"}],"categories":[{"term":"Provider","scheme":"http://hl7.org/fhir/resource-types"}],"content":{"Provider":{"text":{"status":{"value":"generated"},"div":"<div>Listener, Larry. SSN:\n\t\t\t\t\t\t222773333<\/div>"},"identifier":[{"label":{"value":"SSN"},"system":{"value":"http://hl7.org/fhir/sid/us-ssn"},"id":{"value":"222773333"}}],"details":{"name":[{"use":{"value":"official"},"family":[{"value":"Listener"}],"given":[{"value":"Larry"}]}],"telecom":[{"system":{"value":"phone"},"value":{"value":"555-555-1058"},"use":{"value":"work"}}],"gender":{"system":{"value":"http://hl7.org/fhir/sid/v2-0001"},"code":{"value":"M"}},"address":[{"use":{"value":"home"},"line":[{"value":"1056 Healthcare Drive"}]}]},"organization":{"type":{"value":"Organization"},"url":{"value":"../organization/@hl7"}}}},"summary":"<div>Listener, Larry. SSN:\n\t\t\t\t222773333<\/div>"},{"title":"lab technician","id":"http://hl7.org/fhir/provider/@65","links":[{"rel":"self","href":"http://hl7.org/fhir/provider/@65/history/@1"}],"updated":"2012-05-29T23:45:32Z","authors":[{"name":"Grahame Grieve"}],"categories":[{"term":"Provider","scheme":"http://hl7.org/fhir/resource-types"}],"content":{"Provider":{"text":{"status":{"value":"generated"},"div":"<div>Beaker, Bill. SSN:\n\t\t\t\t\t\t333444444<\/div>"},"identifier":[{"label":{"value":"SSN"},"system":{"value":"http://hl7.org/fhir/sid/us-ssn"},"id":{"value":"333444444"}}],"details":{"name":[{"use":{"value":"official"},"family":[{"value":"Beaker"}],"given":[{"value":"Bill"}]}],"telecom":[{"system":{"value":"phone"},"value":{"value":"555-555-1017"},"use":{"value":"work"}}],"gender":{"system":{"value":"http://hl7.org/fhir/sid/v2-0001"},"code":{"value":"M"}},"address":[{"use":{"value":"home"},"line":[{"value":"1017 Healthcare Drive"}]}]},"organization":{"type":{"value":"Organization"},"url":{"value":"../organization/@hl7"}}}},"summary":"<div>Beaker, Bill. SSN:\n\t\t\t\t333444444<\/div>"},{"title":"dietician","id":"http://hl7.org/fhir/provider/@66","links":[{"rel":"self","href":"http://hl7.org/fhir/provider/@66/history/@1"}],"updated":"2012-05-29T23:45:32Z","authors":[{"name":"Grahame Grieve"}],"categories":[{"term":"Provider","scheme":"http://hl7.org/fhir/resource-types"}],"content":{"Provider":{"text":{"status":{"value":"generated"},"div":"<div>Chow, Connie. SSN:\n\t\t\t\t\t\t333555555<\/div>"},"identifier":[{"label":{"value":"SSN"},"system":{"value":"http://hl7.org/fhir/sid/us-ssn"},"id":{"value":"333555555"}}],"details":{"name":[{"use":{"value":"official"},"family":[{"value":"Chow"}],"given":[{"value":"Connie"}]}],"telecom":[{"system":{"value":"phone"},"value":{"value":"555-555-1018"},"use":{"value":"work"}}],"gender":{"system":{"value":"http://hl7.org/fhir/sid/v2-0001"},"code":{"value":"F"}},"address":[{"use":{"value":"home"},"line":[{"value":"1018 Healthcare Drive"}]}]},"organization":{"type":{"value":"Organization"},"url":{"value":"../organization/@hl7"}}}},"summary":"<div>Chow, Connie. SSN:\n\t\t\t\t333555555<\/div>"},{"title":"social worker","id":"http://hl7.org/fhir/provider/@67","links":[{"rel":"self","href":"http://hl7.org/fhir/provider/@67/history/@1"}],"updated":"2012-05-29T23:45:32Z","authors":[{"name":"Grahame Grieve"}],"categories":[{"term":"Provider","scheme":"http://hl7.org/fhir/resource-types"}],"content":{"Provider":{"text":{"status":{"value":"generated"},"div":"<div>teHelper. SSN:\n\t\t\t\t\t\t000111111<\/div>"},"identifier":[{"label":{"value":"SSN"},"system":{"value":"http://hl7.org/fhir/sid/us-ssn"},"id":{"value":"000111111"}}],"details":{"name":[{"use":{"value":"official"},"family":[{"value":"Helper"}],"given":[{"value":"Helen"}]}],"telecom":[{"system":{"value":"phone"},"value":{"value":"555-555-1019"},"use":{"value":"work"}}],"gender":{"system":{"value":"http://hl7.org/fhir/sid/v2-0001"},"code":{"value":"F"}},"address":[{"use":{"value":"home"},"line":[{"value":"1019 Healthcare Drive"}]}]},"organization":{"type":{"value":"Organization"},"url":{"value":"../organization/@hl7"}}}},"summary":"<div>teHelper. SSN:\n\t\t\t\t000111111<\/div>"},{"title":"occupational therapist","id":"http://hl7.org/fhir/provider/@68","links":[{"rel":"self","href":"http://hl7.org/fhir/provider/@68/history/@1"}],"updated":"2012-05-29T23:45:32Z","authors":[{"name":"Grahame Grieve"}],"categories":[{"term":"Provider","scheme":"http://hl7.org/fhir/resource-types"}],"content":{"Provider":{"text":{"status":{"value":"generated"},"div":"<div>Player, Pamela. SSN:\n\t\t\t\t\t\t222776666<\/div>"},"identifier":[{"label":{"value":"SSN"},"system":{"value":"http://hl7.org/fhir/sid/us-ssn"},"id":{"value":"222776666"}}],"details":{"name":[{"use":{"value":"official"},"family":[{"value":"Player"}],"given":[{"value":"Pamela"}]}],"telecom":[{"system":{"value":"phone"},"value":{"value":"555-555-1059"},"use":{"value":"work"}}],"gender":{"system":{"value":"http://hl7.org/fhir/sid/v2-0001"},"code":{"value":"F"}},"address":[{"use":{"value":"home"},"line":[{"value":"1057 Healthcare Drive"}]}]},"organization":{"type":{"value":"Organization"},"url":{"value":"../organization/@hl7"}}}},"summary":"<div>Player, Pamela. SSN:\n\t\t\t\t222776666<\/div>"},{"title":"physical therapist","id":"http://hl7.org/fhir/provider/@69","links":[{"rel":"self","href":"http://hl7.org/fhir/provider/@69/history/@1"}],"updated":"2012-05-29T23:45:32Z","authors":[{"name":"Grahame Grieve"}],"categories":[{"term":"Provider","scheme":"http://hl7.org/fhir/resource-types"}],"content":{"Provider":{"text":{"status":{"value":"generated"},"div":"<div>Stretcher, Seth. SSN:\n\t\t\t\t\t\t222778888<\/div>"},"identifier":[{"label":{"value":"SSN"},"system":{"value":"http://hl7.org/fhir/sid/us-ssn"},"id":{"value":"222778888"}}],"details":{"name":[{"use":{"value":"official"},"family":[{"value":"Stretcher"}],"given":[{"value":"Seth"}]}],"telecom":[{"system":{"value":"phone"},"value":{"value":"555-555-1060"},"use":{"value":"work"}}],"gender":{"system":{"value":"http://hl7.org/fhir/sid/v2-0001"},"code":{"value":"M"}},"address":[{"use":{"value":"home"},"line":[{"value":"1058 Healthcare Drive"}]}]},"organization":{"type":{"value":"Organization"},"url":{"value":"../organization/@hl7"}}}},"summary":"<div>Stretcher, Seth. SSN:\n\t\t\t\t222778888<\/div>"},{"title":"transcriptionist","id":"http://hl7.org/fhir/provider/@70","links":[{"rel":"self","href":"http://hl7.org/fhir/provider/@70/history/@1"}],"updated":"2012-05-29T23:45:32Z","authors":[{"name":"Grahame Grieve"}],"categories":[{"term":"Provider","scheme":"http://hl7.org/fhir/resource-types"}],"content":{"Provider":{"text":{"status":{"value":"generated"},"div":"<div>Enter Ellen, ElleSSN:\n\t\t\t\t\t\t333777777<\/div>"},"identifier":[{"label":{"value":"SSN"},"system":{"value":"http://hl7.org/fhir/sid/us-ssn"},"id":{"value":"333777777"}}],"details":{"name":[{"use":{"value":"official"},"family":[{"value":"Enter"}],"given":[{"value":"Ellen"}]}],"telecom":[{"system":{"value":"phone"},"value":{"value":"555-555-1020"},"use":{"value":"work"}}],"gender":{"system":{"value":"http://hl7.org/fhir/sid/v2-0001"},"code":{"value":"F"}},"address":[{"use":{"value":"home"},"line":[{"value":"1058 Healthcare Drive"}]}]},"organization":{"type":{"value":"Organization"},"url":{"value":"../organization/@hl7"}}}},"summary":"<div>Enter Ellen, ElleSSN:\n\t\t\t\t333777777<\/div>"}]}