<?xml version="1.0" encoding="UTF-8"?>

<Profile xmlns="http://hl7.org/fhir">
  <text>
    <status value="generated"/><div xmlns="http://www.w3.org/1999/xhtml"><pre>
&lt;<a title="Provenance information associated with another resource that can be used to help determine its reliability or trace where the information in it came from. The focus of the provenance resource is record keeping, audit and traceability, not clinical meaning" class="dict" href="provenance-definitions.htm#Provenance"><b>Provenance</b></a> xmlns=&quot;http://hl7.org/fhir&quot;&gt;
 &lt;<a title="The resource that this provenance information pertains to (this element must be understood)" class="dict" href="provenance-definitions.htm#Provenance.target"><span style="text-decoration: underline"><b>target</b></span></a>&gt;<span style="color: Gray">&lt;!--</span> <span style="color: brown"><b>1..1</b></span> <span style="color: darkgreen"><a href="resources.htm#Resource">Resource</a>(<a href="resources.htm">Any</a>)</span> <span style="color: navy">Target resource (usually version specific)</span><span style="color: Gray"> --&gt;</span>&lt;/target&gt;
 &lt;<a title="The activity that was being undertaken that led to the creation of the resource being referenced" class="dict" href="provenance-definitions.htm#Provenance.activity"><b>activity</b></a>&gt;  <span style="color: Gray">&lt;!-- <span style="color: brown"><b>1..1</b></span> Activity that created resource --&gt;</span>
  &lt;<a title="The period during which the activity occurred" class="dict" href="provenance-definitions.htm#Provenance.activity.period"><b>period</b></a>&gt;<span style="color: Gray">&lt;!--</span> <span style="color: brown"><b>0..1</b></span> <span style="color: darkgreen"><a href="datatypes.htm#Period">Period</a></span> <span style="color: navy">When the activity occurred</span><span style="color: Gray"> --&gt;</span>&lt;/period&gt;
  &lt;<a title="The instant of time at which the activity was recorded" class="dict" href="provenance-definitions.htm#Provenance.activity.recorded"><b>recorded</b></a> value=&quot;[<span style="color: darkgreen"><a href="datatypes.htm#instant">instant</a></span>]&quot;/&gt;<span style="color: Gray">&lt;!--</span> <span style="color: brown"><b>1..1</b></span> <span style="color: navy">When the activity was recorded / updated</span><span style="color: Gray"> --&gt;</span>
  &lt;<a title="The reason that the activity was taking place" class="dict" href="provenance-definitions.htm#Provenance.activity.reason"><b>reason</b></a>&gt;<span style="color: Gray">&lt;!--</span> <span style="color: brown"><b>0..1</b></span> <span style="color: darkgreen"><a href="datatypes.htm#CodeableConcept">CodeableConcept</a></span> <span style="color: navy">Reason the activity is occurring</span><span style="color: Gray"> --&gt;</span>&lt;/reason&gt;
  &lt;<a title="Where the activity occurred, if relevant" class="dict" href="provenance-definitions.htm#Provenance.activity.location"><b>location</b></a>&gt;  <span style="color: Gray">&lt;!-- <span style="color: brown"><b>0..1</b></span> Where the activity occurred, if relevant --&gt;</span>
   &lt;<a title="The type of location - a classification of the kind of location at which the activity took place" class="dict" href="provenance-definitions.htm#Provenance.activity.location.type"><b>type</b></a>&gt;<span style="color: Gray">&lt;!--</span> <span style="color: brown"><b>0..1</b></span> <span style="color: darkgreen"><a href="datatypes.htm#CodeableConcept">CodeableConcept</a></span> <span style="color: navy">Type of location (Classification)</span><span style="color: Gray"> --&gt;</span>&lt;/type&gt;
   &lt;<a title="An identifier for the location" class="dict" href="provenance-definitions.htm#Provenance.activity.location.id"><b>id</b></a>&gt;<span style="color: Gray">&lt;!--</span> <span style="color: brown"><b>0..1</b></span> <span style="color: darkgreen"><a href="datatypes.htm#Identifier">Identifier</a></span> <span style="color: navy">An identifier for the location</span><span style="color: Gray"> --&gt;</span>&lt;/id&gt;
   &lt;<a title="Human readable description of location at which the activity occurred" class="dict" href="provenance-definitions.htm#Provenance.activity.location.description"><b>description</b></a> value=&quot;[<span style="color: darkgreen"><a href="datatypes.htm#string">string</a></span>]&quot;/&gt;<span style="color: Gray">&lt;!--</span> <span style="color: brown"><b>0..1</b></span> <span style="color: navy">Human description of location</span><span style="color: Gray"> --&gt;</span>
   &lt;<a title="Geospatial coordinates of the location" class="dict" href="provenance-definitions.htm#Provenance.activity.location.coords"><b>coords</b></a> value=&quot;[<span style="color: darkgreen"><a href="datatypes.htm#string">string</a></span>]&quot;/&gt;<span style="color: Gray">&lt;!--</span> <span style="color: brown"><b>0..1</b></span> <span style="color: navy">Geospatial coordinates of the location. What format?</span><span style="color: Gray"> --&gt;</span>
  &lt;/location&gt;
  &lt;<a title="Policy or plan the activity was defined by" class="dict" href="provenance-definitions.htm#Provenance.activity.policy"><b>policy</b></a> value=&quot;[<span style="color: darkgreen"><a href="datatypes.htm#uri">uri</a></span>]&quot;/&gt;<span style="color: Gray">&lt;!--</span> <span style="color: brown"><b>0..1</b></span> <span style="color: navy">Policy or plan the activity was defined by</span><span style="color: Gray"> --&gt;</span>
 &lt;/activity&gt;
 &lt;<a title="An entity that is involved in the provenance of the target resource" class="dict" href="provenance-definitions.htm#Provenance.party"><b>party</b></a>&gt;  <span style="color: Gray">&lt;!-- <span style="color: brown"><b>0..*</b></span> Person, organization, records, etc. involved in creating resource --&gt;</span>
  &lt;<a title="The role that the participant played" class="dict" href="provenance-definitions.htm#Provenance.party.role"><b>role</b></a>&gt;<span style="color: Gray">&lt;!--</span> <span style="color: brown"><b>1..1</b></span> <span style="color: darkgreen"><a href="datatypes.htm#Coding">Coding</a></span> <span style="color: navy">author | overseer | enterer | attester | source | cc: +</span><span style="color: Gray"> --&gt;</span>&lt;/role&gt;
  &lt;<a title="The type of the participant" class="dict" href="provenance-definitions.htm#Provenance.party.type"><b>type</b></a>&gt;<span style="color: Gray">&lt;!--</span> <span style="color: brown"><b>1..1</b></span> <span style="color: darkgreen"><a href="datatypes.htm#Coding">Coding</a></span> <span style="color: navy">Resource | Person | Application | Record | Document +</span><span style="color: Gray"> --&gt;</span>&lt;/type&gt;
  &lt;<a title="Identity of participant. May be a logical or physical uri and maybe absolute or relative" class="dict" href="provenance-definitions.htm#Provenance.party.id"><b>id</b></a> value=&quot;[<span style="color: darkgreen"><a href="datatypes.htm#uri">uri</a></span>]&quot;/&gt;<span style="color: Gray">&lt;!--</span> <span style="color: brown"><b>1..1</b></span> <span style="color: navy">Identity of participant (urn or url)</span><span style="color: Gray"> --&gt;</span>
  &lt;<a title="Human readable description of the participant" class="dict" href="provenance-definitions.htm#Provenance.party.description"><b>description</b></a> value=&quot;[<span style="color: darkgreen"><a href="datatypes.htm#string">string</a></span>]&quot;/&gt;<span style="color: Gray">&lt;!--</span> <span style="color: brown"><b>0..1</b></span> <span style="color: navy">Human description of participant</span><span style="color: Gray"> --&gt;</span>
 &lt;/party&gt;
 &lt;<a title="A digital signature on the target resource. The signature should reference a participant by xml:id" class="dict" href="provenance-definitions.htm#Provenance.signature"><b>signature</b></a> value=&quot;[<span style="color: darkgreen"><a href="datatypes.htm#string">string</a></span>]&quot;/&gt;<span style="color: Gray">&lt;!--</span> <span style="color: brown"><b>0..1</b></span> <span style="color: navy">Digital Signature of resource</span><span style="color: Gray"> --&gt;</span>
&lt;/Provenance&gt;
</pre></div>
  </text>
  <name value="provenance"/>
  <author>
    <name value="todo (committee)"/>
  </author>
  <description value="Basic Profile. Provenance information associated with another resource that can be used to help determine its reliability or trace where the information in it came from. The focus of the provenance resource is record keeping, audit and traceability, not clinical meaning"/>
  <status>
    <code value="testing"/>
    <date value="2013-04-09"/>
  </status>
  <constraint>
    <type value="Provenance"/>
    <element>
      <path value="Provenance"/>
      <definition>
        <short value="Who, What, When for another resource"/>
        <formal value="Provenance information associated with another resource that can be used to help determine its reliability or trace where the information in it came from. The focus of the provenance resource is record keeping, audit and traceability, not clinical meaning"/>
        <comments value="Some parties may be duplicated between the target resource and its provenance.  For instance, the prescriber is usually (but not always) the author of the prescription resource. This resource is defined with close consideration for W3C Provenance"/>
        <min value="1"/>
        <max value="1"/>
        <type>
          <code value="Resource"/>
        </type>
        <mustUnderstand value="false"/>
      </definition>
    </element>
    <element>
      <path value="Provenance.extension"/>
      <definition>
        <short value="Additional Content defined by implementations"/>
        <formal value="May be used to represent additional information that is not part of the basic definition of the resource. In order to make the use of extensions safe and manageable, there is a strict governance applied to the definition and use of extensions. Though any implementer is allowed to define an extension, there is a set of requirements that must be met as part of the definition of the extension"/>
        <comments value="there can be no stigma
associated with the use of extensions by any application, project, or standard - regardless of the institution or jurisdiction that uses or defines the extensions.  The use of extensions is what allows the FHIR specification to retain a core simplicity for everyone"/>
        <synonym value="extensions"/>
        <synonym value="user content"/>
        <min value="0"/>
        <max value="*"/>
        <type>
          <code value="Extension"/>
        </type>
      </definition>
    </element>
    <element>
      <path value="Provenance.text"/>
      <definition>
        <short value="Text summary of the resource, for human interpretation"/>
        <formal value="A human readable narrative that contains a summary of the resource, and may be used to represent the content of the resource to a human. The narrative need not encode all the structured data, but is required to contain sufficient detail to make it &quot;clinically safe&quot; for a human to just read the narrative. Resource definitions may define what content should be represented in the narrative to ensure clinical safety"/>
        <comments value="Contained resources do not have narrative. Resources that are not contained SHOULD have a narrative"/>
        <synonym value="narrative"/>
        <synonym value="html"/>
        <synonym value="xhtml"/>
        <synonym value="display"/>
        <min value="0"/>
        <max value="1"/>
        <type>
          <code value="Narrative"/>
        </type>
      </definition>
    </element>
    <element>
      <path value="Provenance.contained"/>
      <definition>
        <short value="Contained, inline Resources"/>
        <formal value="These resources do not have an independent existence apart from the resource that contains them - they cannot be identified independently, and nor can they have their own independent transaction scope"/>
        <comments value="This should never be done when the content can be identified properly, as once identification is lost, it is extremely difficult (and context dependent) to restore it again"/>
        <synonym value="inline resources"/>
        <synonym value="anonymous resources"/>
        <synonym value="contained resources"/>
        <min value="0"/>
        <max value="*"/>
        <type>
          <code value="Resource"/>
        </type>
      </definition>
    </element>
    <element>
      <path value="Provenance.target"/>
      <definition>
        <short value="Target resource (usually version specific)"/>
        <formal value="The resource that this provenance information pertains to"/>
        <comments value="The target reference is usually version specific, but may not be, if a version has not been assigned or if the provenance information is part of the set of resources being maintained (i.e. a document)"/>
        <min value="1"/>
        <max value="1"/>
        <type>
          <code value="Resource(Any)"/>
        </type>
        <mustUnderstand value="true"/>
      </definition>
    </element>
    <element>
      <path value="Provenance.activity"/>
      <definition>
        <short value="Activity that created resource"/>
        <formal value="The activity that was being undertaken that led to the creation of the resource being referenced"/>
        <min value="1"/>
        <max value="1"/>
        <mustUnderstand value="false"/>
      </definition>
    </element>
    <element>
      <path value="Provenance.activity.period"/>
      <definition>
        <short value="When the activity occurred"/>
        <formal value="The period during which the activity occurred"/>
        <comments value="The period can be a little arbitrary; where possible, the time should correspond to human assessment of the activity time"/>
        <min value="0"/>
        <max value="1"/>
        <type>
          <code value="Period"/>
        </type>
        <mustUnderstand value="false"/>
      </definition>
    </element>
    <element>
      <path value="Provenance.activity.recorded"/>
      <definition>
        <short value="When the activity was recorded / updated"/>
        <formal value="The instant of time at which the activity was recorded"/>
        <comments value="This can be a little different from the time stamp on the resource if there is a delay between recording the event and updating the provenance and target resource"/>
        <min value="1"/>
        <max value="1"/>
        <type>
          <code value="instant"/>
        </type>
        <mustUnderstand value="false"/>
      </definition>
    </element>
    <element>
      <path value="Provenance.activity.reason"/>
      <definition>
        <short value="Reason the activity is occurring"/>
        <formal value="The reason that the activity was taking place"/>
        <min value="0"/>
        <max value="1"/>
        <type>
          <code value="CodeableConcept"/>
        </type>
        <mustUnderstand value="false"/>
      </definition>
    </element>
    <element>
      <path value="Provenance.activity.location"/>
      <definition>
        <short value="Where the activity occurred, if relevant"/>
        <formal value="Where the activity occurred, if relevant"/>
        <min value="0"/>
        <max value="1"/>
        <mustUnderstand value="false"/>
      </definition>
    </element>
    <element>
      <path value="Provenance.activity.location.type"/>
      <definition>
        <short value="Type of location (Classification)"/>
        <formal value="The type of location - a classification of the kind of location at which the activity took place"/>
        <min value="0"/>
        <max value="1"/>
        <type>
          <code value="CodeableConcept"/>
        </type>
        <mustUnderstand value="false"/>
        <binding value="ProvenanceLocationType"/>
      </definition>
    </element>
    <element>
      <path value="Provenance.activity.location.id"/>
      <definition>
        <short value="An identifier for the location"/>
        <formal value="An identifier for the location"/>
        <min value="0"/>
        <max value="1"/>
        <type>
          <code value="Identifier"/>
        </type>
        <mustUnderstand value="false"/>
      </definition>
    </element>
    <element>
      <path value="Provenance.activity.location.description"/>
      <definition>
        <short value="Human description of location"/>
        <formal value="Human readable description of location at which the activity occurred"/>
        <min value="0"/>
        <max value="1"/>
        <type>
          <code value="string"/>
        </type>
        <mustUnderstand value="false"/>
      </definition>
    </element>
    <element>
      <path value="Provenance.activity.location.coords"/>
      <definition>
        <short value="Geospatial coordinates of the location. What format?"/>
        <formal value="Geospatial coordinates of the location"/>
        <comments value="Todo:  what format should this be in?"/>
        <min value="0"/>
        <max value="1"/>
        <type>
          <code value="string"/>
        </type>
        <mustUnderstand value="false"/>
      </definition>
    </element>
    <element>
      <path value="Provenance.activity.policy"/>
      <definition>
        <short value="Policy or plan the activity was defined by"/>
        <formal value="Policy or plan the activity was defined by"/>
        <min value="0"/>
        <max value="1"/>
        <type>
          <code value="uri"/>
        </type>
        <mustUnderstand value="false"/>
      </definition>
    </element>
    <element>
      <path value="Provenance.party"/>
      <definition>
        <short value="Person, organization, records, etc. involved in creating resource"/>
        <formal value="An entity that is involved in the provenance of the target resource"/>
        <min value="0"/>
        <max value="*"/>
        <mustUnderstand value="false"/>
      </definition>
    </element>
    <element>
      <path value="Provenance.party.role"/>
      <definition>
        <short value="author | overseer | enterer | attester | source | cc: +"/>
        <formal value="The role that the participant played"/>
        <min value="1"/>
        <max value="1"/>
        <type>
          <code value="Coding"/>
        </type>
        <mustUnderstand value="false"/>
        <binding value="ProvenanceParticipantRole"/>
      </definition>
    </element>
    <element>
      <path value="Provenance.party.type"/>
      <definition>
        <short value="Resource | Person | Application | Record | Document +"/>
        <formal value="The type of the participant"/>
        <comments value="If the type is &quot;resource&quot; then the resource itself was the participant. If the type is a type of resource, then the entity identified by the resource is the participant"/>
        <min value="1"/>
        <max value="1"/>
        <type>
          <code value="Coding"/>
        </type>
        <mustUnderstand value="false"/>
        <binding value="ProvenanceParticipantType"/>
      </definition>
    </element>
    <element>
      <path value="Provenance.party.id"/>
      <definition>
        <short value="Identity of participant (urn or url)"/>
        <formal value="Identity of participant. May be a logical or physical uri and maybe absolute or relative"/>
        <comments value="identity may be a reference to a resource or to something else, depending on the type"/>
        <min value="1"/>
        <max value="1"/>
        <type>
          <code value="uri"/>
        </type>
        <mustUnderstand value="false"/>
      </definition>
    </element>
    <element>
      <path value="Provenance.party.description"/>
      <definition>
        <short value="Human description of participant"/>
        <formal value="Human readable description of the participant"/>
        <min value="0"/>
        <max value="1"/>
        <type>
          <code value="string"/>
        </type>
        <mustUnderstand value="false"/>
      </definition>
    </element>
    <element>
      <path value="Provenance.signature"/>
      <definition>
        <short value="Digital Signature of resource"/>
        <formal value="A digital signature on the target resource. The signature should reference a participant by xml:id"/>
        <comments value="json? Xml?"/>
        <min value="0"/>
        <max value="1"/>
        <type>
          <code value="string"/>
        </type>
        <mustUnderstand value="false"/>
      </definition>
    </element>
    <searchParam>
      <name value="_id"/>
      <type value="token"/>
      <repeats value="single"/>
      <documentation value="The logical resource id associated with the resource (must be supported by all servers)"/>
    </searchParam>
    <searchParam>
      <name value="location"/>
      <type value="qtoken"/>
      <repeats value="union"/>
      <documentation value="An identifier for the location"/>
    </searchParam>
    <searchParam>
      <name value="start"/>
      <type value="date"/>
      <repeats value="single"/>
      <documentation value="The start of the period"/>
    </searchParam>
    <searchParam>
      <name value="partytype"/>
      <type value="qtoken"/>
      <repeats value="union"/>
      <documentation value="Resource | Person | Application | Record | Document +"/>
    </searchParam>
    <searchParam>
      <name value="loctype"/>
      <type value="qtoken"/>
      <repeats value="union"/>
      <documentation value="Type of location (Classification)"/>
    </searchParam>
    <searchParam>
      <name value="target"/>
      <type value="qtoken"/>
      <repeats value="union"/>
      <documentation value="Target resource (usually version specific)"/>
    </searchParam>
    <searchParam>
      <name value="party"/>
      <type value="qtoken"/>
      <repeats value="union"/>
      <documentation value="Identity of participant (urn or url)"/>
    </searchParam>
    <searchParam>
      <name value="end"/>
      <type value="date"/>
      <repeats value="single"/>
      <documentation value="The end of the period, if not ongoing"/>
    </searchParam>
  </constraint>
</Profile>