<?xml version="1.0" encoding="UTF-8"?><Provenance xmlns="http://hl7.org/fhir">
  <text>
    <status value="generated"/>
    <div xmlns="http://www.w3.org/1999/xhtml">Authored on 8-Nov 2011 by Grahame Grieve. Content extracted from ISO-21090</div>
  </text>
  <target>
    <type value="Patient"/>
    <url value="../patient/@example/history/@1"/>
  </target>
  <!--  nominal activity: editing the standard  -->
  <activity>
    <period>
      <start value="2011-06-23"/>
    </period>
    <recorded value="2012-11-08T23:16:03+11:00"/>
    <reason>
      <text value="Editing the FHIR Specification"/>
    </reason>
    <location>
      <description value="Home Office"/>
    </location>
  </activity>
  <!--  author  -->
  <party>
    <role>
      <system value="http://hl7.org/fhir/provenance-participant-role"/>
      <code value="author"/>
    </role>
    <type>
      <system value="http://hl7.org/fhir/provenance-participant-type"/>
      <code value="person"/>
    </type>
    <id value="mailto:grahame@healthintersections.com.au"/>
    <description value="Grahame Grieve"/>
  </party>
  <!--  actually, this example was extracted from ISO 21090  -->
  <party>
    <role>
      <system value="http://hl7.org/fhir/provenance-participant-role"/>
      <code value="source"/>
    </role>
    <type>
      <system value="http://hl7.org/fhir/provenance-participant-type"/>
      <code value="document"/>
    </type>
    <id value="urn:iso:std:21090"/>
    <description value="ISO 21090"/>
  </party>
</Provenance>