<?xml version="1.0" encoding="UTF-8"?><Provider xmlns="http://hl7.org/fhir">

  <text>
    <status value="generated"/>
    <div xmlns="http://www.w3.org/1999/xhtml">
      <p>Dr Adam Careful is a Referring Provider for Acme Hospital from 1-Jan 2012 to 31-Mar 2012</p>
    </div>
  </text>

  <identifier>
    <system value="htp://www.acme.org/providers"/>
    <id value="23"/>
  </identifier>
  <details>
    <name>
      <family value="Careful"/>
      <given value="Adam"/>
      <prefix value="Dr"/>
    </name>
  </details>

  <organization>
    <type value="Organization"/>
    <url value="../organization/@1"/>
  </organization> 

  <!--  Referring Provider for the first 3 months of 2012  -->
  <role>
    <coding>
      <system value="http://hl7.org/fhir/sid/v2-0286"/>
      <code value="RP"/>
    </coding>
  </role>
  
  <period>
    <start value="2012-01-01"/>
    <end value="2012-03-31"/>
  </period>
</Provider>