<?xml version="1.0" encoding="UTF-8"?>

<Profile xmlns="http://hl7.org/fhir">
  <name>animal</name>
  <author>
    <name>todo (committee)</name>
  </author>
  <description>Basic Profile. An animal (non-human) that has relevance to the care process</description>
  <status>
    <code>testing</code>
    <date>2012-12-04</date>
  </status>
  <resource>
    <type>Resource</type>
    <element>
      <path>Animal</path>
      <definition>
        <short>Animal involved in healthcare</short>
        <formal>An animal (non-human) that has relevance to the care process</formal>
        <comments>Animals differ from Persons because you need to track species and strain, and also different kind of relationships - owners</comments>
        <min>1</min>
        <max>1</max>
        <type>
          <code>Resource</code>
        </type>
        <mustUnderstand>false</mustUnderstand>
      </definition>
    </element>
    <element>
      <path>Animal.identifier</path>
      <definition>
        <short>Human identifiers for this animal</short>
        <formal>Identifier for the animal that is used to identify the person across multiple disparate systems and also for face to face identification of the person</formal>
        <min>0</min>
        <max>*</max>
        <type>
          <code>HumanId</code>
        </type>
        <mustUnderstand>true</mustUnderstand>
      </definition>
    </element>
    <element>
      <path>Animal.name</path>
      <definition>
        <short>A name associated with the animal</short>
        <formal>A label assigned by humans to this specific individual animal</formal>
        <min>0</min>
        <max>*</max>
        <type>
          <code>HumanName</code>
        </type>
        <mustUnderstand>true</mustUnderstand>
      </definition>
    </element>
    <element>
      <path>Animal.dob</path>
      <definition>
        <short>The birth date for the animal</short>
        <formal>The year, date or date-time on which the animal was born</formal>
        <min>0</min>
        <max>1</max>
        <type>
          <code>dateTime</code>
        </type>
        <mustUnderstand>true</mustUnderstand>
      </definition>
    </element>
    <element>
      <path>Animal.species</path>
      <definition>
        <short>E.g. Dog, Cow</short>
        <formal>Identifies the high level categorization of the kind of animal</formal>
        <min>0</min>
        <max>1</max>
        <type>
          <code>CodeableConcept</code>
        </type>
        <mustUnderstand>true</mustUnderstand>
        <binding>AnimalSpecies</binding>
      </definition>
    </element>
    <element>
      <path>Animal.breed</path>
      <definition>
        <short>E.g. Poodle, Angus</short>
        <formal>Identifies the detailed categorization of the kind of animal.</formal>
        <min>0</min>
        <max>1</max>
        <type>
          <code>CodeableConcept</code>
        </type>
        <mustUnderstand>true</mustUnderstand>
        <binding>AnimalBreed</binding>
      </definition>
    </element>
    <element>
      <path>Animal.gender</path>
      <definition>
        <short>E.g. Male, Female</short>
        <formal>Gender for the Animal</formal>
        <comments>Note that some animals have additional genders not encountered in humans</comments>
        <min>0</min>
        <max>1</max>
        <type>
          <code>CodeableConcept</code>
        </type>
        <mustUnderstand>true</mustUnderstand>
        <binding>AnimalGender</binding>
      </definition>
    </element>
    <element>
      <path>Animal.genderStatus</path>
      <definition>
        <short>E.g. Neutered, Intact</short>
        <formal>Indicates the current state of the animal&#39;s reproductive organs</formal>
        <min>0</min>
        <max>1</max>
        <type>
          <code>CodeableConcept</code>
        </type>
        <mustUnderstand>false</mustUnderstand>
        <binding>AnimalGenderStatus</binding>
      </definition>
    </element>
    <element>
      <path>Animal.relatedEntity</path>
      <definition>
        <short>Kin, owner, care giver, etc.</short>
        <formal>People and animals that hold a relevant relationship to the animal</formal>
        <min>0</min>
        <max>*</max>
        <mustUnderstand>false</mustUnderstand>
      </definition>
    </element>
    <element>
      <path>Animal.relatedEntity.identifier</path>
      <definition>
        <short>Identifier for the entity</short>
        <formal>Human-displayable identifier associated with the referenced entity</formal>
        <min>0</min>
        <max>1</max>
        <type>
          <code>HumanId</code>
        </type>
        <mustUnderstand>false</mustUnderstand>
      </definition>
    </element>
    <element>
      <path>Animal.relatedEntity.role</path>
      <definition>
        <short>Type of relationship</short>
        <formal>Identifies how the referenced entity is related to the animal</formal>
        <min>1</min>
        <max>1</max>
        <type>
          <code>CodeableConcept</code>
        </type>
        <mustUnderstand>false</mustUnderstand>
        <binding>AnimalRelationship</binding>
      </definition>
    </element>
    <element>
      <path>Animal.relatedEntity.name</path>
      <definition>
        <short>Name of the related entity</short>
        <formal>Name of the related entity</formal>
        <min>0</min>
        <max>1</max>
        <type>
          <code>HumanName</code>
        </type>
        <mustUnderstand>false</mustUnderstand>
      </definition>
    </element>
    <element>
      <path>Animal.relatedEntity.address</path>
      <definition>
        <short>Physical or postal address</short>
        <formal>Indicates where the related entity can be found or reached</formal>
        <comments>Usually for human related entities, but could be the address of a related animal</comments>
        <min>0</min>
        <max>*</max>
        <type>
          <code>Address</code>
        </type>
        <mustUnderstand>false</mustUnderstand>
      </definition>
    </element>
    <element>
      <path>Animal.relatedEntity.contact</path>
      <definition>
        <short>Phone, e-mail, etc.</short>
        <formal>Indicates how the related entity can be contacted</formal>
        <comments>Usually for human related entities</comments>
        <min>0</min>
        <max>*</max>
        <type>
          <code>Contact</code>
        </type>
        <mustUnderstand>false</mustUnderstand>
      </definition>
    </element>
    <element>
      <path>Animal.extension</path>
      <definition>
        <short>See Extensions</short>
        <formal>See Extensions</formal>
        <min>0</min>
        <max>*</max>
        <type>
          <code>Extension</code>
        </type>
        <mustUnderstand>false</mustUnderstand>
      </definition>
    </element>
    <element>
      <path>Animal.text</path>
      <definition>
        <short>Text summary of resource (for human interpretation)</short>
        <formal> </formal>
        <min>1</min>
        <max>1</max>
        <type>
          <code>Narrative</code>
        </type>
        <mustUnderstand>false</mustUnderstand>
      </definition>
    </element>
  </resource>
  <text>
    <status>generated</status><div xmlns="http://www.w3.org/1999/xhtml"><pre>
&lt;<a title="An animal (non-human) that has relevance to the care process" class="dict" href="animal-definitions.htm#Animal"><b>Animal</b></a> xmlns=&quot;http://hl7.org/fhir&quot;&gt;
 &lt;<a title="Identifier for the animal that is used to identify the person across multiple disparate systems and also for face to face identification of the person (this element must be supported or understood)" class="dict" href="animal-definitions.htm#Animal.identifier"><span style="text-decoration: underline"><b>identifier</b></span></a>&gt;<span style="color: Gray">&lt;!--</span> <span style="color: brown"><b>0..*</b></span> <span style="color: darkgreen"><a href="datatypes.htm#HumanId">HumanId</a></span> <span style="color: navy">Human identifiers for this animal</span><span style="color: Gray"> --&gt;</span>&lt;/identifier&gt;
 &lt;<a title="A label assigned by humans to this specific individual animal (this element must be supported or understood)" class="dict" href="animal-definitions.htm#Animal.name"><span style="text-decoration: underline"><b>name</b></span></a>&gt;<span style="color: Gray">&lt;!--</span> <span title="Name use cannot be &quot;maiden&quot;" style="color: deeppink"><b>0..*</b></span> <span style="color: darkgreen"><a href="datatypes.htm#HumanName">HumanName</a></span> <span style="color: navy">A name associated with the animal</span><span style="color: Gray"> --&gt;</span>&lt;/name&gt;
 &lt;<a title="The year, date or date-time on which the animal was born (this element must be supported or understood)" class="dict" href="animal-definitions.htm#Animal.dob"><span style="text-decoration: underline"><b>dob</b></span></a>&gt;<span style="color: Gray">&lt;!--</span> <span style="color: brown"><b>0..1</b></span> <span style="color: darkgreen"><a href="datatypes.htm#dateTime">dateTime</a></span> <span style="color: navy">The birth date for the animal</span><span style="color: Gray"> --&gt;</span>&lt;/dob&gt;
 &lt;<a title="Identifies the high level categorization of the kind of animal (this element must be supported or understood)" class="dict" href="animal-definitions.htm#Animal.species"><span style="text-decoration: underline"><b>species</b></span></a>&gt;<span style="color: Gray">&lt;!--</span> <span style="color: brown"><b>0..1</b></span> <span style="color: darkgreen"><a href="datatypes.htm#CodeableConcept">CodeableConcept</a></span> <span style="color: navy">E.g. Dog, Cow</span><span style="color: Gray"> --&gt;</span>&lt;/species&gt;
 &lt;<a title="Identifies the detailed categorization of the kind of animal. (this element must be supported or understood)" class="dict" href="animal-definitions.htm#Animal.breed"><span style="text-decoration: underline"><b>breed</b></span></a>&gt;<span style="color: Gray">&lt;!--</span> <span style="color: brown"><b>0..1</b></span> <span style="color: darkgreen"><a href="datatypes.htm#CodeableConcept">CodeableConcept</a></span> <span style="color: navy">E.g. Poodle, Angus</span><span style="color: Gray"> --&gt;</span>&lt;/breed&gt;
 &lt;<a title="Gender for the Animal (this element must be supported or understood)" class="dict" href="animal-definitions.htm#Animal.gender"><span style="text-decoration: underline"><b>gender</b></span></a>&gt;<span style="color: Gray">&lt;!--</span> <span style="color: brown"><b>0..1</b></span> <span style="color: darkgreen"><a href="datatypes.htm#CodeableConcept">CodeableConcept</a></span> <span style="color: navy">E.g. Male, Female</span><span style="color: Gray"> --&gt;</span>&lt;/gender&gt;
 &lt;<a title="Indicates the current state of the animal&#39;s reproductive organs" class="dict" href="animal-definitions.htm#Animal.genderStatus"><b>genderStatus</b></a>&gt;<span style="color: Gray">&lt;!--</span> <span style="color: brown"><b>0..1</b></span> <span style="color: darkgreen"><a href="datatypes.htm#CodeableConcept">CodeableConcept</a></span> <span style="color: navy">E.g. Neutered, Intact</span><span style="color: Gray"> --&gt;</span>&lt;/genderStatus&gt;
 &lt;<a title="People and animals that hold a relevant relationship to the animal" class="dict" href="animal-definitions.htm#Animal.relatedEntity"><b>relatedEntity</b></a>&gt;  <span style="color: Gray">&lt;!-- <span style="color: brown"><b>0..*</b></span> Kin, owner, care giver, etc. --&gt;</span>
  &lt;<a title="Human-displayable identifier associated with the referenced entity" class="dict" href="animal-definitions.htm#Animal.relatedEntity.identifier"><b>identifier</b></a>&gt;<span style="color: Gray">&lt;!--</span> <span style="color: brown"><b>0..1</b></span> <span style="color: darkgreen"><a href="datatypes.htm#HumanId">HumanId</a></span> <span style="color: navy">Identifier for the entity</span><span style="color: Gray"> --&gt;</span>&lt;/identifier&gt;
  &lt;<a title="Identifies how the referenced entity is related to the animal" class="dict" href="animal-definitions.htm#Animal.relatedEntity.role"><b>role</b></a>&gt;<span style="color: Gray">&lt;!--</span> <span style="color: brown"><b>1..1</b></span> <span style="color: darkgreen"><a href="datatypes.htm#CodeableConcept">CodeableConcept</a></span> <span style="color: navy">Type of relationship</span><span style="color: Gray"> --&gt;</span>&lt;/role&gt;
  &lt;<a title="Name of the related entity" class="dict" href="animal-definitions.htm#Animal.relatedEntity.name"><b>name</b></a>&gt;<span style="color: Gray">&lt;!--</span> <span style="color: brown"><b>0..1</b></span> <span style="color: darkgreen"><a href="datatypes.htm#HumanName">HumanName</a></span> <span style="color: navy">Name of the related entity</span><span style="color: Gray"> --&gt;</span>&lt;/name&gt;
  &lt;<a title="Indicates where the related entity can be found or reached" class="dict" href="animal-definitions.htm#Animal.relatedEntity.address"><b>address</b></a>&gt;<span style="color: Gray">&lt;!--</span> <span style="color: brown"><b>0..*</b></span> <span style="color: darkgreen"><a href="datatypes.htm#Address">Address</a></span> <span style="color: navy">Physical or postal address</span><span style="color: Gray"> --&gt;</span>&lt;/address&gt;
  &lt;<a title="Indicates how the related entity can be contacted" class="dict" href="animal-definitions.htm#Animal.relatedEntity.contact"><b>contact</b></a>&gt;<span style="color: Gray">&lt;!--</span> <span style="color: brown"><b>0..*</b></span> <span style="color: darkgreen"><a href="datatypes.htm#Contact">Contact</a></span> <span style="color: navy">Phone, e-mail, etc.</span><span style="color: Gray"> --&gt;</span>&lt;/contact&gt;
 &lt;/relatedEntity&gt;
 &lt;<a title="See Extensions" class="dict" href="animal-definitions.htm#Animal.extension"><b>extension</b></a>&gt;<span style="color: Gray">&lt;!--</span> <span style="color: brown"><b>0..*</b></span> <span style="color: darkgreen"><a href="extensibility.htm#Extension">Extension</a></span>  <a href="extensibility.htm"><span style="color: navy">See Extensions</span></a> <span style="color: Gray"> --&gt;</span>&lt;/extension&gt;
 &lt;<a title=" " class="dict" href="animal-definitions.htm#Animal.text"><b>text</b></a>&gt;<span style="color: Gray">&lt;!--</span> <span style="color: brown"><b>1..1</b></span> <span style="color: darkgreen"><a href="xml.htm#Narrative">Narrative</a></span> <span style="color: navy">Text summary of resource (for human interpretation)</span><span style="color: Gray"> --&gt;</span>&lt;/text&gt;
&lt;/Animal&gt;
</pre></div>
  </text>
</Profile>