<?xml version="1.0" encoding="UTF-8"?>
<resourceDefinitions xmlns="http://hl7.org/fhir">
  <author>HL7</author>
  <resourceDefinition>
    <name>Animal</name>
    <elementDefinitions>
      <elementDefinition>
        <name>Animal</name>
        <cardinality>
          <minOccurs>1</minOccurs>
          <maxOccurs>1</maxOccurs>
        </cardinality>
        <condition></condition>
        <mustUnderstand>false</mustUnderstand>
        <definition>An animal (non-human) that has relevance to the care process</definition>
        <requirements>Need to be able to track animals - veterinary medicine is an active user of HL7 standards.  Animals are also relevant in clinical studies, as &quot;animal helpers&quot;, etc.</requirements>
        <comments>Animals differ from Persons because you need to track species and strain, and also different kind of relationships - owners</comments>
        <rim>NonPersonLivingSubject(classCode=ANM, determinerCode=INST)</rim>
        <v2>PID</v2>
      </elementDefinition>
      <elementDefinition>
        <name>Animal.identifier</name>
        <cardinality>
          <minOccurs>0</minOccurs>
          <maxOccurs>unbounded</maxOccurs>
        </cardinality>
        <condition></condition>
        <types>
          <type>HumanId</type>
        </types>
        <mustUnderstand>true</mustUnderstand>
        <definition>Identifier for the animal that is used to identify the person across multiple disparate systems and also for face to face identification of the person</definition>
        <requirements>Animals are known by a variety of ids. Some institutions maintain several, and most collect identifiers for exchange with other organizations concerning the animal</requirements>
        <rim>.scopes[Role](classCode=IDENT)</rim>
        <v2>PID.3</v2>
      </elementDefinition>
      <elementDefinition>
        <name>Animal.name</name>
        <cardinality>
          <minOccurs>0</minOccurs>
          <maxOccurs>unbounded</maxOccurs>
        </cardinality>
        <condition></condition>
        <types>
          <type>HumanName</type>
        </types>
        <mustUnderstand>true</mustUnderstand>
        <definition>A label assigned by humans to this specific individual animal</definition>
        <requirements>Some animals have names, which are assigned by humans for human reasons, and follow human naming patterns</requirements>
        <rim>.name</rim>
        <v2>PID.5</v2>
      </elementDefinition>
      <elementDefinition>
        <name>Animal.dob</name>
        <cardinality>
          <minOccurs>0</minOccurs>
          <maxOccurs>1</maxOccurs>
        </cardinality>
        <condition></condition>
        <types>
          <type>dateTime</type>
        </types>
        <mustUnderstand>true</mustUnderstand>
        <definition>The year, date or date-time on which the animal was born</definition>
        <requirements>Age of the animal drives many clinical processes.</requirements>
        <rim>.dateOfBirth</rim>
        <v2>PID.7</v2>
        <todo>RIM change to support human date (time only - but is this needed in this context?)</todo>
      </elementDefinition>
      <elementDefinition>
        <name>Animal.species</name>
        <cardinality>
          <minOccurs>0</minOccurs>
          <maxOccurs>1</maxOccurs>
        </cardinality>
        <condition></condition>
        <types>
          <type>CodeableConcept</type>
        </types>
        <conceptDomain>AnimalSpecies</conceptDomain>
        <mustUnderstand>true</mustUnderstand>
        <definition>Identifies the high level categorization of the kind of animal</definition>
        <requirements>Need to know what kind of animal</requirements>
        <rim>.playedRole[classCode=GEN].scoper[classCode=ANM, determinerCode=KIND].code</rim>
        <v2>PID.35</v2>
      </elementDefinition>
      <elementDefinition>
        <name>Animal.breed</name>
        <cardinality>
          <minOccurs>0</minOccurs>
          <maxOccurs>1</maxOccurs>
        </cardinality>
        <condition></condition>
        <types>
          <type>CodeableConcept</type>
        </types>
        <conceptDomain>AnimalBreed</conceptDomain>
        <mustUnderstand>true</mustUnderstand>
        <definition>Identifies the detailed categorization of the kind of animal.</definition>
        <requirements>May need to know the specific kind within the species</requirements>
        <rim>.code</rim>
        <v2>PID.37</v2>
        <todo>Not sure why this is ED in the RIM.  Should probably change to SC.</todo>
      </elementDefinition>
      <elementDefinition>
        <name>Animal.gender</name>
        <cardinality>
          <minOccurs>0</minOccurs>
          <maxOccurs>1</maxOccurs>
        </cardinality>
        <condition></condition>
        <types>
          <type>CodeableConcept</type>
        </types>
        <conceptDomain>AnimalGender</conceptDomain>
        <mustUnderstand>true</mustUnderstand>
        <definition>Gender for the Animal</definition>
        <requirements>For managing the animal, including appropriate housing.</requirements>
        <comments>Note that some animals have additional genders not encountered in humans</comments>
        <rim>.administrativeGenderCode</rim>
        <v2>PID.8</v2>
      </elementDefinition>
      <elementDefinition>
        <name>Animal.genderStatus</name>
        <cardinality>
          <minOccurs>0</minOccurs>
          <maxOccurs>1</maxOccurs>
        </cardinality>
        <condition></condition>
        <types>
          <type>CodeableConcept</type>
        </types>
        <conceptDomain>AnimalGenderStatus</conceptDomain>
        <mustUnderstand>false</mustUnderstand>
        <definition>Indicates the current state of the animal's reproductive organs</definition>
        <requirements>Gender status can affect housing and animal behavior</requirements>
        <rim>.genderStatusCode</rim>
        <v2>N/A</v2>
      </elementDefinition>
      <elementDefinition>
        <name>Animal.relatedEntity</name>
        <cardinality>
          <minOccurs>0</minOccurs>
          <maxOccurs>unbounded</maxOccurs>
        </cardinality>
        <condition></condition>
        <mustUnderstand>false</mustUnderstand>
        <definition>People and animals that hold a relevant relationship to the animal</definition>
        <requirements>Genetic relationships between animals can be relevant for some use-cases, but the primary use-case is to identify the humans affiliated with an animal</requirements>
        <rim>.scopes[Role](classCode=REL).player</rim>
        <v2>ROL</v2>
      </elementDefinition>
      <elementDefinition>
        <name>Animal.relatedEntity.identifier</name>
        <cardinality>
          <minOccurs>0</minOccurs>
          <maxOccurs>1</maxOccurs>
        </cardinality>
        <condition></condition>
        <types>
          <type>HumanId</type>
        </types>
        <mustUnderstand>false</mustUnderstand>
        <definition>Human-displayable identifier associated with the referenced entity</definition>
        <requirements>Allows reliable identification of and potentially retrieval of additional information about the related entity</requirements>
        <rim>.id</rim>
        <v2>ROL.4</v2>
      </elementDefinition>
      <elementDefinition>
        <name>Animal.relatedEntity.role</name>
        <cardinality>
          <minOccurs>1</minOccurs>
          <maxOccurs>1</maxOccurs>
        </cardinality>
        <condition></condition>
        <types>
          <type>CodeableConcept</type>
        </types>
        <conceptDomain>AnimalRelationship</conceptDomain>
        <mustUnderstand>false</mustUnderstand>
        <definition>Identifies how the referenced entity is related to the animal</definition>
        <requirements>Allows choosing between multiple related entities</requirements>
        <rim>.code</rim>
        <v2>ROL.3</v2>
      </elementDefinition>
      <elementDefinition>
        <name>Animal.relatedEntity.name</name>
        <cardinality>
          <minOccurs>0</minOccurs>
          <maxOccurs>1</maxOccurs>
        </cardinality>
        <condition></condition>
        <types>
          <type>HumanName</type>
        </types>
        <mustUnderstand>false</mustUnderstand>
        <definition>Name of the related entity</definition>
        <requirements>This is the human-recognizable label for the entity and indicates how to address a human</requirements>
        <rim>.name</rim>
        <v2>ROL.4</v2>
      </elementDefinition>
      <elementDefinition>
        <name>Animal.relatedEntity.address</name>
        <cardinality>
          <minOccurs>0</minOccurs>
          <maxOccurs>unbounded</maxOccurs>
        </cardinality>
        <condition></condition>
        <types>
          <type>Address</type>
        </types>
        <mustUnderstand>false</mustUnderstand>
        <definition>Indicates where the related entity can be found or reached</definition>
        <requirements>Allows contacting the related entity</requirements>
        <comments>Usually for human related entities, but could be the address of a related animal</comments>
        <rim>.addr</rim>
        <v2>ROL.11</v2>
      </elementDefinition>
      <elementDefinition>
        <name>Animal.relatedEntity.contact</name>
        <cardinality>
          <minOccurs>0</minOccurs>
          <maxOccurs>unbounded</maxOccurs>
        </cardinality>
        <condition></condition>
        <types>
          <type>Contact</type>
        </types>
        <mustUnderstand>false</mustUnderstand>
        <definition>Indicates how the related entity can be contacted</definition>
        <requirements>Allows contacting the related entity</requirements>
        <comments>Usually for human related entities</comments>
        <rim>.telecom</rim>
        <v2>ROL.12</v2>
      </elementDefinition>
      <elementDefinition>
        <name>Animal.extension</name>
        <cardinality>
          <minOccurs>0</minOccurs>
          <maxOccurs>unbounded</maxOccurs>
        </cardinality>
        <condition></condition>
        <types>
          <type>Extension</type>
        </types>
        <mustUnderstand>false</mustUnderstand>
        <definition>See Extensions</definition>
        <requirements></requirements>
        <rim>[varies]</rim>
      </elementDefinition>
      <elementDefinition>
        <name>Animal.text</name>
        <cardinality>
          <minOccurs>1</minOccurs>
          <maxOccurs>1</maxOccurs>
        </cardinality>
        <condition></condition>
        <types>
          <type>Narrative</type>
        </types>
        <mustUnderstand>false</mustUnderstand>
        <definition> </definition>
        <requirements></requirements>
        <rim></rim>
        <todo>.text</todo>
      </elementDefinition>
    </elementDefinitions>
  </resourceDefinition>
</resourceDefinitions>

