<?xml version="1.0" encoding="UTF-8"?>
<resourceDefinitions xmlns="http://hl7.org/fhir">
  <author>HL7</author>
  <resourceDefinition>
    <name>Conformance</name>
    <elementDefinitions>
      <elementDefinition>
        <name>Conformance</name>
        <cardinality>
          <minOccurs>1</minOccurs>
          <maxOccurs>1</maxOccurs>
        </cardinality>
        <condition></condition>
        <mustUnderstand>false</mustUnderstand>
        <definition>A conformance statement about how an application or implementation supports FHIR or the set of requirements for a desired implementation</definition>
        <requirements></requirements>
        <rim>N/A</rim>
        <todo>Need to capture wire format (XML vs. JSON) and character set.  Probably separately for each rest, messaging &amp; document repetition.</todo>
      </elementDefinition>
      <elementDefinition>
        <name>Conformance.date</name>
        <cardinality>
          <minOccurs>1</minOccurs>
          <maxOccurs>1</maxOccurs>
        </cardinality>
        <condition></condition>
        <types>
          <type>dateTime</type>
        </types>
        <mustUnderstand>false</mustUnderstand>
        <definition>Date that the conformance statement is published</definition>
        <requirements></requirements>
        <rim>N/A</rim>
      </elementDefinition>
      <elementDefinition>
        <name>Conformance.publisher</name>
        <cardinality>
          <minOccurs>1</minOccurs>
          <maxOccurs>1</maxOccurs>
        </cardinality>
        <condition></condition>
        <mustUnderstand>false</mustUnderstand>
        <definition>The organization that publishes this conformance statement</definition>
        <requirements></requirements>
        <rim>N/A</rim>
      </elementDefinition>
      <elementDefinition>
        <name>Conformance.publisher.name</name>
        <cardinality>
          <minOccurs>1</minOccurs>
          <maxOccurs>1</maxOccurs>
        </cardinality>
        <condition></condition>
        <types>
          <type>string</type>
        </types>
        <mustUnderstand>false</mustUnderstand>
        <definition>Name of Organization</definition>
        <requirements></requirements>
        <rim>N/A</rim>
      </elementDefinition>
      <elementDefinition>
        <name>Conformance.publisher.address</name>
        <cardinality>
          <minOccurs>0</minOccurs>
          <maxOccurs>1</maxOccurs>
        </cardinality>
        <condition></condition>
        <types>
          <type>Address</type>
        </types>
        <mustUnderstand>false</mustUnderstand>
        <definition>Address of Organization</definition>
        <requirements></requirements>
        <rim>N/A</rim>
      </elementDefinition>
      <elementDefinition>
        <name>Conformance.publisher.contact</name>
        <cardinality>
          <minOccurs>0</minOccurs>
          <maxOccurs>unbounded</maxOccurs>
        </cardinality>
        <condition></condition>
        <types>
          <type>Contact</type>
        </types>
        <mustUnderstand>false</mustUnderstand>
        <definition>Contacts for Organization relevant to this conformance statement.  May be website, email, phone numbers, etc.</definition>
        <requirements></requirements>
        <rim>N/A</rim>
      </elementDefinition>
      <elementDefinition>
        <name>Conformance.implementation</name>
        <cardinality>
          <minOccurs>0</minOccurs>
          <maxOccurs>1</maxOccurs>
        </cardinality>
        <condition></condition>
        <mustUnderstand>false</mustUnderstand>
        <definition>Describes the implementation that is covered by this conformance statement.  Used when the profile describes the capabilities of a specific implementation instance.</definition>
        <requirements></requirements>
        <rim>N/A</rim>
      </elementDefinition>
      <elementDefinition>
        <name>Conformance.implementation.description</name>
        <cardinality>
          <minOccurs>1</minOccurs>
          <maxOccurs>1</maxOccurs>
        </cardinality>
        <condition></condition>
        <types>
          <type>string</type>
        </types>
        <mustUnderstand>false</mustUnderstand>
        <definition>Information about the specific implementation </definition>
        <requirements></requirements>
        <rim>N/A</rim>
      </elementDefinition>
      <elementDefinition>
        <name>Conformance.implementation.url</name>
        <cardinality>
          <minOccurs>0</minOccurs>
          <maxOccurs>1</maxOccurs>
        </cardinality>
        <condition></condition>
        <types>
          <type>uri</type>
        </types>
        <mustUnderstand>false</mustUnderstand>
        <definition>The base URL for the implementation.  This forms the base for REST interfaces as well as the mailbox and document interfaces.</definition>
        <requirements></requirements>
        <rim>N/A</rim>
      </elementDefinition>
      <elementDefinition>
        <name>Conformance.software</name>
        <cardinality>
          <minOccurs>0</minOccurs>
          <maxOccurs>1</maxOccurs>
        </cardinality>
        <condition></condition>
        <mustUnderstand>false</mustUnderstand>
        <definition>Describes the software that is covered by this conformance statement.  Used when the profile describes the capabilities of a particular software version, independent of an installation.</definition>
        <requirements></requirements>
        <rim>N/A</rim>
      </elementDefinition>
      <elementDefinition>
        <name>Conformance.software.name</name>
        <cardinality>
          <minOccurs>1</minOccurs>
          <maxOccurs>1</maxOccurs>
        </cardinality>
        <condition></condition>
        <types>
          <type>string</type>
        </types>
        <mustUnderstand>false</mustUnderstand>
        <definition>Name software is known by</definition>
        <requirements></requirements>
        <rim>N/A</rim>
      </elementDefinition>
      <elementDefinition>
        <name>Conformance.software.version</name>
        <cardinality>
          <minOccurs>0</minOccurs>
          <maxOccurs>1</maxOccurs>
        </cardinality>
        <condition></condition>
        <types>
          <type>string</type>
        </types>
        <mustUnderstand>false</mustUnderstand>
        <definition>Version covered by this statement</definition>
        <requirements></requirements>
        <comments>If possible, version should be specified, as statements are likely to be different for different versions of software</comments>
        <rim>N/A</rim>
      </elementDefinition>
      <elementDefinition>
        <name>Conformance.software.releaseDate</name>
        <cardinality>
          <minOccurs>0</minOccurs>
          <maxOccurs>1</maxOccurs>
        </cardinality>
        <condition></condition>
        <types>
          <type>dateTime</type>
        </types>
        <mustUnderstand>false</mustUnderstand>
        <definition>Date this version of the software released</definition>
        <requirements></requirements>
        <rim>N/A</rim>
      </elementDefinition>
      <elementDefinition>
        <name>Conformance.proposal</name>
        <cardinality>
          <minOccurs>0</minOccurs>
          <maxOccurs>1</maxOccurs>
        </cardinality>
        <condition></condition>
        <mustUnderstand>false</mustUnderstand>
        <definition>Describes the proposed solution described by this conformance statement.  Used when the profile describes a desired rather than an actual solution, for example as a formal expression of requirements as part of an RFP.</definition>
        <requirements></requirements>
        <rim>N/A</rim>
      </elementDefinition>
      <elementDefinition>
        <name>Conformance.proposal.description</name>
        <cardinality>
          <minOccurs>1</minOccurs>
          <maxOccurs>1</maxOccurs>
        </cardinality>
        <condition></condition>
        <types>
          <type>string</type>
        </types>
        <mustUnderstand>false</mustUnderstand>
        <definition>Provides details about the intention and scope of the proposal</definition>
        <requirements></requirements>
        <rim>N/A</rim>
      </elementDefinition>
      <elementDefinition>
        <name>Conformance.version</name>
        <cardinality>
          <minOccurs>1</minOccurs>
          <maxOccurs>1</maxOccurs>
        </cardinality>
        <condition></condition>
        <types>
          <type>id</type>
        </types>
        <mustUnderstand>false</mustUnderstand>
        <definition>The version of the FHIR specification on which this conformance profile is based</definition>
        <requirements></requirements>
        <rim>N/A</rim>
      </elementDefinition>
      <elementDefinition>
        <name>Conformance.acceptUnknown</name>
        <cardinality>
          <minOccurs>1</minOccurs>
          <maxOccurs>1</maxOccurs>
        </cardinality>
        <condition></condition>
        <types>
          <type>boolean</type>
        </types>
        <mustUnderstand>false</mustUnderstand>
        <definition>Whether the application accepts unknown non-&quot;must understand&quot; elements as part of a resource. This does not include extensions, but genuine new additions to a resource</definition>
        <requirements></requirements>
        <rim>N/A</rim>
      </elementDefinition>
      <elementDefinition>
        <name>Conformance.rest</name>
        <cardinality>
          <minOccurs>0</minOccurs>
          <maxOccurs>unbounded</maxOccurs>
        </cardinality>
        <condition></condition>
        <mustUnderstand>false</mustUnderstand>
        <definition>Defines the restful capabilities of the solution, if any</definition>
        <requirements></requirements>
        <comments>Multiple repetitions allow definition of both client and server behaviors or possibly behaviors under different configuration settings (for software or requirements statements)</comments>
        <rim>N/A</rim>
      </elementDefinition>
      <elementDefinition>
        <name>Conformance.rest.mode</name>
        <cardinality>
          <minOccurs>1</minOccurs>
          <maxOccurs>1</maxOccurs>
        </cardinality>
        <condition></condition>
        <types>
          <type>code</type>
        </types>
        <conceptDomain>RestfulConformanceMode</conceptDomain>
        <mustUnderstand>false</mustUnderstand>
        <definition>Identifies whether this portion of the statement is describing ability to initiate or receive restful operations</definition>
        <requirements></requirements>
        <rim>N/A</rim>
      </elementDefinition>
      <elementDefinition>
        <name>Conformance.rest.documentation</name>
        <cardinality>
          <minOccurs>0</minOccurs>
          <maxOccurs>1</maxOccurs>
        </cardinality>
        <condition></condition>
        <types>
          <type>string</type>
        </types>
        <mustUnderstand>false</mustUnderstand>
        <definition>Provides documentation about the system's restful capabilities that apply across all applications, such as security</definition>
        <requirements></requirements>
        <rim></rim>
        <todo>Do we need something more formal for security capabilities?</todo>
      </elementDefinition>
      <elementDefinition>
        <name>Conformance.rest.resource</name>
        <cardinality>
          <minOccurs>1</minOccurs>
          <maxOccurs>unbounded</maxOccurs>
        </cardinality>
        <condition></condition>
        <mustUnderstand>false</mustUnderstand>
        <definition>Identifies the restful capabilities of the solution for a specific resource type</definition>
        <requirements></requirements>
        <comments>Max of one repetition per resource type</comments>
        <rim>N/A</rim>
      </elementDefinition>
      <elementDefinition>
        <name>Conformance.rest.resource.type</name>
        <cardinality>
          <minOccurs>1</minOccurs>
          <maxOccurs>1</maxOccurs>
        </cardinality>
        <condition></condition>
        <types>
          <type>code</type>
        </types>
        <conceptDomain>ResourceType</conceptDomain>
        <mustUnderstand>false</mustUnderstand>
        <definition>Identifies the resource exposed via the restful interface</definition>
        <requirements></requirements>
        <rim>N/A</rim>
      </elementDefinition>
      <elementDefinition>
        <name>Conformance.rest.resource.profile</name>
        <cardinality>
          <minOccurs>0</minOccurs>
          <maxOccurs>1</maxOccurs>
        </cardinality>
        <condition></condition>
        <types>
          <type>uri</type>
        </types>
        <mustUnderstand>false</mustUnderstand>
        <definition>Identifies the profile that describes the solution's support for the resource, including any constraints on cardinality, bindings, lengths or other limitations, along with the search parameters supported</definition>
        <requirements></requirements>
        <rim>N/A</rim>
      </elementDefinition>
      <elementDefinition>
        <name>Conformance.rest.resource.operation</name>
        <cardinality>
          <minOccurs>1</minOccurs>
          <maxOccurs>unbounded</maxOccurs>
        </cardinality>
        <condition></condition>
        <mustUnderstand>false</mustUnderstand>
        <definition>Identifies a restful operation supported by the solution</definition>
        <requirements></requirements>
        <comments>The 'search' operation is handled separately</comments>
        <rim>N/A</rim>
      </elementDefinition>
      <elementDefinition>
        <name>Conformance.rest.resource.operation.code</name>
        <cardinality>
          <minOccurs>1</minOccurs>
          <maxOccurs>1</maxOccurs>
        </cardinality>
        <condition></condition>
        <types>
          <type>code</type>
        </types>
        <conceptDomain>RestfulOperation</conceptDomain>
        <mustUnderstand>false</mustUnderstand>
        <definition>Identifies which operation is supported</definition>
        <requirements></requirements>
        <rim>N/A</rim>
      </elementDefinition>
      <elementDefinition>
        <name>Conformance.rest.resource.operation.documentation</name>
        <cardinality>
          <minOccurs>0</minOccurs>
          <maxOccurs>1</maxOccurs>
        </cardinality>
        <condition></condition>
        <types>
          <type>string</type>
        </types>
        <mustUnderstand>false</mustUnderstand>
        <definition>Provides guidance specific to the implementation of this operation, such as 'delete is a logical delete' or 'updates are only allowed with version id' or 'creates permitted from pre-authorized certificates only'</definition>
        <requirements>REST allows a degree of variability in the implementation of RESTful solutions that is useful for exchange partners to be aware of.</requirements>
        <rim>N/A</rim>
      </elementDefinition>
      <elementDefinition>
        <name>Conformance.rest.resource.history</name>
        <cardinality>
          <minOccurs>0</minOccurs>
          <maxOccurs>1</maxOccurs>
        </cardinality>
        <condition></condition>
        <types>
          <type>boolean</type>
        </types>
        <mustUnderstand>false</mustUnderstand>
        <definition>A flag for whether the server is able to return past versions as part of the vRead operation</definition>
        <requirements></requirements>
        <comments>It is useful to support the vRead operation for current operations, even if past versions aren't available</comments>
        <rim>N/A</rim>
      </elementDefinition>
      <elementDefinition>
        <name>Conformance.messaging</name>
        <cardinality>
          <minOccurs>0</minOccurs>
          <maxOccurs>unbounded</maxOccurs>
        </cardinality>
        <condition></condition>
        <mustUnderstand>false</mustUnderstand>
        <definition>Describes the messaging capabilities of the solution</definition>
        <requirements></requirements>
        <comments>Multiple repetitions allow the documentation of multiple endpoints per solution</comments>
        <rim>N/A</rim>
      </elementDefinition>
      <elementDefinition>
        <name>Conformance.messaging.endpoint</name>
        <cardinality>
          <minOccurs>0</minOccurs>
          <maxOccurs>1</maxOccurs>
        </cardinality>
        <condition></condition>
        <types>
          <type>uri</type>
        </types>
        <mustUnderstand>false</mustUnderstand>
        <definition>The address to which messages and/or replies are to be sent.</definition>
        <requirements></requirements>
        <comments>Can be just an identifier for solutions that do not use network addresses for routing.</comments>
        <rim>N/A</rim>
      </elementDefinition>
      <elementDefinition>
        <name>Conformance.messaging.documentation</name>
        <cardinality>
          <minOccurs>0</minOccurs>
          <maxOccurs>1</maxOccurs>
        </cardinality>
        <condition></condition>
        <types>
          <type>string</type>
        </types>
        <mustUnderstand>false</mustUnderstand>
        <definition>Provides documentation about the system's messaging capabilities for this endpoint not otherwise documented by the conformance statement.  For example, process for becoming an authorized messaging exchange partner.</definition>
        <requirements></requirements>
        <rim></rim>
      </elementDefinition>
      <elementDefinition>
        <name>Conformance.messaging.event</name>
        <cardinality>
          <minOccurs>1</minOccurs>
          <maxOccurs>unbounded</maxOccurs>
        </cardinality>
        <condition></condition>
        <mustUnderstand>false</mustUnderstand>
        <definition>Describes the solution's support for an event at this end point.</definition>
        <requirements></requirements>
        <comments>The same event may be listed up to two times - once as sender and once as receiver.</comments>
        <rim>N/A</rim>
        <todo>Need to add follow-ups and need to do more to flesh out messaging dynamic model</todo>
      </elementDefinition>
      <elementDefinition>
        <name>Conformance.messaging.event.code</name>
        <cardinality>
          <minOccurs>1</minOccurs>
          <maxOccurs>1</maxOccurs>
        </cardinality>
        <condition></condition>
        <types>
          <type>code</type>
        </types>
        <conceptDomain>MessageEvent</conceptDomain>
        <mustUnderstand>false</mustUnderstand>
        <definition>Identifies the supported messaging event</definition>
        <requirements></requirements>
        <rim>N/A</rim>
        <todo>May need profile id as well if profiles can define message events</todo>
      </elementDefinition>
      <elementDefinition>
        <name>Conformance.messaging.event.mode</name>
        <cardinality>
          <minOccurs>1</minOccurs>
          <maxOccurs>1</maxOccurs>
        </cardinality>
        <condition></condition>
        <types>
          <type>code</type>
        </types>
        <conceptDomain>ConformanceEventMode</conceptDomain>
        <mustUnderstand>false</mustUnderstand>
        <definition>The mode of this event declaration - whether application is sender or receiver</definition>
        <requirements></requirements>
        <rim>N/A</rim>
      </elementDefinition>
      <elementDefinition>
        <name>Conformance.messaging.event.protocol</name>
        <cardinality>
          <minOccurs>0</minOccurs>
          <maxOccurs>unbounded</maxOccurs>
        </cardinality>
        <condition></condition>
        <types>
          <type>Coding</type>
        </types>
        <conceptDomain>MessageTransport</conceptDomain>
        <mustUnderstand>false</mustUnderstand>
        <definition>Identifies the messaging transport protocol(s) supported by this endpoint</definition>
        <requirements></requirements>
        <rim></rim>
        <todo>Loosen this to &quot;extensible&quot; once tooling supports that.</todo>
      </elementDefinition>
      <elementDefinition>
        <name>Conformance.messaging.event.focus</name>
        <cardinality>
          <minOccurs>1</minOccurs>
          <maxOccurs>1</maxOccurs>
        </cardinality>
        <condition></condition>
        <types>
          <type>code</type>
        </types>
        <conceptDomain>ResourceType</conceptDomain>
        <mustUnderstand>false</mustUnderstand>
        <definition>Identifies the resource associated with the event.  This is the resource that defines the event.</definition>
        <requirements></requirements>
        <comments>This must be provided if the event type supports multiple different resource types</comments>
        <rim>N/A</rim>
      </elementDefinition>
      <elementDefinition>
        <name>Conformance.messaging.event.request</name>
        <cardinality>
          <minOccurs>0</minOccurs>
          <maxOccurs>1</maxOccurs>
        </cardinality>
        <condition></condition>
        <types>
          <type>uri</type>
        </types>
        <mustUnderstand>false</mustUnderstand>
        <definition>Information about the request for this event</definition>
        <requirements></requirements>
        <rim>N/A</rim>
      </elementDefinition>
      <elementDefinition>
        <name>Conformance.messaging.event.response</name>
        <cardinality>
          <minOccurs>0</minOccurs>
          <maxOccurs>1</maxOccurs>
        </cardinality>
        <condition></condition>
        <types>
          <type>uri</type>
        </types>
        <mustUnderstand>false</mustUnderstand>
        <definition>Information about the response for this event</definition>
        <requirements></requirements>
        <rim>N/A</rim>
      </elementDefinition>
      <elementDefinition>
        <name>Conformance.messaging.event.documentation</name>
        <cardinality>
          <minOccurs>0</minOccurs>
          <maxOccurs>1</maxOccurs>
        </cardinality>
        <condition></condition>
        <types>
          <type>string</type>
        </types>
        <mustUnderstand>false</mustUnderstand>
        <definition>Guidance on how this event is handled, such as internal system trigger points, business rules, etc.</definition>
        <requirements></requirements>
        <rim></rim>
      </elementDefinition>
      <elementDefinition>
        <name>Conformance.document</name>
        <cardinality>
          <minOccurs>0</minOccurs>
          <maxOccurs>unbounded</maxOccurs>
        </cardinality>
        <condition></condition>
        <mustUnderstand>false</mustUnderstand>
        <definition>A document definition</definition>
        <requirements></requirements>
        <rim>N/A</rim>
      </elementDefinition>
      <elementDefinition>
        <name>Conformance.document.mode</name>
        <cardinality>
          <minOccurs>1</minOccurs>
          <maxOccurs>1</maxOccurs>
        </cardinality>
        <condition></condition>
        <types>
          <type>code</type>
        </types>
        <conceptDomain>DocumentMode</conceptDomain>
        <mustUnderstand>false</mustUnderstand>
        <definition>The mode of this event declaration - whether application is sender or receiver</definition>
        <requirements></requirements>
        <rim>N/A</rim>
      </elementDefinition>
      <elementDefinition>
        <name>Conformance.document.documentation</name>
        <cardinality>
          <minOccurs>0</minOccurs>
          <maxOccurs>1</maxOccurs>
        </cardinality>
        <condition></condition>
        <types>
          <type>string</type>
        </types>
        <mustUnderstand>false</mustUnderstand>
        <definition>Describes how the application supports or uses the specified document profile.  For example, when are documents created, what action is taken with consumed documents, etc.</definition>
        <requirements></requirements>
        <rim>N/A</rim>
      </elementDefinition>
      <elementDefinition>
        <name>Conformance.document.profile</name>
        <cardinality>
          <minOccurs>1</minOccurs>
          <maxOccurs>1</maxOccurs>
        </cardinality>
        <condition></condition>
        <types>
          <type>uri</type>
        </types>
        <mustUnderstand>false</mustUnderstand>
        <definition>Constraint on a resource used in the document</definition>
        <requirements></requirements>
        <comments>The first resource is the document resource</comments>
        <rim>N/A</rim>
      </elementDefinition>
      <elementDefinition>
        <name>Conformance.extension</name>
        <cardinality>
          <minOccurs>0</minOccurs>
          <maxOccurs>unbounded</maxOccurs>
        </cardinality>
        <condition></condition>
        <types>
          <type>Extension</type>
        </types>
        <mustUnderstand>false</mustUnderstand>
        <definition>See Extensions</definition>
        <requirements></requirements>
        <rim>N/A</rim>
      </elementDefinition>
      <elementDefinition>
        <name>Conformance.text</name>
        <cardinality>
          <minOccurs>1</minOccurs>
          <maxOccurs>1</maxOccurs>
        </cardinality>
        <condition></condition>
        <types>
          <type>Narrative</type>
        </types>
        <mustUnderstand>false</mustUnderstand>
        <definition>Text summary of resource (for human interpretation)</definition>
        <requirements></requirements>
        <rim>N/A</rim>
      </elementDefinition>
    </elementDefinitions>
  </resourceDefinition>
</resourceDefinitions>

