<?xml version="1.0" encoding="UTF-8"?>
<resourceDefinitions xmlns="http://hl7.org/fhir">
  <author>HL7</author>
  <resourceDefinition>
    <name>Coverage</name>
    <elementDefinitions>
      <elementDefinition>
        <name>Coverage</name>
        <cardinality>
          <minOccurs>1</minOccurs>
          <maxOccurs>1</maxOccurs>
        </cardinality>
        <condition></condition>
        <mustUnderstand>false</mustUnderstand>
        <definition>Financial instrument by which payment information for health care</definition>
        <requirements>Health care programs and insurers are significant payors of health service costs</requirements>
        <rim>Coverage</rim>
      </elementDefinition>
      <elementDefinition>
        <name>Coverage.issuer</name>
        <cardinality>
          <minOccurs>1</minOccurs>
          <maxOccurs>1</maxOccurs>
        </cardinality>
        <condition></condition>
        <types>
          <type>Resource(Organization)</type>
        </types>
        <mustUnderstand>true</mustUnderstand>
        <definition>The program or plan underwriter or payor.</definition>
        <requirements>Need to identify the issuer to target for processing and for coordination of benefit processing.</requirements>
        <rim></rim>
      </elementDefinition>
      <elementDefinition>
        <name>Coverage.period</name>
        <cardinality>
          <minOccurs>0</minOccurs>
          <maxOccurs>1</maxOccurs>
        </cardinality>
        <condition></condition>
        <types>
          <type>Period</type>
        </types>
        <mustUnderstand>true</mustUnderstand>
        <definition>Time period during which the coverage is in force. A missing start date indicates the start date isn't known, a missing end date means the coverage is continuing to be in force.</definition>
        <requirements></requirements>
        <rim></rim>
      </elementDefinition>
      <elementDefinition>
        <name>Coverage.type</name>
        <cardinality>
          <minOccurs>1</minOccurs>
          <maxOccurs>1</maxOccurs>
        </cardinality>
        <condition></condition>
        <types>
          <type>Coding</type>
        </types>
        <conceptDomain>ActCoverageTypeCode</conceptDomain>
        <mustUnderstand>true</mustUnderstand>
        <definition>The type of coverage: social program, medical plan, accident coverage (workers compensation, auto), group health. </definition>
        <requirements>The order of application of coverages is dependent on the types of coverage.</requirements>
        <rim></rim>
      </elementDefinition>
      <elementDefinition>
        <name>Coverage.identifier</name>
        <cardinality>
          <minOccurs>1</minOccurs>
          <maxOccurs>1</maxOccurs>
        </cardinality>
        <condition></condition>
        <types>
          <type>Identifier</type>
        </types>
        <mustUnderstand>true</mustUnderstand>
        <definition>The main, may be the only, identifier for the coverage - often referred to as a Subscriber Id, Certificate number or Personal Health Number or Case ID.</definition>
        <requirements>This value may uniquely identify the coverage or it may be used in conjunction with the additional identifiers below.</requirements>
        <rim></rim>
      </elementDefinition>
      <elementDefinition>
        <name>Coverage.plan</name>
        <cardinality>
          <minOccurs>0</minOccurs>
          <maxOccurs>1</maxOccurs>
        </cardinality>
        <condition></condition>
        <types>
          <type>Identifier</type>
        </types>
        <mustUnderstand>true</mustUnderstand>
        <definition>Identifies a style or collective of coverage issues by the underwriter, for example may be used to identify a class of coverage or employer group. May also be referred to as a Policy or Group ID.</definition>
        <requirements></requirements>
        <rim></rim>
      </elementDefinition>
      <elementDefinition>
        <name>Coverage.subplan</name>
        <cardinality>
          <minOccurs>0</minOccurs>
          <maxOccurs>1</maxOccurs>
        </cardinality>
        <condition></condition>
        <types>
          <type>Identifier</type>
        </types>
        <mustUnderstand>true</mustUnderstand>
        <definition>Identifies a sub-style or sub-collective of coverage issues by the underwriter, for example may be used to identify a specific employer group within a class of employers. May be referred to as a Section or Division ID.</definition>
        <requirements></requirements>
        <rim></rim>
      </elementDefinition>
      <elementDefinition>
        <name>Coverage.dependent</name>
        <cardinality>
          <minOccurs>0</minOccurs>
          <maxOccurs>1</maxOccurs>
        </cardinality>
        <condition></condition>
        <types>
          <type>integer</type>
        </types>
        <mustUnderstand>true</mustUnderstand>
        <definition>A unique identifier for a dependent under the coverage.</definition>
        <requirements>For some coverage a single identifier is issued to the PolicyHolder and dependent number issues to each to each of their dependents to track and manage the plan.</requirements>
        <rim></rim>
      </elementDefinition>
      <elementDefinition>
        <name>Coverage.sequence</name>
        <cardinality>
          <minOccurs>0</minOccurs>
          <maxOccurs>1</maxOccurs>
        </cardinality>
        <condition></condition>
        <types>
          <type>integer</type>
        </types>
        <mustUnderstand>true</mustUnderstand>
        <definition>An optional counter for a particular instance of the identified coverage which increments upon each renewal.</definition>
        <requirements>Some coverage, for example social plans, may be offered in short time increments, for example for a week or a month at a time, so while the rest of the plan details and identifiers may remain constant over time, the instance is incremented with each renewal and provided to the covered party on their 'card'.</requirements>
        <rim></rim>
      </elementDefinition>
      <elementDefinition>
        <name>Coverage.planHolder</name>
        <cardinality>
          <minOccurs>1</minOccurs>
          <maxOccurs>1</maxOccurs>
        </cardinality>
        <condition></condition>
        <mustUnderstand>false</mustUnderstand>
        <definition>Planholder information</definition>
        <requirements></requirements>
        <rim></rim>
      </elementDefinition>
      <elementDefinition>
        <name>Coverage.planHolder.name</name>
        <cardinality>
          <minOccurs>1</minOccurs>
          <maxOccurs>1</maxOccurs>
        </cardinality>
        <condition></condition>
        <types>
          <type>HumanName</type>
        </types>
        <mustUnderstand>true</mustUnderstand>
        <definition>The name of the PolicyHolder</definition>
        <requirements>Used to validate coverage</requirements>
        <rim></rim>
      </elementDefinition>
      <elementDefinition>
        <name>Coverage.planHolder.address</name>
        <cardinality>
          <minOccurs>1</minOccurs>
          <maxOccurs>1</maxOccurs>
        </cardinality>
        <condition></condition>
        <types>
          <type>Address</type>
        </types>
        <mustUnderstand>true</mustUnderstand>
        <definition>The mailing address, typically home, of the PolicyHolder</definition>
        <requirements></requirements>
        <rim></rim>
      </elementDefinition>
      <elementDefinition>
        <name>Coverage.planHolder.birthdate</name>
        <cardinality>
          <minOccurs>1</minOccurs>
          <maxOccurs>1</maxOccurs>
        </cardinality>
        <condition></condition>
        <types>
          <type>date</type>
        </types>
        <mustUnderstand>true</mustUnderstand>
        <definition>The date of birth of the PolicyHolder</definition>
        <requirements>Used to validate coverage</requirements>
        <rim></rim>
      </elementDefinition>
      <elementDefinition>
        <name>Coverage.extension</name>
        <cardinality>
          <minOccurs>0</minOccurs>
          <maxOccurs>unbounded</maxOccurs>
        </cardinality>
        <condition></condition>
        <types>
          <type>Extension</type>
        </types>
        <mustUnderstand>false</mustUnderstand>
        <definition>See Extensions</definition>
        <requirements></requirements>
        <rim></rim>
      </elementDefinition>
      <elementDefinition>
        <name>Coverage.text</name>
        <cardinality>
          <minOccurs>1</minOccurs>
          <maxOccurs>1</maxOccurs>
        </cardinality>
        <condition></condition>
        <types>
          <type>Narrative</type>
        </types>
        <mustUnderstand>false</mustUnderstand>
        <definition>Text summary of resource (for human interpretation)</definition>
        <requirements></requirements>
        <rim></rim>
      </elementDefinition>
    </elementDefinitions>
  </resourceDefinition>
</resourceDefinitions>

