{"Coverage":{"issuer":{"type":{"value":"Organization"},"id":{"value":"2"}},"period":{"start":{"value":"2011-05-23"},"end":{"value":"2012-05-23"}},"type":{"system":{"value":"http://hl7.org/vocab/v3/ActCoverageTypeCode"},"code":{"value":"EHCPOL"},"display":{"value":"Extended Health Policy"}},"identifier":{"system":{"value":"http://xyz.com/codes/identifier"},"id":{"value":"12345"}},"plan":{"system":{"value":"http://xyz.com/codes/plan"},"id":{"value":"CBI35"}},"subplan":{"system":{"value":"http://xyz.com/codes/subplan"},"id":{"value":"123"}},"dependent":{"value":"0"},"sequence":{"value":"1"},"planHolder":{"name":{"use":"official","family":[{"value":"Seebetter"}],"given":[{"value":"Wanda"},{"value":"L"}]},"address":{"use":"home","line":[{"value":"123 Any St"}],"city":{"value":"Anytown"},"state":{"value":"BC"},"zip":{"value":"V3R4R5"},"country":{"value":"CANADA"}},"birthdate":{"value":"1955-01-01"}},"text":{"status":"generated","div":"<div>A human readable rendering of the coverage<\/div>"}}}