<?xml version="1.0" encoding="UTF-8"?>

<Profile xmlns="http://hl7.org/fhir">
  <name>coverage</name>
  <author>
    <name>todo (committee)</name>
  </author>
  <description>Basic Profile. Financial instrument by which payment information for health care</description>
  <status>
    <code>testing</code>
    <date>2012-12-04</date>
  </status>
  <resource>
    <type>Resource</type>
    <element>
      <path>Coverage</path>
      <definition>
        <short>Insurance or medical plan</short>
        <formal>Financial instrument by which payment information for health care</formal>
        <min>1</min>
        <max>1</max>
        <type>
          <code>Resource</code>
        </type>
        <mustUnderstand>false</mustUnderstand>
      </definition>
    </element>
    <element>
      <path>Coverage.issuer</path>
      <definition>
        <short>An identifier for the plan issuer</short>
        <formal>The program or plan underwriter or payor.</formal>
        <min>1</min>
        <max>1</max>
        <type>
          <code>Resource(Organization)</code>
        </type>
        <mustUnderstand>true</mustUnderstand>
      </definition>
    </element>
    <element>
      <path>Coverage.period</path>
      <definition>
        <short>Coverage start and end dates</short>
        <formal>Time period during which the coverage is in force. A missing start date indicates the start date isn&#39;t known, a missing end date means the coverage is continuing to be in force.</formal>
        <min>0</min>
        <max>1</max>
        <type>
          <code>Period</code>
        </type>
        <mustUnderstand>true</mustUnderstand>
      </definition>
    </element>
    <element>
      <path>Coverage.type</path>
      <definition>
        <short>Type of coverage</short>
        <formal>The type of coverage: social program, medical plan, accident coverage (workers compensation, auto), group health. </formal>
        <min>1</min>
        <max>1</max>
        <type>
          <code>Coding</code>
        </type>
        <mustUnderstand>true</mustUnderstand>
        <binding>ActCoverageTypeCode</binding>
      </definition>
    </element>
    <element>
      <path>Coverage.identifier</path>
      <definition>
        <short>The primary coverage ID</short>
        <formal>The main, may be the only, identifier for the coverage - often referred to as a Subscriber Id, Certificate number or Personal Health Number or Case ID.</formal>
        <min>1</min>
        <max>1</max>
        <type>
          <code>Identifier</code>
        </type>
        <mustUnderstand>true</mustUnderstand>
      </definition>
    </element>
    <element>
      <path>Coverage.plan</path>
      <definition>
        <short>An identifier for the plan</short>
        <formal>Identifies a style or collective of coverage issues by the underwriter, for example may be used to identify a class of coverage or employer group. May also be referred to as a Policy or Group ID.</formal>
        <min>0</min>
        <max>1</max>
        <type>
          <code>Identifier</code>
        </type>
        <mustUnderstand>true</mustUnderstand>
      </definition>
    </element>
    <element>
      <path>Coverage.subplan</path>
      <definition>
        <short>An identifier for the subsection of the plan</short>
        <formal>Identifies a sub-style or sub-collective of coverage issues by the underwriter, for example may be used to identify a specific employer group within a class of employers. May be referred to as a Section or Division ID.</formal>
        <min>0</min>
        <max>1</max>
        <type>
          <code>Identifier</code>
        </type>
        <mustUnderstand>true</mustUnderstand>
      </definition>
    </element>
    <element>
      <path>Coverage.dependent</path>
      <definition>
        <short>The dependent number</short>
        <formal>A unique identifier for a dependent under the coverage.</formal>
        <min>0</min>
        <max>1</max>
        <type>
          <code>integer</code>
        </type>
        <mustUnderstand>true</mustUnderstand>
      </definition>
    </element>
    <element>
      <path>Coverage.sequence</path>
      <definition>
        <short>The plan instance or sequence counter</short>
        <formal>An optional counter for a particular instance of the identified coverage which increments upon each renewal.</formal>
        <min>0</min>
        <max>1</max>
        <type>
          <code>integer</code>
        </type>
        <mustUnderstand>true</mustUnderstand>
      </definition>
    </element>
    <element>
      <path>Coverage.planHolder</path>
      <definition>
        <short>Planholder information</short>
        <formal>Planholder information</formal>
        <min>1</min>
        <max>1</max>
        <mustUnderstand>false</mustUnderstand>
      </definition>
    </element>
    <element>
      <path>Coverage.planHolder.name</path>
      <definition>
        <short>PolicyHolder name</short>
        <formal>The name of the PolicyHolder</formal>
        <min>1</min>
        <max>1</max>
        <type>
          <code>HumanName</code>
        </type>
        <mustUnderstand>true</mustUnderstand>
      </definition>
    </element>
    <element>
      <path>Coverage.planHolder.address</path>
      <definition>
        <short>PolicyHolder address</short>
        <formal>The mailing address, typically home, of the PolicyHolder</formal>
        <min>1</min>
        <max>1</max>
        <type>
          <code>Address</code>
        </type>
        <mustUnderstand>true</mustUnderstand>
      </definition>
    </element>
    <element>
      <path>Coverage.planHolder.birthdate</path>
      <definition>
        <short>PolicyHolder date of birth</short>
        <formal>The date of birth of the PolicyHolder</formal>
        <min>1</min>
        <max>1</max>
        <type>
          <code>date</code>
        </type>
        <mustUnderstand>true</mustUnderstand>
      </definition>
    </element>
    <element>
      <path>Coverage.extension</path>
      <definition>
        <short>See Extensions</short>
        <formal>See Extensions</formal>
        <min>0</min>
        <max>*</max>
        <type>
          <code>Extension</code>
        </type>
        <mustUnderstand>false</mustUnderstand>
      </definition>
    </element>
    <element>
      <path>Coverage.text</path>
      <definition>
        <short>Text summary of resource (for human interpretation)</short>
        <formal>Text summary of resource (for human interpretation)</formal>
        <min>1</min>
        <max>1</max>
        <type>
          <code>Narrative</code>
        </type>
        <mustUnderstand>false</mustUnderstand>
      </definition>
    </element>
  </resource>
  <text>
    <status>generated</status><div xmlns="http://www.w3.org/1999/xhtml"><pre>
&lt;<a title="Financial instrument by which payment information for health care" class="dict" href="coverage-definitions.htm#Coverage"><b>Coverage</b></a> xmlns=&quot;http://hl7.org/fhir&quot;&gt;
 &lt;<a title="The program or plan underwriter or payor. (this element must be supported or understood)" class="dict" href="coverage-definitions.htm#Coverage.issuer"><span style="text-decoration: underline"><b>issuer</b></span></a>&gt;<span style="color: Gray">&lt;!--</span> <span style="color: brown"><b>1..1</b></span> <span style="color: darkgreen"><a href="xml.htm#Resource">Resource</a>(<a href="Organization.htm#Organization">Organization</a>)</span> <span style="color: navy">An identifier for the plan issuer</span><span style="color: Gray"> --&gt;</span>&lt;/issuer&gt;
 &lt;<a title="Time period during which the coverage is in force. A missing start date indicates the start date isn&#39;t known, a missing end date means the coverage is continuing to be in force. (this element must be supported or understood)" class="dict" href="coverage-definitions.htm#Coverage.period"><span style="text-decoration: underline"><b>period</b></span></a>&gt;<span style="color: Gray">&lt;!--</span> <span style="color: brown"><b>0..1</b></span> <span style="color: darkgreen"><a href="datatypes.htm#Period">Period</a></span> <span style="color: navy">Coverage start and end dates</span><span style="color: Gray"> --&gt;</span>&lt;/period&gt;
 &lt;<a title="The type of coverage: social program, medical plan, accident coverage (workers compensation, auto), group health.  (this element must be supported or understood)" class="dict" href="coverage-definitions.htm#Coverage.type"><span style="text-decoration: underline"><b>type</b></span></a>&gt;<span style="color: Gray">&lt;!--</span> <span style="color: brown"><b>1..1</b></span> <span style="color: darkgreen"><a href="datatypes.htm#Coding">Coding</a></span> <span style="color: navy">Type of coverage</span><span style="color: Gray"> --&gt;</span>&lt;/type&gt;
 &lt;<a title="The main, may be the only, identifier for the coverage - often referred to as a Subscriber Id, Certificate number or Personal Health Number or Case ID. (this element must be supported or understood)" class="dict" href="coverage-definitions.htm#Coverage.identifier"><span style="text-decoration: underline"><b>identifier</b></span></a>&gt;<span style="color: Gray">&lt;!--</span> <span style="color: brown"><b>1..1</b></span> <span style="color: darkgreen"><a href="datatypes.htm#Identifier">Identifier</a></span> <span style="color: navy">The primary coverage ID</span><span style="color: Gray"> --&gt;</span>&lt;/identifier&gt;
 &lt;<a title="Identifies a style or collective of coverage issues by the underwriter, for example may be used to identify a class of coverage or employer group. May also be referred to as a Policy or Group ID. (this element must be supported or understood)" class="dict" href="coverage-definitions.htm#Coverage.plan"><span style="text-decoration: underline"><b>plan</b></span></a>&gt;<span style="color: Gray">&lt;!--</span> <span style="color: brown"><b>0..1</b></span> <span style="color: darkgreen"><a href="datatypes.htm#Identifier">Identifier</a></span> <span style="color: navy">An identifier for the plan</span><span style="color: Gray"> --&gt;</span>&lt;/plan&gt;
 &lt;<a title="Identifies a sub-style or sub-collective of coverage issues by the underwriter, for example may be used to identify a specific employer group within a class of employers. May be referred to as a Section or Division ID. (this element must be supported or understood)" class="dict" href="coverage-definitions.htm#Coverage.subplan"><span style="text-decoration: underline"><b>subplan</b></span></a>&gt;<span style="color: Gray">&lt;!--</span> <span style="color: brown"><b>0..1</b></span> <span style="color: darkgreen"><a href="datatypes.htm#Identifier">Identifier</a></span> <span style="color: navy">An identifier for the subsection of the plan</span><span style="color: Gray"> --&gt;</span>&lt;/subplan&gt;
 &lt;<a title="A unique identifier for a dependent under the coverage. (this element must be supported or understood)" class="dict" href="coverage-definitions.htm#Coverage.dependent"><span style="text-decoration: underline"><b>dependent</b></span></a>&gt;<span style="color: Gray">&lt;!--</span> <span style="color: brown"><b>0..1</b></span> <span style="color: darkgreen"><a href="datatypes.htm#integer">integer</a></span> <span style="color: navy">The dependent number</span><span style="color: Gray"> --&gt;</span>&lt;/dependent&gt;
 &lt;<a title="An optional counter for a particular instance of the identified coverage which increments upon each renewal. (this element must be supported or understood)" class="dict" href="coverage-definitions.htm#Coverage.sequence"><span style="text-decoration: underline"><b>sequence</b></span></a>&gt;<span style="color: Gray">&lt;!--</span> <span style="color: brown"><b>0..1</b></span> <span style="color: darkgreen"><a href="datatypes.htm#integer">integer</a></span> <span style="color: navy">The plan instance or sequence counter</span><span style="color: Gray"> --&gt;</span>&lt;/sequence&gt;
 &lt;<a title="Planholder information" class="dict" href="coverage-definitions.htm#Coverage.planHolder"><b>planHolder</b></a>&gt;  <span style="color: Gray">&lt;!-- <span style="color: brown"><b>1..1</b></span> Planholder information --&gt;</span>
  &lt;<a title="The name of the PolicyHolder (this element must be supported or understood)" class="dict" href="coverage-definitions.htm#Coverage.planHolder.name"><span style="text-decoration: underline"><b>name</b></span></a>&gt;<span style="color: Gray">&lt;!--</span> <span style="color: brown"><b>1..1</b></span> <span style="color: darkgreen"><a href="datatypes.htm#HumanName">HumanName</a></span> <span style="color: navy">PolicyHolder name</span><span style="color: Gray"> --&gt;</span>&lt;/name&gt;
  &lt;<a title="The mailing address, typically home, of the PolicyHolder (this element must be supported or understood)" class="dict" href="coverage-definitions.htm#Coverage.planHolder.address"><span style="text-decoration: underline"><b>address</b></span></a>&gt;<span style="color: Gray">&lt;!--</span> <span style="color: brown"><b>1..1</b></span> <span style="color: darkgreen"><a href="datatypes.htm#Address">Address</a></span> <span style="color: navy">PolicyHolder address</span><span style="color: Gray"> --&gt;</span>&lt;/address&gt;
  &lt;<a title="The date of birth of the PolicyHolder (this element must be supported or understood)" class="dict" href="coverage-definitions.htm#Coverage.planHolder.birthdate"><span style="text-decoration: underline"><b>birthdate</b></span></a>&gt;<span style="color: Gray">&lt;!--</span> <span style="color: brown"><b>1..1</b></span> <span style="color: darkgreen"><a href="datatypes.htm#date">date</a></span> <span style="color: navy">PolicyHolder date of birth</span><span style="color: Gray"> --&gt;</span>&lt;/birthdate&gt;
 &lt;/planHolder&gt;
 &lt;<a title="See Extensions" class="dict" href="coverage-definitions.htm#Coverage.extension"><b>extension</b></a>&gt;<span style="color: Gray">&lt;!--</span> <span style="color: brown"><b>0..*</b></span> <span style="color: darkgreen"><a href="extensibility.htm#Extension">Extension</a></span>  <a href="extensibility.htm"><span style="color: navy">See Extensions</span></a> <span style="color: Gray"> --&gt;</span>&lt;/extension&gt;
 &lt;<a title="Text summary of resource (for human interpretation)" class="dict" href="coverage-definitions.htm#Coverage.text"><b>text</b></a>&gt;<span style="color: Gray">&lt;!--</span> <span style="color: brown"><b>1..1</b></span> <span style="color: darkgreen"><a href="xml.htm#Narrative">Narrative</a></span> <span style="color: navy">Text summary of resource (for human interpretation)</span><span style="color: Gray"> --&gt;</span>&lt;/text&gt;
&lt;/Coverage&gt;
</pre></div>
  </text>
</Profile>