{"Coverage":{"issuer":{"type":{"value":"Organization"},"id":{"value":"2"}},"period":{"start":{"value":"2011-03-17"},"end":{"value":"2012-03-17"}},"type":{"system":{"value":"http://hl7.org/vocab/v3/ActCoverageTypeCode"},"code":{"value":"EHCPOL"},"display":{"value":"Extended Health Policy"}},"identifier":{"system":{"value":"http://xyz.com/codes/identifier"},"id":{"value":"AB9876"}},"plan":{"system":{"value":"http://xyz.com/codes/plan"},"id":{"value":"11024"}},"subplan":{"system":{"value":"http://xyz.com/codes/subplan"},"id":{"value":"D15C9"}},"dependent":{"value":"1"},"planHolder":{"name":{"use":"official","family":[{"value":"Seebetter"}],"given":[{"value":"Frank"},{"value":"I"}]},"address":{"use":"home","line":[{"value":"123 Any St"}],"city":{"value":"Anytown"},"state":{"value":"BC"},"zip":{"value":"V3R4R5"},"country":{"value":"CANADA"}},"birthdate":{"value":"1952-06-26"}},"text":{"status":"generated","div":"<div>A human readable rendering of the coverage<\/div>"}}}