{"Device":{"type":{"coding":[{"system":{"value":"http://snomed.info"},"code":{"value":"86184003"},"display":{"value":"Electrocardiographic monitor and recorder"}}],"text":{"value":"ECG"}},"manufacturer":{"value":"Acme Devices, Inc"},"model":{"value":"AB 45-J"},"serialNumber":{"value":"AMID-342135-8464"},"assignedId":[{"system":{"value":"http://goodcare.org/devices/id"},"id":{"value":"345675"}}],"contact":[{"system":"phone","value":{"value":"ext 4352"}}],"text":{"status":"generated","div":"<div>\n      <p>example<\/p>\n    <\/div>"}}}