<?xml version="1.0" encoding="UTF-8"?>

<Profile xmlns="http://hl7.org/fhir">
  <name>device</name>
  <author>
    <name>todo (committee)</name>
  </author>
  <description>Basic Profile. This resource identifies a manufactured entity that is used in the provision of healthcare. The device may be a machine, an insert, a computer, an application, etc</description>
  <status>
    <code>testing</code>
    <date>2012-12-04</date>
  </status>
  <resource>
    <type>Resource</type>
    <element>
      <path>Device</path>
      <definition>
        <short>Identifies a manufactured Device involved in healthcare</short>
        <formal>This resource identifies a manufactured entity that is used in the provision of healthcare. The device may be a machine, an insert, a computer, an application, etc</formal>
        <min>1</min>
        <max>1</max>
        <type>
          <code>Resource</code>
        </type>
        <mustUnderstand>false</mustUnderstand>
      </definition>
    </element>
    <element>
      <path>Device.type</path>
      <definition>
        <short>What kind of device this is</short>
        <formal>Describes what kind of device that this </formal>
        <min>1</min>
        <max>1</max>
        <type>
          <code>CodeableConcept</code>
        </type>
        <mustUnderstand>true</mustUnderstand>
        <binding>DeviceKind</binding>
      </definition>
    </element>
    <element>
      <path>Device.manufacturer</path>
      <definition>
        <short>Name of device manufacturer</short>
        <formal>The name of the manufacturer</formal>
        <min>0</min>
        <max>1</max>
        <type>
          <code>string</code>
        </type>
        <mustUnderstand>false</mustUnderstand>
      </definition>
    </element>
    <element>
      <path>Device.model</path>
      <definition>
        <short>model id assigned by the manufacturer</short>
        <formal>The &quot;model&quot; - an identifier assigned by the manufacturer to identify the product by it&#39;s type. This number is shared by the all devices sold as the same type</formal>
        <min>0</min>
        <max>1</max>
        <type>
          <code>string</code>
        </type>
        <mustUnderstand>false</mustUnderstand>
      </definition>
    </element>
    <element>
      <path>Device.version</path>
      <definition>
        <short>version number (i.e. software)</short>
        <formal>The version of the device, if the device has multiple releases under the same model, or if the device is software or carries firmware</formal>
        <min>0</min>
        <max>1</max>
        <type>
          <code>string</code>
        </type>
        <mustUnderstand>false</mustUnderstand>
      </definition>
    </element>
    <element>
      <path>Device.serialNumber</path>
      <definition>
        <short>Serial number assigned by the manufacturer</short>
        <formal>The serial number assigned by the organisation when the device was manufactured</formal>
        <min>0</min>
        <max>1</max>
        <type>
          <code>string</code>
        </type>
        <mustUnderstand>false</mustUnderstand>
      </definition>
    </element>
    <element>
      <path>Device.owner</path>
      <definition>
        <short>organization responsible for device</short>
        <formal>The organization that is responsible for the provision and ongoing maintenance of the device</formal>
        <min>0</min>
        <max>1</max>
        <type>
          <code>Resource(Organization)</code>
        </type>
        <mustUnderstand>false</mustUnderstand>
      </definition>
    </element>
    <element>
      <path>Device.assignedId</path>
      <definition>
        <short>identifier assigned by the owner</short>
        <formal>The identifier assigned to the device by the organisation that owns/manages the device</formal>
        <comments>Often fixed to the device as a barcode. May include names given to the device in local usage</comments>
        <min>0</min>
        <max>*</max>
        <type>
          <code>Identifier</code>
        </type>
        <mustUnderstand>false</mustUnderstand>
      </definition>
    </element>
    <element>
      <path>Device.location</path>
      <definition>
        <short>Where the resource is found</short>
        <formal>The resource may be found in a literal location (i.e. GPS coordinates), a logical place (i.e. &quot;in/with the patient&quot;), or a coded location</formal>
        <min>0</min>
        <max>1</max>
        <type>
          <code>Resource(Location)</code>
        </type>
        <mustUnderstand>false</mustUnderstand>
      </definition>
    </element>
    <element>
      <path>Device.contact</path>
      <definition>
        <short>details for human/organization for support</short>
        <formal>Contact details for an organization or a particular human that is responsible for the device</formal>
        <comments>used for troubleshooting etc</comments>
        <min>0</min>
        <max>*</max>
        <type>
          <code>Contact</code>
        </type>
        <mustUnderstand>false</mustUnderstand>
      </definition>
    </element>
    <element>
      <path>Device.address</path>
      <definition>
        <short>network address to contact device</short>
        <formal>A network address on which the device may be contacted directly</formal>
        <comments>if the device is running a FHIR server, the network address should  be the root URL from which a conformance statement may be retrieved</comments>
        <min>0</min>
        <max>1</max>
        <type>
          <code>Contact</code>
        </type>
        <mustUnderstand>false</mustUnderstand>
      </definition>
    </element>
    <element>
      <path>Device.extension</path>
      <definition>
        <short>See Extensions</short>
        <formal>See Extensions</formal>
        <min>0</min>
        <max>*</max>
        <type>
          <code>Extension</code>
        </type>
        <mustUnderstand>false</mustUnderstand>
      </definition>
    </element>
    <element>
      <path>Device.text</path>
      <definition>
        <short>Text summary of resource (for human interpretation)</short>
        <formal>Text summary of resource (for human interpretation)</formal>
        <min>1</min>
        <max>1</max>
        <type>
          <code>Narrative</code>
        </type>
        <mustUnderstand>false</mustUnderstand>
      </definition>
    </element>
  </resource>
  <text>
    <status>generated</status><div xmlns="http://www.w3.org/1999/xhtml"><pre>
&lt;<a title="This resource identifies a manufactured entity that is used in the provision of healthcare. The device may be a machine, an insert, a computer, an application, etc" class="dict" href="device-definitions.htm#Device"><b>Device</b></a> xmlns=&quot;http://hl7.org/fhir&quot;&gt;
 &lt;<a title="Describes what kind of device that this  (this element must be supported or understood)" class="dict" href="device-definitions.htm#Device.type"><span style="text-decoration: underline"><b>type</b></span></a>&gt;<span style="color: Gray">&lt;!--</span> <span style="color: brown"><b>1..1</b></span> <span style="color: darkgreen"><a href="datatypes.htm#CodeableConcept">CodeableConcept</a></span> <span style="color: navy">What kind of device this is</span><span style="color: Gray"> --&gt;</span>&lt;/type&gt;
 &lt;<a title="The name of the manufacturer" class="dict" href="device-definitions.htm#Device.manufacturer"><b>manufacturer</b></a>&gt;<span style="color: Gray">&lt;!--</span> <span style="color: brown"><b>0..1</b></span> <span style="color: darkgreen"><a href="datatypes.htm#string">string</a></span> <span style="color: navy">Name of device manufacturer</span><span style="color: Gray"> --&gt;</span>&lt;/manufacturer&gt;
 &lt;<a title="The &quot;model&quot; - an identifier assigned by the manufacturer to identify the product by it&#39;s type. This number is shared by the all devices sold as the same type" class="dict" href="device-definitions.htm#Device.model"><b>model</b></a>&gt;<span style="color: Gray">&lt;!--</span> <span style="color: brown"><b>0..1</b></span> <span style="color: darkgreen"><a href="datatypes.htm#string">string</a></span> <span style="color: navy">model id assigned by the manufacturer</span><span style="color: Gray"> --&gt;</span>&lt;/model&gt;
 &lt;<a title="The version of the device, if the device has multiple releases under the same model, or if the device is software or carries firmware" class="dict" href="device-definitions.htm#Device.version"><b>version</b></a>&gt;<span style="color: Gray">&lt;!--</span> <span style="color: brown"><b>0..1</b></span> <span style="color: darkgreen"><a href="datatypes.htm#string">string</a></span> <span style="color: navy">version number (i.e. software)</span><span style="color: Gray"> --&gt;</span>&lt;/version&gt;
 &lt;<a title="The serial number assigned by the organisation when the device was manufactured" class="dict" href="device-definitions.htm#Device.serialNumber"><b>serialNumber</b></a>&gt;<span style="color: Gray">&lt;!--</span> <span style="color: brown"><b>0..1</b></span> <span style="color: darkgreen"><a href="datatypes.htm#string">string</a></span> <span style="color: navy">Serial number assigned by the manufacturer</span><span style="color: Gray"> --&gt;</span>&lt;/serialNumber&gt;
 &lt;<a title="The organization that is responsible for the provision and ongoing maintenance of the device" class="dict" href="device-definitions.htm#Device.owner"><b>owner</b></a>&gt;<span style="color: Gray">&lt;!--</span> <span style="color: brown"><b>0..1</b></span> <span style="color: darkgreen"><a href="xml.htm#Resource">Resource</a>(<a href="Organization.htm#Organization">Organization</a>)</span> <span style="color: navy">organization responsible for device</span><span style="color: Gray"> --&gt;</span>&lt;/owner&gt;
 &lt;<a title="The identifier assigned to the device by the organisation that owns/manages the device" class="dict" href="device-definitions.htm#Device.assignedId"><b>assignedId</b></a>&gt;<span style="color: Gray">&lt;!--</span> <span style="color: brown"><b>0..*</b></span> <span style="color: darkgreen"><a href="datatypes.htm#Identifier">Identifier</a></span> <span style="color: navy">identifier assigned by the owner</span><span style="color: Gray"> --&gt;</span>&lt;/assignedId&gt;
 &lt;<a title="The resource may be found in a literal location (i.e. GPS coordinates), a logical place (i.e. &quot;in/with the patient&quot;), or a coded location" class="dict" href="device-definitions.htm#Device.location"><b>location</b></a>&gt;<span style="color: Gray">&lt;!--</span> <span style="color: brown"><b>0..1</b></span> <span style="color: darkgreen"><a href="xml.htm#Resource">Resource</a>(<a href="resources.htm">Location</a>)</span> <span style="color: navy">Where the resource is found</span><span style="color: Gray"> --&gt;</span>&lt;/location&gt;
 &lt;<a title="Contact details for an organization or a particular human that is responsible for the device" class="dict" href="device-definitions.htm#Device.contact"><b>contact</b></a>&gt;<span style="color: Gray">&lt;!--</span> <span style="color: brown"><b>0..*</b></span> <span style="color: darkgreen"><a href="datatypes.htm#Contact">Contact</a></span> <span style="color: navy">details for human/organization for support</span><span style="color: Gray"> --&gt;</span>&lt;/contact&gt;
 &lt;<a title="A network address on which the device may be contacted directly" class="dict" href="device-definitions.htm#Device.address"><b>address</b></a>&gt;<span style="color: Gray">&lt;!--</span> <span style="color: brown"><b>0..1</b></span> <span style="color: darkgreen"><a href="datatypes.htm#Contact">Contact</a></span> <span style="color: navy">network address to contact device</span><span style="color: Gray"> --&gt;</span>&lt;/address&gt;
 &lt;<a title="See Extensions" class="dict" href="device-definitions.htm#Device.extension"><b>extension</b></a>&gt;<span style="color: Gray">&lt;!--</span> <span style="color: brown"><b>0..*</b></span> <span style="color: darkgreen"><a href="extensibility.htm#Extension">Extension</a></span>  <a href="extensibility.htm"><span style="color: navy">See Extensions</span></a> <span style="color: Gray"> --&gt;</span>&lt;/extension&gt;
 &lt;<a title="Text summary of resource (for human interpretation)" class="dict" href="device-definitions.htm#Device.text"><b>text</b></a>&gt;<span style="color: Gray">&lt;!--</span> <span style="color: brown"><b>1..1</b></span> <span style="color: darkgreen"><a href="xml.htm#Narrative">Narrative</a></span> <span style="color: navy">Text summary of resource (for human interpretation)</span><span style="color: Gray"> --&gt;</span>&lt;/text&gt;
&lt;/Device&gt;
</pre></div>
  </text>
</Profile>