<?xml version="1.0" encoding="UTF-8"?>

<Profile xmlns="http://hl7.org/fhir">
  <name>document</name>
  <author>
    <name>todo (committee)</name>
  </author>
  <description>Basic Profile. A documentation of healthcare-related information that is assembled together into a single statement of meaning that establishes its own context. A document is composed of a set of resources that include both human and computer readable portions. A human may attest to the accuracy of the human readable portion, and may authenticate and/or sign the entire whole. A document may be kept as a set of logically linked resources, or they may be bundled together in an atom feed</description>
  <status>
    <code>testing</code>
    <date>2012-12-04</date>
  </status>
  <resource>
    <type>Resource</type>
    <element>
      <path>Document</path>
      <definition>
        <short>A document that contains resources</short>
        <formal>A documentation of healthcare-related information that is assembled together into a single statement of meaning that establishes its own context. A document is composed of a set of resources that include both human and computer readable portions. A human may attest to the accuracy of the human readable portion, and may authenticate and/or sign the entire whole. A document may be kept as a set of logically linked resources, or they may be bundled together in an atom feed</formal>
        <comments>While the focus of this specification is on patient-specific clinical documents, this resource can also apply to other healthcare-related documents such as study protocol designs, healthcare invoices and other activities that are not necessarily patient-specific or clinical</comments>
        <min>1</min>
        <max>1</max>
        <type>
          <code>Resource</code>
        </type>
        <mustUnderstand>false</mustUnderstand>
      </definition>
    </element>
    <element>
      <path>Document.information</path>
      <definition>
        <short>Metadata and context for this document</short>
        <formal>Defines the medata and context for this document</formal>
        <min>1</min>
        <max>1</max>
        <type>
          <code>DocumentInformation</code>
        </type>
        <mustUnderstand>true</mustUnderstand>
      </definition>
    </element>
    <element>
      <path>Document.information.id</path>
      <definition>
        <short>logical identifier for document (version-independent)</short>
        <formal>Logical Identifier for the document, assigned when created. This identifier stays constant when subsequent versions of the document are created</formal>
        <comments>see discussion in resource definition for how these relate</comments>
        <min>0</min>
        <max>1</max>
        <type>
          <code>Identifier</code>
        </type>
        <mustUnderstand>true</mustUnderstand>
      </definition>
    </element>
    <element>
      <path>Document.information.versionId</path>
      <definition>
        <short>version-specific identifier for document</short>
        <formal>Version specific identifier for the document, assigned when created. This identifier changes when subsequent versions of the document are created</formal>
        <comments>see discussion in resource definition for how these relate</comments>
        <min>0</min>
        <max>1</max>
        <type>
          <code>Identifier</code>
        </type>
        <mustUnderstand>true</mustUnderstand>
      </definition>
    </element>
    <element>
      <path>Document.information.instant</path>
      <definition>
        <short>Document Creation Time</short>
        <formal>the document creation time, when the document first came into being. Where the document is a transform from an original document in some other format, the ClinicalDocument.effectiveTime is the time the original document is created.</formal>
        <min>1</min>
        <max>1</max>
        <type>
          <code>instant</code>
        </type>
        <mustUnderstand>true</mustUnderstand>
      </definition>
    </element>
    <element>
      <path>Document.information.class</path>
      <definition>
        <short>particular kind of document</short>
        <formal>The code specifying the particular kind of document (e.g., Prescription, Discharge Summary, Report).</formal>
        <comments> It is suggested that the XDS Affinity Domain draws these values from a coding scheme providing a coarse level of granularity (about 10 to 100 entries). Shall have a single value. This should be an extension</comments>
        <min>0</min>
        <max>1</max>
        <type>
          <code>Coding</code>
        </type>
        <mustUnderstand>false</mustUnderstand>
      </definition>
    </element>
    <element>
      <path>Document.information.type</path>
      <definition>
        <short>Kind of Document (LOINC if possible)</short>
        <formal>Specifies the particular kind of document (e.g. History and Physical, Discharge Summary, Progress Note)</formal>
        <min>1</min>
        <max>1</max>
        <type>
          <code>CodeableConcept</code>
        </type>
        <mustUnderstand>true</mustUnderstand>
        <binding>DocumentType</binding>
      </definition>
    </element>
    <element>
      <path>Document.information.title</path>
      <definition>
        <short>Document Title</short>
        <formal>Official human-readable label for the document</formal>
        <comments>It&#39;s commonly the case that clinical documents do not have a title and are collectively referred to by the display name of Document.type (e.g. a &quot;consultation&quot; or &quot;progress note&quot;). Where these display names are rendered to the clinician or where the document has a unique title, the Document.title value should be used</comments>
        <min>0</min>
        <max>1</max>
        <type>
          <code>string</code>
        </type>
        <mustUnderstand>false</mustUnderstand>
      </definition>
    </element>
    <element>
      <path>Document.information.confidentialityCode</path>
      <definition>
        <short>as defined by Affinity Domain</short>
        <formal>The code specifying the level of confidentiality of the XDS Document. These codes are specific to an XDS Affinity Domain.</formal>
        <comments>Enforcement and issues related to highly sensitive documents are beyond the scope of XDS (see security section). confidentialityCode is part of a codification scheme and value set enforced by the Document Registry. </comments>
        <min>1</min>
        <max>1</max>
        <type>
          <code>Coding</code>
        </type>
        <mustUnderstand>false</mustUnderstand>
      </definition>
    </element>
    <element>
      <path>Document.information.subject</path>
      <definition>
        <short>Who/what the document is about</short>
        <formal>Identifies the primary subject of the document.  </formal>
        <comments>For clinical documents, this is usually the patient.</comments>
        <min>1</min>
        <max>1</max>
        <type>
          <code>Resource(Person|Patient|Group|Device)</code>
        </type>
        <mustUnderstand>true</mustUnderstand>
      </definition>
    </element>
    <element>
      <path>Document.information.author</path>
      <definition>
        <short>Who/what authored the final document</short>
        <formal>Identifies who is responsible for the information in the document.  (Not necessarily who typed it in.)</formal>
        <min>1</min>
        <max>*</max>
        <type>
          <code>Resource(Person|Agent)</code>
        </type>
        <mustUnderstand>false</mustUnderstand>
      </definition>
    </element>
    <element>
      <path>Document.information.attester</path>
      <definition>
        <short>Attests to accuracy of document</short>
        <formal>A participant who has attested to the accuracy of the document</formal>
        <min>0</min>
        <max>*</max>
        <mustUnderstand>false</mustUnderstand>
      </definition>
    </element>
    <element>
      <path>Document.information.attester.mode</path>
      <definition>
        <short>Personal | professional | legal | official</short>
        <formal>The type of attestation the authenticator offers</formal>
        <min>1</min>
        <max>1</max>
        <type>
          <code>code</code>
        </type>
        <mustUnderstand>false</mustUnderstand>
        <binding>DocumentAttestationMode</binding>
      </definition>
    </element>
    <element>
      <path>Document.information.attester.time</path>
      <definition>
        <short>When document attested</short>
        <formal>When document was attested by the party</formal>
        <min>0</min>
        <max>1</max>
        <type>
          <code>dateTime</code>
        </type>
        <mustUnderstand>false</mustUnderstand>
      </definition>
    </element>
    <element>
      <path>Document.information.attester.party</path>
      <definition>
        <short>Who attested the document</short>
        <formal>Who attested the document in the specified way</formal>
        <min>0</min>
        <max>1</max>
        <type>
          <code>Resource(Person|Agent|Organization)</code>
        </type>
        <mustUnderstand>false</mustUnderstand>
      </definition>
    </element>
    <element>
      <path>Document.information.custodian</path>
      <definition>
        <short>Org which maintains the document</short>
        <formal>Identifies the organization or group who is responsible for ongoing maintenance of and access to the document.</formal>
        <min>0</min>
        <max>1</max>
        <type>
          <code>Resource(Organization)</code>
        </type>
        <mustUnderstand>false</mustUnderstand>
      </definition>
    </element>
    <element>
      <path>Document.information.event</path>
      <definition>
        <short>The clinical event/act/item being documented</short>
        <formal>The main event/act/item, such as a colonoscopy or an appendectomy, being documented</formal>
        <comments>The event needs to be consistent with the type element, though can provide further information if desired</comments>
        <min>0</min>
        <max>1</max>
        <mustUnderstand>false</mustUnderstand>
      </definition>
    </element>
    <element>
      <path>Document.information.event.code</path>
      <definition>
        <short>code(s) that apply to the event being documented</short>
        <formal>This list of codes represents the main clinical acts, such as a colonoscopy or an appendectomy, being documented. In some cases, the event is inherent in the typeCode, such as a &quot;History and Physical Report&quot; in which the procedure being documented is necessarily a &quot;History and Physical&quot; act.</formal>
        <comments>An event can further specialize the act inherent in the typeCode, such as where it is simply &quot;Procedure Report&quot; and the procedure was a &quot;colonoscopy&quot;. If one or more eventCodes are included, they shall not conflict with the values inherent in the classCode, practiceSettingCode or typeCode, as such a conflict would create an ambiguous situation. This short list of codes is provided to be used as “key words” for certain types of queries.</comments>
        <min>0</min>
        <max>*</max>
        <type>
          <code>CodeableConcept</code>
        </type>
        <mustUnderstand>false</mustUnderstand>
      </definition>
    </element>
    <element>
      <path>Document.information.event.period</path>
      <definition>
        <short>The period covered by the document</short>
        <formal>The period of time covered by the document. There is no assertion that the document is a complete representation for this period, only that it documents events during this time</formal>
        <min>0</min>
        <max>1</max>
        <type>
          <code>Period</code>
        </type>
        <mustUnderstand>false</mustUnderstand>
      </definition>
    </element>
    <element>
      <path>Document.information.event.detail</path>
      <definition>
        <short>Full details for the event(s) the document concents</short>
        <formal>Full details for the event(s) the document concents</formal>
        <min>0</min>
        <max>*</max>
        <type>
          <code>Resource(Any)</code>
        </type>
        <mustUnderstand>false</mustUnderstand>
      </definition>
    </element>
    <element>
      <path>Document.information.encounter</path>
      <definition>
        <short>Context of the document</short>
        <formal>Describes the clinical encounter or type of care this document is associated with.</formal>
        <min>0</min>
        <max>1</max>
        <type>
          <code>Resource(Admission|InterestOfCare)</code>
        </type>
        <mustUnderstand>false</mustUnderstand>
      </definition>
    </element>
    <element>
      <path>Document.information.facilityType</path>
      <definition>
        <short>type of organizational setting</short>
        <formal>This code represents the type of organizational setting of the clinical encounter during which the documented act occurred</formal>
        <comments>In some cases, the setting of the encounter is inherent in the typeCode, such as &quot;Diabetes Clinic Progress Note&quot;. healthcareFacilityTypeCode shall be equivalent to or further specialize the value inherent in the typeCode; for example, where the typeCode is simply &quot;Clinic Progress Note&quot; and the value of healthcareFacilityTypeCode is &quot;private clinic&quot;.  The value shall not conflict with the value inherent in the typeCode, as such a conflict would create an ambiguous situation</comments>
        <min>0</min>
        <max>1</max>
        <type>
          <code>CodeableConcept</code>
        </type>
        <mustUnderstand>false</mustUnderstand>
      </definition>
    </element>
    <element>
      <path>Document.information.practiceSetting</path>
      <definition>
        <short>clinical speciality of the act</short>
        <formal>The code specifying the clinical specialty where the act that resulted in the document was performed (e.g., Family Practice, Laboratory, Radiology).</formal>
        <comments>It is suggested that the XDS Affinity Domain draws these values from a coding scheme providing a coarse level of granularity (about 10 to 100 entries)</comments>
        <min>0</min>
        <max>1</max>
        <type>
          <code>CodeableConcept</code>
        </type>
        <mustUnderstand>false</mustUnderstand>
      </definition>
    </element>
    <element>
      <path>Document.replaces</path>
      <definition>
        <short>If this document replaces another</short>
        <formal>Identifies the document this document supersedes, if any.</formal>
        <min>0</min>
        <max>1</max>
        <type>
          <code>id</code>
        </type>
        <mustUnderstand>true</mustUnderstand>
      </definition>
    </element>
    <element>
      <path>Document.provenance</path>
      <definition>
        <short>Additional provenance about the document and it&#39;s parts</short>
        <formal>Additional provenance about the document and the resources that are the sections</formal>
        <min>0</min>
        <max>*</max>
        <type>
          <code>Resource(Provenance)</code>
        </type>
        <mustUnderstand>true</mustUnderstand>
      </definition>
    </element>
    <element>
      <path>Document.stylesheet</path>
      <definition>
        <short>Stylesheet to use when rendering the document</short>
        <formal>A fixed stylesheet to use when rendering the documents</formal>
        <min>0</min>
        <max>1</max>
        <type>
          <code>Attachment</code>
        </type>
        <mustUnderstand>false</mustUnderstand>
      </definition>
    </element>
    <element>
      <path>Document.representation</path>
      <definition>
        <short>Alternative representation of the document</short>
        <formal>An alternative representation of the document that can be used in place of the html based rendering</formal>
        <comments>Typically, this is application/pdf</comments>
        <min>0</min>
        <max>1</max>
        <type>
          <code>Attachment</code>
        </type>
        <mustUnderstand>false</mustUnderstand>
      </definition>
    </element>
    <element>
      <path>Document.section</path>
      <definition>
        <short>Document is broken into sections</short>
        <formal>Identifies a main topic within the document&#39;s table of contents</formal>
        <min>0</min>
        <max>*</max>
        <mustUnderstand>false</mustUnderstand>
      </definition>
    </element>
    <element>
      <path>Document.section.code</path>
      <definition>
        <short>Classification of section (recommended)</short>
        <formal>A code identifying the kind of content contained within the section</formal>
        <min>0</min>
        <max>1</max>
        <type>
          <code>CodeableConcept</code>
        </type>
        <mustUnderstand>false</mustUnderstand>
        <binding>DocumentSectionCode</binding>
      </definition>
    </element>
    <element>
      <path>Document.section.subject</path>
      <definition>
        <short>If section different to document</short>
        <formal>Identifies the primary subject of the section.  </formal>
        <min>0</min>
        <max>1</max>
        <type>
          <code>Resource(Patient|Group|Device)</code>
        </type>
        <mustUnderstand>true</mustUnderstand>
      </definition>
    </element>
    <element>
      <path>Document.section.content</path>
      <definition>
        <short>The actual data for the section</short>
        <formal>Identifies the discrete data that provides the content for the section.</formal>
        <comments>Because documents represent point-in-time snapshots, resource references should generally be to a specific version.</comments>
        <min>0</min>
        <max>1</max>
        <type>
          <code>Resource(Any)</code>
        </type>
        <mustUnderstand>true</mustUnderstand>
      </definition>
    </element>
    <element>
      <path>Document.section.section</path>
      <definition>
        <short>Nested Section</short>
        <formal>Identifies a subtopic within the section as part of the document&#39;s table of contents</formal>
        <min>0</min>
        <max>*</max>
        <type>
          <code>@Document.Section</code>
        </type>
        <mustUnderstand>false</mustUnderstand>
      </definition>
    </element>
    <element>
      <path>Document.extension</path>
      <definition>
        <short>See Extensions</short>
        <formal>See Extensions</formal>
        <min>0</min>
        <max>*</max>
        <type>
          <code>Extension</code>
        </type>
        <mustUnderstand>false</mustUnderstand>
      </definition>
    </element>
    <element>
      <path>Document.text</path>
      <definition>
        <short>Text summary of resource (for human interpretation)</short>
        <formal> </formal>
        <min>1</min>
        <max>1</max>
        <type>
          <code>Narrative</code>
        </type>
        <mustUnderstand>true</mustUnderstand>
      </definition>
    </element>
  </resource>
  <text>
    <status>generated</status><div xmlns="http://www.w3.org/1999/xhtml"><pre>
&lt;<a title="A documentation of healthcare-related information that is assembled together into a single statement of meaning that establishes its own context. A document is composed of a set of resources that include both human and computer readable portions. A human may attest to the accuracy of the human readable portion, and may authenticate and/or sign the entire whole. A document may be kept as a set of logically linked resources, or they may be bundled together in an atom feed" class="dict" href="document-definitions.htm#Document"><b>Document</b></a> xmlns=&quot;http://hl7.org/fhir&quot;&gt;
 &lt;<a title="Defines the medata and context for this document (this element must be supported or understood)" class="dict" href="document-definitions.htm#Document.information"><span style="text-decoration: underline"><b>information</b></span></a>&gt;  <span style="color: Gray">&lt;!-- <span style="color: brown"><b>1..1</b></span> Metadata and context for this document --&gt;</span>
  &lt;<a title="Logical Identifier for the document, assigned when created. This identifier stays constant when subsequent versions of the document are created (this element must be supported or understood)" class="dict" href="document-definitions.htm#DocumentInformation.id"><span style="text-decoration: underline"><b>id</b></span></a>&gt;<span style="color: Gray">&lt;!--</span> <span style="color: brown"><b>0..1</b></span> <span style="color: darkgreen"><a href="datatypes.htm#Identifier">Identifier</a></span> <span style="color: navy">logical identifier for document (version-independent)</span><span style="color: Gray"> --&gt;</span>&lt;/id&gt;
  &lt;<a title="Version specific identifier for the document, assigned when created. This identifier changes when subsequent versions of the document are created (this element must be supported or understood)" class="dict" href="document-definitions.htm#DocumentInformation.versionId"><span style="text-decoration: underline"><b>versionId</b></span></a>&gt;<span style="color: Gray">&lt;!--</span> <span style="color: brown"><b>0..1</b></span> <span style="color: darkgreen"><a href="datatypes.htm#Identifier">Identifier</a></span> <span style="color: navy">version-specific identifier for document</span><span style="color: Gray"> --&gt;</span>&lt;/versionId&gt;
  &lt;<a title="the document creation time, when the document first came into being. Where the document is a transform from an original document in some other format, the ClinicalDocument.effectiveTime is the time the original document is created. (this element must be supported or understood)" class="dict" href="document-definitions.htm#DocumentInformation.instant"><span style="text-decoration: underline"><b>instant</b></span></a>&gt;<span style="color: Gray">&lt;!--</span> <span style="color: brown"><b>1..1</b></span> <span style="color: darkgreen"><a href="datatypes.htm#instant">instant</a></span> <span style="color: navy">Document Creation Time</span><span style="color: Gray"> --&gt;</span>&lt;/instant&gt;
  &lt;<a title="The code specifying the particular kind of document (e.g., Prescription, Discharge Summary, Report)." class="dict" href="document-definitions.htm#DocumentInformation.class"><b>class</b></a>&gt;<span style="color: Gray">&lt;!--</span> <span style="color: brown"><b>0..1</b></span> <span style="color: darkgreen"><a href="datatypes.htm#Coding">Coding</a></span> <span style="color: navy">particular kind of document</span><span style="color: Gray"> --&gt;</span>&lt;/class&gt;
  &lt;<a title="Specifies the particular kind of document (e.g. History and Physical, Discharge Summary, Progress Note) (this element must be supported or understood)" class="dict" href="document-definitions.htm#DocumentInformation.type"><span style="text-decoration: underline"><b>type</b></span></a>&gt;<span style="color: Gray">&lt;!--</span> <span style="color: brown"><b>1..1</b></span> <span style="color: darkgreen"><a href="datatypes.htm#CodeableConcept">CodeableConcept</a></span> <span style="color: navy">Kind of Document (LOINC if possible)</span><span style="color: Gray"> --&gt;</span>&lt;/type&gt;
  &lt;<a title="Official human-readable label for the document" class="dict" href="document-definitions.htm#DocumentInformation.title"><b>title</b></a>&gt;<span style="color: Gray">&lt;!--</span> <span style="color: brown"><b>0..1</b></span> <span style="color: darkgreen"><a href="datatypes.htm#string">string</a></span> <span style="color: navy">Document Title</span><span style="color: Gray"> --&gt;</span>&lt;/title&gt;
  &lt;<a title="The code specifying the level of confidentiality of the XDS Document. These codes are specific to an XDS Affinity Domain." class="dict" href="document-definitions.htm#DocumentInformation.confidentialityCode"><b>confidentialityCode</b></a>&gt;<span style="color: Gray">&lt;!--</span> <span style="color: brown"><b>1..1</b></span> <span style="color: darkgreen"><a href="datatypes.htm#Coding">Coding</a></span> <span style="color: navy">as defined by Affinity Domain</span><span style="color: Gray"> --&gt;</span>&lt;/confidentialityCode&gt;
  &lt;<a title="Identifies the primary subject of the document.   (this element must be supported or understood)" class="dict" href="document-definitions.htm#DocumentInformation.subject"><span style="text-decoration: underline"><b>subject</b></span></a>&gt;<span style="color: Gray">&lt;!--</span> <span style="color: brown"><b>1..1</b></span> <span style="color: darkgreen"><a href="xml.htm#Resource">Resource</a>(<a href="Person.htm#Person">Person</a>|<a href="Patient.htm#Patient">Patient</a>|<a href="Group.htm#Group">Group</a>|<a href="Device.htm#Device">Device</a>)</span> <span style="color: navy">Who/what the document is about</span><span style="color: Gray"> --&gt;</span>&lt;/subject&gt;
  &lt;<a title="Identifies who is responsible for the information in the document.  (Not necessarily who typed it in.)" class="dict" href="document-definitions.htm#DocumentInformation.author"><b>author</b></a>&gt;<span style="color: Gray">&lt;!--</span> <span style="color: brown"><b>1..*</b></span> <span style="color: darkgreen"><a href="xml.htm#Resource">Resource</a>(<a href="Person.htm#Person">Person</a>|<a href="Agent.htm#Agent">Agent</a>)</span> <span style="color: navy">Who/what authored the final document</span><span style="color: Gray"> --&gt;</span>&lt;/author&gt;
  &lt;<a title="A participant who has attested to the accuracy of the document" class="dict" href="document-definitions.htm#DocumentInformation.attester"><b>attester</b></a>&gt;  <span style="color: Gray">&lt;!-- <span style="color: brown"><b>0..*</b></span> Attests to accuracy of document --&gt;</span>
   &lt;<a title="The type of attestation the authenticator offers" class="dict" href="document-definitions.htm#DocumentInformation.attester.mode"><b>mode</b></a>&gt;<span style="color: Gray">&lt;!--</span> <span style="color: brown"><b>1..1</b></span> <span style="color: darkgreen"><a href="datatypes.htm#code">code</a></span> <span style="color: navy">Personal | professional | legal | official</span><span style="color: Gray"> --&gt;</span>&lt;/mode&gt;
   &lt;<a title="When document was attested by the party" class="dict" href="document-definitions.htm#DocumentInformation.attester.time"><b>time</b></a>&gt;<span style="color: Gray">&lt;!--</span> <span style="color: brown"><b>0..1</b></span> <span style="color: darkgreen"><a href="datatypes.htm#dateTime">dateTime</a></span> <span style="color: navy">When document attested</span><span style="color: Gray"> --&gt;</span>&lt;/time&gt;
   &lt;<a title="Who attested the document in the specified way" class="dict" href="document-definitions.htm#DocumentInformation.attester.party"><b>party</b></a>&gt;<span style="color: Gray">&lt;!--</span> <span style="color: brown"><b>0..1</b></span> <span style="color: darkgreen"><a href="xml.htm#Resource">Resource</a>(<a href="Person.htm#Person">Person</a>|<a href="Agent.htm#Agent">Agent</a>|<a href="Organization.htm#Organization">Organization</a>)</span> <span style="color: navy">Who attested the document</span><span style="color: Gray"> --&gt;</span>&lt;/party&gt;
  &lt;/attester&gt;
  &lt;<a title="Identifies the organization or group who is responsible for ongoing maintenance of and access to the document." class="dict" href="document-definitions.htm#DocumentInformation.custodian"><b>custodian</b></a>&gt;<span style="color: Gray">&lt;!--</span> <span style="color: brown"><b>0..1</b></span> <span style="color: darkgreen"><a href="xml.htm#Resource">Resource</a>(<a href="Organization.htm#Organization">Organization</a>)</span> <span style="color: navy">Org which maintains the document</span><span style="color: Gray"> --&gt;</span>&lt;/custodian&gt;
  &lt;<a title="The main event/act/item, such as a colonoscopy or an appendectomy, being documented" class="dict" href="document-definitions.htm#DocumentInformation.event"><b>event</b></a>&gt;  <span style="color: Gray">&lt;!-- <span style="color: brown"><b>0..1</b></span> The clinical event/act/item being documented --&gt;</span>
   &lt;<a title="This list of codes represents the main clinical acts, such as a colonoscopy or an appendectomy, being documented. In some cases, the event is inherent in the typeCode, such as a &quot;History and Physical Report&quot; in which the procedure being documented is necessarily a &quot;History and Physical&quot; act." class="dict" href="document-definitions.htm#DocumentInformation.event.code"><b>code</b></a>&gt;<span style="color: Gray">&lt;!--</span> <span style="color: brown"><b>0..*</b></span> <span style="color: darkgreen"><a href="datatypes.htm#CodeableConcept">CodeableConcept</a></span> <span style="color: navy">code(s) that apply to the event being documented</span><span style="color: Gray"> --&gt;</span>&lt;/code&gt;
   &lt;<a title="The period of time covered by the document. There is no assertion that the document is a complete representation for this period, only that it documents events during this time" class="dict" href="document-definitions.htm#DocumentInformation.event.period"><b>period</b></a>&gt;<span style="color: Gray">&lt;!--</span> <span style="color: brown"><b>0..1</b></span> <span style="color: darkgreen"><a href="datatypes.htm#Period">Period</a></span> <span style="color: navy">The period covered by the document</span><span style="color: Gray"> --&gt;</span>&lt;/period&gt;
   &lt;<a title="Full details for the event(s) the document concents" class="dict" href="document-definitions.htm#DocumentInformation.event.detail"><b>detail</b></a>&gt;<span style="color: Gray">&lt;!--</span> <span style="color: brown"><b>0..*</b></span> <span style="color: darkgreen"><a href="xml.htm#Resource">Resource</a>(<a href="resources.htm">Any</a>)</span> <span style="color: navy">Full details for the event(s) the document concents</span><span style="color: Gray"> --&gt;</span>&lt;/detail&gt;
  &lt;/event&gt;
  &lt;<a title="Describes the clinical encounter or type of care this document is associated with." class="dict" href="document-definitions.htm#DocumentInformation.encounter"><b>encounter</b></a>&gt;<span style="color: Gray">&lt;!--</span> <span style="color: brown"><b>0..1</b></span> <span style="color: darkgreen"><a href="xml.htm#Resource">Resource</a>(<a href="resources.htm">Admission</a>|<a href="resources.htm">InterestOfCare</a>)</span> <span style="color: navy">Context of the document</span><span style="color: Gray"> --&gt;</span>&lt;/encounter&gt;
  &lt;<a title="This code represents the type of organizational setting of the clinical encounter during which the documented act occurred" class="dict" href="document-definitions.htm#DocumentInformation.facilityType"><b>facilityType</b></a>&gt;<span style="color: Gray">&lt;!--</span> <span style="color: brown"><b>0..1</b></span> <span style="color: darkgreen"><a href="datatypes.htm#CodeableConcept">CodeableConcept</a></span> <span style="color: navy">type of organizational setting</span><span style="color: Gray"> --&gt;</span>&lt;/facilityType&gt;
  &lt;<a title="The code specifying the clinical specialty where the act that resulted in the document was performed (e.g., Family Practice, Laboratory, Radiology)." class="dict" href="document-definitions.htm#DocumentInformation.practiceSetting"><b>practiceSetting</b></a>&gt;<span style="color: Gray">&lt;!--</span> <span style="color: brown"><b>0..1</b></span> <span style="color: darkgreen"><a href="datatypes.htm#CodeableConcept">CodeableConcept</a></span> <span style="color: navy">clinical speciality of the act</span><span style="color: Gray"> --&gt;</span>&lt;/practiceSetting&gt;
 &lt;/information&gt;
 &lt;<a title="Identifies the document this document supersedes, if any. (this element must be supported or understood)" class="dict" href="document-definitions.htm#Document.replaces"><span style="text-decoration: underline"><b>replaces</b></span></a>&gt;<span style="color: Gray">&lt;!--</span> <span style="color: brown"><b>0..1</b></span> <span style="color: darkgreen"><a href="datatypes.htm#id">id</a></span> <span style="color: navy">If this document replaces another</span><span style="color: Gray"> --&gt;</span>&lt;/replaces&gt;
 &lt;<a title="Additional provenance about the document and the resources that are the sections (this element must be supported or understood)" class="dict" href="document-definitions.htm#Document.provenance"><span style="text-decoration: underline"><b>provenance</b></span></a>&gt;<span style="color: Gray">&lt;!--</span> <span style="color: brown"><b>0..*</b></span> <span style="color: darkgreen"><a href="xml.htm#Resource">Resource</a>(<a href="Provenance.htm#Provenance">Provenance</a>)</span> <span style="color: navy">Additional provenance about the document and it&#39;s parts</span><span style="color: Gray"> --&gt;</span>&lt;/provenance&gt;
 &lt;<a title="A fixed stylesheet to use when rendering the documents" class="dict" href="document-definitions.htm#Document.stylesheet"><b>stylesheet</b></a>&gt;<span style="color: Gray">&lt;!--</span> <span title="A document stylesheet must have a mime type of text/css" style="color: deeppink"><b>0..1</b></span> <span style="color: darkgreen"><a href="datatypes.htm#Attachment">Attachment</a></span> <span style="color: navy">Stylesheet to use when rendering the document</span><span style="color: Gray"> --&gt;</span>&lt;/stylesheet&gt;
 &lt;<a title="An alternative representation of the document that can be used in place of the html based rendering" class="dict" href="document-definitions.htm#Document.representation"><b>representation</b></a>&gt;<span style="color: Gray">&lt;!--</span> <span title="A document must have a representation, one or more sections or both" style="color: deeppink"><b>0..1</b></span> <span style="color: darkgreen"><a href="datatypes.htm#Attachment">Attachment</a></span> <span style="color: navy">Alternative representation of the document</span><span style="color: Gray"> --&gt;</span>&lt;/representation&gt;
 &lt;<a title="Identifies a main topic within the document&#39;s table of contents" class="dict" href="document-definitions.htm#Document.section"><b>section</b></a>&gt;  <span style="color: Gray">&lt;!-- <span title="A document must have a representation, one or more sections or both" style="color: deeppink"><b>0..*</b></span> Document is broken into sections --&gt;</span>
  &lt;<a title="A code identifying the kind of content contained within the section" class="dict" href="document-definitions.htm#Document.section.code"><b>code</b></a>&gt;<span style="color: Gray">&lt;!--</span> <span style="color: brown"><b>0..1</b></span> <span style="color: darkgreen"><a href="datatypes.htm#CodeableConcept">CodeableConcept</a></span> <span style="color: navy">Classification of section (recommended)</span><span style="color: Gray"> --&gt;</span>&lt;/code&gt;
  &lt;<a title="Identifies the primary subject of the section.   (this element must be supported or understood)" class="dict" href="document-definitions.htm#Document.section.subject"><span style="text-decoration: underline"><b>subject</b></span></a>&gt;<span style="color: Gray">&lt;!--</span> <span style="color: brown"><b>0..1</b></span> <span style="color: darkgreen"><a href="xml.htm#Resource">Resource</a>(<a href="Patient.htm#Patient">Patient</a>|<a href="Group.htm#Group">Group</a>|<a href="Device.htm#Device">Device</a>)</span> <span style="color: navy">If section different to document</span><span style="color: Gray"> --&gt;</span>&lt;/subject&gt;
  &lt;<a title="Identifies the discrete data that provides the content for the section. (this element must be supported or understood)" class="dict" href="document-definitions.htm#Document.section.content"><span style="text-decoration: underline"><b>content</b></span></a>&gt;<span style="color: Gray">&lt;!--</span> <span title="A section must have content or one or more sections, but not both." style="color: deeppink"><b>0..1</b></span> <span style="color: darkgreen"><a href="xml.htm#Resource">Resource</a>(<a href="resources.htm">Any</a>)</span> <span style="color: navy">The actual data for the section</span><span style="color: Gray"> --&gt;</span>&lt;/content&gt;
  &lt;<a title="Identifies a subtopic within the section as part of the document&#39;s table of contents" class="dict" href="document-definitions.htm#Document.section.section"><b>section</b></a>&gt;<span style="color: Gray">&lt;!--</span> <span title="A section must have content or one or more sections, but not both." style="color: deeppink"><b>0..*</b></span> <span style="color: darkgreen">Content as for Document.Section</span> <span style="color: navy">Nested Section</span><span style="color: Gray"> --&gt;</span>&lt;/section&gt;
 &lt;/section&gt;
 &lt;<a title="See Extensions" class="dict" href="document-definitions.htm#Document.extension"><b>extension</b></a>&gt;<span style="color: Gray">&lt;!--</span> <span style="color: brown"><b>0..*</b></span> <span style="color: darkgreen"><a href="extensibility.htm#Extension">Extension</a></span>  <a href="extensibility.htm"><span style="color: navy">See Extensions</span></a> <span style="color: Gray"> --&gt;</span>&lt;/extension&gt;
 &lt;<a title="  (this element must be supported or understood)" class="dict" href="document-definitions.htm#Document.text"><span style="text-decoration: underline"><b>text</b></span></a>&gt;<span style="color: Gray">&lt;!--</span> <span style="color: brown"><b>1..1</b></span> <span style="color: darkgreen"><a href="xml.htm#Narrative">Narrative</a></span> <span style="color: navy">Text summary of resource (for human interpretation)</span><span style="color: Gray"> --&gt;</span>&lt;/text&gt;
&lt;/Document&gt;
</pre></div>
  </text>
</Profile>