<?xml version="1.0" encoding="UTF-8"?>
<resourceDefinitions xmlns="http://hl7.org/fhir">
  <author>HL7</author>
  <resourceDefinition>
    <name>Document</name>
    <elementDefinitions>
      <elementDefinition>
        <name>Document</name>
        <cardinality>
          <minOccurs>1</minOccurs>
          <maxOccurs>1</maxOccurs>
        </cardinality>
        <condition></condition>
        <mustUnderstand>false</mustUnderstand>
        <definition>A documentation of healthcare-related information that is assembled together into a single statement of meaning that establishes its own context. A document is composed of a set of resources that include both human and computer readable portions. A human may attest to the accuracy of the human readable portion, and may authenticate and/or sign the entire whole. A document may be kept as a set of logically linked resources, or they may be bundled together in an atom feed</definition>
        <requirements>For document based framework</requirements>
        <comments>While the focus of this specification is on patient-specific clinical documents, this resource can also apply to other healthcare-related documents such as study protocol designs, healthcare invoices and other activities that are not necessarily patient-specific or clinical</comments>
        <rim>Document[classCode=&quot;DOC&quot; and moodCode=&quot;EVN&quot; and isNormalAct()]</rim>
        <todo>Confidentiality? Language? Consent? Signatures</todo>
      </elementDefinition>
      <elementDefinition>
        <name>Document.information</name>
        <cardinality>
          <minOccurs>1</minOccurs>
          <maxOccurs>1</maxOccurs>
        </cardinality>
        <condition></condition>
        <types>
          <type>DocumentInformation</type>
        </types>
        <mustUnderstand>true</mustUnderstand>
        <definition>Defines the medata and context for this document</definition>
        <requirements></requirements>
        <rim></rim>
      </elementDefinition>
      <elementDefinition>
        <name>Document.information.id</name>
        <cardinality>
          <minOccurs>0</minOccurs>
          <maxOccurs>1</maxOccurs>
        </cardinality>
        <condition></condition>
        <types>
          <type>Identifier</type>
        </types>
        <mustUnderstand>true</mustUnderstand>
        <definition>Logical Identifier for the document, assigned when created. This identifier stays constant when subsequent versions of the document are created</definition>
        <requirements></requirements>
        <comments>see discussion in resource definition for how these relate</comments>
        <rim>Document.id / Document.setId</rim>
      </elementDefinition>
      <elementDefinition>
        <name>Document.information.versionId</name>
        <cardinality>
          <minOccurs>0</minOccurs>
          <maxOccurs>1</maxOccurs>
        </cardinality>
        <condition></condition>
        <types>
          <type>Identifier</type>
        </types>
        <mustUnderstand>true</mustUnderstand>
        <definition>Version specific identifier for the document, assigned when created. This identifier changes when subsequent versions of the document are created</definition>
        <requirements></requirements>
        <comments>see discussion in resource definition for how these relate</comments>
        <rim>Document.id</rim>
      </elementDefinition>
      <elementDefinition>
        <name>Document.information.instant</name>
        <cardinality>
          <minOccurs>1</minOccurs>
          <maxOccurs>1</maxOccurs>
        </cardinality>
        <condition></condition>
        <types>
          <type>instant</type>
        </types>
        <mustUnderstand>true</mustUnderstand>
        <definition>the document creation time, when the document first came into being. Where the document is a transform from an original document in some other format, the ClinicalDocument.effectiveTime is the time the original document is created.</definition>
        <requirements>Creation time is used for tracking, organizing versions and searching.</requirements>
        <rim>./effectiveTime[type=&quot;TS&quot;]</rim>
      </elementDefinition>
      <elementDefinition>
        <name>Document.information.class</name>
        <cardinality>
          <minOccurs>0</minOccurs>
          <maxOccurs>1</maxOccurs>
        </cardinality>
        <condition></condition>
        <types>
          <type>Coding</type>
        </types>
        <mustUnderstand>false</mustUnderstand>
        <definition>The code specifying the particular kind of document (e.g., Prescription, Discharge Summary, Report).</definition>
        <requirements></requirements>
        <comments> It is suggested that the XDS Affinity Domain draws these values from a coding scheme providing a coarse level of granularity (about 10 to 100 entries). Shall have a single value. This should be an extension</comments>
        <rim></rim>
      </elementDefinition>
      <elementDefinition>
        <name>Document.information.type</name>
        <cardinality>
          <minOccurs>1</minOccurs>
          <maxOccurs>1</maxOccurs>
        </cardinality>
        <condition></condition>
        <types>
          <type>CodeableConcept</type>
        </types>
        <conceptDomain>DocumentType</conceptDomain>
        <mustUnderstand>true</mustUnderstand>
        <definition>Specifies the particular kind of document (e.g. History and Physical, Discharge Summary, Progress Note)</definition>
        <requirements>Key metadata element describing the document, used in searching/filtering.</requirements>
        <rim>./code</rim>
      </elementDefinition>
      <elementDefinition>
        <name>Document.information.title</name>
        <cardinality>
          <minOccurs>0</minOccurs>
          <maxOccurs>1</maxOccurs>
        </cardinality>
        <condition></condition>
        <types>
          <type>string</type>
        </types>
        <mustUnderstand>false</mustUnderstand>
        <definition>Official human-readable label for the document</definition>
        <requirements>Helps humans to assess whether the document is of interest</requirements>
        <comments>It's commonly the case that clinical documents do not have a title and are collectively referred to by the display name of Document.type (e.g. a &quot;consultation&quot; or &quot;progress note&quot;). Where these display names are rendered to the clinician or where the document has a unique title, the Document.title value should be used</comments>
        <rim>./title</rim>
      </elementDefinition>
      <elementDefinition>
        <name>Document.information.confidentialityCode</name>
        <cardinality>
          <minOccurs>1</minOccurs>
          <maxOccurs>1</maxOccurs>
        </cardinality>
        <condition></condition>
        <types>
          <type>Coding</type>
        </types>
        <mustUnderstand>false</mustUnderstand>
        <definition>The code specifying the level of confidentiality of the XDS Document. These codes are specific to an XDS Affinity Domain.</definition>
        <requirements></requirements>
        <comments>Enforcement and issues related to highly sensitive documents are beyond the scope of XDS (see security section). confidentialityCode is part of a codification scheme and value set enforced by the Document Registry. </comments>
        <rim></rim>
      </elementDefinition>
      <elementDefinition>
        <name>Document.information.subject</name>
        <cardinality>
          <minOccurs>1</minOccurs>
          <maxOccurs>1</maxOccurs>
        </cardinality>
        <condition></condition>
        <types>
          <type>Resource(Person|Patient|Group|Device)</type>
        </types>
        <mustUnderstand>true</mustUnderstand>
        <definition>Identifies the primary subject of the document.  </definition>
        <requirements>Essential metadata for searching for the document, identifies who the document applies to</requirements>
        <comments>For clinical documents, this is usually the patient.</comments>
        <rim>unique(./participation[typeCode=&quot;SBJ&quot; and isNormalParticipation]/role[typeCode=&quot;PAT&quot;])
or
unique(./participation[typeCode=&quot;SBJ&quot; and isNormalParticipation]/role[typeCode=&quot;IDENT&quot;]/player[determinerCode=&quot;INST&quot; and classCode=(&quot;DEV&quot;, &quot;ORG&quot;) and isNormalEntity()])</rim>
        <todo>Need to extend this to support documents with other types of subjects.  Also rationalize with encounter &amp; context elements</todo>
      </elementDefinition>
      <elementDefinition>
        <name>Document.information.author</name>
        <cardinality>
          <minOccurs>1</minOccurs>
          <maxOccurs>unbounded</maxOccurs>
        </cardinality>
        <condition></condition>
        <types>
          <type>Resource(Person|Agent)</type>
        </types>
        <mustUnderstand>false</mustUnderstand>
        <definition>Identifies who is responsible for the information in the document.  (Not necessarily who typed it in.)</definition>
        <requirements>Identifies who is responsible for the content.</requirements>
        <rim>./participation[typeCode=&quot;AUT&quot; and isNormalParticipation]/role[classCode=&quot;ASSIGNED&quot; and isNormalRole()]</rim>
      </elementDefinition>
      <elementDefinition>
        <name>Document.information.attester</name>
        <cardinality>
          <minOccurs>0</minOccurs>
          <maxOccurs>unbounded</maxOccurs>
        </cardinality>
        <condition></condition>
        <mustUnderstand>false</mustUnderstand>
        <definition>A participant who has attested to the accuracy of the document</definition>
        <requirements>Identifies responsibility for the accuracy of the document content.</requirements>
        <rim>./participation[typeCode=&quot;AUTHEN&quot; and isNormalParticipation]</rim>
      </elementDefinition>
      <elementDefinition>
        <name>Document.information.attester.mode</name>
        <cardinality>
          <minOccurs>1</minOccurs>
          <maxOccurs>1</maxOccurs>
        </cardinality>
        <condition></condition>
        <types>
          <type>code</type>
        </types>
        <conceptDomain>DocumentAttestationMode</conceptDomain>
        <mustUnderstand>false</mustUnderstand>
        <definition>The type of attestation the authenticator offers</definition>
        <requirements>Indicates the level of officialness of the attestation.</requirements>
        <rim>unique(./modeCode)</rim>
      </elementDefinition>
      <elementDefinition>
        <name>Document.information.attester.time</name>
        <cardinality>
          <minOccurs>0</minOccurs>
          <maxOccurs>1</maxOccurs>
        </cardinality>
        <condition></condition>
        <types>
          <type>dateTime</type>
        </types>
        <mustUnderstand>false</mustUnderstand>
        <definition>When document was attested by the party</definition>
        <requirements>Identifies when the information in the document was deemed accurate.  (Things may have changed since then.)</requirements>
        <rim>./time[type=&quot;TS&quot; and isNormalDatatype()]</rim>
      </elementDefinition>
      <elementDefinition>
        <name>Document.information.attester.party</name>
        <cardinality>
          <minOccurs>0</minOccurs>
          <maxOccurs>1</maxOccurs>
        </cardinality>
        <condition></condition>
        <types>
          <type>Resource(Person|Agent|Organization)</type>
        </types>
        <mustUnderstand>false</mustUnderstand>
        <definition>Who attested the document in the specified way</definition>
        <requirements>Identifies who has taken on the responsibility for accuracy of the document content.</requirements>
        <rim>./role[classCode=&quot;ASSIGNED&quot; and isNormalRole]/player[determinerCode=&quot;INST&quot; and classCode=(&quot;DEV&quot;, &quot;PSN&quot;) and isNormalEntity()]
or
./role[classCode=&quot;ASSIGNED&quot; and isNormalRole and not(player)]/scoper[determinerCode=&quot;INST&quot; and classCode=&quot;ORG&quot; and isNormalEntity()]</rim>
      </elementDefinition>
      <elementDefinition>
        <name>Document.information.custodian</name>
        <cardinality>
          <minOccurs>0</minOccurs>
          <maxOccurs>1</maxOccurs>
        </cardinality>
        <condition></condition>
        <types>
          <type>Resource(Organization)</type>
        </types>
        <mustUnderstand>false</mustUnderstand>
        <definition>Identifies the organization or group who is responsible for ongoing maintenance of and access to the document.</definition>
        <requirements>Identifies where to go to find the current version, where to report issues, etc.</requirements>
        <rim>./participation[typeCode=&quot;RCV&quot; and isNormalParticipation]/role[classCode=&quot;CUST&quot; and isNormalRole and not (player)]/scoper[classCode=&quot;ORG&quot; and determinerCode=&quot;INST&quot; and isNormalEntity()]</rim>
      </elementDefinition>
      <elementDefinition>
        <name>Document.information.event</name>
        <cardinality>
          <minOccurs>0</minOccurs>
          <maxOccurs>1</maxOccurs>
        </cardinality>
        <condition></condition>
        <mustUnderstand>false</mustUnderstand>
        <definition>The main event/act/item, such as a colonoscopy or an appendectomy, being documented</definition>
        <requirements>Provides context for the document and creates a linkage between a resource describing an event and the document created describing the event.</requirements>
        <comments>The event needs to be consistent with the type element, though can provide further information if desired</comments>
        <rim>unique(highest(./outboundRelationship[typeCode=&quot;SUBJ&quot; and isNormalActRelationship()], priorityNumber)/target[moodCode=&quot;EVN&quot; and isNormalAct])</rim>
      </elementDefinition>
      <elementDefinition>
        <name>Document.information.event.code</name>
        <cardinality>
          <minOccurs>0</minOccurs>
          <maxOccurs>unbounded</maxOccurs>
        </cardinality>
        <condition></condition>
        <types>
          <type>CodeableConcept</type>
        </types>
        <mustUnderstand>false</mustUnderstand>
        <definition>This list of codes represents the main clinical acts, such as a colonoscopy or an appendectomy, being documented. In some cases, the event is inherent in the typeCode, such as a &quot;History and Physical Report&quot; in which the procedure being documented is necessarily a &quot;History and Physical&quot; act.</definition>
        <requirements></requirements>
        <comments>An event can further specialize the act inherent in the typeCode, such as where it is simply &quot;Procedure Report&quot; and the procedure was a &quot;colonoscopy&quot;. If one or more eventCodes are included, they shall not conflict with the values inherent in the classCode, practiceSettingCode or typeCode, as such a conflict would create an ambiguous situation. This short list of codes is provided to be used as “key words” for certain types of queries.</comments>
        <rim></rim>
      </elementDefinition>
      <elementDefinition>
        <name>Document.information.event.period</name>
        <cardinality>
          <minOccurs>0</minOccurs>
          <maxOccurs>1</maxOccurs>
        </cardinality>
        <condition></condition>
        <types>
          <type>Period</type>
        </types>
        <mustUnderstand>false</mustUnderstand>
        <definition>The period of time covered by the document. There is no assertion that the document is a complete representation for this period, only that it documents events during this time</definition>
        <requirements></requirements>
        <rim></rim>
      </elementDefinition>
      <elementDefinition>
        <name>Document.information.event.detail</name>
        <cardinality>
          <minOccurs>0</minOccurs>
          <maxOccurs>unbounded</maxOccurs>
        </cardinality>
        <condition></condition>
        <types>
          <type>Resource(Any)</type>
        </types>
        <mustUnderstand>false</mustUnderstand>
        <definition>Full details for the event(s) the document concents</definition>
        <requirements></requirements>
        <rim></rim>
      </elementDefinition>
      <elementDefinition>
        <name>Document.information.encounter</name>
        <cardinality>
          <minOccurs>0</minOccurs>
          <maxOccurs>1</maxOccurs>
        </cardinality>
        <condition></condition>
        <types>
          <type>Resource(Admission|InterestOfCare)</type>
        </types>
        <mustUnderstand>false</mustUnderstand>
        <definition>Describes the clinical encounter or type of care this document is associated with.</definition>
        <requirements>Provides context for the document and supports searching.</requirements>
        <rim>unique(highest(./outboundRelationship[typeCode=&quot;SUBJ&quot; and isNormalActRelationship()], priorityNumber)/target[moodCode=&quot;EVN&quot; and classCode=(&quot;ENC&quot;, &quot;PCPR&quot;) and isNormalAct])</rim>
      </elementDefinition>
      <elementDefinition>
        <name>Document.information.facilityType</name>
        <cardinality>
          <minOccurs>0</minOccurs>
          <maxOccurs>1</maxOccurs>
        </cardinality>
        <condition></condition>
        <types>
          <type>CodeableConcept</type>
        </types>
        <mustUnderstand>false</mustUnderstand>
        <definition>This code represents the type of organizational setting of the clinical encounter during which the documented act occurred</definition>
        <requirements></requirements>
        <comments>In some cases, the setting of the encounter is inherent in the typeCode, such as &quot;Diabetes Clinic Progress Note&quot;. healthcareFacilityTypeCode shall be equivalent to or further specialize the value inherent in the typeCode; for example, where the typeCode is simply &quot;Clinic Progress Note&quot; and the value of healthcareFacilityTypeCode is &quot;private clinic&quot;.  The value shall not conflict with the value inherent in the typeCode, as such a conflict would create an ambiguous situation</comments>
        <rim></rim>
      </elementDefinition>
      <elementDefinition>
        <name>Document.information.practiceSetting</name>
        <cardinality>
          <minOccurs>0</minOccurs>
          <maxOccurs>1</maxOccurs>
        </cardinality>
        <condition></condition>
        <types>
          <type>CodeableConcept</type>
        </types>
        <mustUnderstand>false</mustUnderstand>
        <definition>The code specifying the clinical specialty where the act that resulted in the document was performed (e.g., Family Practice, Laboratory, Radiology).</definition>
        <requirements></requirements>
        <comments>It is suggested that the XDS Affinity Domain draws these values from a coding scheme providing a coarse level of granularity (about 10 to 100 entries)</comments>
        <rim></rim>
      </elementDefinition>
      <elementDefinition>
        <name>Document.replaces</name>
        <cardinality>
          <minOccurs>0</minOccurs>
          <maxOccurs>1</maxOccurs>
        </cardinality>
        <condition></condition>
        <types>
          <type>id</type>
        </types>
        <mustUnderstand>true</mustUnderstand>
        <definition>Identifies the document this document supersedes, if any.</definition>
        <requirements>Used to establish relationships between documents to determine which is the most current/authoritative.</requirements>
        <rim>unique(highest(./outboundRelationship[typeCode=&quot;RPLC and isNormalActRelationship()], priorityNumber)/target[classCode=&quot;DOC&quot; and moodCode=&quot;EVN&quot; and isNormalAct]/id[isNormalDatatype() and displayable=&quot;false&quot; and scope=&quot;OBJ&quot; and reliability=&quot;ISS&quot;])</rim>
      </elementDefinition>
      <elementDefinition>
        <name>Document.provenance</name>
        <cardinality>
          <minOccurs>0</minOccurs>
          <maxOccurs>unbounded</maxOccurs>
        </cardinality>
        <condition></condition>
        <types>
          <type>Resource(Provenance)</type>
        </types>
        <mustUnderstand>true</mustUnderstand>
        <definition>Additional provenance about the document and the resources that are the sections</definition>
        <requirements></requirements>
        <rim></rim>
      </elementDefinition>
      <elementDefinition>
        <name>Document.stylesheet</name>
        <cardinality>
          <minOccurs>0</minOccurs>
          <maxOccurs>1</maxOccurs>
        </cardinality>
        <condition></condition>
        <types>
          <type>Attachment</type>
        </types>
        <mustUnderstand>false</mustUnderstand>
        <definition>A fixed stylesheet to use when rendering the documents</definition>
        <requirements></requirements>
        <rim>N/A</rim>
      </elementDefinition>
      <elementDefinition>
        <name>Document.representation</name>
        <cardinality>
          <minOccurs>0</minOccurs>
          <maxOccurs>1</maxOccurs>
        </cardinality>
        <condition></condition>
        <types>
          <type>Attachment</type>
        </types>
        <mustUnderstand>false</mustUnderstand>
        <definition>An alternative representation of the document that can be used in place of the html based rendering</definition>
        <requirements>Support for CDA level 1</requirements>
        <comments>Typically, this is application/pdf</comments>
        <rim></rim>
      </elementDefinition>
      <elementDefinition>
        <name>Document.section</name>
        <cardinality>
          <minOccurs>0</minOccurs>
          <maxOccurs>unbounded</maxOccurs>
        </cardinality>
        <condition></condition>
        <mustUnderstand>false</mustUnderstand>
        <definition>Identifies a main topic within the document's table of contents</definition>
        <requirements>Adds organization and human navigability to the information in the document.</requirements>
        <rim>./outboundRelationship[typeCode=&quot;COMP&quot; and isNormalActRelationship()]/target[moodCode=&quot;EVN&quot; and classCode=&quot;DOCSECT&quot; and isNormalAct]</rim>
      </elementDefinition>
      <elementDefinition>
        <name>Document.section.code</name>
        <cardinality>
          <minOccurs>0</minOccurs>
          <maxOccurs>1</maxOccurs>
        </cardinality>
        <condition></condition>
        <types>
          <type>CodeableConcept</type>
        </types>
        <conceptDomain>DocumentSectionCode</conceptDomain>
        <mustUnderstand>false</mustUnderstand>
        <definition>A code identifying the kind of content contained within the section</definition>
        <requirements>Provides computable standardized labels to topics within the document.</requirements>
        <rim>./code</rim>
      </elementDefinition>
      <elementDefinition>
        <name>Document.section.subject</name>
        <cardinality>
          <minOccurs>0</minOccurs>
          <maxOccurs>1</maxOccurs>
        </cardinality>
        <condition></condition>
        <types>
          <type>Resource(Patient|Group|Device)</type>
        </types>
        <mustUnderstand>true</mustUnderstand>
        <definition>Identifies the primary subject of the section.  </definition>
        <requirements>Subjects can vary, for example mother/baby, patient &amp; relatives, etc.</requirements>
        <rim>unique(./participation[typeCode=&quot;SBJ&quot; and isNormalParticipation]/role[typeCode=&quot;PAT&quot;])
or
unique(./participation[typeCode=&quot;SBJ&quot; and isNormalParticipation]/role[typeCode=&quot;IDENT&quot;]/player[determinerCode=&quot;INST&quot; and classCode=(&quot;DEV&quot;, &quot;ORG&quot;) and isNormalEntity()])</rim>
      </elementDefinition>
      <elementDefinition>
        <name>Document.section.content</name>
        <cardinality>
          <minOccurs>0</minOccurs>
          <maxOccurs>1</maxOccurs>
        </cardinality>
        <condition></condition>
        <types>
          <type>Resource(Any)</type>
        </types>
        <mustUnderstand>true</mustUnderstand>
        <definition>Identifies the discrete data that provides the content for the section.</definition>
        <requirements>Conveys the discrete data associated with the document.</requirements>
        <comments>Because documents represent point-in-time snapshots, resource references should generally be to a specific version.</comments>
        <rim>unique(./outboundRelationship[typeCode=&quot;COMP&quot; and isNormalActRelationship()]/target[moodCode=&quot;EVN&quot; and classCode!=&quot;DOCSECT&quot; and isNormalAct])</rim>
        <todo>This may need to be 0..*.  May need to consider adding text here to to account for missing resources.</todo>
      </elementDefinition>
      <elementDefinition>
        <name>Document.section.section</name>
        <cardinality>
          <minOccurs>0</minOccurs>
          <maxOccurs>unbounded</maxOccurs>
        </cardinality>
        <condition></condition>
        <types>
          <type>@Document.Section</type>
        </types>
        <mustUnderstand>false</mustUnderstand>
        <definition>Identifies a subtopic within the section as part of the document's table of contents</definition>
        <requirements>Allows more complex document structures</requirements>
        <rim>./outboundRelationship[typeCode=&quot;COMP&quot; and isNormalActRelationship()]/target[moodCode=&quot;EVN&quot; and classCode=&quot;DOCSECT&quot; and isNormalAct]</rim>
      </elementDefinition>
      <elementDefinition>
        <name>Document.extension</name>
        <cardinality>
          <minOccurs>0</minOccurs>
          <maxOccurs>unbounded</maxOccurs>
        </cardinality>
        <condition></condition>
        <types>
          <type>Extension</type>
        </types>
        <mustUnderstand>false</mustUnderstand>
        <definition>See Extensions</definition>
        <requirements></requirements>
        <rim>N/A</rim>
      </elementDefinition>
      <elementDefinition>
        <name>Document.text</name>
        <cardinality>
          <minOccurs>1</minOccurs>
          <maxOccurs>1</maxOccurs>
        </cardinality>
        <condition></condition>
        <types>
          <type>Narrative</type>
        </types>
        <mustUnderstand>true</mustUnderstand>
        <definition> </definition>
        <requirements></requirements>
        <rim>./text[mimeType=&quot;text/plain&quot;]</rim>
      </elementDefinition>
    </elementDefinitions>
  </resourceDefinition>
</resourceDefinitions>

