<?xml version="1.0" encoding="UTF-8"?>

<Profile xmlns="http://hl7.org/fhir">
  <name>group</name>
  <author>
    <name>todo (committee)</name>
  </author>
  <description>Basic Profile. Represents a defined collection of entities that may be discussed or acted upon collectively but which are not expected to act collectively and are not formally or legally recognized.  I.e. A collection of entities that isn&#39;t an Organization</description>
  <status>
    <code>testing</code>
    <date>2012-12-04</date>
  </status>
  <resource>
    <type>Resource</type>
    <element>
      <path>Group</path>
      <definition>
        <short>Group of multiple entities</short>
        <formal>Represents a defined collection of entities that may be discussed or acted upon collectively but which are not expected to act collectively and are not formally or legally recognized.  I.e. A collection of entities that isn&#39;t an Organization</formal>
        <min>1</min>
        <max>1</max>
        <type>
          <code>Resource</code>
        </type>
        <mustUnderstand>false</mustUnderstand>
      </definition>
    </element>
    <element>
      <path>Group.identifier</path>
      <definition>
        <short>Unique id</short>
        <formal>A unique business identifier for this group</formal>
        <min>0</min>
        <max>1</max>
        <type>
          <code>Identifier</code>
        </type>
        <mustUnderstand>false</mustUnderstand>
      </definition>
    </element>
    <element>
      <path>Group.type</path>
      <definition>
        <short>Group Classification</short>
        <formal>Identifies the broad classification of the kind of resources the group includes</formal>
        <min>1</min>
        <max>1</max>
        <type>
          <code>code</code>
        </type>
        <mustUnderstand>true</mustUnderstand>
        <binding>GroupType</binding>
      </definition>
    </element>
    <element>
      <path>Group.actual</path>
      <definition>
        <short>Descriptive or actual</short>
        <formal>If true, indicates that the resource refers to a specific group of real individuals.  If false, the group defines a set of intended individuals</formal>
        <min>1</min>
        <max>1</max>
        <type>
          <code>boolean</code>
        </type>
        <mustUnderstand>true</mustUnderstand>
      </definition>
    </element>
    <element>
      <path>Group.code</path>
      <definition>
        <short>Kind of Group members</short>
        <formal>Provides a specific type of resource the group includes.  E.g. &quot;cow&quot;, &quot;syringe&quot;, etc.</formal>
        <comments>This would generally be omitted for Person resources</comments>
        <min>0</min>
        <max>1</max>
        <type>
          <code>CodeableConcept</code>
        </type>
        <mustUnderstand>false</mustUnderstand>
        <binding>GroupCode</binding>
      </definition>
    </element>
    <element>
      <path>Group.name</path>
      <definition>
        <short>Label for Group</short>
        <formal>A label assigned to the group for human identification and communication</formal>
        <min>0</min>
        <max>1</max>
        <type>
          <code>string</code>
        </type>
        <mustUnderstand>false</mustUnderstand>
      </definition>
    </element>
    <element>
      <path>Group.quantity</path>
      <definition>
        <short>Number of members</short>
        <formal>A count of the number of resource instances that are part of the group</formal>
        <min>0</min>
        <max>1</max>
        <type>
          <code>integer</code>
        </type>
        <mustUnderstand>false</mustUnderstand>
      </definition>
    </element>
    <element>
      <path>Group.characteristic</path>
      <definition>
        <short>Trait of group members</short>
        <formal>Identifies the traits shared by members of the group</formal>
        <min>0</min>
        <max>*</max>
        <mustUnderstand>false</mustUnderstand>
      </definition>
    </element>
    <element>
      <path>Group.characteristic.type</path>
      <definition>
        <short>Kind of characteristic</short>
        <formal>Identifies the kind of trait being asserted</formal>
        <min>1</min>
        <max>1</max>
        <type>
          <code>CodeableConcept</code>
        </type>
        <mustUnderstand>true</mustUnderstand>
        <binding>GroupCharacteristicType</binding>
      </definition>
    </element>
    <element>
      <path>Group.characteristic.value[x]</path>
      <definition>
        <short>Value held by characteristic</short>
        <formal>The value of the trait that holds (or does not hold - see &#39;exclude&#39;) for members of the group</formal>
        <min>1</min>
        <max>1</max>
        <type>
          <code>CodeableConcept</code>
        </type>
        <type>
          <code>string</code>
        </type>
        <type>
          <code>boolean</code>
        </type>
        <mustUnderstand>true</mustUnderstand>
        <binding>GroupCharacteristicValue</binding>
      </definition>
    </element>
    <element>
      <path>Group.characteristic.exclude</path>
      <definition>
        <short>Group includes or excludes</short>
        <formal>If true, indicates the characteristic is one that is NOT held by members of the group</formal>
        <min>0</min>
        <max>1</max>
        <type>
          <code>boolean</code>
        </type>
        <mustUnderstand>true</mustUnderstand>
      </definition>
    </element>
    <element>
      <path>Group.member</path>
      <definition>
        <short>Who is in group</short>
        <formal>Identifies the resource instances that are members of the group.</formal>
        <min>0</min>
        <max>*</max>
        <type>
          <code>Resource(Person|Animal|Device|Medication|Food)</code>
        </type>
        <mustUnderstand>false</mustUnderstand>
      </definition>
    </element>
    <element>
      <path>Group.extension</path>
      <definition>
        <short>See Extensions</short>
        <formal>See Extensions</formal>
        <min>0</min>
        <max>*</max>
        <type>
          <code>Extension</code>
        </type>
        <mustUnderstand>false</mustUnderstand>
      </definition>
    </element>
    <element>
      <path>Group.text</path>
      <definition>
        <short>Text summary of resource (for human interpretation)</short>
        <formal>Text summary of resource (for human interpretation)</formal>
        <min>1</min>
        <max>1</max>
        <type>
          <code>Narrative</code>
        </type>
        <mustUnderstand>false</mustUnderstand>
      </definition>
    </element>
  </resource>
  <text>
    <status>generated</status><div xmlns="http://www.w3.org/1999/xhtml"><pre>
&lt;<a title="Represents a defined collection of entities that may be discussed or acted upon collectively but which are not expected to act collectively and are not formally or legally recognized.  I.e. A collection of entities that isn&#39;t an Organization" class="dict" href="group-definitions.htm#Group"><b>Group</b></a> xmlns=&quot;http://hl7.org/fhir&quot;&gt;
 &lt;<a title="A unique business identifier for this group" class="dict" href="group-definitions.htm#Group.identifier"><b>identifier</b></a>&gt;<span style="color: Gray">&lt;!--</span> <span style="color: brown"><b>0..1</b></span> <span style="color: darkgreen"><a href="datatypes.htm#Identifier">Identifier</a></span> <span style="color: navy">Unique id</span><span style="color: Gray"> --&gt;</span>&lt;/identifier&gt;
 &lt;<a title="Identifies the broad classification of the kind of resources the group includes (this element must be supported or understood)" class="dict" href="group-definitions.htm#Group.type"><span style="text-decoration: underline"><b>type</b></span></a>&gt;<span style="color: Gray">&lt;!--</span> <span title="Can only have a code for non-Person groups" style="color: deeppink"><b>1..1</b></span> <span style="color: darkgreen"><a href="datatypes.htm#code">code</a></span> <span style="color: navy">Group Classification</span><span style="color: Gray"> --&gt;</span>&lt;/type&gt;
 &lt;<a title="If true, indicates that the resource refers to a specific group of real individuals.  If false, the group defines a set of intended individuals (this element must be supported or understood)" class="dict" href="group-definitions.htm#Group.actual"><span style="text-decoration: underline"><b>actual</b></span></a>&gt;<span style="color: Gray">&lt;!--</span> <span title="Can only have members if group is &quot;actual&quot;" style="color: deeppink"><b>1..1</b></span> <span style="color: darkgreen"><a href="datatypes.htm#boolean">boolean</a></span> <span style="color: navy">Descriptive or actual</span><span style="color: Gray"> --&gt;</span>&lt;/actual&gt;
 &lt;<a title="Provides a specific type of resource the group includes.  E.g. &quot;cow&quot;, &quot;syringe&quot;, etc." class="dict" href="group-definitions.htm#Group.code"><b>code</b></a>&gt;<span style="color: Gray">&lt;!--</span> <span title="Can only have a code for non-Person groups" style="color: deeppink"><b>0..1</b></span> <span style="color: darkgreen"><a href="datatypes.htm#CodeableConcept">CodeableConcept</a></span> <span style="color: navy">Kind of Group members</span><span style="color: Gray"> --&gt;</span>&lt;/code&gt;
 &lt;<a title="A label assigned to the group for human identification and communication" class="dict" href="group-definitions.htm#Group.name"><b>name</b></a>&gt;<span style="color: Gray">&lt;!--</span> <span style="color: brown"><b>0..1</b></span> <span style="color: darkgreen"><a href="datatypes.htm#string">string</a></span> <span style="color: navy">Label for Group</span><span style="color: Gray"> --&gt;</span>&lt;/name&gt;
 &lt;<a title="A count of the number of resource instances that are part of the group" class="dict" href="group-definitions.htm#Group.quantity"><b>quantity</b></a>&gt;<span style="color: Gray">&lt;!--</span> <span style="color: brown"><b>0..1</b></span> <span style="color: darkgreen"><a href="datatypes.htm#integer">integer</a></span> <span style="color: navy">Number of members</span><span style="color: Gray"> --&gt;</span>&lt;/quantity&gt;
 &lt;<a title="Identifies the traits shared by members of the group" class="dict" href="group-definitions.htm#Group.characteristic"><b>characteristic</b></a>&gt;  <span style="color: Gray">&lt;!-- <span style="color: brown"><b>0..*</b></span> Trait of group members --&gt;</span>
  &lt;<a title="Identifies the kind of trait being asserted (this element must be supported or understood)" class="dict" href="group-definitions.htm#Group.characteristic.type"><span style="text-decoration: underline"><b>type</b></span></a>&gt;<span style="color: Gray">&lt;!--</span> <span style="color: brown"><b>1..1</b></span> <span style="color: darkgreen"><a href="datatypes.htm#CodeableConcept">CodeableConcept</a></span> <span style="color: navy">Kind of characteristic</span><span style="color: Gray"> --&gt;</span>&lt;/type&gt;
  &lt;<a title="The value of the trait that holds (or does not hold - see &#39;exclude&#39;) for members of the group (this element must be supported or understood)" class="dict" href="group-definitions.htm#Group.characteristic.value[x]"><span style="text-decoration: underline"><b>value[x]</b></span></a>&gt;<span style="color: Gray">&lt;!--</span> <span style="color: brown"><b>1..1</b></span> <span style="color: darkgreen"><a href="datatypes.htm#CodeableConcept">CodeableConcept</a>|<a href="datatypes.htm#string">string</a>|<a href="datatypes.htm#boolean">boolean</a></span> <span style="color: navy">Value held by characteristic</span><span style="color: Gray"> --&gt;</span>&lt;/value[x]&gt;
  &lt;<a title="If true, indicates the characteristic is one that is NOT held by members of the group (this element must be supported or understood)" class="dict" href="group-definitions.htm#Group.characteristic.exclude"><span style="text-decoration: underline"><b>exclude</b></span></a>&gt;<span style="color: Gray">&lt;!--</span> <span style="color: brown"><b>0..1</b></span> <span style="color: darkgreen"><a href="datatypes.htm#boolean">boolean</a></span> <span style="color: navy">Group includes or excludes</span><span style="color: Gray"> --&gt;</span>&lt;/exclude&gt;
 &lt;/characteristic&gt;
 &lt;<a title="Identifies the resource instances that are members of the group." class="dict" href="group-definitions.htm#Group.member"><b>member</b></a>&gt;<span style="color: Gray">&lt;!--</span> <span title="Can only have members if group is &quot;actual&quot;" style="color: deeppink"><b>0..*</b></span> <span style="color: darkgreen"><a href="xml.htm#Resource">Resource</a>(<a href="Person.htm#Person">Person</a>|<a href="Animal.htm#Animal">Animal</a>|<a href="Device.htm#Device">Device</a>|<a href="resources.htm">Medication</a>|<a href="resources.htm">Food</a>)</span> <span style="color: navy">Who is in group</span><span style="color: Gray"> --&gt;</span>&lt;/member&gt;
 &lt;<a title="See Extensions" class="dict" href="group-definitions.htm#Group.extension"><b>extension</b></a>&gt;<span style="color: Gray">&lt;!--</span> <span style="color: brown"><b>0..*</b></span> <span style="color: darkgreen"><a href="extensibility.htm#Extension">Extension</a></span>  <a href="extensibility.htm"><span style="color: navy">See Extensions</span></a> <span style="color: Gray"> --&gt;</span>&lt;/extension&gt;
 &lt;<a title="Text summary of resource (for human interpretation)" class="dict" href="group-definitions.htm#Group.text"><b>text</b></a>&gt;<span style="color: Gray">&lt;!--</span> <span style="color: brown"><b>1..1</b></span> <span style="color: darkgreen"><a href="xml.htm#Narrative">Narrative</a></span> <span style="color: navy">Text summary of resource (for human interpretation)</span><span style="color: Gray"> --&gt;</span>&lt;/text&gt;
&lt;/Group&gt;
</pre></div>
  </text>
</Profile>