<?xml version="1.0" encoding="UTF-8"?>
<resourceDefinitions xmlns="http://hl7.org/fhir">
  <author>HL7</author>
  <resourceDefinition>
    <name>Group</name>
    <elementDefinitions>
      <elementDefinition>
        <name>Group</name>
        <cardinality>
          <minOccurs>1</minOccurs>
          <maxOccurs>1</maxOccurs>
        </cardinality>
        <condition></condition>
        <mustUnderstand>false</mustUnderstand>
        <definition>Represents a defined collection of entities that may be discussed or acted upon collectively but which are not expected to act collectively and are not formally or legally recognized.  I.e. A collection of entities that isn't an Organization</definition>
        <requirements></requirements>
        <rim>Entity[determinerCode=&quot;GRP&quot; or determinerCode=&quot;GRP_KIND&quot;]</rim>
        <todo>We need determiner codes that indicate we're talking about a group even when we haven't specified a specific quantity</todo>
      </elementDefinition>
      <elementDefinition>
        <name>Group.identifier</name>
        <cardinality>
          <minOccurs>0</minOccurs>
          <maxOccurs>1</maxOccurs>
        </cardinality>
        <condition></condition>
        <types>
          <type>Identifier</type>
        </types>
        <mustUnderstand>false</mustUnderstand>
        <definition>A unique business identifier for this group</definition>
        <requirements>Allows the group to be referenced</requirements>
        <rim>unique(./id[displayable=&quot;true&quot; and scope=&quot;OBJ&quot;])</rim>
      </elementDefinition>
      <elementDefinition>
        <name>Group.type</name>
        <cardinality>
          <minOccurs>1</minOccurs>
          <maxOccurs>1</maxOccurs>
        </cardinality>
        <condition></condition>
        <types>
          <type>code</type>
        </types>
        <conceptDomain>GroupType</conceptDomain>
        <mustUnderstand>true</mustUnderstand>
        <definition>Identifies the broad classification of the kind of resources the group includes</definition>
        <requirements>Identifies what type of resources the group is made up of</requirements>
        <rim>person: ./classCode=&quot;PSN&quot;

animal: ./classCode=&quot;ANM&quot;

device: ./classCode=&quot;DEV&quot;

medication: ./classCode=&quot;MMAT&quot; and ./playedRole[isNormalRole() and classCode=&quot;THER&quot;]

food: ./classCode=&quot;FOOD&quot;</rim>
      </elementDefinition>
      <elementDefinition>
        <name>Group.actual</name>
        <cardinality>
          <minOccurs>1</minOccurs>
          <maxOccurs>1</maxOccurs>
        </cardinality>
        <condition></condition>
        <types>
          <type>boolean</type>
        </types>
        <mustUnderstand>true</mustUnderstand>
        <definition>If true, indicates that the resource refers to a specific group of real individuals.  If false, the group defines a set of intended individuals</definition>
        <requirements>There are use-cases for groups that define specific collections of individuals, and other groups that define &quot;types&quot; of intended individuals.  The requirements for both kinds of groups are similar, so we use a single resource, distinguished by this flag.</requirements>
        <rim>true: ./determinerCode=&quot;GRP&quot;

false: ./determinerCode=&quot;GRP_KIND&quot;</rim>
      </elementDefinition>
      <elementDefinition>
        <name>Group.code</name>
        <cardinality>
          <minOccurs>0</minOccurs>
          <maxOccurs>1</maxOccurs>
        </cardinality>
        <condition></condition>
        <types>
          <type>CodeableConcept</type>
        </types>
        <conceptDomain>GroupCode</conceptDomain>
        <mustUnderstand>false</mustUnderstand>
        <definition>Provides a specific type of resource the group includes.  E.g. &quot;cow&quot;, &quot;syringe&quot;, etc.</definition>
        <requirements></requirements>
        <comments>This would generally be omitted for Person resources</comments>
        <rim>./code</rim>
      </elementDefinition>
      <elementDefinition>
        <name>Group.name</name>
        <cardinality>
          <minOccurs>0</minOccurs>
          <maxOccurs>1</maxOccurs>
        </cardinality>
        <condition></condition>
        <types>
          <type>string</type>
        </types>
        <mustUnderstand>false</mustUnderstand>
        <definition>A label assigned to the group for human identification and communication</definition>
        <requirements>Used to identify the group in human communication</requirements>
        <rim>./name[type=&quot;ST&quot;]</rim>
      </elementDefinition>
      <elementDefinition>
        <name>Group.quantity</name>
        <cardinality>
          <minOccurs>0</minOccurs>
          <maxOccurs>1</maxOccurs>
        </cardinality>
        <condition></condition>
        <types>
          <type>integer</type>
        </types>
        <mustUnderstand>false</mustUnderstand>
        <definition>A count of the number of resource instances that are part of the group</definition>
        <requirements>Group size is a common defining characteristic</requirements>
        <rim>./quantity</rim>
      </elementDefinition>
      <elementDefinition>
        <name>Group.characteristic</name>
        <cardinality>
          <minOccurs>0</minOccurs>
          <maxOccurs>unbounded</maxOccurs>
        </cardinality>
        <condition></condition>
        <mustUnderstand>false</mustUnderstand>
        <definition>Identifies the traits shared by members of the group</definition>
        <requirements>Needs to be a generic mechanism for identifying what individuals can be part of a group</requirements>
        <rim>./playedRole[isNormalRole()]/participation[isNormalParticipation() and typeCode=&quot;SBJ&quot;]/act[isNormalAct and classCode=&quot;OBS&quot; and moodCode=&quot;EVN&quot;]</rim>
      </elementDefinition>
      <elementDefinition>
        <name>Group.characteristic.type</name>
        <cardinality>
          <minOccurs>1</minOccurs>
          <maxOccurs>1</maxOccurs>
        </cardinality>
        <condition></condition>
        <types>
          <type>CodeableConcept</type>
        </types>
        <conceptDomain>GroupCharacteristicType</conceptDomain>
        <mustUnderstand>true</mustUnderstand>
        <definition>Identifies the kind of trait being asserted</definition>
        <requirements>Need a formal way of identifying the characteristic being described</requirements>
        <rim>./code</rim>
      </elementDefinition>
      <elementDefinition>
        <name>Group.characteristic.value[x]</name>
        <cardinality>
          <minOccurs>1</minOccurs>
          <maxOccurs>1</maxOccurs>
        </cardinality>
        <condition></condition>
        <types>
          <type>CodeableConcept</type>
          <type>string</type>
          <type>boolean</type>
        </types>
        <conceptDomain>GroupCharacteristicValue</conceptDomain>
        <mustUnderstand>true</mustUnderstand>
        <definition>The value of the trait that holds (or does not hold - see 'exclude') for members of the group</definition>
        <requirements>The value of the characteristic is what determines group membership.</requirements>
        <rim>./value</rim>
      </elementDefinition>
      <elementDefinition>
        <name>Group.characteristic.exclude</name>
        <cardinality>
          <minOccurs>0</minOccurs>
          <maxOccurs>1</maxOccurs>
        </cardinality>
        <condition></condition>
        <types>
          <type>boolean</type>
        </types>
        <mustUnderstand>true</mustUnderstand>
        <definition>If true, indicates the characteristic is one that is NOT held by members of the group</definition>
        <requirements>Sometimes group membership is determined by characteristics not possessed</requirements>
        <rim>./valueNegationInd</rim>
      </elementDefinition>
      <elementDefinition>
        <name>Group.member</name>
        <cardinality>
          <minOccurs>0</minOccurs>
          <maxOccurs>unbounded</maxOccurs>
        </cardinality>
        <condition></condition>
        <types>
          <type>Resource(Person|Animal|Device|Medication|Food)</type>
        </types>
        <mustUnderstand>false</mustUnderstand>
        <definition>Identifies the resource instances that are members of the group.</definition>
        <requirements>Often the only thing of interest about a group is &quot;who's in it&quot;</requirements>
        <rim>./scopedRole[isNormalRole() and classCode=&quot;MBR&quot;]/player</rim>
      </elementDefinition>
      <elementDefinition>
        <name>Group.extension</name>
        <cardinality>
          <minOccurs>0</minOccurs>
          <maxOccurs>unbounded</maxOccurs>
        </cardinality>
        <condition></condition>
        <types>
          <type>Extension</type>
        </types>
        <mustUnderstand>false</mustUnderstand>
        <definition>See Extensions</definition>
        <requirements></requirements>
        <rim></rim>
      </elementDefinition>
      <elementDefinition>
        <name>Group.text</name>
        <cardinality>
          <minOccurs>1</minOccurs>
          <maxOccurs>1</maxOccurs>
        </cardinality>
        <condition></condition>
        <types>
          <type>Narrative</type>
        </types>
        <mustUnderstand>false</mustUnderstand>
        <definition>Text summary of resource (for human interpretation)</definition>
        <requirements></requirements>
        <rim></rim>
      </elementDefinition>
    </elementDefinitions>
  </resourceDefinition>
</resourceDefinitions>

