<?xml version="1.0" encoding="UTF-8"?>

<Profile xmlns="http://hl7.org/fhir">
  <name>issuereport</name>
  <author>
    <name>todo (committee)</name>
  </author>
  <description>Basic Profile. Error, warning or information messages that result from a system action</description>
  <status>
    <code>testing</code>
    <date>2012-12-04</date>
  </status>
  <resource>
    <type>Resource</type>
    <element>
      <path>IssueReport</path>
      <definition>
        <short>Information about the success/failure of an action</short>
        <formal>Error, warning or information messages that result from a system action</formal>
        <comments>Can result from the failure of a REST call or be part of the response message returned from a request message.  If sent with extensions overriding particular issues, might even appear as part of a request message.</comments>
        <min>1</min>
        <max>1</max>
        <type>
          <code>Resource</code>
        </type>
        <mustUnderstand>false</mustUnderstand>
      </definition>
    </element>
    <element>
      <path>IssueReport.issue</path>
      <definition>
        <short>A single issue associated with the action</short>
        <formal>An error, warning or information message that results from a system action</formal>
        <min>1</min>
        <max>*</max>
        <mustUnderstand>false</mustUnderstand>
      </definition>
    </element>
    <element>
      <path>IssueReport.issue.severity</path>
      <definition>
        <short>Error, Warning or Information</short>
        <formal>Indicates whether the issue indicates a variation from successful processing</formal>
        <min>1</min>
        <max>1</max>
        <type>
          <code>code</code>
        </type>
        <mustUnderstand>true</mustUnderstand>
        <binding>IssueSeverity</binding>
      </definition>
    </element>
    <element>
      <path>IssueReport.issue.type</path>
      <definition>
        <short>Error or warning code</short>
        <formal>A code indicating the type of error, warning or information message.</formal>
        <comments>Codes should only be defined at a level of granularity that reasonably allows distinct actions to be taken by the receiving system.  If the response behavior of all systems is the same for two codes, the codes might as well be merged.  The human-meaningful content of the issue is conveyed in .text.</comments>
        <min>0</min>
        <max>1</max>
        <type>
          <code>CodeableConcept</code>
        </type>
        <mustUnderstand>false</mustUnderstand>
        <binding>IssueType</binding>
      </definition>
    </element>
    <element>
      <path>IssueReport.issue.details</path>
      <definition>
        <short>Additional description of the issue</short>
        <formal>Additional description of the issue</formal>
        <comments>typically this field is used to provide details human readable information about the error</comments>
        <min>0</min>
        <max>1</max>
        <type>
          <code>string</code>
        </type>
        <mustUnderstand>false</mustUnderstand>
      </definition>
    </element>
    <element>
      <path>IssueReport.issue.location</path>
      <definition>
        <short>XPath of element(s) related to issue</short>
        <formal>A simple XPath limited to element names, repetition indicators and the default child access that identifies one of the elements in the request message that caused this issue to be raised.</formal>
        <comments>The root of the XPath is the Atom feed for documents &amp; messages, the request resource when responding to RESTful commands.  Each XPath must resolve to a single node.  The XPath syntax is used whether the referenced instance Is expressed in XML or JSON.</comments>
        <min>0</min>
        <max>*</max>
        <type>
          <code>string</code>
        </type>
        <mustUnderstand>false</mustUnderstand>
      </definition>
    </element>
    <element>
      <path>IssueReport.extension</path>
      <definition>
        <short>See Extensions</short>
        <formal>See Extensions</formal>
        <min>0</min>
        <max>*</max>
        <type>
          <code>Extension</code>
        </type>
        <mustUnderstand>false</mustUnderstand>
      </definition>
    </element>
    <element>
      <path>IssueReport.text</path>
      <definition>
        <short>Text summary of resource (for human interpretation)</short>
        <formal>Text summary of resource (for human interpretation)</formal>
        <min>1</min>
        <max>1</max>
        <type>
          <code>Narrative</code>
        </type>
        <mustUnderstand>false</mustUnderstand>
      </definition>
    </element>
  </resource>
  <text>
    <status>generated</status><div xmlns="http://www.w3.org/1999/xhtml"><pre>
&lt;<a title="Error, warning or information messages that result from a system action" class="dict" href="issuereport-definitions.htm#IssueReport"><b>IssueReport</b></a> xmlns=&quot;http://hl7.org/fhir&quot;&gt;
 &lt;<a title="An error, warning or information message that results from a system action" class="dict" href="issuereport-definitions.htm#IssueReport.issue"><b>issue</b></a>&gt;  <span style="color: Gray">&lt;!-- <span style="color: brown"><b>1..*</b></span> A single issue associated with the action --&gt;</span>
  &lt;<a title="Indicates whether the issue indicates a variation from successful processing (this element must be supported or understood)" class="dict" href="issuereport-definitions.htm#IssueReport.issue.severity"><span style="text-decoration: underline"><b>severity</b></span></a>&gt;<span style="color: Gray">&lt;!--</span> <span style="color: brown"><b>1..1</b></span> <span style="color: darkgreen"><a href="datatypes.htm#code">code</a></span> <span style="color: navy">Error, Warning or Information</span><span style="color: Gray"> --&gt;</span>&lt;/severity&gt;
  &lt;<a title="A code indicating the type of error, warning or information message." class="dict" href="issuereport-definitions.htm#IssueReport.issue.type"><b>type</b></a>&gt;<span style="color: Gray">&lt;!--</span> <span style="color: brown"><b>0..1</b></span> <span style="color: darkgreen"><a href="datatypes.htm#CodeableConcept">CodeableConcept</a></span> <span style="color: navy">Error or warning code</span><span style="color: Gray"> --&gt;</span>&lt;/type&gt;
  &lt;<a title="Additional description of the issue" class="dict" href="issuereport-definitions.htm#IssueReport.issue.details"><b>details</b></a>&gt;<span style="color: Gray">&lt;!--</span> <span style="color: brown"><b>0..1</b></span> <span style="color: darkgreen"><a href="datatypes.htm#string">string</a></span> <span style="color: navy">Additional description of the issue</span><span style="color: Gray"> --&gt;</span>&lt;/details&gt;
  &lt;<a title="A simple XPath limited to element names, repetition indicators and the default child access that identifies one of the elements in the request message that caused this issue to be raised." class="dict" href="issuereport-definitions.htm#IssueReport.issue.location"><b>location</b></a>&gt;<span style="color: Gray">&lt;!--</span> <span style="color: brown"><b>0..*</b></span> <span style="color: darkgreen"><a href="datatypes.htm#string">string</a></span> <span style="color: navy">XPath of element(s) related to issue</span><span style="color: Gray"> --&gt;</span>&lt;/location&gt;
 &lt;/issue&gt;
 &lt;<a title="See Extensions" class="dict" href="issuereport-definitions.htm#IssueReport.extension"><b>extension</b></a>&gt;<span style="color: Gray">&lt;!--</span> <span style="color: brown"><b>0..*</b></span> <span style="color: darkgreen"><a href="extensibility.htm#Extension">Extension</a></span>  <a href="extensibility.htm"><span style="color: navy">See Extensions</span></a> <span style="color: Gray"> --&gt;</span>&lt;/extension&gt;
 &lt;<a title="Text summary of resource (for human interpretation)" class="dict" href="issuereport-definitions.htm#IssueReport.text"><b>text</b></a>&gt;<span style="color: Gray">&lt;!--</span> <span style="color: brown"><b>1..1</b></span> <span style="color: darkgreen"><a href="xml.htm#Narrative">Narrative</a></span> <span style="color: navy">Text summary of resource (for human interpretation)</span><span style="color: Gray"> --&gt;</span>&lt;/text&gt;
&lt;/IssueReport&gt;
</pre></div>
  </text>
</Profile>