<?xml version="1.0" encoding="UTF-8"?>
<resourceDefinitions xmlns="http://hl7.org/fhir">
  <author>HL7</author>
  <resourceDefinition>
    <name>IssueReport</name>
    <elementDefinitions>
      <elementDefinition>
        <name>IssueReport</name>
        <cardinality>
          <minOccurs>1</minOccurs>
          <maxOccurs>1</maxOccurs>
        </cardinality>
        <condition></condition>
        <mustUnderstand>false</mustUnderstand>
        <definition>Error, warning or information messages that result from a system action</definition>
        <requirements></requirements>
        <comments>Can result from the failure of a REST call or be part of the response message returned from a request message.  If sent with extensions overriding particular issues, might even appear as part of a request message.</comments>
        <rim></rim>
      </elementDefinition>
      <elementDefinition>
        <name>IssueReport.issue</name>
        <cardinality>
          <minOccurs>1</minOccurs>
          <maxOccurs>unbounded</maxOccurs>
        </cardinality>
        <condition></condition>
        <mustUnderstand>false</mustUnderstand>
        <definition>An error, warning or information message that results from a system action</definition>
        <requirements></requirements>
        <rim>AcknowledgementDetail or Observation[classCode=&quot;ALRT&quot; and moodCode=&quot;EVN&quot;]</rim>
        <v2>ERR</v2>
      </elementDefinition>
      <elementDefinition>
        <name>IssueReport.issue.severity</name>
        <cardinality>
          <minOccurs>1</minOccurs>
          <maxOccurs>1</maxOccurs>
        </cardinality>
        <condition></condition>
        <types>
          <type>code</type>
        </types>
        <conceptDomain>IssueSeverity</conceptDomain>
        <mustUnderstand>true</mustUnderstand>
        <definition>Indicates whether the issue indicates a variation from successful processing</definition>
        <requirements>Indicates how relevant the issue is to the overall success of the action.</requirements>
        <rim>./typeCode[parent::AcknowledgmentDetail] or unique(./inboundRelationship[parent::Observation and typeCode='SUBJ' and isNormalActRelationship()]/source[classCode=&quot;OBS&quot; and moodCode=&quot;EVN&quot; and implies(code, ActCode#SEV and isNormalAct())/value[xsi:type=&quot;CD&quot;]</rim>
        <v2>ERR-4</v2>
      </elementDefinition>
      <elementDefinition>
        <name>IssueReport.issue.type</name>
        <cardinality>
          <minOccurs>0</minOccurs>
          <maxOccurs>1</maxOccurs>
        </cardinality>
        <condition></condition>
        <types>
          <type>CodeableConcept</type>
        </types>
        <conceptDomain>IssueType</conceptDomain>
        <mustUnderstand>false</mustUnderstand>
        <definition>A code indicating the type of error, warning or information message.</definition>
        <requirements>Expresses the issue in a computer-friendly way, allowing the requesting system to behave differently based on the type of issue.</requirements>
        <comments>Codes should only be defined at a level of granularity that reasonably allows distinct actions to be taken by the receiving system.  If the response behavior of all systems is the same for two codes, the codes might as well be merged.  The human-meaningful content of the issue is conveyed in .text.</comments>
        <rim>./code</rim>
        <v2>ERR-3, ERR-5</v2>
        <todo>Do we want to define an initial set of codes, or should we leave all of this to profiles?</todo>
      </elementDefinition>
      <elementDefinition>
        <name>IssueReport.issue.details</name>
        <cardinality>
          <minOccurs>0</minOccurs>
          <maxOccurs>1</maxOccurs>
        </cardinality>
        <condition></condition>
        <types>
          <type>string</type>
        </types>
        <mustUnderstand>false</mustUnderstand>
        <definition>Additional description of the issue</definition>
        <requirements></requirements>
        <comments>typically this field is used to provide details human readable information about the error</comments>
        <rim>./text[parent::AcknowledgmentDetail]</rim>
        <v2>ERR-8</v2>
      </elementDefinition>
      <elementDefinition>
        <name>IssueReport.issue.location</name>
        <cardinality>
          <minOccurs>0</minOccurs>
          <maxOccurs>unbounded</maxOccurs>
        </cardinality>
        <condition></condition>
        <types>
          <type>string</type>
        </types>
        <mustUnderstand>false</mustUnderstand>
        <definition>A simple XPath limited to element names, repetition indicators and the default child access that identifies one of the elements in the request message that caused this issue to be raised.</definition>
        <requirements>Allows systems to highlight or otherwise guide users to elements implicated in issues to allow them to be fixed more easily.</requirements>
        <comments>The root of the XPath is the Atom feed for documents &amp; messages, the request resource when responding to RESTful commands.  Each XPath must resolve to a single node.  The XPath syntax is used whether the referenced instance Is expressed in XML or JSON.</comments>
        <rim>./location[parent::AcknowledgmentDetail]</rim>
        <v2>ERR-2</v2>
      </elementDefinition>
      <elementDefinition>
        <name>IssueReport.extension</name>
        <cardinality>
          <minOccurs>0</minOccurs>
          <maxOccurs>unbounded</maxOccurs>
        </cardinality>
        <condition></condition>
        <types>
          <type>Extension</type>
        </types>
        <mustUnderstand>false</mustUnderstand>
        <definition>See Extensions</definition>
        <requirements></requirements>
        <rim></rim>
      </elementDefinition>
      <elementDefinition>
        <name>IssueReport.text</name>
        <cardinality>
          <minOccurs>1</minOccurs>
          <maxOccurs>1</maxOccurs>
        </cardinality>
        <condition></condition>
        <types>
          <type>Narrative</type>
        </types>
        <mustUnderstand>false</mustUnderstand>
        <definition>Text summary of resource (for human interpretation)</definition>
        <requirements></requirements>
        <rim></rim>
      </elementDefinition>
    </elementDefinitions>
  </resourceDefinition>
</resourceDefinitions>

