<?xml version="1.0" encoding="UTF-8"?>
<resourceDefinitions xmlns="http://hl7.org/fhir">
  <author>HL7</author>
  <resourceDefinition>
    <name>List</name>
    <elementDefinitions>
      <elementDefinition>
        <name>List</name>
        <cardinality>
          <minOccurs>1</minOccurs>
          <maxOccurs>1</maxOccurs>
        </cardinality>
        <condition></condition>
        <mustUnderstand>false</mustUnderstand>
        <definition>A set of information summarized from a list of other resources</definition>
        <requirements></requirements>
        <alias>Collection</alias>
        <alias> WorkingList</alias>
        <alias> Organizer</alias>
        <rim>Act[normalAct() and subsumes(ActClass#_ActClassRecordOrganizer, classCode) and moodCode=EVN]</rim>
        <todo>RIM harmonization proposal to move LIST under GROUPER

RIM harmonization proposal to allow organizers to group roles as well as acts.</todo>
      </elementDefinition>
      <elementDefinition>
        <name>List.code</name>
        <cardinality>
          <minOccurs>0</minOccurs>
          <maxOccurs>1</maxOccurs>
        </cardinality>
        <condition></condition>
        <types>
          <type>CodeableConcept</type>
        </types>
        <conceptDomain>ListCode</conceptDomain>
        <mustUnderstand>false</mustUnderstand>
        <definition>This code defines the purpose of the list - why it was created</definition>
        <requirements>Lists often contain subsets of resources rather than an exhaustive list.  The code identifies what type of subset is included</requirements>
        <comments>If there is no code, the purpose of the list is implied where it is used, such as in a document section using Document.section.code</comments>
        <rim>.code</rim>
      </elementDefinition>
      <elementDefinition>
        <name>List.source</name>
        <cardinality>
          <minOccurs>0</minOccurs>
          <maxOccurs>1</maxOccurs>
        </cardinality>
        <condition></condition>
        <types>
          <type>Resource(Person|Agent|Device)</type>
        </types>
        <mustUnderstand>false</mustUnderstand>
        <definition>The entity responsible for deciding what the contents of the list were</definition>
        <requirements>Allows follow-up as well as context</requirements>
        <comments>The primary and important source is the entity that made the decisions what items are in the list. This may be software or user</comments>
        <rim>unique(.participation[isNormalParticipation() and typeCode=ParticipationTypeCode#AUT]/role[isNormalRole() and classCode=REL]/player[isNormalEntity() and classCode=PSN and determinerCode=INST]

or

.participation[isNormalParticipation() and typeCode=ParticipationTypeCode#AUT]/role[isNormalRole() and classCode=ASSIGNED][player[classCode!=DEV and determinerCode=INST and isNormalEntity()]]

or

.participation[isNormalParticipation() and typeCode=ParticipationTypeCode#AUT]/role[isNormalRole() and classCode=ASSIGNED]/player[classCode=DEV and determinerCode=INST and isNormalEntity()])</rim>
      </elementDefinition>
      <elementDefinition>
        <name>List.date</name>
        <cardinality>
          <minOccurs>0</minOccurs>
          <maxOccurs>1</maxOccurs>
        </cardinality>
        <condition></condition>
        <types>
          <type>dateTime</type>
        </types>
        <mustUnderstand>false</mustUnderstand>
        <definition>The date that the list was prepared</definition>
        <requirements>Identifies how current the list is which affects relevance</requirements>
        <comments>The actual important date is the date of currency of the resources that were summarized, but it is usually assumed that these are current when the preparation occurs</comments>
        <rim>.participation[isNormalParticipation() and typeCode=ParticipationTypeCode#AUT]/time[type=TS]</rim>
      </elementDefinition>
      <elementDefinition>
        <name>List.ordered</name>
        <cardinality>
          <minOccurs>0</minOccurs>
          <maxOccurs>1</maxOccurs>
        </cardinality>
        <condition></condition>
        <types>
          <type>boolean</type>
        </types>
        <mustUnderstand>false</mustUnderstand>
        <definition>Whether the list is ordered or not</definition>
        <requirements>Important for presentation and rendering.  Lists may be sorted to place more important information first or to group related entries.</requirements>
        <comments>Applications SHOULD render ordered lists in the order provided, but MAY allow users to re-order based on their own preferences as well</comments>
        <rim>count(distinct-values(./outboundRelationship[typeCode=COMP and isNormalActRelationship()]/sequenceNumber))&gt;1 
or 
count(./participation[isNormalParticipation() and typeCode=SBJ]/sequenceNumber))&gt;1</rim>
      </elementDefinition>
      <elementDefinition>
        <name>List.entry</name>
        <cardinality>
          <minOccurs>0</minOccurs>
          <maxOccurs>unbounded</maxOccurs>
        </cardinality>
        <condition></condition>
        <mustUnderstand>false</mustUnderstand>
        <definition>Entries in this list</definition>
        <requirements></requirements>
        <comments>If there are no entries in the list, an emptyReason SHOULD be provided</comments>
        <rim>./outboundRelationship[typeCode=COMP and isNormalActRelationship()]
or 
./participation[isNormalParticipation() and typeCode=SBJ</rim>
      </elementDefinition>
      <elementDefinition>
        <name>List.entry.status</name>
        <cardinality>
          <minOccurs>0</minOccurs>
          <maxOccurs>1</maxOccurs>
        </cardinality>
        <condition></condition>
        <types>
          <type>code</type>
        </types>
        <conceptDomain>ListEntryStatus</conceptDomain>
        <mustUnderstand>true</mustUnderstand>
        <definition>Status of an entry in this list.</definition>
        <requirements></requirements>
        <comments>If no status is provided, it must be known that the status of deleted does not apply. A deleted entry should be displayed in narrative as deleted</comments>
        <rim>added: ./updateMode=(&quot;A&quot;,&quot;AR&quot;)

retained: ./updateMode=&quot;NC&quot;

updated: ./updateMode=&quot;R&quot;

deleted: ./updateMode=&quot;D&quot;</rim>
      </elementDefinition>
      <elementDefinition>
        <name>List.entry.item</name>
        <cardinality>
          <minOccurs>1</minOccurs>
          <maxOccurs>1</maxOccurs>
        </cardinality>
        <condition></condition>
        <types>
          <type>Resource(Any)</type>
        </types>
        <mustUnderstand>true</mustUnderstand>
        <definition>A reference to the actual resource from which data was derived</definition>
        <requirements></requirements>
        <rim>./target
or
./role
or
./role/entity</rim>
      </elementDefinition>
      <elementDefinition>
        <name>List.emptyReason</name>
        <cardinality>
          <minOccurs>0</minOccurs>
          <maxOccurs>1</maxOccurs>
        </cardinality>
        <condition></condition>
        <types>
          <type>CodeableConcept</type>
        </types>
        <conceptDomain>ListEmptyReason</conceptDomain>
        <mustUnderstand>false</mustUnderstand>
        <definition>If the list is empty, why the list is empty</definition>
        <requirements>Allows capturing things like &quot;none exist&quot; or &quot;not asked&quot; which can be important for most lists</requirements>
        <comments>The various reasons for an empty list make a significant interpretation to its interpretation</comments>
        <rim>./inboundRelationship[typeCode=SUBJ and isNormalActRelationship and subsumes(ListEmptyReason, code)]/value[type=CD]</rim>
      </elementDefinition>
      <elementDefinition>
        <name>List.extension</name>
        <cardinality>
          <minOccurs>0</minOccurs>
          <maxOccurs>unbounded</maxOccurs>
        </cardinality>
        <condition></condition>
        <types>
          <type>Extension</type>
        </types>
        <mustUnderstand>false</mustUnderstand>
        <definition>See Extensions</definition>
        <requirements></requirements>
        <rim></rim>
      </elementDefinition>
      <elementDefinition>
        <name>List.text</name>
        <cardinality>
          <minOccurs>1</minOccurs>
          <maxOccurs>1</maxOccurs>
        </cardinality>
        <condition></condition>
        <types>
          <type>Narrative</type>
        </types>
        <mustUnderstand>false</mustUnderstand>
        <definition>Text summary of resource (for human interpretation)</definition>
        <requirements></requirements>
        <rim></rim>
      </elementDefinition>
    </elementDefinitions>
  </resourceDefinition>
</resourceDefinitions>

