{"List":{"code":{"coding":[{"system":{"value":"http://snomed.info"},"code":{"value":"182836005"},"display":{"value":"Review of medication"}}],"text":{"value":"Medication Review"}},"source":{"type":{"value":"Person"},"id":{"value":"grahame"}},"date":{"value":"2012-11-26T07:30:23+11:00"},"emptyReason":{"coding":[{"system":{"value":"http://hl7.org/fhir/special-values"},"code":{"value":"nil known"},"display":{"value":"The are no known applicable values in this context"}}],"text":{"value":"The patient is not on any medications"}},"text":{"status":"generated","div":"<div>\n      <p>The patient is not on any medications<\/p>\n    <\/div>"}}}