<?xml version="1.0" encoding="UTF-8"?>

<Profile xmlns="http://hl7.org/fhir">
  <name>list</name>
  <author>
    <name>todo (committee)</name>
  </author>
  <description>Basic Profile. A set of information summarized from a list of other resources</description>
  <status>
    <code>testing</code>
    <date>2012-12-04</date>
  </status>
  <resource>
    <type>Resource</type>
    <element>
      <path>List</path>
      <definition>
        <short>Information summarized from a list of other resources</short>
        <formal>A set of information summarized from a list of other resources</formal>
        <min>1</min>
        <max>1</max>
        <type>
          <code>Resource</code>
        </type>
        <mustUnderstand>false</mustUnderstand>
      </definition>
    </element>
    <element>
      <path>List.code</path>
      <definition>
        <short>What the purpose of this list is</short>
        <formal>This code defines the purpose of the list - why it was created</formal>
        <comments>If there is no code, the purpose of the list is implied where it is used, such as in a document section using Document.section.code</comments>
        <min>0</min>
        <max>1</max>
        <type>
          <code>CodeableConcept</code>
        </type>
        <mustUnderstand>false</mustUnderstand>
        <binding>ListCode</binding>
      </definition>
    </element>
    <element>
      <path>List.source</path>
      <definition>
        <short>Source of the list</short>
        <formal>The entity responsible for deciding what the contents of the list were</formal>
        <comments>The primary and important source is the entity that made the decisions what items are in the list. This may be software or user</comments>
        <min>0</min>
        <max>1</max>
        <type>
          <code>Resource(Person|Agent|Device)</code>
        </type>
        <mustUnderstand>false</mustUnderstand>
      </definition>
    </element>
    <element>
      <path>List.date</path>
      <definition>
        <short>When the list was prepared</short>
        <formal>The date that the list was prepared</formal>
        <comments>The actual important date is the date of currency of the resources that were summarized, but it is usually assumed that these are current when the preparation occurs</comments>
        <min>0</min>
        <max>1</max>
        <type>
          <code>dateTime</code>
        </type>
        <mustUnderstand>false</mustUnderstand>
      </definition>
    </element>
    <element>
      <path>List.ordered</path>
      <definition>
        <short>Whether list is ordered or not</short>
        <formal>Whether the list is ordered or not</formal>
        <comments>Applications SHOULD render ordered lists in the order provided, but MAY allow users to re-order based on their own preferences as well</comments>
        <min>0</min>
        <max>1</max>
        <type>
          <code>boolean</code>
        </type>
        <mustUnderstand>false</mustUnderstand>
      </definition>
    </element>
    <element>
      <path>List.entry</path>
      <definition>
        <short>Entries in the list</short>
        <formal>Entries in this list</formal>
        <comments>If there are no entries in the list, an emptyReason SHOULD be provided</comments>
        <min>0</min>
        <max>*</max>
        <mustUnderstand>false</mustUnderstand>
      </definition>
    </element>
    <element>
      <path>List.entry.status</path>
      <definition>
        <short>added | retained | updated| deleted</short>
        <formal>Status of an entry in this list.</formal>
        <comments>If no status is provided, it must be known that the status of deleted does not apply. A deleted entry should be displayed in narrative as deleted</comments>
        <min>0</min>
        <max>1</max>
        <type>
          <code>code</code>
        </type>
        <mustUnderstand>true</mustUnderstand>
        <binding>ListEntryStatus</binding>
      </definition>
    </element>
    <element>
      <path>List.entry.item</path>
      <definition>
        <short>Actual entry</short>
        <formal>A reference to the actual resource from which data was derived</formal>
        <min>1</min>
        <max>1</max>
        <type>
          <code>Resource(Any)</code>
        </type>
        <mustUnderstand>true</mustUnderstand>
      </definition>
    </element>
    <element>
      <path>List.emptyReason</path>
      <definition>
        <short>Why list is empty</short>
        <formal>If the list is empty, why the list is empty</formal>
        <comments>The various reasons for an empty list make a significant interpretation to its interpretation</comments>
        <min>0</min>
        <max>1</max>
        <type>
          <code>CodeableConcept</code>
        </type>
        <mustUnderstand>false</mustUnderstand>
        <binding>ListEmptyReason</binding>
      </definition>
    </element>
    <element>
      <path>List.extension</path>
      <definition>
        <short>See Extensions</short>
        <formal>See Extensions</formal>
        <min>0</min>
        <max>*</max>
        <type>
          <code>Extension</code>
        </type>
        <mustUnderstand>false</mustUnderstand>
      </definition>
    </element>
    <element>
      <path>List.text</path>
      <definition>
        <short>Text summary of resource (for human interpretation)</short>
        <formal>Text summary of resource (for human interpretation)</formal>
        <min>1</min>
        <max>1</max>
        <type>
          <code>Narrative</code>
        </type>
        <mustUnderstand>false</mustUnderstand>
      </definition>
    </element>
  </resource>
  <text>
    <status>generated</status><div xmlns="http://www.w3.org/1999/xhtml"><pre>
&lt;<a title="A set of information summarized from a list of other resources" class="dict" href="list-definitions.htm#List"><b>List</b></a> xmlns=&quot;http://hl7.org/fhir&quot;&gt;
 &lt;<a title="This code defines the purpose of the list - why it was created" class="dict" href="list-definitions.htm#List.code"><b>code</b></a>&gt;<span style="color: Gray">&lt;!--</span> <span style="color: brown"><b>0..1</b></span> <span style="color: darkgreen"><a href="datatypes.htm#CodeableConcept">CodeableConcept</a></span> <span style="color: navy">What the purpose of this list is</span><span style="color: Gray"> --&gt;</span>&lt;/code&gt;
 &lt;<a title="The entity responsible for deciding what the contents of the list were" class="dict" href="list-definitions.htm#List.source"><b>source</b></a>&gt;<span style="color: Gray">&lt;!--</span> <span style="color: brown"><b>0..1</b></span> <span style="color: darkgreen"><a href="xml.htm#Resource">Resource</a>(<a href="Person.htm#Person">Person</a>|<a href="Agent.htm#Agent">Agent</a>|<a href="Device.htm#Device">Device</a>)</span> <span style="color: navy">Source of the list</span><span style="color: Gray"> --&gt;</span>&lt;/source&gt;
 &lt;<a title="The date that the list was prepared" class="dict" href="list-definitions.htm#List.date"><b>date</b></a>&gt;<span style="color: Gray">&lt;!--</span> <span style="color: brown"><b>0..1</b></span> <span style="color: darkgreen"><a href="datatypes.htm#dateTime">dateTime</a></span> <span style="color: navy">When the list was prepared</span><span style="color: Gray"> --&gt;</span>&lt;/date&gt;
 &lt;<a title="Whether the list is ordered or not" class="dict" href="list-definitions.htm#List.ordered"><b>ordered</b></a>&gt;<span style="color: Gray">&lt;!--</span> <span style="color: brown"><b>0..1</b></span> <span style="color: darkgreen"><a href="datatypes.htm#boolean">boolean</a></span> <span style="color: navy">Whether list is ordered or not</span><span style="color: Gray"> --&gt;</span>&lt;/ordered&gt;
 &lt;<a title="Entries in this list" class="dict" href="list-definitions.htm#List.entry"><b>entry</b></a>&gt;  <span style="color: Gray">&lt;!-- <span title="A list can only have an emptyReason if it is empty" style="color: deeppink"><b>0..*</b></span> Entries in the list --&gt;</span>
  &lt;<a title="Status of an entry in this list. (this element must be supported or understood)" class="dict" href="list-definitions.htm#List.entry.status"><span style="text-decoration: underline"><b>status</b></span></a>&gt;<span style="color: Gray">&lt;!--</span> <span style="color: brown"><b>0..1</b></span> <span style="color: darkgreen"><a href="datatypes.htm#code">code</a></span> <span style="color: navy">added | retained | updated| deleted</span><span style="color: Gray"> --&gt;</span>&lt;/status&gt;
  &lt;<a title="A reference to the actual resource from which data was derived (this element must be supported or understood)" class="dict" href="list-definitions.htm#List.entry.item"><span style="text-decoration: underline"><b>item</b></span></a>&gt;<span style="color: Gray">&lt;!--</span> <span style="color: brown"><b>1..1</b></span> <span style="color: darkgreen"><a href="xml.htm#Resource">Resource</a>(<a href="resources.htm">Any</a>)</span> <span style="color: navy">Actual entry</span><span style="color: Gray"> --&gt;</span>&lt;/item&gt;
 &lt;/entry&gt;
 &lt;<a title="If the list is empty, why the list is empty" class="dict" href="list-definitions.htm#List.emptyReason"><b>emptyReason</b></a>&gt;<span style="color: Gray">&lt;!--</span> <span title="A list can only have an emptyReason if it is empty" style="color: deeppink"><b>0..1</b></span> <span style="color: darkgreen"><a href="datatypes.htm#CodeableConcept">CodeableConcept</a></span> <span style="color: navy">Why list is empty</span><span style="color: Gray"> --&gt;</span>&lt;/emptyReason&gt;
 &lt;<a title="See Extensions" class="dict" href="list-definitions.htm#List.extension"><b>extension</b></a>&gt;<span style="color: Gray">&lt;!--</span> <span style="color: brown"><b>0..*</b></span> <span style="color: darkgreen"><a href="extensibility.htm#Extension">Extension</a></span>  <a href="extensibility.htm"><span style="color: navy">See Extensions</span></a> <span style="color: Gray"> --&gt;</span>&lt;/extension&gt;
 &lt;<a title="Text summary of resource (for human interpretation)" class="dict" href="list-definitions.htm#List.text"><b>text</b></a>&gt;<span style="color: Gray">&lt;!--</span> <span style="color: brown"><b>1..1</b></span> <span style="color: darkgreen"><a href="xml.htm#Narrative">Narrative</a></span> <span style="color: navy">Text summary of resource (for human interpretation)</span><span style="color: Gray"> --&gt;</span>&lt;/text&gt;
&lt;/List&gt;
</pre></div>
  </text>
</Profile>