{"List":{"source":{"type":{"value":"Person"},"id":{"value":"grahame"}},"date":{"value":"2012-11-25T22:17:00+11:00"},"entry":[{"status":"deleted","item":{"type":{"value":"Problem"},"id":{"value":"example"}}},{"status":"added","item":{"type":{"value":"Problem"},"id":{"value":"example2"}}}],"text":{"status":"generated","div":"<div>\n      <table>\n        <thead>\n          <tr>\n            <th>Problem<\/th>\n            <th>Severity<\/th>\n            <th>Date<\/th>\n            <th>Location<\/th>\n            <th>Status<\/th>\n          <\/tr>\n        <\/thead>\n        <tbody>\n          <tr>\n            <td>Burnt Ear<\/td>\n            <td>Severe<\/td>\n            <td>24-May 2012<\/td>\n            <td>Left Ear<\/td>\n            <td>deleted<\/td>\n          <\/tr>\n          <tr>\n            <td>Asthma<\/td>\n            <td>Mild<\/td>\n            <td>21-Nov 2012<\/td>\n            <td>--<\/td>\n            <td>added<\/td>\n          <\/tr>\n        <\/tbody>\n      <\/table>\n    <\/div>"}}}