<?xml version="1.0" encoding="UTF-8"?>
<resourceDefinitions xmlns="http://hl7.org/fhir">
  <author>HL7</author>
  <resourceDefinition>
    <name>MedicationAdministration</name>
    <elementDefinitions>
      <elementDefinition>
        <name>MedicationAdministration</name>
        <cardinality>
          <minOccurs>1</minOccurs>
          <maxOccurs>1</maxOccurs>
        </cardinality>
        <condition></condition>
        <mustUnderstand>false</mustUnderstand>
        <definition>Describes the event of a patient being given a dose of a medication.  This may be as simple as swallowing a tablet or it may be a long running infusion.

Related resources tie this event to the authorizing prescription, and the specific encounter between patient and health care provider</definition>
        <requirements></requirements>
        <rim>SubstanceAdministration</rim>
      </elementDefinition>
      <elementDefinition>
        <name>MedicationAdministration.administrationEventStatus</name>
        <cardinality>
          <minOccurs>1</minOccurs>
          <maxOccurs>1</maxOccurs>
        </cardinality>
        <condition></condition>
        <types>
          <type>code</type>
        </types>
        <conceptDomain>MedicationAdministrationStatus</conceptDomain>
        <mustUnderstand>false</mustUnderstand>
        <definition>Will generally be set to show that the administration has been completed.  For some long running administrations such as infusions it is possible for an administration to be started but not completed or it may be paused while some other process is under way.</definition>
        <requirements></requirements>
        <rim>SubstanceAdministration.statusCode</rim>
      </elementDefinition>
      <elementDefinition>
        <name>MedicationAdministration.isNegated</name>
        <cardinality>
          <minOccurs>0</minOccurs>
          <maxOccurs>1</maxOccurs>
        </cardinality>
        <condition></condition>
        <types>
          <type>boolean</type>
        </types>
        <mustUnderstand>false</mustUnderstand>
        <definition>Set this to true if the record is saying that the medication was NOT administered.</definition>
        <requirements></requirements>
        <rim>SubstanceAdministration.actionNegationInd</rim>
      </elementDefinition>
      <elementDefinition>
        <name>MedicationAdministration.negatedReason</name>
        <cardinality>
          <minOccurs>0</minOccurs>
          <maxOccurs>unbounded</maxOccurs>
        </cardinality>
        <condition></condition>
        <types>
          <type>CodeableConcept</type>
        </types>
        <conceptDomain>MedicationAdministrationNegationReason</conceptDomain>
        <mustUnderstand>false</mustUnderstand>
        <definition>A code indicating why the administration has been negated.

Use only if isNegated is set to TRUE</definition>
        <requirements></requirements>
        <rim>SubstanceAdministration-&gt;Reason-&gt;Observation-&gt;Value</rim>
      </elementDefinition>
      <elementDefinition>
        <name>MedicationAdministration.effectiveTime</name>
        <cardinality>
          <minOccurs>1</minOccurs>
          <maxOccurs>1</maxOccurs>
        </cardinality>
        <condition></condition>
        <types>
          <type>Period</type>
        </types>
        <mustUnderstand>false</mustUnderstand>
        <definition>An interval of time during which the administration takes place.  For many administrations, such as swallowing a tablet the lower and upper values of the interval will be the same.</definition>
        <requirements></requirements>
        <rim>SubstanceAdministration.effectiveTime</rim>
      </elementDefinition>
      <elementDefinition>
        <name>MedicationAdministration.method</name>
        <cardinality>
          <minOccurs>0</minOccurs>
          <maxOccurs>1</maxOccurs>
        </cardinality>
        <condition></condition>
        <types>
          <type>CodeableConcept</type>
        </types>
        <conceptDomain>MedicationAdministrationMethod</conceptDomain>
        <mustUnderstand>false</mustUnderstand>
        <definition>A coded value indicating the method by which the medication is introduced into or onto the body. Most commonly used for injections.  Examples:  Slow Push; Deep IV.

Terminologies used often pre-coordinate this term with the route and or form of administration.</definition>
        <requirements></requirements>
        <rim>SubstanceAdministration.methodCode</rim>
      </elementDefinition>
      <elementDefinition>
        <name>MedicationAdministration.approachSite</name>
        <cardinality>
          <minOccurs>0</minOccurs>
          <maxOccurs>1</maxOccurs>
        </cardinality>
        <condition></condition>
        <types>
          <type>CodeableConcept</type>
        </types>
        <conceptDomain>MedicationAdministrationSite</conceptDomain>
        <mustUnderstand>false</mustUnderstand>
        <definition>A coded value indicating the location on the body where the medication is introduced into or onto the body.   Where the code system indicates laterality by means of a separate coded concept this must be post-coordinated with the code indicating the location.</definition>
        <requirements></requirements>
        <rim>SubstanceAdministration.approachSIteCode</rim>
      </elementDefinition>
      <elementDefinition>
        <name>MedicationAdministration.route</name>
        <cardinality>
          <minOccurs>0</minOccurs>
          <maxOccurs>1</maxOccurs>
        </cardinality>
        <condition></condition>
        <types>
          <type>CodeableConcept</type>
        </types>
        <conceptDomain>RouteOfAdministration</conceptDomain>
        <mustUnderstand>false</mustUnderstand>
        <definition>A coded value indicating the path in or on the body by which the medication is introduced into or onto the body.  Where the code system indicates laterality by means of a separate coded concept this must be post-coordinated with the code indicating the route.</definition>
        <requirements></requirements>
        <rim>SubstanceAdministration.routeCode</rim>
      </elementDefinition>
      <elementDefinition>
        <name>MedicationAdministration.administeredDose</name>
        <cardinality>
          <minOccurs>0</minOccurs>
          <maxOccurs>1</maxOccurs>
        </cardinality>
        <condition></condition>
        <types>
          <type>Quantity</type>
        </types>
        <mustUnderstand>false</mustUnderstand>
        <definition>The amount of a medication administered to the patient as a single amount.</definition>
        <requirements></requirements>
        <comments>(??Need to check work for Puffs.)</comments>
        <rim>SubstanceAdministration.doseQuantity</rim>
      </elementDefinition>
      <elementDefinition>
        <name>MedicationAdministration.doseRate</name>
        <cardinality>
          <minOccurs>0</minOccurs>
          <maxOccurs>1</maxOccurs>
        </cardinality>
        <condition></condition>
        <types>
          <type>Quantity</type>
        </types>
        <mustUnderstand>false</mustUnderstand>
        <definition>The amount of a medication administered to the patient over a period of time.

Example 250ml/30min</definition>
        <requirements></requirements>
        <comments>(??Need to check work for Puffs.)</comments>
        <rim>SubstanceAdministration.doseRate</rim>
      </elementDefinition>
      <elementDefinition>
        <name>MedicationAdministration.id</name>
        <cardinality>
          <minOccurs>0</minOccurs>
          <maxOccurs>unbounded</maxOccurs>
        </cardinality>
        <condition></condition>
        <types>
          <type>HumanId</type>
        </types>
        <mustUnderstand>false</mustUnderstand>
        <definition>External identifier - FHIR will generate its own internal IDs (probably URLs) which do not need to be explicitly managed by the resource.  The identifier here is one that would be used by another non-FHIR system - for example an automated medication pump would provide a record each time it operated; an administration while the patient was off the ward might be made with a different system and entered after the event.  Particularly important if these records have to be updated.</definition>
        <requirements></requirements>
        <rim>SubstanceAdministration.id</rim>
      </elementDefinition>
      <elementDefinition>
        <name>MedicationAdministration.prescription</name>
        <cardinality>
          <minOccurs>1</minOccurs>
          <maxOccurs>1</maxOccurs>
        </cardinality>
        <condition></condition>
        <types>
          <type>Resource(Prescription)</type>
        </types>
        <mustUnderstand>false</mustUnderstand>
        <definition>A link to a resource that provides the original request, instruction and authority to perform the administration.</definition>
        <requirements></requirements>
        <rim>SubstanceAdministration-&gt;InFullfillmentOf-&gt;SubstanceAdministration</rim>
      </elementDefinition>
      <elementDefinition>
        <name>MedicationAdministration.patient</name>
        <cardinality>
          <minOccurs>1</minOccurs>
          <maxOccurs>1</maxOccurs>
        </cardinality>
        <condition></condition>
        <types>
          <type>Resource(Patient)</type>
        </types>
        <mustUnderstand>false</mustUnderstand>
        <definition>A link to a resource representing the person to whom the medication was given.</definition>
        <requirements></requirements>
        <rim>SubstanceAdministration-&gt;subject-&gt;Patient</rim>
      </elementDefinition>
      <elementDefinition>
        <name>MedicationAdministration.medication</name>
        <cardinality>
          <minOccurs>1</minOccurs>
          <maxOccurs>unbounded</maxOccurs>
        </cardinality>
        <condition></condition>
        <types>
          <type>CodeableConcept</type>
        </types>
        <conceptDomain>AMedicinesTerminology</conceptDomain>
        <mustUnderstand>false</mustUnderstand>
        <definition>This is either a link to a resource representing the details of the medication or a simple attribute carrying a code that identifies the medication from a known list of medications.</definition>
        <requirements></requirements>
        <rim>SubstanceAdministration-&gt;consumable-&gt;ManufacturedProduct</rim>
      </elementDefinition>
      <elementDefinition>
        <name>MedicationAdministration.encounter</name>
        <cardinality>
          <minOccurs>0</minOccurs>
          <maxOccurs>1</maxOccurs>
        </cardinality>
        <condition></condition>
        <types>
          <type>HumanId</type>
        </types>
        <mustUnderstand>false</mustUnderstand>
        <definition>An identifier or a link to a resource that identifies the particular occurrence of contact between patient and health care provider.</definition>
        <requirements></requirements>
        <rim>SubstanceAdministration-&gt;component-&gt;EncounterEvent</rim>
      </elementDefinition>
      <elementDefinition>
        <name>MedicationAdministration.administrationDevice</name>
        <cardinality>
          <minOccurs>0</minOccurs>
          <maxOccurs>unbounded</maxOccurs>
        </cardinality>
        <condition></condition>
        <types>
          <type>Resource(Device)</type>
        </types>
        <mustUnderstand>false</mustUnderstand>
        <definition>An identifier or a link to a resource that identifies a device used in administering the medication to the patient.</definition>
        <requirements></requirements>
        <rim>SubstanceAdministration-&gt;device-&gt;Access  OR SubstanceAdministration-&gt;device-&gt;AssignedDevice</rim>
      </elementDefinition>
      <elementDefinition>
        <name>MedicationAdministration.text</name>
        <cardinality>
          <minOccurs>1</minOccurs>
          <maxOccurs>1</maxOccurs>
        </cardinality>
        <condition></condition>
        <types>
          <type>Narrative</type>
        </types>
        <mustUnderstand>false</mustUnderstand>
        <definition>Text summary of resource (for human interpretation)</definition>
        <requirements></requirements>
        <rim></rim>
      </elementDefinition>
      <elementDefinition>
        <name>MedicationAdministration.extension</name>
        <cardinality>
          <minOccurs>0</minOccurs>
          <maxOccurs>unbounded</maxOccurs>
        </cardinality>
        <condition></condition>
        <types>
          <type>Extension</type>
        </types>
        <mustUnderstand>false</mustUnderstand>
        <definition>Extensions to the MedicationAdministration resource</definition>
        <requirements></requirements>
        <rim></rim>
      </elementDefinition>
    </elementDefinitions>
  </resourceDefinition>
</resourceDefinitions>

