{"Message":{"id":{"value":"1cbdfb97-5859-48a4-8301-d54eab818d68"},"instant":{"value":"2012-01-04T09:10:14Z"},"event":{"value":"admin-update"},"response":{"id":{"value":"5015fe84-8e76-4526-89d8-44b322e8d4fb"},"code":"ok"},"source":{"name":{"value":"Acme Central Patient Registry"},"software":{"value":"FooBar Patient Manager"},"version":{"value":"3.1.45.AABB"},"contact":{"system":"phone","value":{"value":"+1 (555) 123 4567"}},"endpoint":{"value":"llp:10.11.12.13:5432"}},"destination":{"name":{"value":"Acme Message Gateway"},"target":{"type":{"value":"Person"},"id":{"value":"101"}},"endpoint":{"value":"llp:10.11.12.14:5432"}},"author":{"type":{"value":"Person"},"id":{"value":"xcda-author"}},"data":[{"type":{"value":"Person"},"id":{"value":"101"}}],"text":{"status":"generated","div":"<div>\n      <p>Update Person resource for Peter James CHALMERS (Jim), MRN: 12345 (Acme Healthcare)<\/p>\n    <\/div>"}}}