<?xml version="1.0" encoding="UTF-8"?>
<resourceDefinitions xmlns="http://hl7.org/fhir">
  <author>HL7</author>
  <resourceDefinition>
    <name>Message</name>
    <elementDefinitions>
      <elementDefinition>
        <name>Message</name>
        <cardinality>
          <minOccurs>1</minOccurs>
          <maxOccurs>1</maxOccurs>
        </cardinality>
        <condition></condition>
        <mustUnderstand>false</mustUnderstand>
        <definition>A transmission requesting action on a bundle of one or more resources or a response to such a request</definition>
        <requirements>Many implementations are not prepared to use REST, and need a message based infrastructure</requirements>
        <rim>Message</rim>
        <v2>MSH</v2>
      </elementDefinition>
      <elementDefinition>
        <name>Message.id</name>
        <cardinality>
          <minOccurs>1</minOccurs>
          <maxOccurs>1</maxOccurs>
        </cardinality>
        <condition></condition>
        <types>
          <type>id</type>
        </types>
        <mustUnderstand>true</mustUnderstand>
        <definition>The identifier of this message</definition>
        <requirements></requirements>
        <comments>This must be unique within the scope of this stream of messages</comments>
        <rim>Message.id</rim>
      </elementDefinition>
      <elementDefinition>
        <name>Message.instant</name>
        <cardinality>
          <minOccurs>1</minOccurs>
          <maxOccurs>1</maxOccurs>
        </cardinality>
        <condition></condition>
        <types>
          <type>instant</type>
        </types>
        <mustUnderstand>true</mustUnderstand>
        <definition>Instant the message was sent</definition>
        <requirements>Allows limited detection of out-of-order and delayed transmission.  Also supports audit.</requirements>
        <rim>./creationTime[isNormalDatatype()]</rim>
        <v2>MSH.7</v2>
      </elementDefinition>
      <elementDefinition>
        <name>Message.event</name>
        <cardinality>
          <minOccurs>1</minOccurs>
          <maxOccurs>1</maxOccurs>
        </cardinality>
        <condition></condition>
        <types>
          <type>code</type>
        </types>
        <conceptDomain>MessageEvent</conceptDomain>
        <mustUnderstand>true</mustUnderstand>
        <definition>Code that identifies the event this message represents, and connects it with the event definition in the FHIR specification</definition>
        <requirements>Drives the behavior associated with this message</requirements>
        <rim>./payload[classCode=&quot;CACT&quot; and moodCode=&quot;EVN&quot; and isNormalAct()]/code[isNormalDatatype()]/code</rim>
        <v2>MSH.9.2</v2>
        <todo>Consider changing to Coding to support profile-defined events</todo>
      </elementDefinition>
      <elementDefinition>
        <name>Message.response</name>
        <cardinality>
          <minOccurs>0</minOccurs>
          <maxOccurs>1</maxOccurs>
        </cardinality>
        <condition></condition>
        <mustUnderstand>true</mustUnderstand>
        <definition>Information about the message that this message is a response to.  Only present if this message is a response.</definition>
        <requirements></requirements>
        <rim>./conveyedAcknowledgement</rim>
        <v2>MSA</v2>
      </elementDefinition>
      <elementDefinition>
        <name>Message.response.id</name>
        <cardinality>
          <minOccurs>1</minOccurs>
          <maxOccurs>1</maxOccurs>
        </cardinality>
        <condition></condition>
        <types>
          <type>id</type>
        </types>
        <mustUnderstand>true</mustUnderstand>
        <definition>The id of the message that this a response to</definition>
        <requirements>Allows receiver to know what message is being responded to</requirements>
        <rim>./acknowledges.id[isNormalDatatype()]</rim>
        <v2>MSA.2</v2>
      </elementDefinition>
      <elementDefinition>
        <name>Message.response.code</name>
        <cardinality>
          <minOccurs>1</minOccurs>
          <maxOccurs>1</maxOccurs>
        </cardinality>
        <condition></condition>
        <types>
          <type>code</type>
        </types>
        <conceptDomain>ResponseCode</conceptDomain>
        <mustUnderstand>true</mustUnderstand>
        <definition>Code that identifies the type of response to the message - whether it was successful or not, and whether it should be resent or not</definition>
        <requirements>Allows the sender of the acknowledge message to know if the request was successful or if action is needed.</requirements>
        <comments>This is a generic response to the request Message. Specific data for the response will be found in Message.data</comments>
        <rim>./typeCode[isNormalDatatype()]</rim>
        <v2>MSA.1 | </v2>
      </elementDefinition>
      <elementDefinition>
        <name>Message.response.details</name>
        <cardinality>
          <minOccurs>0</minOccurs>
          <maxOccurs>1</maxOccurs>
        </cardinality>
        <condition></condition>
        <types>
          <type>Resource(IssueReport)</type>
        </types>
        <mustUnderstand>false</mustUnderstand>
        <definition>Full details of any issues found in the message</definition>
        <requirements>Allows the sender of the message to determine what the specific issues are</requirements>
        <comments>This must be contained in the bundle. If any of the issues are errors, the response code must be an error</comments>
        <rim>AcknowledgementDetail or Observation[classCode=&quot;ALRT&quot; and moodCode=&quot;EVN&quot;]</rim>
        <v2>ERR</v2>
      </elementDefinition>
      <elementDefinition>
        <name>Message.source</name>
        <cardinality>
          <minOccurs>1</minOccurs>
          <maxOccurs>1</maxOccurs>
        </cardinality>
        <condition></condition>
        <mustUnderstand>false</mustUnderstand>
        <definition>The source application from which this message originated</definition>
        <requirements>Allows replies, supports audit.</requirements>
        <rim>unique(./communicationFunction[typeCode=&quot;SND&quot;])</rim>
        <v2>NA</v2>
      </elementDefinition>
      <elementDefinition>
        <name>Message.source.name</name>
        <cardinality>
          <minOccurs>0</minOccurs>
          <maxOccurs>1</maxOccurs>
        </cardinality>
        <condition></condition>
        <types>
          <type>string</type>
        </types>
        <mustUnderstand>false</mustUnderstand>
        <definition>Human readable name for the target system</definition>
        <requirements>May be used to support audit</requirements>
        <rim>unique(./entity[determinerCode=&quot;INST&quot; and classCode=&quot;DEV&quot;]/name[type='ST' and isNormalDatatype()])</rim>
        <v2>(Not supported)</v2>
      </elementDefinition>
      <elementDefinition>
        <name>Message.source.software</name>
        <cardinality>
          <minOccurs>1</minOccurs>
          <maxOccurs>1</maxOccurs>
        </cardinality>
        <condition></condition>
        <types>
          <type>string</type>
        </types>
        <mustUnderstand>false</mustUnderstand>
        <definition>May include configuration or other information useful in debugging.</definition>
        <requirements>Supports audit and possibly interface engine behavior</requirements>
        <rim>unique(./entity[determinerCode=&quot;INST&quot; and classCode=&quot;DEV&quot;]/softwareName[isNormalDatatype()])</rim>
        <v2>SFT.3</v2>
      </elementDefinition>
      <elementDefinition>
        <name>Message.source.version</name>
        <cardinality>
          <minOccurs>0</minOccurs>
          <maxOccurs>1</maxOccurs>
        </cardinality>
        <condition></condition>
        <types>
          <type>string</type>
        </types>
        <mustUnderstand>false</mustUnderstand>
        <definition>Can convey versions of multiple systems in situations where a message passes through multiple hands.</definition>
        <requirements>Supports audit and possibly interface engine behavior</requirements>
        <rim>(Not supported)</rim>
        <v2>SFT.4</v2>
      </elementDefinition>
      <elementDefinition>
        <name>Message.source.contact</name>
        <cardinality>
          <minOccurs>0</minOccurs>
          <maxOccurs>1</maxOccurs>
        </cardinality>
        <condition></condition>
        <types>
          <type>Contact</type>
        </types>
        <mustUnderstand>false</mustUnderstand>
        <definition>An e-mail, phone, website or other contact point to use to resolve issues with message communications.</definition>
        <requirements>Allows escalation of technical issues.</requirements>
        <rim>unique(./entity[determinerCode=&quot;INST&quot; and classCode=&quot;DEV&quot;]/scopesRole[normalRole() and classCode=&quot;CON&quot; and layer[classCode=&quot;PSN&quot;]/telecom[isNormalDatatype()])</rim>
        <v2>(Not supported)</v2>
      </elementDefinition>
      <elementDefinition>
        <name>Message.source.endpoint</name>
        <cardinality>
          <minOccurs>1</minOccurs>
          <maxOccurs>1</maxOccurs>
        </cardinality>
        <condition></condition>
        <types>
          <type>uri</type>
        </types>
        <mustUnderstand>false</mustUnderstand>
        <definition>Identifies the routing target to send acknowledgements to.</definition>
        <requirements>Identifies where to send responses, may influence security permissions</requirements>
        <comments>The id may be a non-resolvable URI for systems that do not use standard network-based addresses</comments>
        <rim>./telecom[isNormalDatatype()]</rim>
        <v2>(Not supported)</v2>
      </elementDefinition>
      <elementDefinition>
        <name>Message.destination</name>
        <cardinality>
          <minOccurs>1</minOccurs>
          <maxOccurs>1</maxOccurs>
        </cardinality>
        <condition></condition>
        <mustUnderstand>false</mustUnderstand>
        <definition>The destination application which the message is intended for</definition>
        <requirements>Indicates where message is to be sent to for routing purposes.  Allows verification of &quot;am I the intended recipient&quot;</requirements>
        <rim>./communicationFunction[typeCode=&quot;RCV&quot;]</rim>
        <v2>NA</v2>
      </elementDefinition>
      <elementDefinition>
        <name>Message.destination.name</name>
        <cardinality>
          <minOccurs>0</minOccurs>
          <maxOccurs>1</maxOccurs>
        </cardinality>
        <condition></condition>
        <types>
          <type>string</type>
        </types>
        <mustUnderstand>false</mustUnderstand>
        <definition>Human readable name for the source system</definition>
        <requirements>May be used for routing of response and/or to support audit</requirements>
        <rim>unique(./entity[determinerCode=&quot;INST&quot; and (classCode=(&quot;DEV&quot;, &quot;PSN&quot;, &quot;ORG&quot;]/name[type='ST' and isNormalDatatype()])</rim>
        <v2>(Not supported)</v2>
      </elementDefinition>
      <elementDefinition>
        <name>Message.destination.target</name>
        <cardinality>
          <minOccurs>0</minOccurs>
          <maxOccurs>1</maxOccurs>
        </cardinality>
        <condition></condition>
        <types>
          <type>Resource(Device)</type>
        </types>
        <mustUnderstand>false</mustUnderstand>
        <definition>Identifies the target end system in situations where the initial message transmission is to an intermediary system.</definition>
        <requirements>Supports multi-hop routing</requirements>
        <rim>unique(./entity[determinerCode=&quot;INST&quot; and (classCode=(&quot;DEV&quot;, &quot;PSN&quot;, &quot;ORG&quot;]</rim>
        <v2>varies</v2>
      </elementDefinition>
      <elementDefinition>
        <name>Message.destination.endpoint</name>
        <cardinality>
          <minOccurs>1</minOccurs>
          <maxOccurs>1</maxOccurs>
        </cardinality>
        <condition></condition>
        <types>
          <type>uri</type>
        </types>
        <mustUnderstand>false</mustUnderstand>
        <definition>Indicates where the message should be routed to.</definition>
        <requirements>Identifies where to route the message</requirements>
        <comments>The id may be a non-resolvable URI for systems that do not use standard network-based addresses</comments>
        <rim>./telecom</rim>
        <v2>(Not supported)</v2>
      </elementDefinition>
      <elementDefinition>
        <name>Message.enterer</name>
        <cardinality>
          <minOccurs>0</minOccurs>
          <maxOccurs>1</maxOccurs>
        </cardinality>
        <condition></condition>
        <types>
          <type>Resource(Agent)</type>
        </types>
        <mustUnderstand>false</mustUnderstand>
        <definition>The person or device that performed the data entry leading to this Message. Where there is more than one candidate, pick the most proximal to the Message. Can provide other enterers in extensions</definition>
        <requirements>Need to know for audit/traceback requirements and possibly for authorization.</requirements>
        <comments>Usually only for the request, but can be used in a response</comments>
        <rim>unique(./controlAct[classCode=&quot;CACT&quot; and classCode=&quot;EVN&quot; and isNormalAct()]/participation[typeCode=&quot;ENT&quot; and isNormalParticipation]/role[classCode=&quot;ASSIGNED&quot; and isNormalRole()]/player[isNormalEntity() and classCode=(&quot;DEV&quot;, &quot;PSN&quot;) and determinerCode=&quot;INST&quot;])</rim>
        <v2>ROL where ROL.3 is EP or ORC.10</v2>
      </elementDefinition>
      <elementDefinition>
        <name>Message.author</name>
        <cardinality>
          <minOccurs>0</minOccurs>
          <maxOccurs>1</maxOccurs>
        </cardinality>
        <condition></condition>
        <types>
          <type>Resource(Agent)</type>
        </types>
        <mustUnderstand>false</mustUnderstand>
        <definition>The logical author of the message - the person or device that decided the described event should happen. Where there is more than one candidate, pick the most proximal to the Message. Can provide other authors in extensions</definition>
        <requirements>Need to know for audit/traceback requirements and possibly for authorization.</requirements>
        <comments>Usually only for the request, but can be used in a response</comments>
        <rim>unique(./controlAct[classCode=&quot;CACT&quot; and classCode=&quot;EVN&quot; and isNormalAct()]/participation[isHighest(priorityCode) and typeCode=&quot;AUT&quot; and isNormalParticipation]/role[classCode=&quot;ASSIGNED&quot; and isNormalRole()]/player[isNormalEntity() and classCode=(&quot;DEV&quot;, &quot;PSN&quot;) and determinerCode=&quot;INST&quot;])</rim>
        <v2>ROL where ROL.3 is IP or ORC.12</v2>
      </elementDefinition>
      <elementDefinition>
        <name>Message.receiver</name>
        <cardinality>
          <minOccurs>0</minOccurs>
          <maxOccurs>1</maxOccurs>
        </cardinality>
        <condition></condition>
        <types>
          <type>Resource(Person|Organization)</type>
        </types>
        <mustUnderstand>false</mustUnderstand>
        <definition>Allows data conveyed by a message to be addressed to a particular person or department when routing to a specific application isn't sufficient.</definition>
        <requirements>Allows routing beyond just to the application level</requirements>
        <rim></rim>
      </elementDefinition>
      <elementDefinition>
        <name>Message.responsible</name>
        <cardinality>
          <minOccurs>0</minOccurs>
          <maxOccurs>1</maxOccurs>
        </cardinality>
        <condition></condition>
        <types>
          <type>Resource(Agent|Organization)</type>
        </types>
        <mustUnderstand>false</mustUnderstand>
        <definition>The person or organization that accepts overall responsibility for the contents of the Message. The implication is that the message event happened under the policies of the responsible party</definition>
        <requirements>Need to know for audit/traceback requirements and possibly for authorization.</requirements>
        <comments>Usually only for the request, but can be used in a response</comments>
        <rim>unique(./controlAct[classCode=&quot;CACT&quot; and classCode=&quot;EVN&quot; and isNormalAct()]/participation[isHighest(priorityCode) and typeCode=&quot;RESP&quot; and isNormalParticipation]/role[classCode=&quot;ASSIGNED&quot; and isNormalRole()]/player[isNormalEntity() and classCode=&quot;PSN&quot; and determinerCode=&quot;INST&quot;] or ./controlAct[classCode=&quot;CACT&quot; and classCode=&quot;EVN&quot; and isNormalAct()]/participation[isHighest(priorityCode) and typeCode=&quot;RESP&quot; and isNormalParticipation]/role[classCode=&quot;ASSIGNED&quot; and isNormalRole()]/scoper[isNormalEntity() and classCode=&quot;ORG&quot; and determinerCode=&quot;INST&quot;])</rim>
        <v2>ROL where ROL.3 is RO or ORC.11</v2>
      </elementDefinition>
      <elementDefinition>
        <name>Message.effective</name>
        <cardinality>
          <minOccurs>0</minOccurs>
          <maxOccurs>1</maxOccurs>
        </cardinality>
        <condition></condition>
        <types>
          <type>Period</type>
        </types>
        <mustUnderstand>false</mustUnderstand>
        <definition>The effective time - the real world time of the event that the message represents. Usually this is just a starting time, but some message events also have an end time (do x for period y)</definition>
        <requirements>Need to know for understanding the content of the message, may govern receiver's behavior.</requirements>
        <comments>Usually only for the request, but can be used in a response</comments>
        <rim>unique(./controlAct[classCode=&quot;CACT&quot; and classCode=&quot;EVN&quot; and isNormalAct()]/effectiveTime[isNormalDatatype() and type=&quot;IVL_TS&quot;])</rim>
        <v2>EVN.3 or EVN.6 or ORC.15</v2>
        <todo>Grahame thinks this is not 80/20. Also, that it really should be domain modeled, not tucked away here</todo>
      </elementDefinition>
      <elementDefinition>
        <name>Message.reason</name>
        <cardinality>
          <minOccurs>0</minOccurs>
          <maxOccurs>1</maxOccurs>
        </cardinality>
        <condition></condition>
        <types>
          <type>CodeableConcept</type>
        </types>
        <conceptDomain>EventReason</conceptDomain>
        <mustUnderstand>false</mustUnderstand>
        <definition>The cause of the event - a reason for the event that is a focus of this message occurred</definition>
        <requirements>Need to be able to track why resources are being changed and report in the audit log / history of the resource.  May affect authorization.</requirements>
        <rim>unique(./controlAct[classCode=&quot;CACT&quot; and classCode=&quot;EVN&quot; and isNormalAct()]/reasonCode[isNormalDatatype()])</rim>
        <v2>EVN.4 or ORC.16</v2>
      </elementDefinition>
      <elementDefinition>
        <name>Message.data</name>
        <cardinality>
          <minOccurs>0</minOccurs>
          <maxOccurs>unbounded</maxOccurs>
        </cardinality>
        <condition></condition>
        <types>
          <type>Resource(Any)</type>
        </types>
        <mustUnderstand>true</mustUnderstand>
        <definition>The actual data of the message - a reference to the root/focus class of the event. </definition>
        <requirements>Every message event is about actual data, a single resource, that is identified in the definition of the event, and perhaps some or all linked resources</requirements>
        <comments>The data is defined where the transaction type is defined. The transaction data is always included in the bundle that is the full message.  Only the root resource is specified.  The tree of referenced resources conveyed in the atom feed is determined by navigating the tree and consulting the &quot;bundled&quot; property of the profile, not by listing all resources here.  Multiple repetitions are provided for merges and other situations with multiple focal targets</comments>
        <rim>unique(./controlAct[classCode=&quot;CACT&quot; and classCode=&quot;EVN&quot; and isNormalAct()]/participation[typeCode=&quot;SUBJ&quot; and isNormalParticipation]/role or ./controlAct[classCode=&quot;CACT&quot; and classCode=&quot;EVN&quot; and isNormalAct()]/outboundRelationship[typeCode=&quot;SBJ&quot; and isNormalActRelatoinship]/target)</rim>
        <v2>varies</v2>
      </elementDefinition>
      <elementDefinition>
        <name>Message.extension</name>
        <cardinality>
          <minOccurs>0</minOccurs>
          <maxOccurs>unbounded</maxOccurs>
        </cardinality>
        <condition></condition>
        <types>
          <type>Extension</type>
        </types>
        <mustUnderstand>false</mustUnderstand>
        <definition>See Extensions</definition>
        <requirements></requirements>
        <rim>varies</rim>
        <v2>varies</v2>
      </elementDefinition>
      <elementDefinition>
        <name>Message.text</name>
        <cardinality>
          <minOccurs>1</minOccurs>
          <maxOccurs>1</maxOccurs>
        </cardinality>
        <condition></condition>
        <types>
          <type>Narrative</type>
        </types>
        <mustUnderstand>false</mustUnderstand>
        <definition> </definition>
        <requirements></requirements>
        <rim>(Not supported)</rim>
        <v2>(Not supported)</v2>
      </elementDefinition>
    </elementDefinitions>
  </resourceDefinition>
</resourceDefinitions>

