<?xml version="1.0" encoding="UTF-8"?>

<Profile xmlns="http://hl7.org/fhir">
  <name>observation</name>
  <author>
    <name>todo (committee)</name>
  </author>
  <description>Basic Profile. Simple assertions and measurements made about a patient, device or other subject</description>
  <status>
    <code>testing</code>
    <date>2012-12-04</date>
  </status>
  <resource>
    <type>Resource</type>
    <element>
      <path>Observation</path>
      <definition>
        <short>Simple observations</short>
        <formal>Simple assertions and measurements made about a patient, device or other subject</formal>
        <comments>Used for &quot;simple&quot; observations such as vital signs, height, weight, smoking status, comments, etc.  *Not* used for lab results, diagnostic images or other more complex observations.</comments>
        <min>1</min>
        <max>1</max>
        <type>
          <code>Resource</code>
        </type>
        <mustUnderstand>false</mustUnderstand>
      </definition>
    </element>
    <element>
      <path>Observation.identifier</path>
      <definition>
        <short>Observation id</short>
        <formal>A unique identifier for the simple observation</formal>
        <min>0</min>
        <max>1</max>
        <type>
          <code>Identifier</code>
        </type>
        <mustUnderstand>false</mustUnderstand>
      </definition>
    </element>
    <element>
      <path>Observation.type</path>
      <definition>
        <short>Kind of observation</short>
        <formal>Identifies what type of observation was performed</formal>
        <min>1</min>
        <max>1</max>
        <type>
          <code>CodeableConcept</code>
        </type>
        <mustUnderstand>true</mustUnderstand>
        <binding>SimpleObservationType</binding>
      </definition>
    </element>
    <element>
      <path>Observation.bodySite</path>
      <definition>
        <short>Observed body part</short>
        <formal>Indicates where on the subject&#39;s body the observation was made.</formal>
        <comments>Only used if not implicit in code for SimpleObservation.result.type</comments>
        <min>0</min>
        <max>1</max>
        <type>
          <code>CodeableConcept</code>
        </type>
        <mustUnderstand>false</mustUnderstand>
        <binding>ObservationBodySite</binding>
      </definition>
    </element>
    <element>
      <path>Observation.method</path>
      <definition>
        <short>How it was done</short>
        <formal>Indicates the mechanism used to perform the observation</formal>
        <comments>Only used if not implicit in code for SimpleObservation.result.type</comments>
        <min>0</min>
        <max>1</max>
        <type>
          <code>CodeableConcept</code>
        </type>
        <mustUnderstand>false</mustUnderstand>
        <binding>SimpleObservationMethod</binding>
      </definition>
    </element>
    <element>
      <path>Observation.valid[x]</path>
      <definition>
        <short>Relevant time/time-period</short>
        <formal>The time or time-period the observed value is asserted as being true</formal>
        <min>0</min>
        <max>1</max>
        <type>
          <code>Period</code>
        </type>
        <type>
          <code>dateTime</code>
        </type>
        <type>
          <code>date</code>
        </type>
        <mustUnderstand>false</mustUnderstand>
      </definition>
    </element>
    <element>
      <path>Observation.subject</path>
      <definition>
        <short>Who observation is about</short>
        <formal>The thing the observation is being made about</formal>
        <min>0</min>
        <max>1</max>
        <type>
          <code>Resource(Patient|Group|Device|Animal)</code>
        </type>
        <mustUnderstand>true</mustUnderstand>
      </definition>
    </element>
    <element>
      <path>Observation.performer</path>
      <definition>
        <short>Who did the observation</short>
        <formal>Who was responsible for asserting the observed value as &quot;true&quot;</formal>
        <comments>This would only be &quot;Device&quot; if the device takes responsibility for the measurement, not to capture the device used by a human to make the measurement.  (The latter could be captured as an extension.)</comments>
        <min>0</min>
        <max>1</max>
        <type>
          <code>Resource(Agent|Person|Device)</code>
        </type>
        <mustUnderstand>false</mustUnderstand>
      </definition>
    </element>
    <element>
      <path>Observation.value[x]</path>
      <definition>
        <short>Actual result</short>
        <formal>The information determined as a result of making the observation</formal>
        <comments>Result value set should allow for Unkown and other exceptional values.  The datatype for this element should be determined by SimpleObservation.result.type</comments>
        <min>0</min>
        <max>1</max>
        <type>
          <code>Quantity</code>
        </type>
        <type>
          <code>CodeableConcept</code>
        </type>
        <type>
          <code>Attachment</code>
        </type>
        <type>
          <code>Ratio</code>
        </type>
        <type>
          <code>Choice</code>
        </type>
        <type>
          <code>Period</code>
        </type>
        <type>
          <code>string</code>
        </type>
        <mustUnderstand>true</mustUnderstand>
        <binding>SimpleObservationResult</binding>
      </definition>
    </element>
    <element>
      <path>Observation.interpretation</path>
      <definition>
        <short>High, low, normal, etc.</short>
        <formal>The assessment made based on the result of the observation.</formal>
        <min>0</min>
        <max>1</max>
        <type>
          <code>CodeableConcept</code>
        </type>
        <mustUnderstand>false</mustUnderstand>
        <binding>SimpleObservationInterpretation</binding>
      </definition>
    </element>
    <element>
      <path>Observation.normalValue[x]</path>
      <definition>
        <short>Expected normal value range</short>
        <formal>For numeric results, indicates the boundaries within which &quot;normal&quot; values should occur</formal>
        <comments>This might be generic or be specific to the patient&#39;s age, gender, weight and other factors.</comments>
        <min>0</min>
        <max>1</max>
        <type>
          <code>Range</code>
        </type>
        <type>
          <code>string</code>
        </type>
        <mustUnderstand>false</mustUnderstand>
      </definition>
    </element>
    <element>
      <path>Observation.component</path>
      <definition>
        <short>Component observation</short>
        <formal>Component observation</formal>
        <comments>In most cases, this is only expected to recurse to a maximum of one level</comments>
        <min>0</min>
        <max>*</max>
        <mustUnderstand>true</mustUnderstand>
      </definition>
    </element>
    <element>
      <path>Observation.component.type</path>
      <definition>
        <short>Kind of component observation</short>
        <formal>Identifies what type of sub-observation was performed</formal>
        <min>1</min>
        <max>1</max>
        <type>
          <code>CodeableConcept</code>
        </type>
        <mustUnderstand>true</mustUnderstand>
        <binding>SimpleSubObservationType</binding>
      </definition>
    </element>
    <element>
      <path>Observation.component.value[x]</path>
      <definition>
        <short>Actual componentresult</short>
        <formal>The information determined as a result of making the sub-observation</formal>
        <comments>Result value set should allow for Unkown and other exceptional values.  The datatype for this element should be determined by SimpleObservation.result.type</comments>
        <min>1</min>
        <max>1</max>
        <type>
          <code>Quantity</code>
        </type>
        <type>
          <code>CodeableConcept</code>
        </type>
        <type>
          <code>Attachment</code>
        </type>
        <type>
          <code>Ratio</code>
        </type>
        <type>
          <code>Choice</code>
        </type>
        <type>
          <code>Period</code>
        </type>
        <type>
          <code>string</code>
        </type>
        <mustUnderstand>true</mustUnderstand>
        <binding>SimpleSubObservationResult</binding>
      </definition>
    </element>
    <element>
      <path>Observation.extension</path>
      <definition>
        <short>See Extensions</short>
        <formal>See Extensions</formal>
        <min>0</min>
        <max>*</max>
        <type>
          <code>Extension</code>
        </type>
        <mustUnderstand>false</mustUnderstand>
      </definition>
    </element>
    <element>
      <path>Observation.text</path>
      <definition>
        <short>Text summary of resource (for human interpretation)</short>
        <formal>Text summary of resource (for human interpretation)</formal>
        <min>1</min>
        <max>1</max>
        <type>
          <code>Narrative</code>
        </type>
        <mustUnderstand>false</mustUnderstand>
      </definition>
    </element>
  </resource>
  <text>
    <status>generated</status><div xmlns="http://www.w3.org/1999/xhtml"><pre>
&lt;<a title="Simple assertions and measurements made about a patient, device or other subject" class="dict" href="observation-definitions.htm#Observation"><b>Observation</b></a> xmlns=&quot;http://hl7.org/fhir&quot;&gt;
 &lt;<a title="A unique identifier for the simple observation" class="dict" href="observation-definitions.htm#Observation.identifier"><b>identifier</b></a>&gt;<span style="color: Gray">&lt;!--</span> <span style="color: brown"><b>0..1</b></span> <span style="color: darkgreen"><a href="datatypes.htm#Identifier">Identifier</a></span> <span style="color: navy">Observation id</span><span style="color: Gray"> --&gt;</span>&lt;/identifier&gt;
 &lt;<a title="Identifies what type of observation was performed (this element must be supported or understood)" class="dict" href="observation-definitions.htm#Observation.type"><span style="text-decoration: underline"><b>type</b></span></a>&gt;<span style="color: Gray">&lt;!--</span> <span style="color: brown"><b>1..1</b></span> <span style="color: darkgreen"><a href="datatypes.htm#CodeableConcept">CodeableConcept</a></span> <span style="color: navy">Kind of observation</span><span style="color: Gray"> --&gt;</span>&lt;/type&gt;
 &lt;<a title="Indicates where on the subject&#39;s body the observation was made." class="dict" href="observation-definitions.htm#Observation.bodySite"><b>bodySite</b></a>&gt;<span style="color: Gray">&lt;!--</span> <span style="color: brown"><b>0..1</b></span> <span style="color: darkgreen"><a href="datatypes.htm#CodeableConcept">CodeableConcept</a></span> <span style="color: navy">Observed body part</span><span style="color: Gray"> --&gt;</span>&lt;/bodySite&gt;
 &lt;<a title="Indicates the mechanism used to perform the observation" class="dict" href="observation-definitions.htm#Observation.method"><b>method</b></a>&gt;<span style="color: Gray">&lt;!--</span> <span style="color: brown"><b>0..1</b></span> <span style="color: darkgreen"><a href="datatypes.htm#CodeableConcept">CodeableConcept</a></span> <span style="color: navy">How it was done</span><span style="color: Gray"> --&gt;</span>&lt;/method&gt;
 &lt;<a title="The time or time-period the observed value is asserted as being true" class="dict" href="observation-definitions.htm#Observation.valid[x]"><b>valid[x]</b></a>&gt;<span style="color: Gray">&lt;!--</span> <span style="color: brown"><b>0..1</b></span> <span style="color: darkgreen"><a href="datatypes.htm#Period">Period</a>|<a href="datatypes.htm#dateTime">dateTime</a>|<a href="datatypes.htm#date">date</a></span> <span style="color: navy">Relevant time/time-period</span><span style="color: Gray"> --&gt;</span>&lt;/valid[x]&gt;
 &lt;<a title="The thing the observation is being made about (this element must be supported or understood)" class="dict" href="observation-definitions.htm#Observation.subject"><span style="text-decoration: underline"><b>subject</b></span></a>&gt;<span style="color: Gray">&lt;!--</span> <span style="color: brown"><b>0..1</b></span> <span style="color: darkgreen"><a href="xml.htm#Resource">Resource</a>(<a href="Patient.htm#Patient">Patient</a>|<a href="Group.htm#Group">Group</a>|<a href="Device.htm#Device">Device</a>|<a href="Animal.htm#Animal">Animal</a>)</span> <span style="color: navy">Who observation is about</span><span style="color: Gray"> --&gt;</span>&lt;/subject&gt;
 &lt;<a title="Who was responsible for asserting the observed value as &quot;true&quot;" class="dict" href="observation-definitions.htm#Observation.performer"><b>performer</b></a>&gt;<span style="color: Gray">&lt;!--</span> <span style="color: brown"><b>0..1</b></span> <span style="color: darkgreen"><a href="xml.htm#Resource">Resource</a>(<a href="Agent.htm#Agent">Agent</a>|<a href="Person.htm#Person">Person</a>|<a href="Device.htm#Device">Device</a>)</span> <span style="color: navy">Who did the observation</span><span style="color: Gray"> --&gt;</span>&lt;/performer&gt;
 &lt;<a title="The information determined as a result of making the observation (this element must be supported or understood)" class="dict" href="observation-definitions.htm#Observation.value[x]"><span style="text-decoration: underline"><b>value[x]</b></span></a>&gt;<span style="color: Gray">&lt;!--</span> <span title="Can have value or components but not both; Can only have normal range if value is a quantity" style="color: deeppink"><b>0..1</b></span> <span style="color: darkgreen"><a href="datatypes.htm#Quantity">Quantity</a>|<a href="datatypes.htm#CodeableConcept">CodeableConcept</a>|<a href="datatypes.htm#Attachment">Attachment</a>|
              <a href="datatypes.htm#Ratio">Ratio</a>|<a href="datatypes.htm#Choice">Choice</a>|<a href="datatypes.htm#Period">Period</a>|<a href="datatypes.htm#string">string</a></span> <span style="color: navy">Actual result</span><span style="color: Gray"> --&gt;</span>&lt;/value[x]&gt;
 &lt;<a title="The assessment made based on the result of the observation." class="dict" href="observation-definitions.htm#Observation.interpretation"><b>interpretation</b></a>&gt;<span style="color: Gray">&lt;!--</span> <span style="color: brown"><b>0..1</b></span> <span style="color: darkgreen"><a href="datatypes.htm#CodeableConcept">CodeableConcept</a></span> <span style="color: navy">High, low, normal, etc.</span><span style="color: Gray"> --&gt;</span>&lt;/interpretation&gt;
 &lt;<a title="For numeric results, indicates the boundaries within which &quot;normal&quot; values should occur" class="dict" href="observation-definitions.htm#Observation.normalValue[x]"><b>normalValue[x]</b></a>&gt;<span style="color: Gray">&lt;!--</span> <span title="Can only have normal range if value is a quantity" style="color: deeppink"><b>0..1</b></span> <span style="color: darkgreen"><a href="datatypes.htm#Range">Range</a>|<a href="datatypes.htm#string">string</a></span> <span style="color: navy">Expected normal value range</span><span style="color: Gray"> --&gt;</span>&lt;/normalValue[x]&gt;
 &lt;<a title="Component observation (this element must be supported or understood)" class="dict" href="observation-definitions.htm#Observation.component"><span style="text-decoration: underline"><b>component</b></span></a>&gt;  <span style="color: Gray">&lt;!-- <span title="Can have value or components but not both" style="color: deeppink"><b>0..*</b></span> Component observation --&gt;</span>
  &lt;<a title="Identifies what type of sub-observation was performed (this element must be supported or understood)" class="dict" href="observation-definitions.htm#Observation.component.type"><span style="text-decoration: underline"><b>type</b></span></a>&gt;<span style="color: Gray">&lt;!--</span> <span style="color: brown"><b>1..1</b></span> <span style="color: darkgreen"><a href="datatypes.htm#CodeableConcept">CodeableConcept</a></span> <span style="color: navy">Kind of component observation</span><span style="color: Gray"> --&gt;</span>&lt;/type&gt;
  &lt;<a title="The information determined as a result of making the sub-observation (this element must be supported or understood)" class="dict" href="observation-definitions.htm#Observation.component.value[x]"><span style="text-decoration: underline"><b>value[x]</b></span></a>&gt;<span style="color: Gray">&lt;!--</span> <span style="color: brown"><b>1..1</b></span> <span style="color: darkgreen"><a href="datatypes.htm#Quantity">Quantity</a>|<a href="datatypes.htm#CodeableConcept">CodeableConcept</a>|<a href="datatypes.htm#Attachment">Attachment</a>|
              <a href="datatypes.htm#Ratio">Ratio</a>|<a href="datatypes.htm#Choice">Choice</a>|<a href="datatypes.htm#Period">Period</a>|<a href="datatypes.htm#string">string</a></span> <span style="color: navy">Actual componentresult</span><span style="color: Gray"> --&gt;</span>&lt;/value[x]&gt;
 &lt;/component&gt;
 &lt;<a title="See Extensions" class="dict" href="observation-definitions.htm#Observation.extension"><b>extension</b></a>&gt;<span style="color: Gray">&lt;!--</span> <span style="color: brown"><b>0..*</b></span> <span style="color: darkgreen"><a href="extensibility.htm#Extension">Extension</a></span>  <a href="extensibility.htm"><span style="color: navy">See Extensions</span></a> <span style="color: Gray"> --&gt;</span>&lt;/extension&gt;
 &lt;<a title="Text summary of resource (for human interpretation)" class="dict" href="observation-definitions.htm#Observation.text"><b>text</b></a>&gt;<span style="color: Gray">&lt;!--</span> <span style="color: brown"><b>1..1</b></span> <span style="color: darkgreen"><a href="xml.htm#Narrative">Narrative</a></span> <span style="color: navy">Text summary of resource (for human interpretation)</span><span style="color: Gray"> --&gt;</span>&lt;/text&gt;
&lt;/Observation&gt;
</pre></div>
  </text>
</Profile>