<?xml version="1.0" encoding="UTF-8"?>
<resourceDefinitions xmlns="http://hl7.org/fhir">
  <author>HL7</author>
  <resourceDefinition>
    <name>Observation</name>
    <elementDefinitions>
      <elementDefinition>
        <name>Observation</name>
        <cardinality>
          <minOccurs>1</minOccurs>
          <maxOccurs>1</maxOccurs>
        </cardinality>
        <condition></condition>
        <mustUnderstand>false</mustUnderstand>
        <definition>Simple assertions and measurements made about a patient, device or other subject</definition>
        <requirements>Observations are a key aspect of healthcare.  This resource is used to capture those that do not require more sophisticated mechanisms.</requirements>
        <alias>Vital Signs</alias>
        <comments>Used for &quot;simple&quot; observations such as vital signs, height, weight, smoking status, comments, etc.  *Not* used for lab results, diagnostic images or other more complex observations.</comments>
        <rim>Observation[isNormalAct() and subsumesCode(&quot;ActClass#OBS&quot;, classCode) and moodCode=&quot;EVN&quot; and domainMember(&quot;SimpleObservationType&quot;, code)]</rim>
      </elementDefinition>
      <elementDefinition>
        <name>Observation.identifier</name>
        <cardinality>
          <minOccurs>0</minOccurs>
          <maxOccurs>1</maxOccurs>
        </cardinality>
        <condition></condition>
        <types>
          <type>Identifier</type>
        </types>
        <mustUnderstand>false</mustUnderstand>
        <definition>A unique identifier for the simple observation</definition>
        <requirements>Allows observations to be distinguished and referenced</requirements>
        <rim>unique(./id[displayable=&quot;true&quot; and scope=&quot;OBJ&quot;])</rim>
        <v2>OBX.21</v2>
      </elementDefinition>
      <elementDefinition>
        <name>Observation.type</name>
        <cardinality>
          <minOccurs>1</minOccurs>
          <maxOccurs>1</maxOccurs>
        </cardinality>
        <condition></condition>
        <types>
          <type>CodeableConcept</type>
        </types>
        <conceptDomain>SimpleObservationType</conceptDomain>
        <mustUnderstand>true</mustUnderstand>
        <definition>Identifies what type of observation was performed</definition>
        <requirements>Knowing what kind of observation is being made is essential to understanding the observation.</requirements>
        <rim>./code</rim>
        <v2>OBX.3</v2>
      </elementDefinition>
      <elementDefinition>
        <name>Observation.bodySite</name>
        <cardinality>
          <minOccurs>0</minOccurs>
          <maxOccurs>1</maxOccurs>
        </cardinality>
        <condition></condition>
        <types>
          <type>CodeableConcept</type>
        </types>
        <conceptDomain>ObservationBodySite</conceptDomain>
        <mustUnderstand>false</mustUnderstand>
        <definition>Indicates where on the subject's body the observation was made.</definition>
        <requirements>Knowing where observation is made is important for tracking if multiple sites are possible.</requirements>
        <comments>Only used if not implicit in code for SimpleObservation.result.type</comments>
        <rim>unique(./targetSiteCode)</rim>
        <v2>OBX.20</v2>
      </elementDefinition>
      <elementDefinition>
        <name>Observation.method</name>
        <cardinality>
          <minOccurs>0</minOccurs>
          <maxOccurs>1</maxOccurs>
        </cardinality>
        <condition></condition>
        <types>
          <type>CodeableConcept</type>
        </types>
        <conceptDomain>SimpleObservationMethod</conceptDomain>
        <mustUnderstand>false</mustUnderstand>
        <definition>Indicates the mechanism used to perform the observation</definition>
        <requirements>In some cases, method can impact results and is thus for determing whether results can be compared or determining significance of results</requirements>
        <comments>Only used if not implicit in code for SimpleObservation.result.type</comments>
        <rim>unique(./methodCode)</rim>
        <v2>OBX.17</v2>
      </elementDefinition>
      <elementDefinition>
        <name>Observation.valid[x]</name>
        <cardinality>
          <minOccurs>0</minOccurs>
          <maxOccurs>1</maxOccurs>
        </cardinality>
        <condition></condition>
        <types>
          <type>Period</type>
          <type>dateTime</type>
          <type>date</type>
        </types>
        <mustUnderstand>false</mustUnderstand>
        <definition>The time or time-period the observed value is asserted as being true</definition>
        <requirements>Knowing when an observation was deemed true is important to its relevance as well as determining trends</requirements>
        <rim>./effectiveTime[type='IVL_TS' or type='TS']</rim>
        <v2>OBX.14</v2>
      </elementDefinition>
      <elementDefinition>
        <name>Observation.subject</name>
        <cardinality>
          <minOccurs>0</minOccurs>
          <maxOccurs>1</maxOccurs>
        </cardinality>
        <condition></condition>
        <types>
          <type>Resource(Patient|Group|Device|Animal)</type>
        </types>
        <mustUnderstand>true</mustUnderstand>
        <definition>The thing the observation is being made about</definition>
        <requirements>Observations have no value if you don't know who or what they're about.</requirements>
        <rim>unique(./participation[isHighest(priorityCode) and typeCode=&quot;SBJ&quot; and isNormalParticipation()]/role
or ./participation[isHighest(priorityCode) and typeCode=&quot;SBJ&quot; and isNormalParticipation()]/role/entity)</rim>
        <v2>PID</v2>
      </elementDefinition>
      <elementDefinition>
        <name>Observation.performer</name>
        <cardinality>
          <minOccurs>0</minOccurs>
          <maxOccurs>1</maxOccurs>
        </cardinality>
        <condition></condition>
        <types>
          <type>Resource(Agent|Person|Device)</type>
        </types>
        <mustUnderstand>false</mustUnderstand>
        <definition>Who was responsible for asserting the observed value as &quot;true&quot;</definition>
        <requirements>May give a degree of confidence in the observation and also indicates where follow-up questions should be directed.</requirements>
        <comments>This would only be &quot;Device&quot; if the device takes responsibility for the measurement, not to capture the device used by a human to make the measurement.  (The latter could be captured as an extension.)</comments>
        <rim>unique(./participation[isHighest(priorityCode) and typeCode=&quot;PRF&quot; and isNormalParticipation()]/role
or
./participation[isHighest(priorityCode) and typeCode=&quot;PRF&quot; and isNormalParticipation()]/role/entity]</rim>
        <v2>OBX.15</v2>
      </elementDefinition>
      <elementDefinition>
        <name>Observation.value[x]</name>
        <cardinality>
          <minOccurs>0</minOccurs>
          <maxOccurs>1</maxOccurs>
        </cardinality>
        <condition></condition>
        <types>
          <type>Quantity</type>
          <type>CodeableConcept</type>
          <type>Attachment</type>
          <type>Ratio</type>
          <type>Choice</type>
          <type>Period</type>
          <type>string</type>
        </types>
        <conceptDomain>SimpleObservationResult</conceptDomain>
        <mustUnderstand>true</mustUnderstand>
        <definition>The information determined as a result of making the observation</definition>
        <requirements>A result with no value isn't much use.  (Though an exceptional value such as 'unknown' may still be useful.)</requirements>
        <comments>Result value set should allow for Unkown and other exceptional values.  The datatype for this element should be determined by SimpleObservation.result.type</comments>
        <rim>./value</rim>
        <v2>OBX.5, OBX.6</v2>
      </elementDefinition>
      <elementDefinition>
        <name>Observation.interpretation</name>
        <cardinality>
          <minOccurs>0</minOccurs>
          <maxOccurs>1</maxOccurs>
        </cardinality>
        <condition></condition>
        <types>
          <type>CodeableConcept</type>
        </types>
        <conceptDomain>SimpleObservationInterpretation</conceptDomain>
        <mustUnderstand>false</mustUnderstand>
        <definition>The assessment made based on the result of the observation.</definition>
        <requirements>For some results, particularly numeric results, an interpretation is necessary to fully understand the significance of a result.</requirements>
        <rim>unique(./interpretationCode)</rim>
        <v2>OBX.8</v2>
      </elementDefinition>
      <elementDefinition>
        <name>Observation.normalValue[x]</name>
        <cardinality>
          <minOccurs>0</minOccurs>
          <maxOccurs>1</maxOccurs>
        </cardinality>
        <condition></condition>
        <types>
          <type>Range</type>
          <type>string</type>
        </types>
        <mustUnderstand>false</mustUnderstand>
        <definition>For numeric results, indicates the boundaries within which &quot;normal&quot; values should occur</definition>
        <requirements>Knowing what values are considered &quot;normal&quot; can help evaluate the significance of a particular result.</requirements>
        <comments>This might be generic or be specific to the patient's age, gender, weight and other factors.</comments>
        <rim>./outboundRelationship[typeCode=&quot;REFV&quot; and isNormalActRelationship()]/target[subsumesCode(&quot;ActClass#OBS&quot;, classCode) and moodCode=&quot;EVN&quot; and isCriterionInd=&quot;true&quot; and isNormalAct() and interpretationCode=&quot;ObservationInterpretationNormality#N&quot;]
</rim>
        <v2>OBX.7</v2>
      </elementDefinition>
      <elementDefinition>
        <name>Observation.component</name>
        <cardinality>
          <minOccurs>0</minOccurs>
          <maxOccurs>unbounded</maxOccurs>
        </cardinality>
        <condition></condition>
        <mustUnderstand>true</mustUnderstand>
        <definition>Component observation</definition>
        <requirements>Some observations such as blood pressure have multiple components.</requirements>
        <comments>In most cases, this is only expected to recurse to a maximum of one level</comments>
        <rim>./outboundRelationship[typeCode=&quot;COMP&quot; and isNormalActRelationship()]/target[isNormalAct() and subsumesCode(&quot;ActClass#OBS&quot;, classCode) and moodCode=&quot;EVN&quot; and fromDomain(code, &quot;SimpleObservationSubType&quot;)]</rim>
      </elementDefinition>
      <elementDefinition>
        <name>Observation.component.type</name>
        <cardinality>
          <minOccurs>1</minOccurs>
          <maxOccurs>1</maxOccurs>
        </cardinality>
        <condition></condition>
        <types>
          <type>CodeableConcept</type>
        </types>
        <conceptDomain>SimpleSubObservationType</conceptDomain>
        <mustUnderstand>true</mustUnderstand>
        <definition>Identifies what type of sub-observation was performed</definition>
        <requirements>Knowing what kind of observation is being made is essential to understanding the observation.</requirements>
        <rim>./code</rim>
        <v2>OBX.3</v2>
      </elementDefinition>
      <elementDefinition>
        <name>Observation.component.value[x]</name>
        <cardinality>
          <minOccurs>1</minOccurs>
          <maxOccurs>1</maxOccurs>
        </cardinality>
        <condition></condition>
        <types>
          <type>Quantity</type>
          <type>CodeableConcept</type>
          <type>Attachment</type>
          <type>Ratio</type>
          <type>Choice</type>
          <type>Period</type>
          <type>string</type>
        </types>
        <conceptDomain>SimpleSubObservationResult</conceptDomain>
        <mustUnderstand>true</mustUnderstand>
        <definition>The information determined as a result of making the sub-observation</definition>
        <requirements>A result with no value isn't much use.  (Though an exceptional value such as 'unknown' may still be useful.)</requirements>
        <comments>Result value set should allow for Unkown and other exceptional values.  The datatype for this element should be determined by SimpleObservation.result.type</comments>
        <rim>./value</rim>
        <v2>OBX.5, OBX.6</v2>
      </elementDefinition>
      <elementDefinition>
        <name>Observation.extension</name>
        <cardinality>
          <minOccurs>0</minOccurs>
          <maxOccurs>unbounded</maxOccurs>
        </cardinality>
        <condition></condition>
        <types>
          <type>Extension</type>
        </types>
        <mustUnderstand>false</mustUnderstand>
        <definition>See Extensions</definition>
        <requirements></requirements>
        <rim></rim>
      </elementDefinition>
      <elementDefinition>
        <name>Observation.text</name>
        <cardinality>
          <minOccurs>1</minOccurs>
          <maxOccurs>1</maxOccurs>
        </cardinality>
        <condition></condition>
        <types>
          <type>Narrative</type>
        </types>
        <mustUnderstand>false</mustUnderstand>
        <definition>Text summary of resource (for human interpretation)</definition>
        <requirements></requirements>
        <rim></rim>
      </elementDefinition>
    </elementDefinitions>
  </resourceDefinition>
</resourceDefinitions>

