{"Observation":{"identifier":{"system":{"value":"urn:ietf:rfc:3986"},"id":{"value":"187e0c12-8dd2-67e2-99b2-bf273c878281"}},"type":{"coding":[{"system":{"value":"http://loinc.org"},"code":{"value":"55284-4"},"display":{"value":"Blood pressure systolic and diastolic"}}]},"validDate":{"value":"2012-09-17"},"subject":{"type":{"value":"Patient"},"id":{"value":"a23"}},"performer":{"type":{"value":"Agent"},"id":{"value":"example"}},"interpretation":{"coding":[{"system":{"value":"http://hl7.org/v3/ObservationInterpretation"},"code":{"value":"N"},"display":{"value":"normal"}}]},"component":[{"type":{"coding":[{"system":{"value":"http://loinc.org"},"code":{"value":"8580-6"},"display":{"value":"Systolic blood pressure"}}]},"valueQuantity":{"value":{"value":"107"},"units":{"value":"mm[Hg]"}}},{"type":{"coding":[{"system":{"value":"http://loinc.org"},"code":{"value":"8462-4"},"display":{"value":"Diastolic blood pressure"}}]},"valueQuantity":{"value":{"value":"65"},"units":{"value":"mm[Hg]"}}}],"text":{"status":"generated","div":"<div>Sept 17, 2012: Blood pressure 107/65 (normal)<\/div>"}}}