<?xml version="1.0" encoding="UTF-8"?><Organization xmlns="http://hl7.org/fhir">
  <name>Acme Org, Clinical Lab</name>
  
  <telecom>
    <system>phone</system>
    <value>+1 555 234 1234</value>
    <use>work</use>
  </telecom>
  <telecom>
    <system>email</system>
    <value>contact@labs.acme.org</value>
    <use>work</use>
  </telecom>
	
  <text>
    <status>generated</status>
    <div xmlns="http://www.w3.org/1999/xhtml">
      <p>Clinical Laboratory @ Acme Hospital. ph: +1 555 234 1234, email: <a href="mailto:contact@labs.acme.org">contact@labs.acme.org</a></p>
    </div>
  </text>
</Organization>