<?xml version="1.0" encoding="UTF-8"?>
<resourceDefinitions xmlns="http://hl7.org/fhir">
  <author>HL7</author>
  <resourceDefinition>
    <name>Organization</name>
    <elementDefinitions>
      <elementDefinition>
        <name>Organization</name>
        <cardinality>
          <minOccurs>1</minOccurs>
          <maxOccurs>1</maxOccurs>
        </cardinality>
        <condition></condition>
        <mustUnderstand>false</mustUnderstand>
        <definition>For any company/corporation/institution/government department that has relevance to the care process</definition>
        <requirements></requirements>
        <rim>Organization(classCode=ORG, determinerCode=INST)</rim>
      </elementDefinition>
      <elementDefinition>
        <name>Organization.identifier</name>
        <cardinality>
          <minOccurs>0</minOccurs>
          <maxOccurs>unbounded</maxOccurs>
        </cardinality>
        <condition></condition>
        <types>
          <type>HumanId</type>
        </types>
        <mustUnderstand>true</mustUnderstand>
        <definition>Identifier for the organization that is used to identify the organization across multiple disparate systems</definition>
        <requirements>Organizations are known by a variety of ids. Some institutions maintain several, and most collect identifiers for exchange with other organizations concerning the organization.</requirements>
        <rim>.scopes[Role](classCode=IDENT)</rim>
      </elementDefinition>
      <elementDefinition>
        <name>Organization.name</name>
        <cardinality>
          <minOccurs>0</minOccurs>
          <maxOccurs>unbounded</maxOccurs>
        </cardinality>
        <condition></condition>
        <types>
          <type>string</type>
        </types>
        <mustUnderstand>true</mustUnderstand>
        <definition>A name associated with the organization</definition>
        <requirements>Need to use the name as the label of the organization</requirements>
        <comments>Don't use HumanName since that has many non-organization things in it</comments>
        <rim>.name</rim>
      </elementDefinition>
      <elementDefinition>
        <name>Organization.address</name>
        <cardinality>
          <minOccurs>0</minOccurs>
          <maxOccurs>unbounded</maxOccurs>
        </cardinality>
        <condition></condition>
        <types>
          <type>Address</type>
        </types>
        <mustUnderstand>false</mustUnderstand>
        <definition>An address for the organization</definition>
        <requirements>May need to keep track of the organizations addresses for contacting, billing or reporting requirements</requirements>
        <comments>Organization may have multiple addresses with different uses or applicable periods. The use code home is not to be used</comments>
        <rim>.address</rim>
      </elementDefinition>
      <elementDefinition>
        <name>Organization.telecom</name>
        <cardinality>
          <minOccurs>0</minOccurs>
          <maxOccurs>unbounded</maxOccurs>
        </cardinality>
        <condition></condition>
        <types>
          <type>Contact</type>
        </types>
        <mustUnderstand>false</mustUnderstand>
        <definition>A contact detail for the organization</definition>
        <requirements>Human contact for the organization</requirements>
        <comments>The use code home is not to be used. Note that these contacts are not the contact details of people who are employed by or represent the organization, but official contacts for the organization itself</comments>
        <rim>.telecom</rim>
      </elementDefinition>
      <elementDefinition>
        <name>Organization.type</name>
        <cardinality>
          <minOccurs>0</minOccurs>
          <maxOccurs>1</maxOccurs>
        </cardinality>
        <condition></condition>
        <types>
          <type>CodeableConcept</type>
        </types>
        <conceptDomain>OrganizationType</conceptDomain>
        <mustUnderstand>false</mustUnderstand>
        <definition>The kind of organization that this is</definition>
        <requirements>Need to be able to track the kind of organization that this is - different organization types have different uses</requirements>
        <comments>Organizations can be corporations, wards, sections, clinical teams, government departments, etc. Note that code is generally a classifier of the type of organization; in many applications, codes are used to identity a particular organization (say, ward) as opposed to another of the same type - these are identifiers, not codes</comments>
        <rim>.code</rim>
      </elementDefinition>
      <elementDefinition>
        <name>Organization.status</name>
        <cardinality>
          <minOccurs>0</minOccurs>
          <maxOccurs>1</maxOccurs>
        </cardinality>
        <condition></condition>
        <types>
          <type>code</type>
        </types>
        <conceptDomain>RecordStatus</conceptDomain>
        <mustUnderstand>true</mustUnderstand>
        <definition>Indication of whether this organization's record is still active.</definition>
        <requirements></requirements>
        <comments>Default is &quot;active&quot;.</comments>
        <rim>.status</rim>
        <todo>This isn't data we record about an organization but is data about this organization's record. I would argue about including this metadata here. It also implies effects on functionality, like not showing up in queries anymore, which cannot be guaranteed. All in all, this belongs to record infrastructure, not data</todo>
      </elementDefinition>
      <elementDefinition>
        <name>Organization.accreditation</name>
        <cardinality>
          <minOccurs>0</minOccurs>
          <maxOccurs>unbounded</maxOccurs>
        </cardinality>
        <condition></condition>
        <mustUnderstand>false</mustUnderstand>
        <definition>The qualifications/certifications an organization has, including format educational achievements, accreditations, and current certifications. All these qualifications may be used to determine what roles the organization may play in a healthcare environment</definition>
        <requirements>For many organizations in healthcare, it is necessary to track the qualifications an organization has - formal.</requirements>
        <rim>.plays[Role](classCode='QUAL')</rim>
        <todo>1) Not sure if qualified &amp; accredited are the same.  2) Could potentially propose a new classCode. We wonder if Accreditation is in the 80%. Accreditation is not part of the current PA domain, it was in Personnel Management but this has been retracted. The PM version also had many more attributes, so is this Accreditation good enough? We (current participants) do not use it. We decide to keep it, to see what happens in ballot </todo>
      </elementDefinition>
      <elementDefinition>
        <name>Organization.accreditation.identifier</name>
        <cardinality>
          <minOccurs>0</minOccurs>
          <maxOccurs>1</maxOccurs>
        </cardinality>
        <condition></condition>
        <types>
          <type>Identifier</type>
        </types>
        <mustUnderstand>false</mustUnderstand>
        <definition>The identifier of the accreditation</definition>
        <requirements>Allows a link back to a accreditation registry, if one exists</requirements>
        <rim>.identifier</rim>
      </elementDefinition>
      <elementDefinition>
        <name>Organization.accreditation.code</name>
        <cardinality>
          <minOccurs>0</minOccurs>
          <maxOccurs>1</maxOccurs>
        </cardinality>
        <condition></condition>
        <types>
          <type>CodeableConcept</type>
        </types>
        <conceptDomain>OrganizationAccreditation</conceptDomain>
        <mustUnderstand>false</mustUnderstand>
        <definition>The type of the accreditation</definition>
        <requirements>commonly used to determine the roles an  organization may perform</requirements>
        <rim>.code</rim>
      </elementDefinition>
      <elementDefinition>
        <name>Organization.accreditation.institution</name>
        <cardinality>
          <minOccurs>0</minOccurs>
          <maxOccurs>1</maxOccurs>
        </cardinality>
        <condition></condition>
        <types>
          <type>Resource(Organization)</type>
        </types>
        <mustUnderstand>false</mustUnderstand>
        <definition>The organization that conferred/confers the accreditation</definition>
        <requirements>May determine the significance of the qualification, and allows a link back to a qualification registry, if one exists</requirements>
        <rim>.scopedBy[Organization]</rim>
        <todo>Do we need jurisdiction as well?  (The jurisdiction is often more relevant than the accrediting org.)</todo>
      </elementDefinition>
      <elementDefinition>
        <name>Organization.accreditation.period</name>
        <cardinality>
          <minOccurs>0</minOccurs>
          <maxOccurs>1</maxOccurs>
        </cardinality>
        <condition></condition>
        <types>
          <type>Period</type>
        </types>
        <mustUnderstand>false</mustUnderstand>
        <definition>The period for which the accreditation is held</definition>
        <requirements>Most accreditations are only conferred for a limited time period and must be re-acquired or forfeited</requirements>
        <rim>.effectiveTime[IVL&lt;TS&gt;]</rim>
      </elementDefinition>
      <elementDefinition>
        <name>Organization.relatedOrganization</name>
        <cardinality>
          <minOccurs>0</minOccurs>
          <maxOccurs>unbounded</maxOccurs>
        </cardinality>
        <condition></condition>
        <mustUnderstand>false</mustUnderstand>
        <definition>Other organizations that are related to this organization. The relationship might be one of several types: sub- or super- orgnizations (i.e. ward in a hospital, owning corporation of a hospital) or partner organizations (i.e. the operating corporation for a hospital)</definition>
        <requirements>Need to be able to track many kinds of organizational relationships and use to determine roles and mediate workflows</requirements>
        <rim></rim>
        <todo>TODO: No more &quot;contains&quot; or &quot;part of&quot;?</todo>
      </elementDefinition>
      <elementDefinition>
        <name>Organization.relatedOrganization.organization</name>
        <cardinality>
          <minOccurs>1</minOccurs>
          <maxOccurs>1</maxOccurs>
        </cardinality>
        <condition></condition>
        <types>
          <type>Resource(Organization)</type>
        </types>
        <mustUnderstand>true</mustUnderstand>
        <definition>The organization that is related to this organization</definition>
        <requirements>Need to know to which organization a relationship exists</requirements>
        <rim></rim>
      </elementDefinition>
      <elementDefinition>
        <name>Organization.relatedOrganization.type</name>
        <cardinality>
          <minOccurs>1</minOccurs>
          <maxOccurs>1</maxOccurs>
        </cardinality>
        <condition></condition>
        <types>
          <type>CodeableConcept</type>
        </types>
        <conceptDomain>OrganizationRelationship</conceptDomain>
        <mustUnderstand>false</mustUnderstand>
        <definition>Code that specifies how this organization is related to the subject. A code is required.</definition>
        <requirements>Need to know how the organization is related</requirements>
        <rim></rim>
        <todo>TODO: If we use CodeableConcept to codify the relationships, it is hard to compute what which organization is &quot;part of&quot; and which &quot;contains&quot;. Furthermore, the current v3 binding (to RoleClass) uses the terms &quot;player&quot; and &quot;scoper&quot; to define the direction of the relationship. So, we would have to define that the current organization is the scoper, and the related organization the player?</todo>
      </elementDefinition>
      <elementDefinition>
        <name>Organization.contactPerson</name>
        <cardinality>
          <minOccurs>0</minOccurs>
          <maxOccurs>unbounded</maxOccurs>
        </cardinality>
        <condition></condition>
        <mustUnderstand>false</mustUnderstand>
        <definition>Contact details for a person acting as a contact for the organization</definition>
        <requirements>Apart from the address/contact of the organization itself, systems need to track which persons are acting as contact persons</requirements>
        <rim>.contactParty</rim>
      </elementDefinition>
      <elementDefinition>
        <name>Organization.contactPerson.type</name>
        <cardinality>
          <minOccurs>0</minOccurs>
          <maxOccurs>1</maxOccurs>
        </cardinality>
        <condition></condition>
        <types>
          <type>CodeableConcept</type>
        </types>
        <conceptDomain>ContactPersonType</conceptDomain>
        <mustUnderstand>false</mustUnderstand>
        <definition>Indicates a purpose for which the person can be contacted.</definition>
        <requirements>Need to distinguish between multiple contact persons.</requirements>
        <rim></rim>
      </elementDefinition>
      <elementDefinition>
        <name>Organization.contactPerson.address</name>
        <cardinality>
          <minOccurs>0</minOccurs>
          <maxOccurs>1</maxOccurs>
        </cardinality>
        <condition></condition>
        <types>
          <type>Address</type>
        </types>
        <mustUnderstand>false</mustUnderstand>
        <definition>Address to use when contacting the contact person for this organization</definition>
        <requirements></requirements>
        <comments>The use code home is not to be used. </comments>
        <rim>.addr</rim>
      </elementDefinition>
      <elementDefinition>
        <name>Organization.contactPerson.telecom</name>
        <cardinality>
          <minOccurs>0</minOccurs>
          <maxOccurs>unbounded</maxOccurs>
        </cardinality>
        <condition></condition>
        <types>
          <type>Contact</type>
        </types>
        <mustUnderstand>false</mustUnderstand>
        <definition>Telecom details for the contact person at this organization</definition>
        <requirements></requirements>
        <comments>The use code home is not to be used.</comments>
        <rim>.telecom</rim>
      </elementDefinition>
      <elementDefinition>
        <name>Organization.contactPerson.name</name>
        <cardinality>
          <minOccurs>0</minOccurs>
          <maxOccurs>1</maxOccurs>
        </cardinality>
        <condition></condition>
        <types>
          <type>HumanName</type>
        </types>
        <mustUnderstand>false</mustUnderstand>
        <definition>Name of the contact person</definition>
        <requirements></requirements>
        <rim>.contactPerson.name</rim>
      </elementDefinition>
      <elementDefinition>
        <name>Organization.contactPerson.person</name>
        <cardinality>
          <minOccurs>0</minOccurs>
          <maxOccurs>1</maxOccurs>
        </cardinality>
        <condition></condition>
        <types>
          <type>Resource(Person)</type>
        </types>
        <mustUnderstand>false</mustUnderstand>
        <definition>Link to the actual person that is a contact person for the organization</definition>
        <requirements></requirements>
        <rim>.contactPerson</rim>
      </elementDefinition>
      <elementDefinition>
        <name>Organization.extension</name>
        <cardinality>
          <minOccurs>0</minOccurs>
          <maxOccurs>unbounded</maxOccurs>
        </cardinality>
        <condition></condition>
        <types>
          <type>Extension</type>
        </types>
        <mustUnderstand>false</mustUnderstand>
        <definition>See Extensions</definition>
        <requirements></requirements>
        <rim>[varies]</rim>
      </elementDefinition>
      <elementDefinition>
        <name>Organization.text</name>
        <cardinality>
          <minOccurs>1</minOccurs>
          <maxOccurs>1</maxOccurs>
        </cardinality>
        <condition></condition>
        <types>
          <type>Narrative</type>
        </types>
        <mustUnderstand>false</mustUnderstand>
        <definition>Text summary of resource (for human interpretation)</definition>
        <requirements></requirements>
        <rim>.text</rim>
      </elementDefinition>
    </elementDefinitions>
  </resourceDefinition>
</resourceDefinitions>

