{"Organization":{"identifier":[{"identifier":{"system":{"value":"http://www.acme.org.au/units"},"id":{"value":"Gastro"}}}],"name":[{"value":"Gastroenterology"}],"telecom":[{"system":"phone","value":{"value":"+1 555 234 3523"},"use":"mobile"},{"system":"email","value":{"value":"gastro@acme.org"},"use":"work"}],"relatedOrganization":[{"organization":{"type":{"value":"Organization"},"id":{"value":"1"},"display":{"value":"ACME Healthcare, Inc"}},"type":{"coding":[{"system":{"value":"oid:2.16.840.1.113883.5.110"},"code":{"value":"TERR"}}]}}],"text":{"status":"generated","div":"<div>\n      <p>Gastroenterology @ Acme Hospital. ph: +1 555 234 3523, email: <a href=\"mailto:gastro@acme.org\">gastro@acme.org<\/a><\/p>\n    <\/div>"}}}