{"Patient":{"link":[{"type":{"value":"Patient"},"id":{"value":"25bd34"}}],"active":{"value":"org.hl7.fhir.instance.model.Boolean@50d4855d"},"subject":{"type":{"value":"Person"},"id":{"value":"pat1"},"display":{"value":"Donald DUCK, Male, 3-April 1951"}},"provider":{"type":{"value":"Organization"},"id":{"value":"1"},"display":{"value":"ACME Healthcare, Inc"}},"identifier":[{"use":"usual","label":{"value":"MRN"},"identifier":{"system":{"value":"oid:0.1.2.3.4.5.6.7"},"id":{"value":"654321"}}}],"text":{"status":"generated","div":"<div>\n      <p>Patient Donald DUCK @ Acme Healthcare, Inc. MR = 654321<\/p>\n    <\/div>"}}}