{"Patient":{"link":[{"type":{"value":"Patient"},"id":{"value":"a23"}}],"active":{"value":"org.hl7.fhir.instance.model.Boolean@17c047f0"},"subject":{"type":{"value":"Person"},"id":{"value":"pat2"},"display":{"value":"Donald D Duck, Male, 3-April 1951"}},"provider":{"type":{"value":"Organization"},"id":{"value":"1"},"display":{"value":"ACME Healthcare, Inc"}},"identifier":[{"use":"usual","label":{"value":"MRN"},"identifier":{"system":{"value":"oid:0.1.2.3.4.5.6.7"},"id":{"value":"123456"}}}],"text":{"status":"generated","div":"<div>\n      <p>Patient Donald D DUCK @ Acme Healthcare, Inc. MR = 123456<\/p>\n    <\/div>"}}}