{"Patient":{"active":{"value":"org.hl7.fhir.instance.model.Boolean@5669e732"},"subject":{"type":{"value":"Person"},"id":{"value":"xcda"},"display":{"value":"Henry Levin the 7th"}},"provider":{"type":{"value":"Organization"},"id":{"value":"2.16.840.1.113883.19.5"},"display":{"value":"Good Health Clinic"}},"identifier":[{"use":"usual","label":{"value":"MRN"},"identifier":{"system":{"value":"urn:oid:2.16.840.1.113883.19.5"},"id":{"value":"12345"}}}],"text":{"status":"generated","div":"<div>\n      <p>Henry Levin the 7th<\/p>\n    <\/div>"}}}