<?xml version="1.0" encoding="UTF-8"?><Person xmlns="http://hl7.org/fhir">
	
  <!--  Peter James Chalmers, but called "Jim"  -->
  <name>
    <use>official</use>
     <family>Donald</family>
     <given>Duck</given>
     <given>D</given>
  </name>
  <gender>
    <system>http://hl7.org/fhir/sid/v2-0001</system>
    <code>M</code>
    <display>Male</display>
  </gender>
 	
	<text>
    <status>generated</status>
    <div xmlns="http://www.w3.org/1999/xhtml">
      <table>
        <tbody>
          <tr>
            <td>Name</td>
            <td>Donald D <b>Duck</b></td>
          </tr>
        </tbody>
      </table>
    </div>
  </text>
</Person>