{"title":"Standard Person Examples","updated":"2012-05-29T23:45:32Z","id":"urn:uuid:b248b1b2-1686-4b94-9936-37d7a5f94b51","links":[{"rel":"self","href":"http://www.hl7.org/fhir/patient-examples.xml"}],"entries":[{"title":"patient, female","id":"http://hl7.org/fhir/person/@1","versionId":null,"links":[{"rel":"self","href":"http://hl7.org/fhir/person/@1/history/@1"}],"updated":"2012-05-29T23:45:32Z","authors":[{"name":"Grahame Grieve / HL7 publishing committee","uri":null}],"categories":[{"term":"Person","scheme":"http://hl7.org/fhir/resource-types"}],"content":{"Person":{"identifier":[{"label":{"value":"SSN"},"identifier":{"system":{"value":"http://hl7.org/fhir/sid/us-ssn"},"id":{"value":"444222222"}}}],"name":[{"use":"official","family":[{"value":"Everywoman"}],"given":[{"value":"Eve"}]}],"telecom":[{"system":"phone","value":{"value":"555-555-2003"},"use":"work"}],"gender":{"system":{"value":"http://hl7.org/fhir/sid/v2-0001"},"code":{"value":"F"}},"birthDate":{"value":"1973-05-31"},"address":[{"use":"home","line":[{"value":"2222 Home Street"}]}],"text":{"status":"generated","div":"<div>Everywoman, Eve. SSN:\n\t\t\t\t\t\t444222222<\/div>"}}},"summary":"<div>Everywoman, Eve. SSN:\n\t\t\t\t444222222<\/div>"},{"title":"patient, male","id":"http://hl7.org/fhir/person/@2","versionId":null,"links":[{"rel":"self","href":"http://hl7.org/fhir/person/@2/history/@1"}],"updated":"2012-05-29T23:45:32Z","authors":[{"name":"Grahame Grieve","uri":null}],"categories":[{"term":"Person","scheme":"http://hl7.org/fhir/resource-types"}],"content":{"Person":{"identifier":[{"label":{"value":"SSN"},"identifier":{"system":{"value":"http://hl7.org/fhir/sid/us-ssn"},"id":{"value":"444333333"}}}],"name":[{"use":"official","family":[{"value":"Everyman"}],"given":[{"value":"Adam"}]}],"telecom":[{"system":"phone","value":{"value":"555-555-2004"},"use":"work"}],"gender":{"system":{"value":"http://hl7.org/fhir/sid/v2-0001"},"code":{"value":"M"}},"address":[{"use":"home","line":[{"value":"2222 Home Street"}]}],"text":{"status":"generated","div":"<div>Everyman, Adam. SSN:\n\t\t\t\t\t\t444333333<\/div>"}}},"summary":"<div>Everyman, Adam. SSN:\n\t\t\t\t444333333<\/div>"},{"title":"patient, child","id":"http://hl7.org/fhir/person/@3","versionId":null,"links":[{"rel":"self","href":"http://hl7.org/fhir/person/@3/history/@1"}],"updated":"2012-05-29T23:45:32Z","authors":[{"name":"Grahame Grieve","uri":null}],"categories":[{"term":"Person","scheme":"http://hl7.org/fhir/resource-types"}],"content":{"Person":{"identifier":[{"label":{"value":"SSN"},"identifier":{"system":{"value":"http://hl7.org/fhir/sid/us-ssn"},"id":{"value":"444555555"}}}],"name":[{"use":"official","family":[{"value":"Kidd"}],"given":[{"value":"Kari"}]}],"telecom":[{"system":"phone","value":{"value":"555-555-2005"},"use":"work"}],"gender":{"system":{"value":"http://hl7.org/fhir/sid/v2-0001"},"code":{"value":"F"}},"address":[{"use":"home","line":[{"value":"2222 Home Street"}]}],"text":{"status":"generated","div":"<div>Kidd, Kari. SSN:\n\t\t\t\t\t\t444555555<\/div>"}}},"summary":"<div>Kidd, Kari. SSN:\n\t\t\t\t444555555<\/div>"},{"title":"family, daughter","id":"http://hl7.org/fhir/person/@4","versionId":null,"links":[{"rel":"self","href":"http://hl7.org/fhir/person/@4/history/@1"}],"updated":"2012-05-29T23:45:32Z","authors":[{"name":"Grahame Grieve","uri":null}],"categories":[{"term":"Person","scheme":"http://hl7.org/fhir/resource-types"}],"content":{"Person":{"identifier":[{"label":{"value":"SSN"},"identifier":{"system":{"value":"http://hl7.org/fhir/sid/us-ssn"},"id":{"value":"444114567"}}}],"name":[{"use":"official","family":[{"value":"Nuclear"}],"given":[{"value":"Nancy"}]}],"telecom":[{"system":"phone","value":{"value":"555-555-5001"},"use":"work"}],"gender":{"system":{"value":"http://hl7.org/fhir/sid/v2-0001"},"code":{"value":"F"}},"address":[{"use":"home","line":[{"value":"6666 Home Street"}]}],"text":{"status":"generated","div":"<div>Nuclear, Nancy. SSN:\n\t\t\t\t\t\t444114567<\/div>"}}},"summary":"<div>Nuclear, Nancy. SSN:\n\t\t\t\t444114567<\/div>"},{"title":"family, husband","id":"http://hl7.org/fhir/person/@5","versionId":null,"links":[{"rel":"self","href":"http://hl7.org/fhir/person/@5/history/@1"}],"updated":"2012-05-29T23:45:32Z","authors":[{"name":"Grahame Grieve","uri":null}],"categories":[{"term":"Person","scheme":"http://hl7.org/fhir/resource-types"}],"content":{"Person":{"identifier":[{"label":{"value":"SSN"},"identifier":{"system":{"value":"http://hl7.org/fhir/sid/us-ssn"},"id":{"value":"444111234"}}}],"name":[{"use":"official","family":[{"value":"Nuclear"}],"given":[{"value":"Neville"}]}],"telecom":[{"system":"phone","value":{"value":"555-555-5001"},"use":"work"}],"gender":{"system":{"value":"http://hl7.org/fhir/sid/v2-0001"},"code":{"value":"M"}},"address":[{"use":"home","line":[{"value":"6666 Home Street"}]}],"text":{"status":"generated","div":"<div>Nuclear, Neville. SSN:\n\t\t\t\t\t\t444111234<\/div>"}}},"summary":"<div>Nuclear, Neville. SSN:\n\t\t\t\t444111234<\/div>"},{"title":"family, son","id":"http://hl7.org/fhir/person/@6","versionId":null,"links":[{"rel":"self","href":"http://hl7.org/fhir/person/@6/history/@1"}],"updated":"2012-05-29T23:45:32Z","authors":[{"name":"Grahame Grieve","uri":null}],"categories":[{"term":"Person","scheme":"http://hl7.org/fhir/resource-types"}],"content":{"Person":{"identifier":[{"label":{"value":"SSN"},"identifier":{"system":{"value":"http://hl7.org/fhir/sid/us-ssn"},"id":{"value":"444113456"}}}],"name":[{"use":"official","family":[{"value":"Nuclear"}],"given":[{"value":"Ned"}]}],"telecom":[{"system":"phone","value":{"value":"555-555-5001"},"use":"work"}],"gender":{"system":{"value":"http://hl7.org/fhir/sid/v2-0001"},"code":{"value":"M"}},"address":[{"use":"home","line":[{"value":"6666 Home Street"}]}],"text":{"status":"generated","div":"<div>Nuclear, Ned. SSN:\n\t\t\t\t\t\t444113456<\/div>"}}},"summary":"<div>Nuclear, Ned. SSN:\n\t\t\t\t444113456<\/div>"},{"title":"family, wife","id":"http://hl7.org/fhir/person/@7","versionId":null,"links":[{"rel":"self","href":"http://hl7.org/fhir/person/@7/history/@1"}],"updated":"2012-05-29T23:45:32Z","authors":[{"name":"Grahame Grieve","uri":null}],"categories":[{"term":"Person","scheme":"http://hl7.org/fhir/resource-types"}],"content":{"Person":{"identifier":[{"label":{"value":"SSN"},"identifier":{"system":{"value":"http://hl7.org/fhir/sid/us-ssn"},"id":{"value":"444112345"}}}],"name":[{"use":"official","family":[{"value":"Nuclear"}],"given":[{"value":"Nelda"}]}],"telecom":[{"system":"phone","value":{"value":"555-555-5001"},"use":"work"}],"gender":{"system":{"value":"http://hl7.org/fhir/sid/v2-0001"},"code":{"value":"F"}},"address":[{"use":"home","line":[{"value":"6666 Home Street"}]}],"text":{"status":"generated","div":"<div>Nuclear, Nelda. SSN:\n\t\t\t\t\t\t444112345<\/div>"}}},"summary":"<div>Nuclear, Nelda. SSN:\n\t\t\t\t444112345<\/div>"},{"title":"next of kin (parent)","id":"http://hl7.org/fhir/person/@8","versionId":null,"links":[{"rel":"self","href":"http://hl7.org/fhir/person/@8/history/@1"}],"updated":"2012-05-29T23:45:32Z","authors":[{"name":"Grahame Grieve","uri":null}],"categories":[{"term":"Person","scheme":"http://hl7.org/fhir/resource-types"}],"content":{"Person":{"identifier":[{"label":{"value":"SSN"},"identifier":{"system":{"value":"http://hl7.org/fhir/sid/us-ssn"},"id":{"value":"444666666"}}}],"name":[{"use":"official","family":[{"value":"Mum"}],"given":[{"value":"Martha"}]}],"telecom":[{"system":"phone","value":{"value":"555-555-2006"},"use":"work"}],"gender":{"system":{"value":"http://hl7.org/fhir/sid/v2-0001"},"code":{"value":"F"}},"address":[{"use":"home","line":[{"value":"4444 Home Street"}]}],"text":{"status":"generated","div":"<div>Mum, Martha. SSN:\n\t\t\t\t\t\t444666666<\/div>"}}},"summary":"<div>Mum, Martha. SSN:\n\t\t\t\t444666666<\/div>"},{"title":"next of kin (child)","id":"http://hl7.org/fhir/person/@9","versionId":null,"links":[{"rel":"self","href":"http://hl7.org/fhir/person/@9/history/@1"}],"updated":"2012-05-29T23:45:32Z","authors":[{"name":"Grahame Grieve","uri":null}],"categories":[{"term":"Person","scheme":"http://hl7.org/fhir/resource-types"}],"content":{"Person":{"identifier":[{"label":{"value":"SSN"},"identifier":{"system":{"value":"http://hl7.org/fhir/sid/us-ssn"},"id":{"value":"444777777"}}}],"name":[{"use":"official","family":[{"value":"Sons"}],"given":[{"value":"Stuart"}]}],"telecom":[{"system":"phone","value":{"value":"555-555-2007"},"use":"work"}],"gender":{"system":{"value":"http://hl7.org/fhir/sid/v2-0001"},"code":{"value":"M"}},"address":[{"use":"home","line":[{"value":"4444 Home Street"}]}],"text":{"status":"generated","div":"<div>Sons, Stuart. SSN:\n\t\t\t\t\t\t444777777<\/div>"}}},"summary":"<div>Sons, Stuart. SSN:\n\t\t\t\t444777777<\/div>"},{"title":"next of kin (spouse)","id":"http://hl7.org/fhir/person/@10","versionId":null,"links":[{"rel":"self","href":"http://hl7.org/fhir/person/@10/history/@1"}],"updated":"2012-05-29T23:45:32Z","authors":[{"name":"Grahame Grieve","uri":null}],"categories":[{"term":"Person","scheme":"http://hl7.org/fhir/resource-types"}],"content":{"Person":{"identifier":[{"label":{"value":"SSN"},"identifier":{"system":{"value":"http://hl7.org/fhir/sid/us-ssn"},"id":{"value":"444888888"}}}],"name":[{"use":"official","family":[{"value":"Betterhalf"}],"given":[{"value":"Boris"}]}],"telecom":[{"system":"phone","value":{"value":"555-555-2008"},"use":"work"}],"gender":{"system":{"value":"http://hl7.org/fhir/sid/v2-0001"},"code":{"value":"M"}},"address":[{"use":"home","line":[{"value":"2222 Home Street"}]}],"text":{"status":"generated","div":"<div>Betterhalf, Boris. SSN:\n\t\t\t\t\t\t444888888<\/div>"}}},"summary":"<div>Betterhalf, Boris. SSN:\n\t\t\t\t444888888<\/div>"},{"title":"next of kin (other)","id":"http://hl7.org/fhir/person/@11","versionId":null,"links":[{"rel":"self","href":"http://hl7.org/fhir/person/@11/history/@1"}],"updated":"2012-05-29T23:45:32Z","authors":[{"name":"Grahame Grieve","uri":null}],"categories":[{"term":"Person","scheme":"http://hl7.org/fhir/resource-types"}],"content":{"Person":{"identifier":[{"label":{"value":"SSN"},"identifier":{"system":{"value":"http://hl7.org/fhir/sid/us-ssn"},"id":{"value":"444999999"}}}],"name":[{"use":"official","family":[{"value":"Relative"}],"given":[{"value":"Ralph"}]}],"telecom":[{"system":"phone","value":{"value":"555-555-2009"},"use":"work"}],"gender":{"system":{"value":"http://hl7.org/fhir/sid/v2-0001"},"code":{"value":"M"}},"address":[{"use":"home","line":[{"value":"4444 Home Street"}]}],"text":{"status":"generated","div":"<div>Relative, Ralph. SSN:\n\t\t\t\t\t\t444999999<\/div>"}}},"summary":"<div>Relative, Ralph. SSN:\n\t\t\t\t444999999<\/div>"},{"title":"contact person","id":"http://hl7.org/fhir/person/@12","versionId":null,"links":[{"rel":"self","href":"http://hl7.org/fhir/person/@12/history/@1"}],"updated":"2012-05-29T23:45:32Z","authors":[{"name":"Grahame Grieve","uri":null}],"categories":[{"term":"Person","scheme":"http://hl7.org/fhir/resource-types"}],"content":{"Person":{"identifier":[{"label":{"value":"SSN"},"identifier":{"system":{"value":"http://hl7.org/fhir/sid/us-ssn"},"id":{"value":"555222222"}}}],"name":[{"use":"official","family":[{"value":"Contact"}],"given":[{"value":"Carrie"}]}],"telecom":[{"system":"phone","value":{"value":"555-555-2010"},"use":"work"}],"gender":{"system":{"value":"http://hl7.org/fhir/sid/v2-0001"},"code":{"value":"F"}},"address":[{"use":"home","line":[{"value":"5555 Home Street"}]}],"text":{"status":"generated","div":"<div>Contact, Carrie. SSN:\n\t\t\t\t\t\t555222222<\/div>"}}},"summary":"<div>Contact, Carrie. SSN:\n\t\t\t\t555222222<\/div>"},{"title":"healthcare provider","id":"http://hl7.org/fhir/person/@13","versionId":null,"links":[{"rel":"self","href":"http://hl7.org/fhir/person/@13/history/@1"}],"updated":"2012-05-29T23:45:32Z","authors":[{"name":"Grahame Grieve","uri":null}],"categories":[{"term":"Person","scheme":"http://hl7.org/fhir/resource-types"}],"content":{"Person":{"identifier":[{"label":{"value":"SSN"},"identifier":{"system":{"value":"http://hl7.org/fhir/sid/us-ssn"},"id":{"value":"333333333"}}}],"name":[{"use":"official","family":[{"value":"Seven"}],"given":[{"value":"Henry"}]}],"telecom":[{"system":"phone","value":{"value":"555-555-1002"},"use":"work"}],"gender":{"system":{"value":"http://hl7.org/fhir/sid/v2-0001"},"code":{"value":"M"}},"address":[{"use":"home","line":[{"value":"1002 Healthcare Drive"}]}],"text":{"status":"generated","div":"<div>Seven, Henry. SSN:\n\t\t\t\t\t\t333333333<\/div>"}}},"summary":"<div>Seven, Henry. SSN:\n\t\t\t\t333333333<\/div>"},{"title":"assigned practitioner","id":"http://hl7.org/fhir/person/@14","versionId":null,"links":[{"rel":"self","href":"http://hl7.org/fhir/person/@14/history/@1"}],"updated":"2012-05-29T23:45:32Z","authors":[{"name":"Grahame Grieve","uri":null}],"categories":[{"term":"Person","scheme":"http://hl7.org/fhir/resource-types"}],"content":{"Person":{"identifier":[{"label":{"value":"SSN"},"identifier":{"system":{"value":"http://hl7.org/fhir/sid/us-ssn"},"id":{"value":"33344444"}}}],"name":[{"use":"official","family":[{"value":"Assigned"}],"given":[{"value":"Amanda"}]}],"telecom":[{"system":"phone","value":{"value":"555-555-1021"},"use":"work"}],"gender":{"system":{"value":"http://hl7.org/fhir/sid/v2-0001"},"code":{"value":"F"}},"address":[{"use":"home","line":[{"value":"1020 Healthcare Drive"}]}],"text":{"status":"generated","div":"<div>Assigned, Amanda. SSN:\n\t\t\t\t\t\t33344444<\/div>"}}},"summary":"<div>Assigned, Amanda. SSN:\n\t\t\t\t33344444<\/div>"},{"title":"physician","id":"http://hl7.org/fhir/person/@15","versionId":null,"links":[{"rel":"self","href":"http://hl7.org/fhir/person/@15/history/@1"}],"updated":"2012-05-29T23:45:32Z","authors":[{"name":"Grahame Grieve","uri":null}],"categories":[{"term":"Person","scheme":"http://hl7.org/fhir/resource-types"}],"content":{"Person":{"identifier":[{"label":{"value":"SSN"},"identifier":{"system":{"value":"http://hl7.org/fhir/sid/us-ssn"},"id":{"value":"444444444"}}}],"name":[{"use":"official","family":[{"value":"Hippocrates"}],"given":[{"value":"Harold"}]}],"telecom":[{"system":"phone","value":{"value":"555-555-1003"},"use":"work"}],"gender":{"system":{"value":"http://hl7.org/fhir/sid/v2-0001"},"code":{"value":"M"}},"address":[{"use":"home","line":[{"value":"1003 Healthcare Drive"}]}],"text":{"status":"generated","div":"<div>Hippocrates, Harold. SSN:\n\t\t\t\t\t\t444444444<\/div>"}}},"summary":"<div>Hippocrates, Harold. SSN:\n\t\t\t\t444444444<\/div>"},{"title":"primary care physician","id":"http://hl7.org/fhir/person/@16","versionId":null,"links":[{"rel":"self","href":"http://hl7.org/fhir/person/@16/history/@1"}],"updated":"2012-05-29T23:45:32Z","authors":[{"name":"Grahame Grieve","uri":null}],"categories":[{"term":"Person","scheme":"http://hl7.org/fhir/resource-types"}],"content":{"Person":{"identifier":[{"label":{"value":"SSN"},"identifier":{"system":{"value":"http://hl7.org/fhir/sid/us-ssn"},"id":{"value":"555555555"}}}],"name":[{"use":"official","family":[{"value":"Primary"}],"given":[{"value":"Patricia"}]}],"telecom":[{"system":"phone","value":{"value":"555-555-1004"},"use":"work"}],"gender":{"system":{"value":"http://hl7.org/fhir/sid/v2-0001"},"code":{"value":"F"}},"address":[{"use":"home","line":[{"value":"1004 Healthcare Drive"}]}],"text":{"status":"generated","div":"<div>Primary, Patricia. SSN:\n\t\t\t\t\t\t555555555<\/div>"}}},"summary":"<div>Primary, Patricia. SSN:\n\t\t\t\t555555555<\/div>"},{"title":"admitting physician","id":"http://hl7.org/fhir/person/@17","versionId":null,"links":[{"rel":"self","href":"http://hl7.org/fhir/person/@17/history/@1"}],"updated":"2012-05-29T23:45:32Z","authors":[{"name":"Grahame Grieve","uri":null}],"categories":[{"term":"Person","scheme":"http://hl7.org/fhir/resource-types"}],"content":{"Person":{"identifier":[{"label":{"value":"SSN"},"identifier":{"system":{"value":"http://hl7.org/fhir/sid/us-ssn"},"id":{"value":"666666666"}}}],"name":[{"use":"official","family":[{"value":"Admit"}],"given":[{"value":"Alan"}]}],"telecom":[{"system":"phone","value":{"value":"555-555-1005"},"use":"work"}],"gender":{"system":{"value":"http://hl7.org/fhir/sid/v2-0001"},"code":{"value":"M"}},"address":[{"use":"home","line":[{"value":"1005 Healthcare Drive"}]}],"text":{"status":"generated","div":"<div>Admit, Alan. SSN:\n\t\t\t\t\t\t666666666<\/div>"}}},"summary":"<div>Admit, Alan. SSN:\n\t\t\t\t666666666<\/div>"},{"title":"attending physician","id":"http://hl7.org/fhir/person/@18","versionId":null,"links":[{"rel":"self","href":"http://hl7.org/fhir/person/@18/history/@1"}],"updated":"2012-05-29T23:45:32Z","authors":[{"name":"Grahame Grieve","uri":null}],"categories":[{"term":"Person","scheme":"http://hl7.org/fhir/resource-types"}],"content":{"Person":{"identifier":[{"label":{"value":"SSN"},"identifier":{"system":{"value":"http://hl7.org/fhir/sid/us-ssn"},"id":{"value":"777777777"}}}],"name":[{"use":"official","family":[{"value":"Attend"}],"given":[{"value":"Aaron"}]}],"telecom":[{"system":"phone","value":{"value":"555-555-1006"},"use":"work"}],"gender":{"system":{"value":"http://hl7.org/fhir/sid/v2-0001"},"code":{"value":"M"}},"address":[{"use":"home","line":[{"value":"1006 Healthcare Drive"}]}],"text":{"status":"generated","div":"<div>Attend, Aaron. SSN:\n\t\t\t\t\t\t777777777<\/div>"}}},"summary":"<div>Attend, Aaron. SSN:\n\t\t\t\t777777777<\/div>"},{"title":"referring physician","id":"http://hl7.org/fhir/person/@19","versionId":null,"links":[{"rel":"self","href":"http://hl7.org/fhir/person/@19/history/@1"}],"updated":"2012-05-29T23:45:32Z","authors":[{"name":"Grahame Grieve","uri":null}],"categories":[{"term":"Person","scheme":"http://hl7.org/fhir/resource-types"}],"content":{"Person":{"identifier":[{"label":{"value":"SSN"},"identifier":{"system":{"value":"http://hl7.org/fhir/sid/us-ssn"},"id":{"value":"888888888"}}}],"name":[{"use":"official","family":[{"value":"Sender"}],"given":[{"value":"Sam"}]}],"telecom":[{"system":"phone","value":{"value":"555-555-1007"},"use":"work"}],"gender":{"system":{"value":"http://hl7.org/fhir/sid/v2-0001"},"code":{"value":"M"}},"address":[{"use":"home","line":[{"value":"1007 Healthcare Drive"}]}],"text":{"status":"generated","div":"<div>Sender, Sam. SSN:\n\t\t\t\t\t\t888888888<\/div>"}}},"summary":"<div>Sender, Sam. SSN:\n\t\t\t\t888888888<\/div>"},{"title":"intern","id":"http://hl7.org/fhir/person/@20","versionId":null,"links":[{"rel":"self","href":"http://hl7.org/fhir/person/@20/history/@1"}],"updated":"2012-05-29T23:45:32Z","authors":[{"name":"Grahame Grieve","uri":null}],"categories":[{"term":"Person","scheme":"http://hl7.org/fhir/resource-types"}],"content":{"Person":{"identifier":[{"label":{"value":"SSN"},"identifier":{"system":{"value":"http://hl7.org/fhir/sid/us-ssn"},"id":{"value":"888222222"}}}],"name":[{"use":"official","family":[{"value":"Intern"}],"given":[{"value":"Irving"}]}],"telecom":[{"system":"phone","value":{"value":"555-555-1022"},"use":"work"}],"gender":{"system":{"value":"http://hl7.org/fhir/sid/v2-0001"},"code":{"value":"M"}},"address":[{"use":"home","line":[{"value":"1021 Healthcare Drive"}]}],"text":{"status":"generated","div":"<div>Intern, Irving. SSN:\n\t\t\t\t\t\t888222222<\/div>"}}},"summary":"<div>Intern, Irving. SSN:\n\t\t\t\t888222222<\/div>"},{"title":"resident","id":"http://hl7.org/fhir/person/@21","versionId":null,"links":[{"rel":"self","href":"http://hl7.org/fhir/person/@21/history/@1"}],"updated":"2012-05-29T23:45:32Z","authors":[{"name":"Grahame Grieve","uri":null}],"categories":[{"term":"Person","scheme":"http://hl7.org/fhir/resource-types"}],"content":{"Person":{"identifier":[{"label":{"value":"SSN"},"identifier":{"system":{"value":"http://hl7.org/fhir/sid/us-ssn"},"id":{"value":"888333333"}}}],"name":[{"use":"official","family":[{"value":"Resident"}],"given":[{"value":"Rachel"}]}],"telecom":[{"system":"phone","value":{"value":"555-555-1023"},"use":"work"}],"gender":{"system":{"value":"http://hl7.org/fhir/sid/v2-0001"},"code":{"value":"F"}},"address":[{"use":"home","line":[{"value":"1022 Healthcare Drive"}]}],"text":{"status":"generated","div":"<div>Resident, Rachel. SSN:\n\t\t\t\t\t\t888333333<\/div>"}}},"summary":"<div>Resident, Rachel. SSN:\n\t\t\t\t888333333<\/div>"},{"title":"chief of staff","id":"http://hl7.org/fhir/person/@22","versionId":null,"links":[{"rel":"self","href":"http://hl7.org/fhir/person/@22/history/@1"}],"updated":"2012-05-29T23:45:32Z","authors":[{"name":"Grahame Grieve","uri":null}],"categories":[{"term":"Person","scheme":"http://hl7.org/fhir/resource-types"}],"content":{"Person":{"identifier":[{"label":{"value":"SSN"},"identifier":{"system":{"value":"http://hl7.org/fhir/sid/us-ssn"},"id":{"value":"888444444"}}}],"name":[{"use":"official","family":[{"value":"Leader"}],"given":[{"value":"Linda"}]}],"telecom":[{"system":"phone","value":{"value":"555-555-1024"},"use":"work"}],"gender":{"system":{"value":"http://hl7.org/fhir/sid/v2-0001"},"code":{"value":"F"}},"address":[{"use":"home","line":[{"value":"1023 Healthcare Drive"}]}],"text":{"status":"generated","div":"<div>Leader, Linda. SSN:\n\t\t\t\t\t\t888444444<\/div>"}}},"summary":"<div>Leader, Linda. SSN:\n\t\t\t\t888444444<\/div>"},{"title":"authenticator","id":"http://hl7.org/fhir/person/@23","versionId":null,"links":[{"rel":"self","href":"http://hl7.org/fhir/person/@23/history/@1"}],"updated":"2012-05-29T23:45:32Z","authors":[{"name":"Grahame Grieve","uri":null}],"categories":[{"term":"Person","scheme":"http://hl7.org/fhir/resource-types"}],"content":{"Person":{"identifier":[{"label":{"value":"SSN"},"identifier":{"system":{"value":"http://hl7.org/fhir/sid/us-ssn"},"id":{"value":"999999999"}}}],"name":[{"use":"official","family":[{"value":"Verify"}],"given":[{"value":"Virgil"}]}],"telecom":[{"system":"phone","value":{"value":"555-555-1008"},"use":"work"}],"gender":{"system":{"value":"http://hl7.org/fhir/sid/v2-0001"},"code":{"value":"M"}},"address":[{"use":"home","line":[{"value":"1008 Healthcare Drive"}]}],"text":{"status":"generated","div":"<div>Verify, Virgil. SSN:\n\t\t\t\t\t\t999999999<\/div>"}}},"summary":"<div>Verify, Virgil. SSN:\n\t\t\t\t999999999<\/div>"},{"title":"specialist","id":"http://hl7.org/fhir/person/@24","versionId":null,"links":[{"rel":"self","href":"http://hl7.org/fhir/person/@24/history/@1"}],"updated":"2012-05-29T23:45:32Z","authors":[{"name":"Grahame Grieve","uri":null}],"categories":[{"term":"Person","scheme":"http://hl7.org/fhir/resource-types"}],"content":{"Person":{"identifier":[{"label":{"value":"SSN"},"identifier":{"system":{"value":"http://hl7.org/fhir/sid/us-ssn"},"id":{"value":"222333333"}}}],"name":[{"use":"official","family":[{"value":"Specialize"}],"given":[{"value":"Sara"}]}],"telecom":[{"system":"phone","value":{"value":"555-555-1009"},"use":"work"}],"gender":{"system":{"value":"http://hl7.org/fhir/sid/v2-0001"},"code":{"value":"F"}},"address":[{"use":"home","line":[{"value":"1009 Healthcare Drive"}]}],"text":{"status":"generated","div":"<div>Specialize, Sara. SSN:\n\t\t\t\t\t\t222333333<\/div>"}}},"summary":"<div>Specialize, Sara. SSN:\n\t\t\t\t222333333<\/div>"},{"title":"allergist/immunologist","id":"http://hl7.org/fhir/person/@25","versionId":null,"links":[{"rel":"self","href":"http://hl7.org/fhir/person/@25/history/@1"}],"updated":"2012-05-29T23:45:32Z","authors":[{"name":"Grahame Grieve","uri":null}],"categories":[{"term":"Person","scheme":"http://hl7.org/fhir/resource-types"}],"content":{"Person":{"identifier":[{"label":{"value":"SSN"},"identifier":{"system":{"value":"http://hl7.org/fhir/sid/us-ssn"},"id":{"value":"222223333"}}}],"name":[{"use":"official","family":[{"value":"Reaction"}],"given":[{"value":"Ramsey"}]}],"telecom":[{"system":"phone","value":{"value":"555-555-1025"},"use":"work"}],"gender":{"system":{"value":"http://hl7.org/fhir/sid/v2-0001"},"code":{"value":"M"}},"address":[{"use":"home","line":[{"value":"1024 Healthcare Drive"}]}],"text":{"status":"generated","div":"<div>Reaction, Ramsey. SSN:\n\t\t\t\t\t\t222223333<\/div>"}}},"summary":"<div>Reaction, Ramsey. SSN:\n\t\t\t\t222223333<\/div>"},{"title":"anesthesiologist","id":"http://hl7.org/fhir/person/@26","versionId":null,"links":[{"rel":"self","href":"http://hl7.org/fhir/person/@26/history/@1"}],"updated":"2012-05-29T23:45:32Z","authors":[{"name":"Grahame Grieve","uri":null}],"categories":[{"term":"Person","scheme":"http://hl7.org/fhir/resource-types"}],"content":{"Person":{"identifier":[{"label":{"value":"SSN"},"identifier":{"system":{"value":"http://hl7.org/fhir/sid/us-ssn"},"id":{"value":"222666666"}}}],"name":[{"use":"official","family":[{"value":"Sleeper"}],"given":[{"value":"Sally"}]}],"telecom":[{"system":"phone","value":{"value":"555-555-1012"},"use":"work"}],"gender":{"system":{"value":"http://hl7.org/fhir/sid/v2-0001"},"code":{"value":"F"}},"address":[{"use":"home","line":[{"value":"1012 Healthcare Drive"}]}],"text":{"status":"generated","div":"<div>Sleeper, Sally. SSN:\n\t\t\t\t\t\t222666666<\/div>"}}},"summary":"<div>Sleeper, Sally. SSN:\n\t\t\t\t222666666<\/div>"},{"title":"cardiologist","id":"http://hl7.org/fhir/person/@27","versionId":null,"links":[{"rel":"self","href":"http://hl7.org/fhir/person/@27/history/@1"}],"updated":"2012-05-29T23:45:32Z","authors":[{"name":"Grahame Grieve","uri":null}],"categories":[{"term":"Person","scheme":"http://hl7.org/fhir/resource-types"}],"content":{"Person":{"identifier":[{"label":{"value":"SSN"},"identifier":{"system":{"value":"http://hl7.org/fhir/sid/us-ssn"},"id":{"value":"222334444"}}}],"name":[{"use":"official","family":[{"value":"Pump"}],"given":[{"value":"Patrick"}]}],"telecom":[{"system":"phone","value":{"value":"555-555-1027"},"use":"work"}],"gender":{"system":{"value":"http://hl7.org/fhir/sid/v2-0001"},"code":{"value":"M"}},"address":[{"use":"home","line":[{"value":"1025 Healthcare Drive"}]}],"text":{"status":"generated","div":"<div>Pump, Patrick. SSN:\n\t\t\t\t\t\t222334444<\/div>"}}},"summary":"<div>Pump, Patrick. SSN:\n\t\t\t\t222334444<\/div>"},{"title":"cardiovascular surgeon","id":"http://hl7.org/fhir/person/@28","versionId":null,"links":[{"rel":"self","href":"http://hl7.org/fhir/person/@28/history/@1"}],"updated":"2012-05-29T23:45:32Z","authors":[{"name":"Grahame Grieve","uri":null}],"categories":[{"term":"Person","scheme":"http://hl7.org/fhir/resource-types"}],"content":{"Person":{"identifier":[{"label":{"value":"SSN"},"identifier":{"system":{"value":"http://hl7.org/fhir/sid/us-ssn"},"id":{"value":"222335555"}}}],"name":[{"use":"official","family":[{"value":"Valve"}],"given":[{"value":"Vera"}]}],"telecom":[{"system":"phone","value":{"value":"555-555-1028"},"use":"work"}],"gender":{"system":{"value":"http://hl7.org/fhir/sid/v2-0001"},"code":{"value":"F"}},"address":[{"use":"home","line":[{"value":"1026 Healthcare Drive"}]}],"text":{"status":"generated","div":"<div>Valve, Vera. SSN:\n\t\t\t\t\t\t222335555<\/div>"}}},"summary":"<div>Valve, Vera. SSN:\n\t\t\t\t222335555<\/div>"},{"title":"dermatologist","id":"http://hl7.org/fhir/person/@29","versionId":null,"links":[{"rel":"self","href":"http://hl7.org/fhir/person/@29/history/@1"}],"updated":"2012-05-29T23:45:32Z","authors":[{"name":"Grahame Grieve","uri":null}],"categories":[{"term":"Person","scheme":"http://hl7.org/fhir/resource-types"}],"content":{"Person":{"identifier":[{"label":{"value":"SSN"},"identifier":{"system":{"value":"http://hl7.org/fhir/sid/us-ssn"},"id":{"value":"222336666"}}}],"name":[{"use":"official","family":[{"value":"Scratch"}],"given":[{"value":"Sophie"}]}],"telecom":[{"system":"phone","value":{"value":"555-555-1029"},"use":"work"}],"gender":{"system":{"value":"http://hl7.org/fhir/sid/v2-0001"},"code":{"value":"F"}},"address":[{"use":"home","line":[{"value":"1027 Healthcare Drive"}]}],"text":{"status":"generated","div":"<div>Scratch, Sophie. SSN:\n\t\t\t\t\t\t222336666<\/div>"}}},"summary":"<div>Scratch, Sophie. SSN:\n\t\t\t\t222336666<\/div>"},{"title":"emergency medicine specialist","id":"http://hl7.org/fhir/person/@30","versionId":null,"links":[{"rel":"self","href":"http://hl7.org/fhir/person/@30/history/@1"}],"updated":"2012-05-29T23:45:32Z","authors":[{"name":"Grahame Grieve","uri":null}],"categories":[{"term":"Person","scheme":"http://hl7.org/fhir/resource-types"}],"content":{"Person":{"identifier":[{"label":{"value":"SSN"},"identifier":{"system":{"value":"http://hl7.org/fhir/sid/us-ssn"},"id":{"value":"222337777"}}}],"name":[{"use":"official","family":[{"value":"Emergency"}],"given":[{"value":"Eric"}]}],"telecom":[{"system":"phone","value":{"value":"555-555-1030"},"use":"work"}],"gender":{"system":{"value":"http://hl7.org/fhir/sid/v2-0001"},"code":{"value":"M"}},"address":[{"use":"home","line":[{"value":"1028 Healthcare Drive"}]}],"text":{"status":"generated","div":"<div>Emergency, Eric. SSN:\n\t\t\t\t\t\t222337777<\/div>"}}},"summary":"<div>Emergency, Eric. SSN:\n\t\t\t\t222337777<\/div>"},{"title":"endocrinologist","id":"http://hl7.org/fhir/person/@31","versionId":null,"links":[{"rel":"self","href":"http://hl7.org/fhir/person/@31/history/@1"}],"updated":"2012-05-29T23:45:32Z","authors":[{"name":"Grahame Grieve","uri":null}],"categories":[{"term":"Person","scheme":"http://hl7.org/fhir/resource-types"}],"content":{"Person":{"identifier":[{"label":{"value":"SSN"},"identifier":{"system":{"value":"http://hl7.org/fhir/sid/us-ssn"},"id":{"value":"222338888"}}}],"name":[{"use":"official","family":[{"value":"Hormone"}],"given":[{"value":"Horace"}]}],"telecom":[{"system":"phone","value":{"value":"555-555-1031"},"use":"work"}],"gender":{"system":{"value":"http://hl7.org/fhir/sid/v2-0001"},"code":{"value":"M"}},"address":[{"use":"home","line":[{"value":"1029 Healthcare Drive"}]}],"text":{"status":"generated","div":"<div>Hormone, Horace. SSN:\n\t\t\t\t\t\t222338888<\/div>"}}},"summary":"<div>Hormone, Horace. SSN:\n\t\t\t\t222338888<\/div>"},{"title":"family practitioner","id":"http://hl7.org/fhir/person/@32","versionId":null,"links":[{"rel":"self","href":"http://hl7.org/fhir/person/@32/history/@1"}],"updated":"2012-05-29T23:45:32Z","authors":[{"name":"Grahame Grieve","uri":null}],"categories":[{"term":"Person","scheme":"http://hl7.org/fhir/resource-types"}],"content":{"Person":{"identifier":[{"label":{"value":"SSN"},"identifier":{"system":{"value":"http://hl7.org/fhir/sid/us-ssn"},"id":{"value":"222339999"}}}],"name":[{"use":"official","family":[{"value":"Family"}],"given":[{"value":"Fay"}]}],"telecom":[{"system":"phone","value":{"value":"555-555-1032"},"use":"work"}],"gender":{"system":{"value":"http://hl7.org/fhir/sid/v2-0001"},"code":{"value":"F"}},"address":[{"use":"home","line":[{"value":"1030 Healthcare Drive"}]}],"text":{"status":"generated","div":"<div>Family, Fay. SSN:\n\t\t\t\t\t\t222339999<\/div>"}}},"summary":"<div>Family, Fay. SSN:\n\t\t\t\t222339999<\/div>"},{"title":"gastroenterologist","id":"http://hl7.org/fhir/person/@33","versionId":null,"links":[{"rel":"self","href":"http://hl7.org/fhir/person/@33/history/@1"}],"updated":"2012-05-29T23:45:32Z","authors":[{"name":"Grahame Grieve","uri":null}],"categories":[{"term":"Person","scheme":"http://hl7.org/fhir/resource-types"}],"content":{"Person":{"identifier":[{"label":{"value":"SSN"},"identifier":{"system":{"value":"http://hl7.org/fhir/sid/us-ssn"},"id":{"value":"222442222"}}}],"name":[{"use":"official","family":[{"value":"Tum"}],"given":[{"value":"Tony"}]}],"telecom":[{"system":"phone","value":{"value":"555-555-1033"},"use":"work"}],"gender":{"system":{"value":"http://hl7.org/fhir/sid/v2-0001"},"code":{"value":"M"}},"address":[{"use":"home","line":[{"value":"1031 Healthcare Drive"}]}],"text":{"status":"generated","div":"<div>Tum, Tony. SSN:\n\t\t\t\t\t\t222442222<\/div>"}}},"summary":"<div>Tum, Tony. SSN:\n\t\t\t\t222442222<\/div>"},{"title":"geriatrician","id":"http://hl7.org/fhir/person/@34","versionId":null,"links":[{"rel":"self","href":"http://hl7.org/fhir/person/@34/history/@1"}],"updated":"2012-05-29T23:45:32Z","authors":[{"name":"Grahame Grieve","uri":null}],"categories":[{"term":"Person","scheme":"http://hl7.org/fhir/resource-types"}],"content":{"Person":{"identifier":[{"label":{"value":"SSN"},"identifier":{"system":{"value":"http://hl7.org/fhir/sid/us-ssn"},"id":{"value":"222443333"}}}],"name":[{"use":"official","family":[{"value":"Sage"}],"given":[{"value":"Stanley"}]}],"telecom":[{"system":"phone","value":{"value":"555-555-1034"},"use":"work"}],"gender":{"system":{"value":"http://hl7.org/fhir/sid/v2-0001"},"code":{"value":"M"}},"address":[{"use":"home","line":[{"value":"1032 Healthcare Drive"}]}],"text":{"status":"generated","div":"<div>Sage, Stanley. SSN:\n\t\t\t\t\t\t222443333<\/div>"}}},"summary":"<div>Sage, Stanley. SSN:\n\t\t\t\t222443333<\/div>"},{"title":"hematologist","id":"http://hl7.org/fhir/person/@35","versionId":null,"links":[{"rel":"self","href":"http://hl7.org/fhir/person/@35/history/@1"}],"updated":"2012-05-29T23:45:32Z","authors":[{"name":"Grahame Grieve","uri":null}],"categories":[{"term":"Person","scheme":"http://hl7.org/fhir/resource-types"}],"content":{"Person":{"identifier":[{"label":{"value":"SSN"},"identifier":{"system":{"value":"http://hl7.org/fhir/sid/us-ssn"},"id":{"value":"222443344"}}}],"name":[{"use":"official","family":[{"value":"Bleeder"}],"given":[{"value":"Boris"}]}],"telecom":[{"system":"phone","value":{"value":"555-555-1035"},"use":"work"}],"gender":{"system":{"value":"http://hl7.org/fhir/sid/v2-0001"},"code":{"value":"M"}},"address":[{"use":"home","line":[{"value":"1033 Healthcare Drive"}]}],"text":{"status":"generated","div":"<div>Bleeder, Boris. SSN:\n\t\t\t\t\t\t222443344<\/div>"}}},"summary":"<div>Bleeder, Boris. SSN:\n\t\t\t\t222443344<\/div>"},{"title":"infectious disease specialist","id":"http://hl7.org/fhir/person/@36","versionId":null,"links":[{"rel":"self","href":"http://hl7.org/fhir/person/@36/history/@1"}],"updated":"2012-05-29T23:45:32Z","authors":[{"name":"Grahame Grieve","uri":null}],"categories":[{"term":"Person","scheme":"http://hl7.org/fhir/resource-types"}],"content":{"Person":{"identifier":[{"label":{"value":"SSN"},"identifier":{"system":{"value":"http://hl7.org/fhir/sid/us-ssn"},"id":{"value":"222445555"}}}],"name":[{"use":"official","family":[{"value":"Pasteur"}],"given":[{"value":"Paula"}]}],"telecom":[{"system":"phone","value":{"value":"555-555-1036"},"use":"work"}],"gender":{"system":{"value":"http://hl7.org/fhir/sid/v2-0001"},"code":{"value":"F"}},"address":[{"use":"home","line":[{"value":"1034 Healthcare Drive"}]}],"text":{"status":"generated","div":"<div>Pasteur, Paula. SSN:\n\t\t\t\t\t\t222445555<\/div>"}}},"summary":"<div>Pasteur, Paula. SSN:\n\t\t\t\t222445555<\/div>"},{"title":"internist","id":"http://hl7.org/fhir/person/@37","versionId":null,"links":[{"rel":"self","href":"http://hl7.org/fhir/person/@37/history/@1"}],"updated":"2012-05-29T23:45:32Z","authors":[{"name":"Grahame Grieve","uri":null}],"categories":[{"term":"Person","scheme":"http://hl7.org/fhir/resource-types"}],"content":{"Person":{"identifier":[{"label":{"value":"SSN"},"identifier":{"system":{"value":"http://hl7.org/fhir/sid/us-ssn"},"id":{"value":"222446666"}}}],"name":[{"use":"official","family":[{"value":"Osler"}],"given":[{"value":"Otto"}]}],"telecom":[{"system":"phone","value":{"value":"555-555-1037"},"use":"work"}],"gender":{"system":{"value":"http://hl7.org/fhir/sid/v2-0001"},"code":{"value":"M"}},"address":[{"use":"home","line":[{"value":"1035 Healthcare Drive"}]}],"text":{"status":"generated","div":"<div>Osler, Otto. SSN:\n\t\t\t\t\t\t222446666<\/div>"}}},"summary":"<div>Osler, Otto. SSN:\n\t\t\t\t222446666<\/div>"},{"title":"nephrologist","id":"http://hl7.org/fhir/person/@38","versionId":null,"links":[{"rel":"self","href":"http://hl7.org/fhir/person/@38/history/@1"}],"updated":"2012-05-29T23:45:32Z","authors":[{"name":"Grahame Grieve","uri":null}],"categories":[{"term":"Person","scheme":"http://hl7.org/fhir/resource-types"}],"content":{"Person":{"identifier":[{"label":{"value":"SSN"},"identifier":{"system":{"value":"http://hl7.org/fhir/sid/us-ssn"},"id":{"value":"222447777"}}}],"name":[{"use":"official","family":[{"value":"Renal"}],"given":[{"value":"Rory"}]}],"telecom":[{"system":"phone","value":{"value":"555-555-1038"},"use":"work"}],"gender":{"system":{"value":"http://hl7.org/fhir/sid/v2-0001"},"code":{"value":"M"}},"address":[{"use":"home","line":[{"value":"1036 Healthcare Drive"}]}],"text":{"status":"generated","div":"<div>Renal, Rory. SSN:\n\t\t\t\t\t\t222447777<\/div>"}}},"summary":"<div>Renal, Rory. SSN:\n\t\t\t\t222447777<\/div>"},{"title":"neurologist","id":"http://hl7.org/fhir/person/@39","versionId":null,"links":[{"rel":"self","href":"http://hl7.org/fhir/person/@39/history/@1"}],"updated":"2012-05-29T23:45:32Z","authors":[{"name":"Grahame Grieve","uri":null}],"categories":[{"term":"Person","scheme":"http://hl7.org/fhir/resource-types"}],"content":{"Person":{"identifier":[{"label":{"value":"SSN"},"identifier":{"system":{"value":"http://hl7.org/fhir/sid/us-ssn"},"id":{"value":"222448888"}}}],"name":[{"use":"official","family":[{"value":"Brain"}],"given":[{"value":"Barry"}]}],"telecom":[{"system":"phone","value":{"value":"555-555-1039"},"use":"work"}],"gender":{"system":{"value":"http://hl7.org/fhir/sid/v2-0001"},"code":{"value":"M"}},"address":[{"use":"home","line":[{"value":"1037 Healthcare Drive"}]}],"text":{"status":"generated","div":"<div>Brain, Barry. SSN:\n\t\t\t\t\t\t222448888<\/div>"}}},"summary":"<div>Brain, Barry. SSN:\n\t\t\t\t222448888<\/div>"},{"title":"neurosurgeon","id":"http://hl7.org/fhir/person/@40","versionId":null,"links":[{"rel":"self","href":"http://hl7.org/fhir/person/@40/history/@1"}],"updated":"2012-05-29T23:45:32Z","authors":[{"name":"Grahame Grieve","uri":null}],"categories":[{"term":"Person","scheme":"http://hl7.org/fhir/resource-types"}],"content":{"Person":{"identifier":[{"label":{"value":"SSN"},"identifier":{"system":{"value":"http://hl7.org/fhir/sid/us-ssn"},"id":{"value":"222449999"}}}],"name":[{"use":"official","family":[{"value":"Cranium"}],"given":[{"value":"Carol"}]}],"telecom":[{"system":"phone","value":{"value":"555-555-1040"},"use":"work"}],"gender":{"system":{"value":"http://hl7.org/fhir/sid/v2-0001"},"code":{"value":"F"}},"address":[{"use":"home","line":[{"value":"1038 Healthcare Drive"}]}],"text":{"status":"generated","div":"<div>Cranium, Carol. SSN:\n\t\t\t\t\t\t222449999<\/div>"}}},"summary":"<div>Cranium, Carol. SSN:\n\t\t\t\t222449999<\/div>"},{"title":"OB/GYN","id":"http://hl7.org/fhir/person/@41","versionId":null,"links":[{"rel":"self","href":"http://hl7.org/fhir/person/@41/history/@1"}],"updated":"2012-05-29T23:45:32Z","authors":[{"name":"Grahame Grieve","uri":null}],"categories":[{"term":"Person","scheme":"http://hl7.org/fhir/resource-types"}],"content":{"Person":{"identifier":[{"label":{"value":"SSN"},"identifier":{"system":{"value":"http://hl7.org/fhir/sid/us-ssn"},"id":{"value":"222552222"}}}],"name":[{"use":"official","family":[{"value":"Fem"}],"given":[{"value":"Flora"}]}],"telecom":[{"system":"phone","value":{"value":"555-555-1041"},"use":"work"}],"gender":{"system":{"value":"http://hl7.org/fhir/sid/v2-0001"},"code":{"value":"F"}},"address":[{"use":"home","line":[{"value":"1039 Healthcare Drive"}]}],"text":{"status":"generated","div":"<div>Fem, Flora. SSN:\n\t\t\t\t\t\t222552222<\/div>"}}},"summary":"<div>Fem, Flora. SSN:\n\t\t\t\t222552222<\/div>"},{"title":"oncologist","id":"http://hl7.org/fhir/person/@42","versionId":null,"links":[{"rel":"self","href":"http://hl7.org/fhir/person/@42/history/@1"}],"updated":"2012-05-29T23:45:32Z","authors":[{"name":"Grahame Grieve","uri":null}],"categories":[{"term":"Person","scheme":"http://hl7.org/fhir/resource-types"}],"content":{"Person":{"identifier":[{"label":{"value":"SSN"},"identifier":{"system":{"value":"http://hl7.org/fhir/sid/us-ssn"},"id":{"value":"222553333"}}}],"name":[{"use":"official","family":[{"value":"Tumor"}],"given":[{"value":"Trudy"}]}],"telecom":[{"system":"phone","value":{"value":"555-555-2003"},"use":"work"}],"gender":{"system":{"value":"http://hl7.org/fhir/sid/v2-0001"},"code":{"value":"F"}},"address":[{"use":"home","line":[{"value":"1040 Healthcare Drive"}]}],"text":{"status":"generated","div":"<div>Tumor, Trudy. SSN:\n\t\t\t\t\t\t222553333<\/div>"}}},"summary":"<div>Tumor, Trudy. SSN:\n\t\t\t\t222553333<\/div>"},{"title":"ophthalmologist","id":"http://hl7.org/fhir/person/@43","versionId":null,"links":[{"rel":"self","href":"http://hl7.org/fhir/person/@43/history/@1"}],"updated":"2012-05-29T23:45:32Z","authors":[{"name":"Grahame Grieve","uri":null}],"categories":[{"term":"Person","scheme":"http://hl7.org/fhir/resource-types"}],"content":{"Person":{"identifier":[{"label":{"value":"SSN"},"identifier":{"system":{"value":"http://hl7.org/fhir/sid/us-ssn"},"id":{"value":"222554444"}}}],"name":[{"use":"official","family":[{"value":"Vision"}],"given":[{"value":"Victor"}]}],"telecom":[{"system":"phone","value":{"value":"555-555-1043"},"use":"work"}],"gender":{"system":{"value":"http://hl7.org/fhir/sid/v2-0001"},"code":{"value":"M"}},"address":[{"use":"home","line":[{"value":"1041 Healthcare Drive"}]}],"text":{"status":"generated","div":"<div>Vision, Victor. SSN:\n\t\t\t\t\t\t222554444<\/div>"}}},"summary":"<div>Vision, Victor. SSN:\n\t\t\t\t222554444<\/div>"},{"title":"orthopedic surgeon","id":"http://hl7.org/fhir/person/@44","versionId":null,"links":[{"rel":"self","href":"http://hl7.org/fhir/person/@44/history/@1"}],"updated":"2012-05-29T23:45:32Z","authors":[{"name":"Grahame Grieve","uri":null}],"categories":[{"term":"Person","scheme":"http://hl7.org/fhir/resource-types"}],"content":{"Person":{"identifier":[{"label":{"value":"SSN"},"identifier":{"system":{"value":"http://hl7.org/fhir/sid/us-ssn"},"id":{"value":"222555545"}}}],"name":[{"use":"official","family":[{"value":"Carpenter"}],"given":[{"value":"Calvin"}]}],"telecom":[{"system":"phone","value":{"value":"555-555-1044"},"use":"work"}],"gender":{"system":{"value":"http://hl7.org/fhir/sid/v2-0001"},"code":{"value":"M"}},"address":[{"use":"home","line":[{"value":"1042 Healthcare Drive"}]}],"text":{"status":"generated","div":"<div>Carpenter, Calvin. SSN:\n\t\t\t\t\t\t222555545<\/div>"}}},"summary":"<div>Carpenter, Calvin. SSN:\n\t\t\t\t222555545<\/div>"},{"title":"otolaryngologist (ENT)","id":"http://hl7.org/fhir/person/@45","versionId":null,"links":[{"rel":"self","href":"http://hl7.org/fhir/person/@45/history/@1"}],"updated":"2012-05-29T23:45:32Z","authors":[{"name":"Grahame Grieve","uri":null}],"categories":[{"term":"Person","scheme":"http://hl7.org/fhir/resource-types"}],"content":{"Person":{"identifier":[{"label":{"value":"SSN"},"identifier":{"system":{"value":"http://hl7.org/fhir/sid/us-ssn"},"id":{"value":"222556666"}}}],"name":[{"use":"official","family":[{"value":"Rhino"}],"given":[{"value":"Rick"}]}],"telecom":[{"system":"phone","value":{"value":"555-555-1045"},"use":"work"}],"gender":{"system":{"value":"http://hl7.org/fhir/sid/v2-0001"},"code":{"value":"M"}},"address":[{"use":"home","line":[{"value":"1043 Healthcare Drive"}]}],"text":{"status":"generated","div":"<div>Rhino, Rick. SSN:\n\t\t\t\t\t\t222556666<\/div>"}}},"summary":"<div>Rhino, Rick. SSN:\n\t\t\t\t222556666<\/div>"},{"title":"pathologist","id":"http://hl7.org/fhir/person/@46","versionId":null,"links":[{"rel":"self","href":"http://hl7.org/fhir/person/@46/history/@1"}],"updated":"2012-05-29T23:45:32Z","authors":[{"name":"Grahame Grieve","uri":null}],"categories":[{"term":"Person","scheme":"http://hl7.org/fhir/resource-types"}],"content":{"Person":{"identifier":[{"label":{"value":"SSN"},"identifier":{"system":{"value":"http://hl7.org/fhir/sid/us-ssn"},"id":{"value":"222444444"}}}],"name":[{"use":"official","family":[{"value":"Slide"}],"given":[{"value":"Stan"}]}],"telecom":[{"system":"phone","value":{"value":"555-555-1010"},"use":"work"}],"gender":{"system":{"value":"http://hl7.org/fhir/sid/v2-0001"},"code":{"value":"M"}},"address":[{"use":"home","line":[{"value":"1010 Healthcare Drive"}]}],"text":{"status":"generated","div":"<div>Slide, Stan. SSN:\n\t\t\t\t\t\t222444444<\/div>"}}},"summary":"<div>Slide, Stan. SSN:\n\t\t\t\t222444444<\/div>"},{"title":"pediatrician","id":"http://hl7.org/fhir/person/@47","versionId":null,"links":[{"rel":"self","href":"http://hl7.org/fhir/person/@47/history/@1"}],"updated":"2012-05-29T23:45:32Z","authors":[{"name":"Grahame Grieve","uri":null}],"categories":[{"term":"Person","scheme":"http://hl7.org/fhir/resource-types"}],"content":{"Person":{"identifier":[{"label":{"value":"SSN"},"identifier":{"system":{"value":"http://hl7.org/fhir/sid/us-ssn"},"id":{"value":"222557777"}}}],"name":[{"use":"official","family":[{"value":"Kidder"}],"given":[{"value":"Karen"}]}],"telecom":[{"system":"phone","value":{"value":"555-555-1046"},"use":"work"}],"gender":{"system":{"value":"http://hl7.org/fhir/sid/v2-0001"},"code":{"value":"F"}},"address":[{"use":"home","line":[{"value":"1044 Healthcare Drive"}]}],"text":{"status":"generated","div":"<div>Kidder, Karen. SSN:\n\t\t\t\t\t\t222557777<\/div>"}}},"summary":"<div>Kidder, Karen. SSN:\n\t\t\t\t222557777<\/div>"},{"title":"plastic surgeon","id":"http://hl7.org/fhir/person/@48","versionId":null,"links":[{"rel":"self","href":"http://hl7.org/fhir/person/@48/history/@1"}],"updated":"2012-05-29T23:45:32Z","authors":[{"name":"Grahame Grieve","uri":null}],"categories":[{"term":"Person","scheme":"http://hl7.org/fhir/resource-types"}],"content":{"Person":{"identifier":[{"label":{"value":"SSN"},"identifier":{"system":{"value":"http://hl7.org/fhir/sid/us-ssn"},"id":{"value":"222558888"}}}],"name":[{"use":"official","family":[{"value":"Hollywood"}],"given":[{"value":"Heddie"}]}],"telecom":[{"system":"phone","value":{"value":"555-555-1047"},"use":"work"}],"gender":{"system":{"value":"http://hl7.org/fhir/sid/v2-0001"},"code":{"value":"F"}},"address":[{"use":"home","line":[{"value":"1045 Healthcare Drive"}]}],"text":{"status":"generated","div":"<div>Hollywood, Heddie. SSN:\n\t\t\t\t\t\t222558888<\/div>"}}},"summary":"<div>Hollywood, Heddie. SSN:\n\t\t\t\t222558888<\/div>"},{"title":"psychiatrist","id":"http://hl7.org/fhir/person/@49","versionId":null,"links":[{"rel":"self","href":"http://hl7.org/fhir/person/@49/history/@1"}],"updated":"2012-05-29T23:45:32Z","authors":[{"name":"Grahame Grieve","uri":null}],"categories":[{"term":"Person","scheme":"http://hl7.org/fhir/resource-types"}],"content":{"Person":{"identifier":[{"label":{"value":"SSN"},"identifier":{"system":{"value":"http://hl7.org/fhir/sid/us-ssn"},"id":{"value":"222559999"}}}],"name":[{"use":"official","family":[{"value":"Shrink"}],"given":[{"value":"Serena"}]}],"telecom":[{"system":"phone","value":{"value":"555-555-1048"},"use":"work"}],"gender":{"system":{"value":"http://hl7.org/fhir/sid/v2-0001"},"code":{"value":"F"}},"address":[{"use":"home","line":[{"value":"1046 Healthcare Drive"}]}],"text":{"status":"generated","div":"<div>Shrink, Serena. SSN:\n\t\t\t\t\t\t222559999<\/div>"}}},"summary":"<div>Shrink, Serena. SSN:\n\t\t\t\t222559999<\/div>"},{"title":"pulmonologist","id":"http://hl7.org/fhir/person/@50","versionId":null,"links":[{"rel":"self","href":"http://hl7.org/fhir/person/@50/history/@1"}],"updated":"2012-05-29T23:45:32Z","authors":[{"name":"Grahame Grieve","uri":null}],"categories":[{"term":"Person","scheme":"http://hl7.org/fhir/resource-types"}],"content":{"Person":{"identifier":[{"label":{"value":"SSN"},"identifier":{"system":{"value":"http://hl7.org/fhir/sid/us-ssn"},"id":{"value":"222662222"}}}],"name":[{"use":"official","family":[{"value":"Puffer"}],"given":[{"value":"Penny"}]}],"telecom":[{"system":"phone","value":{"value":"555-555-1049"},"use":"work"}],"gender":{"system":{"value":"http://hl7.org/fhir/sid/v2-0001"},"code":{"value":"F"}},"address":[{"use":"home","line":[{"value":"1047 Healthcare Drive"}]}],"text":{"status":"generated","div":"<div>Puffer, Penny. SSN:\n\t\t\t\t\t\t222662222<\/div>"}}},"summary":"<div>Puffer, Penny. SSN:\n\t\t\t\t222662222<\/div>"},{"title":"radiologist","id":"http://hl7.org/fhir/person/@51","versionId":null,"links":[{"rel":"self","href":"http://hl7.org/fhir/person/@51/history/@1"}],"updated":"2012-05-29T23:45:32Z","authors":[{"name":"Grahame Grieve","uri":null}],"categories":[{"term":"Person","scheme":"http://hl7.org/fhir/resource-types"}],"content":{"Person":{"identifier":[{"label":{"value":"SSN"},"identifier":{"system":{"value":"http://hl7.org/fhir/sid/us-ssn"},"id":{"value":"222555555"}}}],"name":[{"use":"official","family":[{"value":"Curie"}],"given":[{"value":"Christine"}]}],"telecom":[{"system":"phone","value":{"value":"555-555-1011"},"use":"work"}],"gender":{"system":{"value":"http://hl7.org/fhir/sid/v2-0001"},"code":{"value":"F"}},"address":[{"use":"home","line":[{"value":"1011 Healthcare Drive"}]}],"text":{"status":"generated","div":"<div>Curie, Christine. SSN:\n\t\t\t\t\t\t222555555<\/div>"}}},"summary":"<div>Curie, Christine. SSN:\n\t\t\t\t222555555<\/div>"},{"title":"rheumatologist","id":"http://hl7.org/fhir/person/@52","versionId":null,"links":[{"rel":"self","href":"http://hl7.org/fhir/person/@52/history/@1"}],"updated":"2012-05-29T23:45:32Z","authors":[{"name":"Grahame Grieve","uri":null}],"categories":[{"term":"Person","scheme":"http://hl7.org/fhir/resource-types"}],"content":{"Person":{"identifier":[{"label":{"value":"SSN"},"identifier":{"system":{"value":"http://hl7.org/fhir/sid/us-ssn"},"id":{"value":"222663333"}}}],"name":[{"use":"official","family":[{"value":"Joint"}],"given":[{"value":"Jeffrey"}]}],"telecom":[{"system":"phone","value":{"value":"555-555-1050"},"use":"work"}],"gender":{"system":{"value":"http://hl7.org/fhir/sid/v2-0001"},"code":{"value":"M"}},"address":[{"use":"home","line":[{"value":"1048 Healthcare Drive"}]}],"text":{"status":"generated","div":"<div>Joint, Jeffrey. SSN:\n\t\t\t\t\t\t222663333<\/div>"}}},"summary":"<div>Joint, Jeffrey. SSN:\n\t\t\t\t222663333<\/div>"},{"title":"surgeon","id":"http://hl7.org/fhir/person/@53","versionId":null,"links":[{"rel":"self","href":"http://hl7.org/fhir/person/@53/history/@1"}],"updated":"2012-05-29T23:45:32Z","authors":[{"name":"Grahame Grieve","uri":null}],"categories":[{"term":"Person","scheme":"http://hl7.org/fhir/resource-types"}],"content":{"Person":{"identifier":[{"label":{"value":"SSN"},"identifier":{"system":{"value":"http://hl7.org/fhir/sid/us-ssn"},"id":{"value":"222777777"}}}],"name":[{"use":"official","family":[{"value":"Cutter"}],"given":[{"value":"Carl"}]}],"telecom":[{"system":"phone","value":{"value":"555-555-1013"},"use":"work"}],"gender":{"system":{"value":"http://hl7.org/fhir/sid/v2-0001"},"code":{"value":"M"}},"address":[{"use":"home","line":[{"value":"1013 Healthcare Drive"}]}],"text":{"status":"generated","div":"<div>Cutter, Carl. SSN:\n\t\t\t\t\t\t222777777<\/div>"}}},"summary":"<div>Cutter, Carl. SSN:\n\t\t\t\t222777777<\/div>"},{"title":"urologist","id":"http://hl7.org/fhir/person/@54","versionId":null,"links":[{"rel":"self","href":"http://hl7.org/fhir/person/@54/history/@1"}],"updated":"2012-05-29T23:45:32Z","authors":[{"name":"Grahame Grieve","uri":null}],"categories":[{"term":"Person","scheme":"http://hl7.org/fhir/resource-types"}],"content":{"Person":{"identifier":[{"label":{"value":"SSN"},"identifier":{"system":{"value":"http://hl7.org/fhir/sid/us-ssn"},"id":{"value":"222664444"}}}],"name":[{"use":"official","family":[{"value":"Plumber"}],"given":[{"value":"Peter"}]}],"telecom":[{"system":"phone","value":{"value":"555-555-1051"},"use":"work"}],"gender":{"system":{"value":"http://hl7.org/fhir/sid/v2-0001"},"code":{"value":"M"}},"address":[{"use":"home","line":[{"value":"1049 Healthcare Drive"}]}],"text":{"status":"generated","div":"<div>Plumber, Peter. SSN:\n\t\t\t\t\t\t222664444<\/div>"}}},"summary":"<div>Plumber, Peter. SSN:\n\t\t\t\t222664444<\/div>"},{"title":"physician assistant","id":"http://hl7.org/fhir/person/@55","versionId":null,"links":[{"rel":"self","href":"http://hl7.org/fhir/person/@55/history/@1"}],"updated":"2012-05-29T23:45:32Z","authors":[{"name":"Grahame Grieve","uri":null}],"categories":[{"term":"Person","scheme":"http://hl7.org/fhir/resource-types"}],"content":{"Person":{"identifier":[{"label":{"value":"SSN"},"identifier":{"system":{"value":"http://hl7.org/fhir/sid/us-ssn"},"id":{"value":"222665555"}}}],"name":[{"use":"official","family":[{"value":"Helper"}],"given":[{"value":"Horace"}]}],"telecom":[{"system":"phone","value":{"value":"555-555-1052"},"use":"work"}],"gender":{"system":{"value":"http://hl7.org/fhir/sid/v2-0001"},"code":{"value":"M"}},"address":[{"use":"home","line":[{"value":"1050 Healthcare Drive"}]}],"text":{"status":"generated","div":"<div>Helper, Horace. SSN:\n\t\t\t\t\t\t222665555<\/div>"}}},"summary":"<div>Helper, Horace. SSN:\n\t\t\t\t222665555<\/div>"},{"title":"registered nurse","id":"http://hl7.org/fhir/person/@56","versionId":null,"links":[{"rel":"self","href":"http://hl7.org/fhir/person/@56/history/@1"}],"updated":"2012-05-29T23:45:32Z","authors":[{"name":"Grahame Grieve","uri":null}],"categories":[{"term":"Person","scheme":"http://hl7.org/fhir/resource-types"}],"content":{"Person":{"identifier":[{"label":{"value":"SSN"},"identifier":{"system":{"value":"http://hl7.org/fhir/sid/us-ssn"},"id":{"value":"222888888"}}}],"name":[{"use":"official","family":[{"value":"Nightingale"}],"given":[{"value":"Nancy"}]}],"telecom":[{"system":"phone","value":{"value":"555-555-1014"},"use":"work"}],"gender":{"system":{"value":"http://hl7.org/fhir/sid/v2-0001"},"code":{"value":"F"}},"address":[{"use":"home","line":[{"value":"1014 Healthcare Drive"}]}],"text":{"status":"generated","div":"<div>Nightingale, Nancy. SSN:\n\t\t\t\t\t\t222888888<\/div>"}}},"summary":"<div>Nightingale, Nancy. SSN:\n\t\t\t\t222888888<\/div>"},{"title":"nursing assistant","id":"http://hl7.org/fhir/person/@57","versionId":null,"links":[{"rel":"self","href":"http://hl7.org/fhir/person/@57/history/@1"}],"updated":"2012-05-29T23:45:32Z","authors":[{"name":"Grahame Grieve","uri":null}],"categories":[{"term":"Person","scheme":"http://hl7.org/fhir/resource-types"}],"content":{"Person":{"identifier":[{"label":{"value":"SSN"},"identifier":{"system":{"value":"http://hl7.org/fhir/sid/us-ssn"},"id":{"value":"222999999"}}}],"name":[{"use":"official","family":[{"value":"Barton"}],"given":[{"value":"Clarence"}]}],"telecom":[{"system":"phone","value":{"value":"555-555-1015"},"use":"work"}],"gender":{"system":{"value":"http://hl7.org/fhir/sid/v2-0001"},"code":{"value":"M"}},"address":[{"use":"home","line":[{"value":"1015 Healthcare Drive"}]}],"text":{"status":"generated","div":"<div>Barton, Clarence. SSN:\n\t\t\t\t\t\t222999999<\/div>"}}},"summary":"<div>Barton, Clarence. SSN:\n\t\t\t\t222999999<\/div>"},{"title":"chiropractor","id":"http://hl7.org/fhir/person/@58","versionId":null,"links":[{"rel":"self","href":"http://hl7.org/fhir/person/@58/history/@1"}],"updated":"2012-05-29T23:45:32Z","authors":[{"name":"Grahame Grieve","uri":null}],"categories":[{"term":"Person","scheme":"http://hl7.org/fhir/resource-types"}],"content":{"Person":{"identifier":[{"label":{"value":"SSN"},"identifier":{"system":{"value":"http://hl7.org/fhir/sid/us-ssn"},"id":{"value":"222666666"}}}],"name":[{"use":"official","family":[{"value":"Bender"}],"given":[{"value":"Bob"}]}],"telecom":[{"system":"phone","value":{"value":"555-555-1053"},"use":"work"}],"gender":{"system":{"value":"http://hl7.org/fhir/sid/v2-0001"},"code":{"value":"M"}},"address":[{"use":"home","line":[{"value":"1051 Healthcare Drive"}]}],"text":{"status":"generated","div":"<div>Bender, Bob. SSN:\n\t\t\t\t\t\t222666666<\/div>"}}},"summary":"<div>Bender, Bob. SSN:\n\t\t\t\t222666666<\/div>"},{"title":"dentist","id":"http://hl7.org/fhir/person/@59","versionId":null,"links":[{"rel":"self","href":"http://hl7.org/fhir/person/@59/history/@1"}],"updated":"2012-05-29T23:45:32Z","authors":[{"name":"Grahame Grieve","uri":null}],"categories":[{"term":"Person","scheme":"http://hl7.org/fhir/resource-types"}],"content":{"Person":{"identifier":[{"label":{"value":"SSN"},"identifier":{"system":{"value":"http://hl7.org/fhir/sid/us-ssn"},"id":{"value":"222667777"}}}],"name":[{"use":"official","family":[{"value":"Chopper"}],"given":[{"value":"Charlie"}]}],"telecom":[{"system":"phone","value":{"value":"555-555-1054"},"use":"work"}],"gender":{"system":{"value":"http://hl7.org/fhir/sid/v2-0001"},"code":{"value":"M"}},"address":[{"use":"home","line":[{"value":"1052 Healthcare Drive"}]}],"text":{"status":"generated","div":"<div>Chopper, Charlie. SSN:\n\t\t\t\t\t\t222667777<\/div>"}}},"summary":"<div>Chopper, Charlie. SSN:\n\t\t\t\t222667777<\/div>"},{"title":"orthodontist","id":"http://hl7.org/fhir/person/@60","versionId":null,"links":[{"rel":"self","href":"http://hl7.org/fhir/person/@60/history/@1"}],"updated":"2012-05-29T23:45:32Z","authors":[{"name":"Grahame Grieve","uri":null}],"categories":[{"term":"Person","scheme":"http://hl7.org/fhir/resource-types"}],"content":{"Person":{"identifier":[{"label":{"value":"SSN"},"identifier":{"system":{"value":"http://hl7.org/fhir/sid/us-ssn"},"id":{"value":"222668888"}}}],"name":[{"use":"official","family":[{"value":"Brace"}],"given":[{"value":"Ben"}]}],"telecom":[{"system":"phone","value":{"value":"555-555-1055"},"use":"work"}],"gender":{"system":{"value":"http://hl7.org/fhir/sid/v2-0001"},"code":{"value":"M"}},"address":[{"use":"home","line":[{"value":"1053 Healthcare Drive"}]}],"text":{"status":"generated","div":"<div>Brace, Ben. SSN:\n\t\t\t\t\t\t222668888<\/div>"}}},"summary":"<div>Brace, Ben. SSN:\n\t\t\t\t222668888<\/div>"},{"title":"optometrist","id":"http://hl7.org/fhir/person/@61","versionId":null,"links":[{"rel":"self","href":"http://hl7.org/fhir/person/@61/history/@1"}],"updated":"2012-05-29T23:45:32Z","authors":[{"name":"Grahame Grieve","uri":null}],"categories":[{"term":"Person","scheme":"http://hl7.org/fhir/resource-types"}],"content":{"Person":{"identifier":[{"label":{"value":"SSN"},"identifier":{"system":{"value":"http://hl7.org/fhir/sid/us-ssn"},"id":{"value":"222669999"}}}],"name":[{"use":"official","family":[{"value":"Specs"}],"given":[{"value":"Sylvia"}]}],"telecom":[{"system":"phone","value":{"value":"555-555-1056"},"use":"work"}],"gender":{"system":{"value":"http://hl7.org/fhir/sid/v2-0001"},"code":{"value":"F"}},"address":[{"use":"home","line":[{"value":"1054 Healthcare Drive"}]}],"text":{"status":"generated","div":"<div>Specs, Sylvia. SSN:\n\t\t\t\t\t\t222669999<\/div>"}}},"summary":"<div>Specs, Sylvia. SSN:\n\t\t\t\t222669999<\/div>"},{"title":"pharmacist","id":"http://hl7.org/fhir/person/@62","versionId":null,"links":[{"rel":"self","href":"http://hl7.org/fhir/person/@62/history/@1"}],"updated":"2012-05-29T23:45:32Z","authors":[{"name":"Grahame Grieve","uri":null}],"categories":[{"term":"Person","scheme":"http://hl7.org/fhir/resource-types"}],"content":{"Person":{"identifier":[{"label":{"value":"SSN"},"identifier":{"system":{"value":"http://hl7.org/fhir/sid/us-ssn"},"id":{"value":"333222222"}}}],"name":[{"use":"official","family":[{"value":"Script"}],"given":[{"value":"Susan"}]}],"telecom":[{"system":"phone","value":{"value":"555-555-1016"},"use":"work"}],"gender":{"system":{"value":"http://hl7.org/fhir/sid/v2-0001"},"code":{"value":"F"}},"address":[{"use":"home","line":[{"value":"1016 Healthcare Drive"}]}],"text":{"status":"generated","div":"<div>Script, Susan. SSN:\n\t\t\t\t\t\t333222222<\/div>"}}},"summary":"<div>Script, Susan. SSN:\n\t\t\t\t333222222<\/div>"},{"title":"podiatrist","id":"http://hl7.org/fhir/person/@63","versionId":null,"links":[{"rel":"self","href":"http://hl7.org/fhir/person/@63/history/@1"}],"updated":"2012-05-29T23:45:32Z","authors":[{"name":"Grahame Grieve","uri":null}],"categories":[{"term":"Person","scheme":"http://hl7.org/fhir/resource-types"}],"content":{"Person":{"identifier":[{"label":{"value":"SSN"},"identifier":{"system":{"value":"http://hl7.org/fhir/sid/us-ssn"},"id":{"value":"222772222"}}}],"name":[{"use":"official","family":[{"value":"Bunion"}],"given":[{"value":"Paul"}]}],"telecom":[{"system":"phone","value":{"value":"555-555-1057"},"use":"work"}],"gender":{"system":{"value":"http://hl7.org/fhir/sid/v2-0001"},"code":{"value":"M"}},"address":[{"use":"home","line":[{"value":"1055 Healthcare Drive"}]}],"text":{"status":"generated","div":"<div>Bunion, Paul. SSN:\n\t\t\t\t\t\t222772222<\/div>"}}},"summary":"<div>Bunion, Paul. SSN:\n\t\t\t\t222772222<\/div>"},{"title":"psychologist","id":"http://hl7.org/fhir/person/@64","versionId":null,"links":[{"rel":"self","href":"http://hl7.org/fhir/person/@64/history/@1"}],"updated":"2012-05-29T23:45:32Z","authors":[{"name":"Grahame Grieve","uri":null}],"categories":[{"term":"Person","scheme":"http://hl7.org/fhir/resource-types"}],"content":{"Person":{"identifier":[{"label":{"value":"SSN"},"identifier":{"system":{"value":"http://hl7.org/fhir/sid/us-ssn"},"id":{"value":"222773333"}}}],"name":[{"use":"official","family":[{"value":"Listener"}],"given":[{"value":"Larry"}]}],"telecom":[{"system":"phone","value":{"value":"555-555-1058"},"use":"work"}],"gender":{"system":{"value":"http://hl7.org/fhir/sid/v2-0001"},"code":{"value":"M"}},"address":[{"use":"home","line":[{"value":"1056 Healthcare Drive"}]}],"text":{"status":"generated","div":"<div>Listener, Larry. SSN:\n\t\t\t\t\t\t222773333<\/div>"}}},"summary":"<div>Listener, Larry. SSN:\n\t\t\t\t222773333<\/div>"},{"title":"lab technician","id":"http://hl7.org/fhir/person/@65","versionId":null,"links":[{"rel":"self","href":"http://hl7.org/fhir/person/@65/history/@1"}],"updated":"2012-05-29T23:45:32Z","authors":[{"name":"Grahame Grieve","uri":null}],"categories":[{"term":"Person","scheme":"http://hl7.org/fhir/resource-types"}],"content":{"Person":{"identifier":[{"label":{"value":"SSN"},"identifier":{"system":{"value":"http://hl7.org/fhir/sid/us-ssn"},"id":{"value":"333444444"}}}],"name":[{"use":"official","family":[{"value":"Beaker"}],"given":[{"value":"Bill"}]}],"telecom":[{"system":"phone","value":{"value":"555-555-1017"},"use":"work"}],"gender":{"system":{"value":"http://hl7.org/fhir/sid/v2-0001"},"code":{"value":"M"}},"address":[{"use":"home","line":[{"value":"1017 Healthcare Drive"}]}],"text":{"status":"generated","div":"<div>Beaker, Bill. SSN:\n\t\t\t\t\t\t333444444<\/div>"}}},"summary":"<div>Beaker, Bill. SSN:\n\t\t\t\t333444444<\/div>"},{"title":"dietician","id":"http://hl7.org/fhir/person/@66","versionId":null,"links":[{"rel":"self","href":"http://hl7.org/fhir/person/@66/history/@1"}],"updated":"2012-05-29T23:45:32Z","authors":[{"name":"Grahame Grieve","uri":null}],"categories":[{"term":"Person","scheme":"http://hl7.org/fhir/resource-types"}],"content":{"Person":{"identifier":[{"label":{"value":"SSN"},"identifier":{"system":{"value":"http://hl7.org/fhir/sid/us-ssn"},"id":{"value":"333555555"}}}],"name":[{"use":"official","family":[{"value":"Chow"}],"given":[{"value":"Connie"}]}],"telecom":[{"system":"phone","value":{"value":"555-555-1018"},"use":"work"}],"gender":{"system":{"value":"http://hl7.org/fhir/sid/v2-0001"},"code":{"value":"F"}},"address":[{"use":"home","line":[{"value":"1018 Healthcare Drive"}]}],"text":{"status":"generated","div":"<div>Chow, Connie. SSN:\n\t\t\t\t\t\t333555555<\/div>"}}},"summary":"<div>Chow, Connie. SSN:\n\t\t\t\t333555555<\/div>"},{"title":"social worker","id":"http://hl7.org/fhir/person/@67","versionId":null,"links":[{"rel":"self","href":"http://hl7.org/fhir/person/@67/history/@1"}],"updated":"2012-05-29T23:45:32Z","authors":[{"name":"Grahame Grieve","uri":null}],"categories":[{"term":"Person","scheme":"http://hl7.org/fhir/resource-types"}],"content":{"Person":{"identifier":[{"label":{"value":"SSN"},"identifier":{"system":{"value":"http://hl7.org/fhir/sid/us-ssn"},"id":{"value":"000111111"}}}],"name":[{"use":"official","family":[{"value":"Helper"}],"given":[{"value":"Helen"}]}],"telecom":[{"system":"phone","value":{"value":"555-555-1019"},"use":"work"}],"gender":{"system":{"value":"http://hl7.org/fhir/sid/v2-0001"},"code":{"value":"F"}},"address":[{"use":"home","line":[{"value":"1019 Healthcare Drive"}]}],"text":{"status":"generated","div":"<div>teHelper. SSN:\n\t\t\t\t\t\t000111111<\/div>"}}},"summary":"<div>teHelper. SSN:\n\t\t\t\t000111111<\/div>"},{"title":"occupational therapist","id":"http://hl7.org/fhir/person/@68","versionId":null,"links":[{"rel":"self","href":"http://hl7.org/fhir/person/@68/history/@1"}],"updated":"2012-05-29T23:45:32Z","authors":[{"name":"Grahame Grieve","uri":null}],"categories":[{"term":"Person","scheme":"http://hl7.org/fhir/resource-types"}],"content":{"Person":{"identifier":[{"label":{"value":"SSN"},"identifier":{"system":{"value":"http://hl7.org/fhir/sid/us-ssn"},"id":{"value":"222776666"}}}],"name":[{"use":"official","family":[{"value":"Player"}],"given":[{"value":"Pamela"}]}],"telecom":[{"system":"phone","value":{"value":"555-555-1059"},"use":"work"}],"gender":{"system":{"value":"http://hl7.org/fhir/sid/v2-0001"},"code":{"value":"F"}},"address":[{"use":"home","line":[{"value":"1057 Healthcare Drive"}]}],"text":{"status":"generated","div":"<div>Player, Pamela. SSN:\n\t\t\t\t\t\t222776666<\/div>"}}},"summary":"<div>Player, Pamela. SSN:\n\t\t\t\t222776666<\/div>"},{"title":"physical therapist","id":"http://hl7.org/fhir/person/@69","versionId":null,"links":[{"rel":"self","href":"http://hl7.org/fhir/person/@69/history/@1"}],"updated":"2012-05-29T23:45:32Z","authors":[{"name":"Grahame Grieve","uri":null}],"categories":[{"term":"Person","scheme":"http://hl7.org/fhir/resource-types"}],"content":{"Person":{"identifier":[{"label":{"value":"SSN"},"identifier":{"system":{"value":"http://hl7.org/fhir/sid/us-ssn"},"id":{"value":"222778888"}}}],"name":[{"use":"official","family":[{"value":"Stretcher"}],"given":[{"value":"Seth"}]}],"telecom":[{"system":"phone","value":{"value":"555-555-1060"},"use":"work"}],"gender":{"system":{"value":"http://hl7.org/fhir/sid/v2-0001"},"code":{"value":"M"}},"address":[{"use":"home","line":[{"value":"1058 Healthcare Drive"}]}],"text":{"status":"generated","div":"<div>Stretcher, Seth. SSN:\n\t\t\t\t\t\t222778888<\/div>"}}},"summary":"<div>Stretcher, Seth. SSN:\n\t\t\t\t222778888<\/div>"},{"title":"transcriptionist","id":"http://hl7.org/fhir/person/@70","versionId":null,"links":[{"rel":"self","href":"http://hl7.org/fhir/person/@70/history/@1"}],"updated":"2012-05-29T23:45:32Z","authors":[{"name":"Grahame Grieve","uri":null}],"categories":[{"term":"Person","scheme":"http://hl7.org/fhir/resource-types"}],"content":{"Person":{"identifier":[{"label":{"value":"SSN"},"identifier":{"system":{"value":"http://hl7.org/fhir/sid/us-ssn"},"id":{"value":"333777777"}}}],"name":[{"use":"official","family":[{"value":"Enter"}],"given":[{"value":"Ellen"}]}],"telecom":[{"system":"phone","value":{"value":"555-555-1020"},"use":"work"}],"gender":{"system":{"value":"http://hl7.org/fhir/sid/v2-0001"},"code":{"value":"F"}},"address":[{"use":"home","line":[{"value":"1058 Healthcare Drive"}]}],"text":{"status":"generated","div":"<div>Enter Ellen, ElleSSN:\n\t\t\t\t\t\t333777777<\/div>"}}},"summary":"<div>Enter Ellen, ElleSSN:\n\t\t\t\t333777777<\/div>"}]}