<?xml version="1.0" encoding="UTF-8"?>
<resourceDefinitions xmlns="http://hl7.org/fhir">
  <author>HL7</author>
  <resourceDefinition>
    <name>Person</name>
    <elementDefinitions>
      <elementDefinition>
        <name>Person</name>
        <cardinality>
          <minOccurs>1</minOccurs>
          <maxOccurs>1</maxOccurs>
        </cardinality>
        <condition></condition>
        <mustUnderstand>false</mustUnderstand>
        <definition>A person who is involved in the healthcare process</definition>
        <requirements>Need to track persons potentially across multiple roles</requirements>
        <comments>The Person resource does justice to Person registries that keep track of Persons regardless of their role. The Person resource is also a primary resource to point to for people acting in a particular role such as SubjectofCare, Provider, and Agent. Very few attributes are specific to any role and so Person is kept lean. Most attributes are expected to be tied to the role the Person plays rather than the Person himself. Examples of that are Guardian (SubjectofCare), ContactParty (SubjectOfCare, Provider), and multipleBirthInd (SubjectofCare)</comments>
        <rim>Person(classCode=&quot;PSN&quot; and determinerCode=&quot;INST&quot; and quantity=&quot;1&quot;)</rim>
      </elementDefinition>
      <elementDefinition>
        <name>Person.identifier</name>
        <cardinality>
          <minOccurs>0</minOccurs>
          <maxOccurs>unbounded</maxOccurs>
        </cardinality>
        <condition></condition>
        <types>
          <type>HumanId</type>
        </types>
        <mustUnderstand>true</mustUnderstand>
        <definition>Identifier for a person within a particular scope.</definition>
        <requirements>People are known by a variety of ids. Some institutions maintain several, and most collect identifiers for exchange with other organizations concerning the patient. Examples are national person identifier and local identifier</requirements>
        <rim>.plays:Role(classCode='IDENT').id</rim>
        <v2>PID-3</v2>
      </elementDefinition>
      <elementDefinition>
        <name>Person.name</name>
        <cardinality>
          <minOccurs>0</minOccurs>
          <maxOccurs>unbounded</maxOccurs>
        </cardinality>
        <condition></condition>
        <types>
          <type>HumanName</type>
        </types>
        <mustUnderstand>true</mustUnderstand>
        <definition>A name associated with the person</definition>
        <requirements>Need to be able to track the person by multiple names. Examples are your official name and a partner name.</requirements>
        <comments>Person may have multiple names with different uses or applicable periods.</comments>
        <rim>./name</rim>
        <v2>PID-5, PID-9</v2>
      </elementDefinition>
      <elementDefinition>
        <name>Person.telecom</name>
        <cardinality>
          <minOccurs>0</minOccurs>
          <maxOccurs>unbounded</maxOccurs>
        </cardinality>
        <condition></condition>
        <types>
          <type>Contact</type>
        </types>
        <mustUnderstand>true</mustUnderstand>
        <definition>A contact detail for the person, e.g. a telephone number or an email address.</definition>
        <requirements>People have (primary) ways to contact them in some way such as phone, email.</requirements>
        <comments>Person may have multiple ways to be contacted with different uses or applicable periods. May need to have options for contacting the person urgently, and also to help with identification</comments>
        <rim>./telecom</rim>
        <v2>PID-13, PID-14</v2>
      </elementDefinition>
      <elementDefinition>
        <name>Person.gender</name>
        <cardinality>
          <minOccurs>0</minOccurs>
          <maxOccurs>1</maxOccurs>
        </cardinality>
        <condition></condition>
        <types>
          <type>Coding</type>
        </types>
        <conceptDomain>AdministrativeGender</conceptDomain>
        <mustUnderstand>true</mustUnderstand>
        <definition>Administrative Gender</definition>
        <requirements>Needed for identification of the person, in combination with (at least) name and birth date. Gender of person drives many clinical processes.</requirements>
        <rim>./administrativeGender</rim>
        <v2>PID-8</v2>
      </elementDefinition>
      <elementDefinition>
        <name>Person.birthDate</name>
        <cardinality>
          <minOccurs>0</minOccurs>
          <maxOccurs>1</maxOccurs>
        </cardinality>
        <condition></condition>
        <types>
          <type>dateTime</type>
        </types>
        <mustUnderstand>true</mustUnderstand>
        <definition>The birth date for the person.</definition>
        <requirements>Age of person drives many clinical processes. Next to the common use case of capturing someone birth date, also in some common cases time is registered.</requirements>
        <comments>At least an estimated year should be provided as a guess if the real dob is unknown</comments>
        <rim>./birthTime</rim>
        <v2>PID-7</v2>
      </elementDefinition>
      <elementDefinition>
        <name>Person.deceased</name>
        <cardinality>
          <minOccurs>0</minOccurs>
          <maxOccurs>1</maxOccurs>
        </cardinality>
        <condition></condition>
        <types>
          <type>boolean</type>
        </types>
        <mustUnderstand>true</mustUnderstand>
        <definition>Indicates if the Person is deceased or not</definition>
        <requirements></requirements>
        <comments>If there's no value in the instance it means there is no statement on whether or not the person deceased. Most systems will interpret the absence of a value as a sign of the person being alive.</comments>
        <rim>./deceasedInd</rim>
        <v2>PID-30</v2>
      </elementDefinition>
      <elementDefinition>
        <name>Person.address</name>
        <cardinality>
          <minOccurs>0</minOccurs>
          <maxOccurs>unbounded</maxOccurs>
        </cardinality>
        <condition></condition>
        <types>
          <type>Address</type>
        </types>
        <mustUnderstand>true</mustUnderstand>
        <definition>One or more addresses for the person</definition>
        <requirements>May need to keep track of persons addresses for contacting, billing or reporting requirements and also to help with identification</requirements>
        <comments>Person may have multiple addresses with different uses or applicable periods</comments>
        <rim>./addr</rim>
        <v2>PID-11</v2>
      </elementDefinition>
      <elementDefinition>
        <name>Person.maritalStatus</name>
        <cardinality>
          <minOccurs>0</minOccurs>
          <maxOccurs>1</maxOccurs>
        </cardinality>
        <condition></condition>
        <types>
          <type>CodeableConcept</type>
        </types>
        <conceptDomain>MaritalStatus</conceptDomain>
        <mustUnderstand>true</mustUnderstand>
        <definition>This field contains the patient's marital (civil) status.</definition>
        <requirements></requirements>
        <rim>./maritalStatus</rim>
        <v2>PID-16</v2>
      </elementDefinition>
      <elementDefinition>
        <name>Person.language</name>
        <cardinality>
          <minOccurs>0</minOccurs>
          <maxOccurs>unbounded</maxOccurs>
        </cardinality>
        <condition></condition>
        <mustUnderstand>true</mustUnderstand>
        <definition>A language spoken by the person, with proficiency</definition>
        <requirements>If a patient does not speak the local language, interpreters may be required, so languages spoken and profiency is an important things to keep track of both for patient and other persons of interest</requirements>
        <comments>If no language is specified, this *implies* that the default local language is spoken.If you need to convey proficiency for multiple modes than you need multiple Person.language associations.</comments>
        <rim>.LanguageCommunication</rim>
      </elementDefinition>
      <elementDefinition>
        <name>Person.language.language</name>
        <cardinality>
          <minOccurs>1</minOccurs>
          <maxOccurs>1</maxOccurs>
        </cardinality>
        <condition></condition>
        <types>
          <type>CodeableConcept</type>
        </types>
        <conceptDomain>Language</conceptDomain>
        <mustUnderstand>true</mustUnderstand>
        <definition>The ISO-639-1 alpha 2 code in lower case for the language, optionally followed by a hyphen and the ISO-3166-1 alpha 2 code for the region in upper case. E.g. &quot;en&quot; for English, or &quot;en-US&quot; for American English versus &quot;en-EN&quot; for England English</definition>
        <requirements>Most systems in multilingual countries will want to convey language. Not all systems actually need the regional dialect.</requirements>
        <comments>The structure aa-BB with this exact casing is one the most widely used notations for locale. However not all systems actually code this but instead have it as free text. Hence CodeableConcept instead of code as the data type</comments>
        <rim>./languageCode</rim>
        <v2>PID-15, NK1-20, LAN-2</v2>
        <todo>So just ISO 639-3?  ISO-639-1 alpha 2 is actually somewhat outdated and ISO-639-2 alpha 3 has support for more languages/dialects.</todo>
      </elementDefinition>
      <elementDefinition>
        <name>Person.language.mode</name>
        <cardinality>
          <minOccurs>0</minOccurs>
          <maxOccurs>1</maxOccurs>
        </cardinality>
        <condition></condition>
        <types>
          <type>CodeableConcept</type>
        </types>
        <conceptDomain>LanguageAbilityMode</conceptDomain>
        <mustUnderstand>false</mustUnderstand>
        <definition>A value representing the person's method of expression of this language. Examples: expressed spoken, expressed written, expressed signed, received spoken, received written, received signed</definition>
        <requirements>A Person that can write English fairly well, but is not capable to understand</requirements>
        <comments>It's expected that modeCode and proficiencyLevelCode work in conjunction. It makes less sense to convey modeCode unless you want to distinctly denote someone proficiency for a particular mode. It's however perfectly acceptable to have a proficiencyLevelCode without a modeCode</comments>
        <rim>./modeCode</rim>
        <v2>LAN-3</v2>
      </elementDefinition>
      <elementDefinition>
        <name>Person.language.proficiencyLevel</name>
        <cardinality>
          <minOccurs>0</minOccurs>
          <maxOccurs>1</maxOccurs>
        </cardinality>
        <condition></condition>
        <types>
          <type>CodeableConcept</type>
        </types>
        <conceptDomain>LanguageAbilityProficiency</conceptDomain>
        <mustUnderstand>true</mustUnderstand>
        <definition>A code that describes how well the language is spoken</definition>
        <requirements></requirements>
        <comments>See comments for Person.language.modeCode</comments>
        <rim>./proficiencyLanguageCode</rim>
        <v2>LAN-4</v2>
      </elementDefinition>
      <elementDefinition>
        <name>Person.language.preference</name>
        <cardinality>
          <minOccurs>0</minOccurs>
          <maxOccurs>1</maxOccurs>
        </cardinality>
        <condition></condition>
        <types>
          <type>boolean</type>
        </types>
        <mustUnderstand>false</mustUnderstand>
        <definition>Indicates whether or not the Person prefers this language (over other languages he masters up a certain level)</definition>
        <requirements>People that master multiple languages up to certain level may prefer one or more, i.e. feel more confident in communicating in a particular language making other languages sort of a fall back method</requirements>
        <rim>./preferenceInd</rim>
        <v2>PID-15, NK1-20</v2>
      </elementDefinition>
      <elementDefinition>
        <name>Person.extension</name>
        <cardinality>
          <minOccurs>0</minOccurs>
          <maxOccurs>unbounded</maxOccurs>
        </cardinality>
        <condition></condition>
        <types>
          <type>Extension</type>
        </types>
        <mustUnderstand>false</mustUnderstand>
        <definition>See Extensions</definition>
        <requirements></requirements>
        <rim></rim>
      </elementDefinition>
      <elementDefinition>
        <name>Person.text</name>
        <cardinality>
          <minOccurs>1</minOccurs>
          <maxOccurs>1</maxOccurs>
        </cardinality>
        <condition></condition>
        <types>
          <type>Narrative</type>
        </types>
        <mustUnderstand>false</mustUnderstand>
        <definition>Text summary of resource (for human interpretation)</definition>
        <requirements></requirements>
        <rim></rim>
      </elementDefinition>
    </elementDefinitions>
  </resourceDefinition>
</resourceDefinitions>

