{"Person":{"identifier":[{"use":"usual","label":{"value":"MRN"},"identifier":{"system":{"value":"oid:1.2.36.146.595.217.0.1"},"id":{"value":"12345"}},"period":{"start":{"value":"2001-05-06"}}}],"name":[{"use":"official","family":[{"value":"Chalmers"}],"given":[{"value":"Peter"},{"value":"James"}]},{"use":"usual","given":[{"value":"Jim"}]}],"telecom":[{"use":"home"},{"system":"phone","value":{"value":"(03) 5555 6473"},"use":"work"}],"gender":{"system":{"value":"http://hl7.org/fhir/sid/v2-0001"},"code":{"value":"M"},"display":{"value":"Male"}},"birthDate":{"value":"1974-12-25"},"deceased":{"value":"org.hl7.fhir.instance.model.Boolean@43ad637e"},"address":[{"use":"home","line":[{"value":"534 Erewhon St"}],"city":{"value":"PleasantVille"},"state":{"value":"Vic"},"zip":{"value":"3999"}}],"text":{"status":"generated","div":"<div>\n      <table>\n        <tbody>\n          <tr>\n            <td>Name<\/td>\n            <td>Peter James <b>Chalmers<\/b> (&quot;Jim&quot;)<\/td>\n          <\/tr>\n          <tr>\n            <td>Address<\/td>\n            <td>534 Erewhon, Pleasantville, Vic, 3999<\/td>\n          <\/tr>\n          <tr>\n            <td>Contacts<\/td>\n            <td>Home: unknown. Work: (03) 5555 6473<\/td>\n          <\/tr>\n          <tr>\n            <td>Id<\/td>\n            <td>MRN: 12345 (Acme Healthcare)<\/td>\n          <\/tr>\n        <\/tbody>\n      <\/table>\n    <\/div>"}}}