{"Person":{"name":[{"use":"official","family":[{"value":"Grieve"}],"given":[{"value":"Grahame"}]}],"telecom":[{"system":"email","value":{"value":"grahame@healthintersections.com.au"},"use":"work"}],"gender":{"system":{"value":"http://hl7.org/fhir/sid/v2-0001"},"code":{"value":"M"},"display":{"value":"Male"}},"deceased":{"value":"org.hl7.fhir.instance.model.Boolean@7079724"},"text":{"status":"generated","div":"<div>\n      <a href=\"mailto:grahame@healthintersections.com.au\">Grahame Grieve<\/a>\n    <\/div>"}}}