{"Prescription":{"identifier":[{"use":"usual","label":{"value":"MRN"},"identifier":{"system":{"value":"oid:0.1.2.3.4.5.6.7"},"id":{"value":"123456"}}}],"status":"active","patient":{"type":{"value":"Patient"},"id":{"value":"25bd34"}},"prescriber":{"type":{"value":"Agent"},"id":{"value":"example"}},"prescribed":{"value":"2011-03-04T11:45:33+01:00"},"dispense":{"repeats":{"value":"2"},"quantity":{"value":{"value":"50"},"units":{"value":"ml"}},"dispenser":{"type":{"value":"Organization"},"id":{"value":"1"}}},"medicine":{"identification":{"text":{"value":"Penicillin VK oral suspension, 125mg/5ml"}},"activeIngredient":[{"identification":{"coding":[{"system":{"value":"urn:hl7.org:sid/atc"},"code":{"value":"XXXXX"},"display":{"value":"Penicillin"}}]},"quantityRatio":{"numerator":{"value":{"value":"125"},"units":{"value":"mg"},"system":{"value":"http://unitsofmeasure.org"},"code":{"value":"mg"}},"denominator":{"value":{"value":"5"},"units":{"value":"ml"},"system":{"value":"http://unitsofmeasure.org"},"code":{"value":"ml"}}}}],"inactiveIngredient":[{"identification":{"coding":[{"system":{"value":"urn:hl7.org:sid/atc"},"code":{"value":"YYYYY"},"display":{"value":"Water"}}]},"quantityCode":{"value":"sufficient"}}]},"administrationRequest":{"description":{"value":"250 mg po tid x 10 days"},"totalPeriodicDose":{"numerator":{"value":{"value":"750"},"units":{"value":"mg"},"system":{"value":"http://unitsofmeasure.org"},"code":{"value":"mg"}},"denominator":{"value":{"value":"1"},"units":{"value":"day"},"system":{"value":"http://unitsofmeasure.org"},"code":{"value":"d"}}},"duration":{"value":{"value":"10"},"units":{"value":"days"},"system":{"value":"http://unitsofmeasure.org"},"code":{"value":"d"}},"dosageInstruction":[{"route":{"coding":[{"system":{"value":"http://snomed.info"},"code":{"value":"363743006"},"display":{"value":"oral administration of treatment"}}]},"doseQuantity":{"value":{"value":"250"},"units":{"value":"mg"},"system":{"value":"http://unitsofmeasure.org"},"code":{"value":"mg"}},"schedule":[{"repeat":{"frequency":{"value":"3"},"duration":{"value":"1"},"units":"d"}}]}]},"reason":{"coding":[{"system":{"value":"http://hl7.org/fhir/sid/icd-10"},"code":{"value":"G44.1"}}],"text":{"value":"general headache"}},"text":{"status":"generated","div":"<div>\n      <p>Penicillin VK oral suspension, 125mg/5ml, 250 mg po tid x 10 days<\/p>\n    <\/div>"}}}