<?xml version="1.0" encoding="UTF-8"?><Problem xmlns="http://hl7.org/fhir">
  <code> 
    <text>Asthma</text>
  </code>
 <category>
   <coding>
    <system>http://snomed.info</system>
    <code>439401001</code> 
    <display>Diagnosis</display>
   </coding>
 </category>
 <status>confirmed</status>
 <severity>
   <coding>
    <system>http://snomed.info</system>
    <code>255604002</code>
    <display>Mild</display>
   </coding>
 </severity>
 <onsetDate>2012-11-12</onsetDate>
 <text>
   <status>generated</status>
   <div xmlns="http://www.w3.org/1999/xhtml">Mild Asthma (Date: 21-Nov 2012)</div>   
 </text>
</Problem>