<?xml version="1.0" encoding="UTF-8"?>

<Profile xmlns="http://hl7.org/fhir">
  <name>problem</name>
  <author>
    <name>todo (committee)</name>
  </author>
  <description>Basic Profile. Use to record detailed information about problems or diagnoses recognised by a clinician. There are many uses including: recording a Diagnosis during an Encounter; populating a Problem List or a Summary Statement, such as a Discharge Summary</description>
  <status>
    <code>testing</code>
    <date>2012-12-04</date>
  </status>
  <resource>
    <type>Resource</type>
    <element>
      <path>Problem</path>
      <definition>
        <short> detailed information about problems or diagnoses</short>
        <formal>Use to record detailed information about problems or diagnoses recognised by a clinician. There are many uses including: recording a Diagnosis during an Encounter; populating a Problem List or a Summary Statement, such as a Discharge Summary</formal>
        <min>1</min>
        <max>1</max>
        <type>
          <code>Resource</code>
        </type>
        <mustUnderstand>false</mustUnderstand>
      </definition>
    </element>
    <element>
      <path>Problem.code</path>
      <definition>
        <short>Identification of the problem or diagnosis</short>
        <formal>Identification of the problem or diagnosis. </formal>
        <min>1</min>
        <max>1</max>
        <type>
          <code>CodeableConcept</code>
        </type>
        <mustUnderstand>true</mustUnderstand>
        <binding>ProblemDiaganosisCode</binding>
      </definition>
    </element>
    <element>
      <path>Problem.category</path>
      <definition>
        <short>E.g. finding | problem | diagnosis | concern</short>
        <formal>A category assigned to the problem/diagnosis. E.g. finding | problem | diagnosis | concern | condition</formal>
        <comments>The categorization is often highly contextual and may appear poorly differentiated or not very useful in other contexts</comments>
        <min>0</min>
        <max>1</max>
        <type>
          <code>CodeableConcept</code>
        </type>
        <mustUnderstand>false</mustUnderstand>
        <binding>ProblemCategory</binding>
      </definition>
    </element>
    <element>
      <path>Problem.status</path>
      <definition>
        <short>provisional | working | confirmed | refuted</short>
        <formal>The clinical status of the problem or diagnosis</formal>
        <min>0</min>
        <max>1</max>
        <type>
          <code>code</code>
        </type>
        <mustUnderstand>true</mustUnderstand>
        <binding>ProblemStatus</binding>
      </definition>
    </element>
    <element>
      <path>Problem.certainty</path>
      <definition>
        <short>degree of confidence</short>
        <formal>The degree of confidence that this problem/diagnosis is correct</formal>
        <comments>May be a percentage</comments>
        <min>0</min>
        <max>1</max>
        <type>
          <code>CodeableConcept</code>
        </type>
        <mustUnderstand>true</mustUnderstand>
        <binding>ProblemCertainty</binding>
      </definition>
    </element>
    <element>
      <path>Problem.severity</path>
      <definition>
        <short>subjective severity of problem/diagnosis</short>
        <formal>A subjective assessment of the severity of the Problem/Diagnosis as evaluated by the clinician.</formal>
        <comments> Coding of the severity with a terminology is preferred, where possible</comments>
        <min>0</min>
        <max>1</max>
        <type>
          <code>CodeableConcept</code>
        </type>
        <mustUnderstand>false</mustUnderstand>
        <binding>ProblemSeverity</binding>
      </definition>
    </element>
    <element>
      <path>Problem.onset[x]</path>
      <definition>
        <short>estimated or actual date, or age</short>
        <formal>Estimated or actual date the problem/diagnosis began, in the opinion of the clinician</formal>
        <comments>Age is generally used when the patient reports an age at which the problem began to occur</comments>
        <min>0</min>
        <max>1</max>
        <type>
          <code>date</code>
        </type>
        <type>
          <code>Age</code>
        </type>
        <mustUnderstand>false</mustUnderstand>
      </definition>
    </element>
    <element>
      <path>Problem.dateFound</path>
      <definition>
        <short>when the first detected/suspect/entered</short>
        <formal>Estimated or actual date the problem/diagnosis was first detected/suspected</formal>
        <min>0</min>
        <max>1</max>
        <type>
          <code>date</code>
        </type>
        <mustUnderstand>false</mustUnderstand>
      </definition>
    </element>
    <element>
      <path>Problem.abatement[x]</path>
      <definition>
        <short>if/when in resolution/remission</short>
        <formal>The date or estimated date that the problem/diagnosis resolved or went into remission</formal>
        <comments>There is no explicit distinction between resolution and remission because in many cases the distinction is not clear. Age is generally used when the patient reports an age at which the problem abated</comments>
        <min>0</min>
        <max>1</max>
        <type>
          <code>date</code>
        </type>
        <type>
          <code>Age</code>
        </type>
        <type>
          <code>boolean</code>
        </type>
        <mustUnderstand>false</mustUnderstand>
      </definition>
    </element>
    <element>
      <path>Problem.stage</path>
      <definition>
        <short>stage/grade, usually assessed formally</short>
        <formal>Clinical stage or grade of a problem/diagnosis. May include formal severity assessments</formal>
        <min>0</min>
        <max>1</max>
        <mustUnderstand>false</mustUnderstand>
      </definition>
    </element>
    <element>
      <path>Problem.stage.summary</path>
      <definition>
        <short>simple summary (disease specific)</short>
        <formal>A simple summary of the stage such as &quot;Stage 3&quot;. The determination of the stage is disease-specific</formal>
        <min>0</min>
        <max>1</max>
        <type>
          <code>CodeableConcept</code>
        </type>
        <mustUnderstand>false</mustUnderstand>
      </definition>
    </element>
    <element>
      <path>Problem.stage.assessment</path>
      <definition>
        <short>formal record of assessment</short>
        <formal>Reference to a formal record of the evidence on which the staging assessment is based</formal>
        <min>0</min>
        <max>*</max>
        <type>
          <code>Resource(Any)</code>
        </type>
        <mustUnderstand>false</mustUnderstand>
      </definition>
    </element>
    <element>
      <path>Problem.evidence</path>
      <definition>
        <short>supporting evidence</short>
        <formal>supporting Evidence / manfiestions that are the basis on which this problem/diagnosis is suspected or confirmed</formal>
        <comments>The evidence may be a simple lost of coded symptoms/manifestations, or references to observations or formal assessments, or both</comments>
        <min>0</min>
        <max>*</max>
        <mustUnderstand>false</mustUnderstand>
      </definition>
    </element>
    <element>
      <path>Problem.evidence.code</path>
      <definition>
        <short>manifestation/symptom</short>
        <formal>A manifestion or symptom that led to the recording of this problem/diagnosis</formal>
        <min>0</min>
        <max>1</max>
        <type>
          <code>CodeableConcept</code>
        </type>
        <mustUnderstand>false</mustUnderstand>
      </definition>
    </element>
    <element>
      <path>Problem.evidence.details</path>
      <definition>
        <short>supporting information found elsewhere</short>
        <formal>Links to other relevant information, including pathology reports</formal>
        <min>0</min>
        <max>1</max>
        <type>
          <code>Resource(Any)</code>
        </type>
        <mustUnderstand>false</mustUnderstand>
      </definition>
    </element>
    <element>
      <path>Problem.location</path>
      <definition>
        <short>anatomical location, if relevant</short>
        <formal>The anatomical location where this problem/diagnosis manifests itself</formal>
        <comments>May be a summary code, or a reference to a very precise definition of the location, or both</comments>
        <min>0</min>
        <max>1</max>
        <mustUnderstand>false</mustUnderstand>
      </definition>
    </element>
    <element>
      <path>Problem.location.code</path>
      <definition>
        <short>location - may include laterality</short>
        <formal>code that identifies the structural location</formal>
        <comments>May include laterality</comments>
        <min>0</min>
        <max>1</max>
        <type>
          <code>CodeableConcept</code>
        </type>
        <mustUnderstand>false</mustUnderstand>
      </definition>
    </element>
    <element>
      <path>Problem.location.details</path>
      <definition>
        <short>precise location details</short>
        <formal>detailed and structured anatomical location information</formal>
        <min>0</min>
        <max>1</max>
        <type>
          <code>Resource(AnatomicalLocation)</code>
        </type>
        <mustUnderstand>false</mustUnderstand>
      </definition>
    </element>
    <element>
      <path>Problem.relatedItem</path>
      <definition>
        <short>causes or precedents for this problem</short>
        <formal>Further problems, diagnoses, procedures or events that are related in some way to this problem/diagnosis, or the substance that caused/triggered this problem</formal>
        <comments>Although a problem may be caused by a substance, this is not intended to be used to record allergies/adverse reactions to substances</comments>
        <min>0</min>
        <max>*</max>
        <mustUnderstand>false</mustUnderstand>
      </definition>
    </element>
    <element>
      <path>Problem.relatedItem.type</path>
      <definition>
        <short>due-to | follows</short>
        <formal>The type of relationship that this problem/diagnosis has to the related item</formal>
        <min>1</min>
        <max>1</max>
        <type>
          <code>code</code>
        </type>
        <mustUnderstand>false</mustUnderstand>
        <binding>ProblemRelationshipType</binding>
      </definition>
    </element>
    <element>
      <path>Problem.relatedItem.target</path>
      <definition>
        <short>relationship target</short>
        <formal>target of the relationship </formal>
        <min>1</min>
        <max>1</max>
        <type>
          <code>Resource(Problem|Procedure|Substance)</code>
        </type>
        <mustUnderstand>false</mustUnderstand>
      </definition>
    </element>
    <element>
      <path>Problem.extension</path>
      <definition>
        <short>See Extensions</short>
        <formal>See Extensions</formal>
        <min>0</min>
        <max>*</max>
        <type>
          <code>Extension</code>
        </type>
        <mustUnderstand>false</mustUnderstand>
      </definition>
    </element>
    <element>
      <path>Problem.text</path>
      <definition>
        <short>Text summary of resource (for human interpretation)</short>
        <formal>Text summary of resource (for human interpretation)</formal>
        <min>1</min>
        <max>1</max>
        <type>
          <code>Narrative</code>
        </type>
        <mustUnderstand>false</mustUnderstand>
      </definition>
    </element>
  </resource>
  <text>
    <status>generated</status><div xmlns="http://www.w3.org/1999/xhtml"><pre>
&lt;<a title="Use to record detailed information about problems or diagnoses recognised by a clinician. There are many uses including: recording a Diagnosis during an Encounter; populating a Problem List or a Summary Statement, such as a Discharge Summary" class="dict" href="problem-definitions.htm#Problem"><b>Problem</b></a> xmlns=&quot;http://hl7.org/fhir&quot;&gt;
 &lt;<a title="Identification of the problem or diagnosis.  (this element must be supported or understood)" class="dict" href="problem-definitions.htm#Problem.code"><span style="text-decoration: underline"><b>code</b></span></a>&gt;<span style="color: Gray">&lt;!--</span> <span style="color: brown"><b>1..1</b></span> <span style="color: darkgreen"><a href="datatypes.htm#CodeableConcept">CodeableConcept</a></span> <span style="color: navy">Identification of the problem or diagnosis</span><span style="color: Gray"> --&gt;</span>&lt;/code&gt;
 &lt;<a title="A category assigned to the problem/diagnosis. E.g. finding | problem | diagnosis | concern | condition" class="dict" href="problem-definitions.htm#Problem.category"><b>category</b></a>&gt;<span style="color: Gray">&lt;!--</span> <span style="color: brown"><b>0..1</b></span> <span style="color: darkgreen"><a href="datatypes.htm#CodeableConcept">CodeableConcept</a></span> <span style="color: navy">E.g. finding | problem | diagnosis | concern</span><span style="color: Gray"> --&gt;</span>&lt;/category&gt;
 &lt;<a title="The clinical status of the problem or diagnosis (this element must be supported or understood)" class="dict" href="problem-definitions.htm#Problem.status"><span style="text-decoration: underline"><b>status</b></span></a>&gt;<span style="color: Gray">&lt;!--</span> <span style="color: brown"><b>0..1</b></span> <span style="color: darkgreen"><a href="datatypes.htm#code">code</a></span> <span style="color: navy">provisional | working | confirmed | refuted</span><span style="color: Gray"> --&gt;</span>&lt;/status&gt;
 &lt;<a title="The degree of confidence that this problem/diagnosis is correct (this element must be supported or understood)" class="dict" href="problem-definitions.htm#Problem.certainty"><span style="text-decoration: underline"><b>certainty</b></span></a>&gt;<span style="color: Gray">&lt;!--</span> <span style="color: brown"><b>0..1</b></span> <span style="color: darkgreen"><a href="datatypes.htm#CodeableConcept">CodeableConcept</a></span> <span style="color: navy">degree of confidence</span><span style="color: Gray"> --&gt;</span>&lt;/certainty&gt;
 &lt;<a title="A subjective assessment of the severity of the Problem/Diagnosis as evaluated by the clinician." class="dict" href="problem-definitions.htm#Problem.severity"><b>severity</b></a>&gt;<span style="color: Gray">&lt;!--</span> <span style="color: brown"><b>0..1</b></span> <span style="color: darkgreen"><a href="datatypes.htm#CodeableConcept">CodeableConcept</a></span> <span style="color: navy">subjective severity of problem/diagnosis</span><span style="color: Gray"> --&gt;</span>&lt;/severity&gt;
 &lt;<a title="Estimated or actual date the problem/diagnosis began, in the opinion of the clinician" class="dict" href="problem-definitions.htm#Problem.onset[x]"><b>onset[x]</b></a>&gt;<span style="color: Gray">&lt;!--</span> <span style="color: brown"><b>0..1</b></span> <span style="color: darkgreen"><a href="datatypes.htm#date">date</a>|<a href="datatypes.htm#Age">Age</a></span> <span style="color: navy">estimated or actual date, or age</span><span style="color: Gray"> --&gt;</span>&lt;/onset[x]&gt;
 &lt;<a title="Estimated or actual date the problem/diagnosis was first detected/suspected" class="dict" href="problem-definitions.htm#Problem.dateFound"><b>dateFound</b></a>&gt;<span style="color: Gray">&lt;!--</span> <span style="color: brown"><b>0..1</b></span> <span style="color: darkgreen"><a href="datatypes.htm#date">date</a></span> <span style="color: navy">when the first detected/suspect/entered</span><span style="color: Gray"> --&gt;</span>&lt;/dateFound&gt;
 &lt;<a title="The date or estimated date that the problem/diagnosis resolved or went into remission" class="dict" href="problem-definitions.htm#Problem.abatement[x]"><b>abatement[x]</b></a>&gt;<span style="color: Gray">&lt;!--</span> <span style="color: brown"><b>0..1</b></span> <span style="color: darkgreen"><a href="datatypes.htm#date">date</a>|<a href="datatypes.htm#Age">Age</a>|<a href="datatypes.htm#boolean">boolean</a></span> <span style="color: navy">if/when in resolution/remission</span><span style="color: Gray"> --&gt;</span>&lt;/abatement[x]&gt;
 &lt;<a title="Clinical stage or grade of a problem/diagnosis. May include formal severity assessments" class="dict" href="problem-definitions.htm#Problem.stage"><b>stage</b></a>&gt;  <span style="color: Gray">&lt;!-- <span style="color: brown"><b>0..1</b></span> stage/grade, usually assessed formally --&gt;</span>
  &lt;<a title="A simple summary of the stage such as &quot;Stage 3&quot;. The determination of the stage is disease-specific" class="dict" href="problem-definitions.htm#Problem.stage.summary"><b>summary</b></a>&gt;<span style="color: Gray">&lt;!--</span> <span title="Stage must have summary or assessment" style="color: deeppink"><b>0..1</b></span> <span style="color: darkgreen"><a href="datatypes.htm#CodeableConcept">CodeableConcept</a></span> <span style="color: navy">simple summary (disease specific)</span><span style="color: Gray"> --&gt;</span>&lt;/summary&gt;
  &lt;<a title="Reference to a formal record of the evidence on which the staging assessment is based" class="dict" href="problem-definitions.htm#Problem.stage.assessment"><b>assessment</b></a>&gt;<span style="color: Gray">&lt;!--</span> <span title="Stage must have summary or assessment" style="color: deeppink"><b>0..*</b></span> <span style="color: darkgreen"><a href="xml.htm#Resource">Resource</a>(<a href="resources.htm">Any</a>)</span> <span style="color: navy">formal record of assessment</span><span style="color: Gray"> --&gt;</span>&lt;/assessment&gt;
 &lt;/stage&gt;
 &lt;<a title="supporting Evidence / manfiestions that are the basis on which this problem/diagnosis is suspected or confirmed" class="dict" href="problem-definitions.htm#Problem.evidence"><b>evidence</b></a>&gt;  <span style="color: Gray">&lt;!-- <span style="color: brown"><b>0..*</b></span> supporting evidence --&gt;</span>
  &lt;<a title="A manifestion or symptom that led to the recording of this problem/diagnosis" class="dict" href="problem-definitions.htm#Problem.evidence.code"><b>code</b></a>&gt;<span style="color: Gray">&lt;!--</span> <span title="evidence must have code or details" style="color: deeppink"><b>0..1</b></span> <span style="color: darkgreen"><a href="datatypes.htm#CodeableConcept">CodeableConcept</a></span> <span style="color: navy">manifestation/symptom</span><span style="color: Gray"> --&gt;</span>&lt;/code&gt;
  &lt;<a title="Links to other relevant information, including pathology reports" class="dict" href="problem-definitions.htm#Problem.evidence.details"><b>details</b></a>&gt;<span style="color: Gray">&lt;!--</span> <span title="evidence must have code or details" style="color: deeppink"><b>0..1</b></span> <span style="color: darkgreen"><a href="xml.htm#Resource">Resource</a>(<a href="resources.htm">Any</a>)</span> <span style="color: navy">supporting information found elsewhere</span><span style="color: Gray"> --&gt;</span>&lt;/details&gt;
 &lt;/evidence&gt;
 &lt;<a title="The anatomical location where this problem/diagnosis manifests itself" class="dict" href="problem-definitions.htm#Problem.location"><b>location</b></a>&gt;  <span style="color: Gray">&lt;!-- <span style="color: brown"><b>0..1</b></span> anatomical location, if relevant --&gt;</span>
  &lt;<a title="code that identifies the structural location" class="dict" href="problem-definitions.htm#Problem.location.code"><b>code</b></a>&gt;<span style="color: Gray">&lt;!--</span> <span title="location must have code or details" style="color: deeppink"><b>0..1</b></span> <span style="color: darkgreen"><a href="datatypes.htm#CodeableConcept">CodeableConcept</a></span> <span style="color: navy">location - may include laterality</span><span style="color: Gray"> --&gt;</span>&lt;/code&gt;
  &lt;<a title="detailed and structured anatomical location information" class="dict" href="problem-definitions.htm#Problem.location.details"><b>details</b></a>&gt;<span style="color: Gray">&lt;!--</span> <span title="location must have code or details" style="color: deeppink"><b>0..1</b></span> <span style="color: darkgreen"><a href="xml.htm#Resource">Resource</a>(<a href="resources.htm">AnatomicalLocation</a>)</span> <span style="color: navy">precise location details</span><span style="color: Gray"> --&gt;</span>&lt;/details&gt;
 &lt;/location&gt;
 &lt;<a title="Further problems, diagnoses, procedures or events that are related in some way to this problem/diagnosis, or the substance that caused/triggered this problem" class="dict" href="problem-definitions.htm#Problem.relatedItem"><b>relatedItem</b></a>&gt;  <span style="color: Gray">&lt;!-- <span style="color: brown"><b>0..*</b></span> causes or precedents for this problem --&gt;</span>
  &lt;<a title="The type of relationship that this problem/diagnosis has to the related item" class="dict" href="problem-definitions.htm#Problem.relatedItem.type"><b>type</b></a>&gt;<span style="color: Gray">&lt;!--</span> <span style="color: brown"><b>1..1</b></span> <span style="color: darkgreen"><a href="datatypes.htm#code">code</a></span> <span style="color: navy">due-to | follows</span><span style="color: Gray"> --&gt;</span>&lt;/type&gt;
  &lt;<a title="target of the relationship " class="dict" href="problem-definitions.htm#Problem.relatedItem.target"><b>target</b></a>&gt;<span style="color: Gray">&lt;!--</span> <span style="color: brown"><b>1..1</b></span> <span style="color: darkgreen"><a href="xml.htm#Resource">Resource</a>(<a href="Problem.htm#Problem">Problem</a>|<a href="resources.htm">Procedure</a>|<a href="resources.htm">Substance</a>)</span> <span style="color: navy">relationship target</span><span style="color: Gray"> --&gt;</span>&lt;/target&gt;
 &lt;/relatedItem&gt;
 &lt;<a title="See Extensions" class="dict" href="problem-definitions.htm#Problem.extension"><b>extension</b></a>&gt;<span style="color: Gray">&lt;!--</span> <span style="color: brown"><b>0..*</b></span> <span style="color: darkgreen"><a href="extensibility.htm#Extension">Extension</a></span>  <a href="extensibility.htm"><span style="color: navy">See Extensions</span></a> <span style="color: Gray"> --&gt;</span>&lt;/extension&gt;
 &lt;<a title="Text summary of resource (for human interpretation)" class="dict" href="problem-definitions.htm#Problem.text"><b>text</b></a>&gt;<span style="color: Gray">&lt;!--</span> <span style="color: brown"><b>1..1</b></span> <span style="color: darkgreen"><a href="xml.htm#Narrative">Narrative</a></span> <span style="color: navy">Text summary of resource (for human interpretation)</span><span style="color: Gray"> --&gt;</span>&lt;/text&gt;
&lt;/Problem&gt;
</pre></div>
  </text>
</Profile>