<?xml version="1.0" encoding="UTF-8"?><Problem xmlns="http://hl7.org/fhir">
  <code> 
    <coding>
      <system>http://snomed.info</system>
      <code>39065001</code>
      <display>Burn of ear</display>
    </coding>
    <text>Burnt Ear</text>
  </code>
 <category>
   <coding>
    <system>http://snomed.info</system>
    <code>439401001</code> 
    <display>Diagnosis</display>
   </coding>
 </category>
 <status>confirmed</status>
 <severity>
   <coding>
    <system>http://snomed.info</system>
    <code>24484000</code>
    <display>Severe</display>
   </coding>
 </severity>
 <onsetDate>2012-05-24</onsetDate>
 <location>
  <code>
    <coding>
      <system>http://snomed.info</system>
      <code>49521004</code>
      <display>Left external ear structure</display>
    </coding>
    <text>Left Ear</text>
  </code>
 </location>
 <text>
   <status>generated</status>
   <div xmlns="http://www.w3.org/1999/xhtml">Severe burn of left ear (Date: 24-May 2012)</div>   
 </text>
</Problem>