{"Problem":{"code":{"coding":[{"system":{"value":"http://snomed.info"},"code":{"value":"39065001"},"display":{"value":"Burn of ear"}}],"text":{"value":"Burnt Ear"}},"category":{"coding":[{"system":{"value":"http://snomed.info"},"code":{"value":"439401001"},"display":{"value":"Diagnosis"}}]},"status":{"value":"confirmed"},"severity":{"coding":[{"system":{"value":"http://snomed.info"},"code":{"value":"24484000"},"display":{"value":"Severe"}}]},"onsetDate":{"value":"2012-05-24"},"location":{"code":{"coding":[{"system":{"value":"http://snomed.info"},"code":{"value":"49521004"},"display":{"value":"Left external ear structure"}}],"text":{"value":"Left Ear"}}},"text":{"status":"generated","div":"<div>Severe burn of left ear (Date: 24-May 2012)<\/div>"}}}