<?xml version="1.0" encoding="UTF-8"?>
<resourceDefinitions xmlns="http://hl7.org/fhir">
  <author>HL7</author>
  <resourceDefinition>
    <name>Problem</name>
    <elementDefinitions>
      <elementDefinition>
        <name>Problem</name>
        <cardinality>
          <minOccurs>1</minOccurs>
          <maxOccurs>1</maxOccurs>
        </cardinality>
        <condition></condition>
        <mustUnderstand>false</mustUnderstand>
        <definition>Use to record detailed information about problems or diagnoses recognised by a clinician. There are many uses including: recording a Diagnosis during an Encounter; populating a Problem List or a Summary Statement, such as a Discharge Summary</definition>
        <requirements></requirements>
        <rim></rim>
      </elementDefinition>
      <elementDefinition>
        <name>Problem.code</name>
        <cardinality>
          <minOccurs>1</minOccurs>
          <maxOccurs>1</maxOccurs>
        </cardinality>
        <condition></condition>
        <types>
          <type>CodeableConcept</type>
        </types>
        <conceptDomain>ProblemDiaganosisCode</conceptDomain>
        <mustUnderstand>true</mustUnderstand>
        <definition>Identification of the problem or diagnosis. </definition>
        <requirements></requirements>
        <rim></rim>
      </elementDefinition>
      <elementDefinition>
        <name>Problem.category</name>
        <cardinality>
          <minOccurs>0</minOccurs>
          <maxOccurs>1</maxOccurs>
        </cardinality>
        <condition></condition>
        <types>
          <type>CodeableConcept</type>
        </types>
        <conceptDomain>ProblemCategory</conceptDomain>
        <mustUnderstand>false</mustUnderstand>
        <definition>A category assigned to the problem/diagnosis. E.g. finding | problem | diagnosis | concern | condition</definition>
        <requirements></requirements>
        <comments>The categorization is often highly contextual and may appear poorly differentiated or not very useful in other contexts</comments>
        <rim></rim>
      </elementDefinition>
      <elementDefinition>
        <name>Problem.status</name>
        <cardinality>
          <minOccurs>0</minOccurs>
          <maxOccurs>1</maxOccurs>
        </cardinality>
        <condition></condition>
        <types>
          <type>code</type>
        </types>
        <conceptDomain>ProblemStatus</conceptDomain>
        <mustUnderstand>true</mustUnderstand>
        <definition>The clinical status of the problem or diagnosis</definition>
        <requirements></requirements>
        <rim></rim>
      </elementDefinition>
      <elementDefinition>
        <name>Problem.certainty</name>
        <cardinality>
          <minOccurs>0</minOccurs>
          <maxOccurs>1</maxOccurs>
        </cardinality>
        <condition></condition>
        <types>
          <type>CodeableConcept</type>
        </types>
        <conceptDomain>ProblemCertainty</conceptDomain>
        <mustUnderstand>true</mustUnderstand>
        <definition>The degree of confidence that this problem/diagnosis is correct</definition>
        <requirements></requirements>
        <comments>May be a percentage</comments>
        <rim></rim>
      </elementDefinition>
      <elementDefinition>
        <name>Problem.severity</name>
        <cardinality>
          <minOccurs>0</minOccurs>
          <maxOccurs>1</maxOccurs>
        </cardinality>
        <condition></condition>
        <types>
          <type>CodeableConcept</type>
        </types>
        <conceptDomain>ProblemSeverity</conceptDomain>
        <mustUnderstand>false</mustUnderstand>
        <definition>A subjective assessment of the severity of the Problem/Diagnosis as evaluated by the clinician.</definition>
        <requirements></requirements>
        <comments> Coding of the severity with a terminology is preferred, where possible</comments>
        <rim></rim>
      </elementDefinition>
      <elementDefinition>
        <name>Problem.onset[x]</name>
        <cardinality>
          <minOccurs>0</minOccurs>
          <maxOccurs>1</maxOccurs>
        </cardinality>
        <condition></condition>
        <types>
          <type>date</type>
          <type>Age</type>
        </types>
        <mustUnderstand>false</mustUnderstand>
        <definition>Estimated or actual date the problem/diagnosis began, in the opinion of the clinician</definition>
        <requirements></requirements>
        <comments>Age is generally used when the patient reports an age at which the problem began to occur</comments>
        <rim></rim>
      </elementDefinition>
      <elementDefinition>
        <name>Problem.dateFound</name>
        <cardinality>
          <minOccurs>0</minOccurs>
          <maxOccurs>1</maxOccurs>
        </cardinality>
        <condition></condition>
        <types>
          <type>date</type>
        </types>
        <mustUnderstand>false</mustUnderstand>
        <definition>Estimated or actual date the problem/diagnosis was first detected/suspected</definition>
        <requirements></requirements>
        <rim></rim>
      </elementDefinition>
      <elementDefinition>
        <name>Problem.abatement[x]</name>
        <cardinality>
          <minOccurs>0</minOccurs>
          <maxOccurs>1</maxOccurs>
        </cardinality>
        <condition></condition>
        <types>
          <type>date</type>
          <type>Age</type>
          <type>boolean</type>
        </types>
        <mustUnderstand>false</mustUnderstand>
        <definition>The date or estimated date that the problem/diagnosis resolved or went into remission</definition>
        <requirements></requirements>
        <comments>There is no explicit distinction between resolution and remission because in many cases the distinction is not clear. Age is generally used when the patient reports an age at which the problem abated</comments>
        <rim></rim>
      </elementDefinition>
      <elementDefinition>
        <name>Problem.stage</name>
        <cardinality>
          <minOccurs>0</minOccurs>
          <maxOccurs>1</maxOccurs>
        </cardinality>
        <condition></condition>
        <mustUnderstand>false</mustUnderstand>
        <definition>Clinical stage or grade of a problem/diagnosis. May include formal severity assessments</definition>
        <requirements></requirements>
        <rim></rim>
      </elementDefinition>
      <elementDefinition>
        <name>Problem.stage.summary</name>
        <cardinality>
          <minOccurs>0</minOccurs>
          <maxOccurs>1</maxOccurs>
        </cardinality>
        <condition></condition>
        <types>
          <type>CodeableConcept</type>
        </types>
        <mustUnderstand>false</mustUnderstand>
        <definition>A simple summary of the stage such as &quot;Stage 3&quot;. The determination of the stage is disease-specific</definition>
        <requirements></requirements>
        <rim></rim>
      </elementDefinition>
      <elementDefinition>
        <name>Problem.stage.assessment</name>
        <cardinality>
          <minOccurs>0</minOccurs>
          <maxOccurs>unbounded</maxOccurs>
        </cardinality>
        <condition></condition>
        <types>
          <type>Resource(Any)</type>
        </types>
        <mustUnderstand>false</mustUnderstand>
        <definition>Reference to a formal record of the evidence on which the staging assessment is based</definition>
        <requirements></requirements>
        <rim></rim>
      </elementDefinition>
      <elementDefinition>
        <name>Problem.evidence</name>
        <cardinality>
          <minOccurs>0</minOccurs>
          <maxOccurs>unbounded</maxOccurs>
        </cardinality>
        <condition></condition>
        <mustUnderstand>false</mustUnderstand>
        <definition>supporting Evidence / manfiestions that are the basis on which this problem/diagnosis is suspected or confirmed</definition>
        <requirements></requirements>
        <comments>The evidence may be a simple lost of coded symptoms/manifestations, or references to observations or formal assessments, or both</comments>
        <rim></rim>
      </elementDefinition>
      <elementDefinition>
        <name>Problem.evidence.code</name>
        <cardinality>
          <minOccurs>0</minOccurs>
          <maxOccurs>1</maxOccurs>
        </cardinality>
        <condition></condition>
        <types>
          <type>CodeableConcept</type>
        </types>
        <mustUnderstand>false</mustUnderstand>
        <definition>A manifestion or symptom that led to the recording of this problem/diagnosis</definition>
        <requirements></requirements>
        <rim></rim>
      </elementDefinition>
      <elementDefinition>
        <name>Problem.evidence.details</name>
        <cardinality>
          <minOccurs>0</minOccurs>
          <maxOccurs>1</maxOccurs>
        </cardinality>
        <condition></condition>
        <types>
          <type>Resource(Any)</type>
        </types>
        <mustUnderstand>false</mustUnderstand>
        <definition>Links to other relevant information, including pathology reports</definition>
        <requirements></requirements>
        <rim></rim>
      </elementDefinition>
      <elementDefinition>
        <name>Problem.location</name>
        <cardinality>
          <minOccurs>0</minOccurs>
          <maxOccurs>1</maxOccurs>
        </cardinality>
        <condition></condition>
        <mustUnderstand>false</mustUnderstand>
        <definition>The anatomical location where this problem/diagnosis manifests itself</definition>
        <requirements></requirements>
        <comments>May be a summary code, or a reference to a very precise definition of the location, or both</comments>
        <rim></rim>
      </elementDefinition>
      <elementDefinition>
        <name>Problem.location.code</name>
        <cardinality>
          <minOccurs>0</minOccurs>
          <maxOccurs>1</maxOccurs>
        </cardinality>
        <condition></condition>
        <types>
          <type>CodeableConcept</type>
        </types>
        <mustUnderstand>false</mustUnderstand>
        <definition>code that identifies the structural location</definition>
        <requirements></requirements>
        <comments>May include laterality</comments>
        <rim></rim>
      </elementDefinition>
      <elementDefinition>
        <name>Problem.location.details</name>
        <cardinality>
          <minOccurs>0</minOccurs>
          <maxOccurs>1</maxOccurs>
        </cardinality>
        <condition></condition>
        <types>
          <type>Resource(AnatomicalLocation)</type>
        </types>
        <mustUnderstand>false</mustUnderstand>
        <definition>detailed and structured anatomical location information</definition>
        <requirements></requirements>
        <rim></rim>
      </elementDefinition>
      <elementDefinition>
        <name>Problem.relatedItem</name>
        <cardinality>
          <minOccurs>0</minOccurs>
          <maxOccurs>unbounded</maxOccurs>
        </cardinality>
        <condition></condition>
        <mustUnderstand>false</mustUnderstand>
        <definition>Further problems, diagnoses, procedures or events that are related in some way to this problem/diagnosis, or the substance that caused/triggered this problem</definition>
        <requirements></requirements>
        <comments>Although a problem may be caused by a substance, this is not intended to be used to record allergies/adverse reactions to substances</comments>
        <rim></rim>
      </elementDefinition>
      <elementDefinition>
        <name>Problem.relatedItem.type</name>
        <cardinality>
          <minOccurs>1</minOccurs>
          <maxOccurs>1</maxOccurs>
        </cardinality>
        <condition></condition>
        <types>
          <type>code</type>
        </types>
        <conceptDomain>ProblemRelationshipType</conceptDomain>
        <mustUnderstand>false</mustUnderstand>
        <definition>The type of relationship that this problem/diagnosis has to the related item</definition>
        <requirements></requirements>
        <rim></rim>
      </elementDefinition>
      <elementDefinition>
        <name>Problem.relatedItem.target</name>
        <cardinality>
          <minOccurs>1</minOccurs>
          <maxOccurs>1</maxOccurs>
        </cardinality>
        <condition></condition>
        <types>
          <type>Resource(Problem|Procedure|Substance)</type>
        </types>
        <mustUnderstand>false</mustUnderstand>
        <definition>target of the relationship </definition>
        <requirements></requirements>
        <rim></rim>
      </elementDefinition>
      <elementDefinition>
        <name>Problem.extension</name>
        <cardinality>
          <minOccurs>0</minOccurs>
          <maxOccurs>unbounded</maxOccurs>
        </cardinality>
        <condition></condition>
        <types>
          <type>Extension</type>
        </types>
        <mustUnderstand>false</mustUnderstand>
        <definition>See Extensions</definition>
        <requirements></requirements>
        <rim>[varies]</rim>
      </elementDefinition>
      <elementDefinition>
        <name>Problem.text</name>
        <cardinality>
          <minOccurs>1</minOccurs>
          <maxOccurs>1</maxOccurs>
        </cardinality>
        <condition></condition>
        <types>
          <type>Narrative</type>
        </types>
        <mustUnderstand>false</mustUnderstand>
        <definition>Text summary of resource (for human interpretation)</definition>
        <requirements></requirements>
        <rim></rim>
      </elementDefinition>
    </elementDefinitions>
  </resourceDefinition>
</resourceDefinitions>

