<?xml version="1.0" encoding="UTF-8"?>
<resourceDefinitions xmlns="http://hl7.org/fhir">
  <author>HL7</author>
  <resourceDefinition>
    <name>Profile</name>
    <elementDefinitions>
      <elementDefinition>
        <name>Profile</name>
        <cardinality>
          <minOccurs>1</minOccurs>
          <maxOccurs>1</maxOccurs>
        </cardinality>
        <condition></condition>
        <mustUnderstand>false</mustUnderstand>
        <definition>A Resource Profile - a statement of use of FHIR.  It may include constraints on Resources, Data Types, Terminology Binding Statements and Extension Definitions</definition>
        <requirements></requirements>
        <alias>Template</alias>
        <comments>Often called a clinical template</comments>
        <rim></rim>
      </elementDefinition>
      <elementDefinition>
        <name>Profile.name</name>
        <cardinality>
          <minOccurs>1</minOccurs>
          <maxOccurs>1</maxOccurs>
        </cardinality>
        <condition></condition>
        <types>
          <type>string</type>
        </types>
        <mustUnderstand>false</mustUnderstand>
        <definition>A free text natural language name identifying the Profile</definition>
        <requirements></requirements>
        <comments>Not expected to be globally unique</comments>
        <rim></rim>
      </elementDefinition>
      <elementDefinition>
        <name>Profile.version</name>
        <cardinality>
          <minOccurs>0</minOccurs>
          <maxOccurs>1</maxOccurs>
        </cardinality>
        <condition></condition>
        <types>
          <type>string</type>
        </types>
        <mustUnderstand>false</mustUnderstand>
        <definition>The official version of this profile - for external version specific references. This has an arbitrary value managed by the profile author manually</definition>
        <requirements>The resource version id will change for technical reasons, whereas the stated version number needs to be under the author's control</requirements>
        <rim></rim>
      </elementDefinition>
      <elementDefinition>
        <name>Profile.author</name>
        <cardinality>
          <minOccurs>1</minOccurs>
          <maxOccurs>1</maxOccurs>
        </cardinality>
        <condition></condition>
        <mustUnderstand>false</mustUnderstand>
        <definition>Details of the author who accepts responsibility for publishing the profile</definition>
        <requirements>Helps establish the &quot;authority/credibility&quot; of the profile.  May also allow for contact</requirements>
        <comments>Usually an organization, but may be an individual</comments>
        <rim></rim>
      </elementDefinition>
      <elementDefinition>
        <name>Profile.author.name</name>
        <cardinality>
          <minOccurs>1</minOccurs>
          <maxOccurs>1</maxOccurs>
        </cardinality>
        <condition></condition>
        <types>
          <type>string</type>
        </types>
        <mustUnderstand>false</mustUnderstand>
        <definition>The name of the individual or organization with primary responsibility for the content of the profile</definition>
        <requirements></requirements>
        <rim></rim>
      </elementDefinition>
      <elementDefinition>
        <name>Profile.author.reference</name>
        <cardinality>
          <minOccurs>0</minOccurs>
          <maxOccurs>unbounded</maxOccurs>
        </cardinality>
        <condition></condition>
        <types>
          <type>uri</type>
        </types>
        <mustUnderstand>false</mustUnderstand>
        <definition>Reference to the author to assist a user in finding and communicating with the author</definition>
        <requirements></requirements>
        <comments>May be a web site, an email address, a telephone number (tel:), etc.</comments>
        <rim></rim>
      </elementDefinition>
      <elementDefinition>
        <name>Profile.description</name>
        <cardinality>
          <minOccurs>1</minOccurs>
          <maxOccurs>1</maxOccurs>
        </cardinality>
        <condition></condition>
        <types>
          <type>string</type>
        </types>
        <mustUnderstand>false</mustUnderstand>
        <definition>A free text natural language description of the profile and its use</definition>
        <requirements></requirements>
        <comments>This field can be used for things such as why the profile was written, comments about misuse, instructions for clinical use and interpretation, literature references, examples from the paper world, etc.  It is *not* a rendering of the profile as conveyed in Profile.text</comments>
        <rim></rim>
      </elementDefinition>
      <elementDefinition>
        <name>Profile.code</name>
        <cardinality>
          <minOccurs>0</minOccurs>
          <maxOccurs>unbounded</maxOccurs>
        </cardinality>
        <condition></condition>
        <types>
          <type>Coding</type>
        </types>
        <mustUnderstand>false</mustUnderstand>
        <definition>A set of terms from external terminologies that may be used to assist with indexing and searching of templates.</definition>
        <requirements>Assist in searching for appropriate profiles</requirements>
        <rim></rim>
      </elementDefinition>
      <elementDefinition>
        <name>Profile.status</name>
        <cardinality>
          <minOccurs>1</minOccurs>
          <maxOccurs>1</maxOccurs>
        </cardinality>
        <condition></condition>
        <mustUnderstand>true</mustUnderstand>
        <definition>Indicates where the profile exists in its overall life-cycle</definition>
        <requirements>Allows filtering of profiles that are appropriate for use vs. not</requirements>
        <rim></rim>
      </elementDefinition>
      <elementDefinition>
        <name>Profile.status.code</name>
        <cardinality>
          <minOccurs>1</minOccurs>
          <maxOccurs>1</maxOccurs>
        </cardinality>
        <condition></condition>
        <types>
          <type>code</type>
        </types>
        <conceptDomain>ResourceProfileStatus</conceptDomain>
        <mustUnderstand>true</mustUnderstand>
        <definition>A coded value for the position of the profile within its life-cycle</definition>
        <requirements></requirements>
        <rim></rim>
      </elementDefinition>
      <elementDefinition>
        <name>Profile.status.date</name>
        <cardinality>
          <minOccurs>1</minOccurs>
          <maxOccurs>1</maxOccurs>
        </cardinality>
        <condition></condition>
        <types>
          <type>dateTime</type>
        </types>
        <mustUnderstand>false</mustUnderstand>
        <definition>The date that the current value for status was applied to the profile</definition>
        <requirements></requirements>
        <rim></rim>
      </elementDefinition>
      <elementDefinition>
        <name>Profile.status.comment</name>
        <cardinality>
          <minOccurs>0</minOccurs>
          <maxOccurs>1</maxOccurs>
        </cardinality>
        <condition></condition>
        <types>
          <type>string</type>
        </types>
        <mustUnderstand>false</mustUnderstand>
        <definition>Additional commentary related to the profile's status</definition>
        <requirements></requirements>
        <rim></rim>
      </elementDefinition>
      <elementDefinition>
        <name>Profile.import</name>
        <cardinality>
          <minOccurs>0</minOccurs>
          <maxOccurs>unbounded</maxOccurs>
        </cardinality>
        <condition></condition>
        <mustUnderstand>false</mustUnderstand>
        <definition>Other profiles that define extensions and bindings that are used in this profile</definition>
        <requirements></requirements>
        <rim></rim>
      </elementDefinition>
      <elementDefinition>
        <name>Profile.import.uri</name>
        <cardinality>
          <minOccurs>1</minOccurs>
          <maxOccurs>1</maxOccurs>
        </cardinality>
        <condition></condition>
        <types>
          <type>uri</type>
        </types>
        <mustUnderstand>false</mustUnderstand>
        <definition>The identifier for the profile, ideally the URL it can be retrieved from</definition>
        <requirements></requirements>
        <comments>Any resource definitions from these other profiles are not imported</comments>
        <rim></rim>
      </elementDefinition>
      <elementDefinition>
        <name>Profile.import.prefix</name>
        <cardinality>
          <minOccurs>0</minOccurs>
          <maxOccurs>1</maxOccurs>
        </cardinality>
        <condition></condition>
        <types>
          <type>string</type>
        </types>
        <mustUnderstand>false</mustUnderstand>
        <definition>The short label used for display of the profile when uniquely identifying imported extensions</definition>
        <requirements></requirements>
        <comments>Profile instances are always conveyed using full URIs - the prefix is solely for use by entry and rendering tools</comments>
        <rim></rim>
      </elementDefinition>
      <elementDefinition>
        <name>Profile.bundle</name>
        <cardinality>
          <minOccurs>0</minOccurs>
          <maxOccurs>1</maxOccurs>
        </cardinality>
        <condition></condition>
        <types>
          <type>code</type>
        </types>
        <conceptDomain>ResourceType</conceptDomain>
        <mustUnderstand>false</mustUnderstand>
        <definition>If this profile describes a bundle, the first resource in the bundle (usually a Message or a Document)</definition>
        <requirements></requirements>
        <rim></rim>
      </elementDefinition>
      <elementDefinition>
        <name>Profile.resource</name>
        <cardinality>
          <minOccurs>0</minOccurs>
          <maxOccurs>unbounded</maxOccurs>
        </cardinality>
        <condition></condition>
        <mustUnderstand>false</mustUnderstand>
        <definition>A constraint statement about what contents a resource or data type may have</definition>
        <requirements></requirements>
        <rim></rim>
        <todo>Consider adding elements to support capturing events</todo>
      </elementDefinition>
      <elementDefinition>
        <name>Profile.resource.type</name>
        <cardinality>
          <minOccurs>1</minOccurs>
          <maxOccurs>1</maxOccurs>
        </cardinality>
        <condition></condition>
        <types>
          <type>code</type>
        </types>
        <conceptDomain>FHIRContentType</conceptDomain>
        <mustUnderstand>false</mustUnderstand>
        <definition>The Resource or Data type being described</definition>
        <requirements></requirements>
        <rim></rim>
      </elementDefinition>
      <elementDefinition>
        <name>Profile.resource.profile</name>
        <cardinality>
          <minOccurs>0</minOccurs>
          <maxOccurs>1</maxOccurs>
        </cardinality>
        <condition></condition>
        <types>
          <type>uri</type>
        </types>
        <mustUnderstand>false</mustUnderstand>
        <definition>Reference to a resource profile that includes the constraint statement that applies to this resource</definition>
        <requirements></requirements>
        <rim></rim>
      </elementDefinition>
      <elementDefinition>
        <name>Profile.resource.name</name>
        <cardinality>
          <minOccurs>0</minOccurs>
          <maxOccurs>1</maxOccurs>
        </cardinality>
        <condition></condition>
        <types>
          <type>string</type>
        </types>
        <mustUnderstand>false</mustUnderstand>
        <definition>The name of this resource constraint statement (to refer to it from other resource constraints)</definition>
        <requirements></requirements>
        <comments>This field is the target for a resource.profile</comments>
        <rim></rim>
      </elementDefinition>
      <elementDefinition>
        <name>Profile.resource.purpose</name>
        <cardinality>
          <minOccurs>0</minOccurs>
          <maxOccurs>1</maxOccurs>
        </cardinality>
        <condition></condition>
        <types>
          <type>string</type>
        </types>
        <mustUnderstand>false</mustUnderstand>
        <definition>Human summary: why describe this resource?</definition>
        <requirements></requirements>
        <rim></rim>
      </elementDefinition>
      <elementDefinition>
        <name>Profile.resource.element</name>
        <cardinality>
          <minOccurs>0</minOccurs>
          <maxOccurs>unbounded</maxOccurs>
        </cardinality>
        <condition></condition>
        <mustUnderstand>false</mustUnderstand>
        <definition>Captures constraints on each element within the resource</definition>
        <requirements></requirements>
        <rim></rim>
      </elementDefinition>
      <elementDefinition>
        <name>Profile.resource.element.path</name>
        <cardinality>
          <minOccurs>1</minOccurs>
          <maxOccurs>1</maxOccurs>
        </cardinality>
        <condition></condition>
        <types>
          <type>string</type>
        </types>
        <mustUnderstand>false</mustUnderstand>
        <definition>The path identifies the element and is expressed as a &quot;.&quot;-separated list of ancestor elements, beginning with the name of the resource</definition>
        <requirements></requirements>
        <rim></rim>
      </elementDefinition>
      <elementDefinition>
        <name>Profile.resource.element.name</name>
        <cardinality>
          <minOccurs>0</minOccurs>
          <maxOccurs>1</maxOccurs>
        </cardinality>
        <condition></condition>
        <types>
          <type>string</type>
        </types>
        <mustUnderstand>false</mustUnderstand>
        <definition>A unique name referring to a specific set of constraints applied to this element</definition>
        <requirements></requirements>
        <comments>The name must be unique within the profile and all imported profiles within the context of the constrained resource element.  (Though to avoid confusion, uniqueness across all elements is recommended.)</comments>
        <rim></rim>
      </elementDefinition>
      <elementDefinition>
        <name>Profile.resource.element.definition</name>
        <cardinality>
          <minOccurs>1</minOccurs>
          <maxOccurs>1</maxOccurs>
        </cardinality>
        <condition></condition>
        <mustUnderstand>false</mustUnderstand>
        <definition>Definition of the content of the element to provide a more specific definition than that contained for the element in the base resource</definition>
        <requirements></requirements>
        <comments>The definition must be a proper constraint on the definition of the base resource</comments>
        <rim></rim>
      </elementDefinition>
      <elementDefinition>
        <name>Profile.resource.element.definition.short</name>
        <cardinality>
          <minOccurs>1</minOccurs>
          <maxOccurs>1</maxOccurs>
        </cardinality>
        <condition></condition>
        <types>
          <type>string</type>
        </types>
        <mustUnderstand>false</mustUnderstand>
        <definition>A concise definition that  is shown in the concise XML format that summarizes profiles</definition>
        <requirements></requirements>
        <comments>May change the term to provide language more appropriate to the context of the profile or to reflect slicing</comments>
        <rim></rim>
      </elementDefinition>
      <elementDefinition>
        <name>Profile.resource.element.definition.formal</name>
        <cardinality>
          <minOccurs>1</minOccurs>
          <maxOccurs>1</maxOccurs>
        </cardinality>
        <condition></condition>
        <types>
          <type>string</type>
        </types>
        <mustUnderstand>false</mustUnderstand>
        <definition> The definition must be consistent with the base definition, but convey the meaning of the element in the particular context of use of the resource</definition>
        <requirements>To allow a user to clarify the usage of an element in a particular context</requirements>
        <comments>It is easy for a different definition to change the meaning of an element and this can have nasty downstream consequences. Please be careful when providing definitions</comments>
        <rim></rim>
      </elementDefinition>
      <elementDefinition>
        <name>Profile.resource.element.definition.comments</name>
        <cardinality>
          <minOccurs>0</minOccurs>
          <maxOccurs>1</maxOccurs>
        </cardinality>
        <condition></condition>
        <types>
          <type>string</type>
        </types>
        <mustUnderstand>false</mustUnderstand>
        <definition>Comments about the use of the element, including notes about how to use the data properly, exceptions to proper use, etc.</definition>
        <requirements></requirements>
        <comments>If it is possible to capture usage rules using invariants, that mechanism should be used in preference to this element</comments>
        <rim></rim>
      </elementDefinition>
      <elementDefinition>
        <name>Profile.resource.element.definition.requirements</name>
        <cardinality>
          <minOccurs>0</minOccurs>
          <maxOccurs>1</maxOccurs>
        </cardinality>
        <condition></condition>
        <types>
          <type>string</type>
        </types>
        <mustUnderstand>false</mustUnderstand>
        <definition>Explains why this element is needed and why it's been constrained as it has</definition>
        <requirements></requirements>
        <rim></rim>
      </elementDefinition>
      <elementDefinition>
        <name>Profile.resource.element.definition.synonym</name>
        <cardinality>
          <minOccurs>0</minOccurs>
          <maxOccurs>unbounded</maxOccurs>
        </cardinality>
        <condition></condition>
        <types>
          <type>string</type>
        </types>
        <mustUnderstand>false</mustUnderstand>
        <definition>Identifies additional names by which this element might also be known</definition>
        <requirements>Allows for better easier recognition of the element by multiple communities, including international communities</requirements>
        <rim></rim>
      </elementDefinition>
      <elementDefinition>
        <name>Profile.resource.element.definition.min</name>
        <cardinality>
          <minOccurs>1</minOccurs>
          <maxOccurs>1</maxOccurs>
        </cardinality>
        <condition></condition>
        <types>
          <type>integer</type>
        </types>
        <mustUnderstand>false</mustUnderstand>
        <definition>The minimum number of times this element must appear in the instance</definition>
        <requirements></requirements>
        <rim></rim>
      </elementDefinition>
      <elementDefinition>
        <name>Profile.resource.element.definition.max</name>
        <cardinality>
          <minOccurs>1</minOccurs>
          <maxOccurs>1</maxOccurs>
        </cardinality>
        <condition></condition>
        <types>
          <type>string</type>
        </types>
        <mustUnderstand>false</mustUnderstand>
        <definition>The maximum number of times this element is permitted to appear in the instance</definition>
        <requirements></requirements>
        <rim></rim>
      </elementDefinition>
      <elementDefinition>
        <name>Profile.resource.element.definition.type</name>
        <cardinality>
          <minOccurs>0</minOccurs>
          <maxOccurs>unbounded</maxOccurs>
        </cardinality>
        <condition></condition>
        <mustUnderstand>false</mustUnderstand>
        <definition>The data type or resource that the value of this element is permitted to be</definition>
        <requirements>The Type of the element can be left blank, in which case the type is inherited from the resource. The type can only be listed in this field if it is an allowed option in the base resource</requirements>
        <rim></rim>
      </elementDefinition>
      <elementDefinition>
        <name>Profile.resource.element.definition.type.code</name>
        <cardinality>
          <minOccurs>1</minOccurs>
          <maxOccurs>1</maxOccurs>
        </cardinality>
        <condition></condition>
        <types>
          <type>code</type>
        </types>
        <conceptDomain>DataType</conceptDomain>
        <mustUnderstand>false</mustUnderstand>
        <definition>Data type or Resource</definition>
        <requirements></requirements>
        <rim></rim>
      </elementDefinition>
      <elementDefinition>
        <name>Profile.resource.element.definition.type.profile</name>
        <cardinality>
          <minOccurs>0</minOccurs>
          <maxOccurs>1</maxOccurs>
        </cardinality>
        <condition></condition>
        <types>
          <type>uri</type>
        </types>
        <mustUnderstand>false</mustUnderstand>
        <definition>Identifies a profile that must hold for resources or datatypes referenced as the type of this element</definition>
        <requirements></requirements>
        <comments>The reference might be a simple name in the form #[name], which is a reference to another named constraint in a resource - where the resource contains more than one constraint, or a URL which is a reference to a resource Profile</comments>
        <rim></rim>
      </elementDefinition>
      <elementDefinition>
        <name>Profile.resource.element.definition.nameReference</name>
        <cardinality>
          <minOccurs>0</minOccurs>
          <maxOccurs>1</maxOccurs>
        </cardinality>
        <condition></condition>
        <types>
          <type>string</type>
        </types>
        <mustUnderstand>false</mustUnderstand>
        <definition>Identifies the name of a slice defined elsewhere in the profile whose constraints should be applied to the current element </definition>
        <requirements></requirements>
        <comments>If child components of this element are defined, they act as constraints on the referenced slice</comments>
        <rim></rim>
      </elementDefinition>
      <elementDefinition>
        <name>Profile.resource.element.definition.value[x]</name>
        <cardinality>
          <minOccurs>0</minOccurs>
          <maxOccurs>1</maxOccurs>
        </cardinality>
        <condition></condition>
        <types>
          <type>*</type>
        </types>
        <mustUnderstand>false</mustUnderstand>
        <definition>Specifies a value that must hold for this element in the instance</definition>
        <requirements></requirements>
        <comments>To specify a fixed value for a complex data type, include the child elements for the type and specify fixed values for each property independently</comments>
        <rim></rim>
      </elementDefinition>
      <elementDefinition>
        <name>Profile.resource.element.definition.maxLength</name>
        <cardinality>
          <minOccurs>0</minOccurs>
          <maxOccurs>1</maxOccurs>
        </cardinality>
        <condition></condition>
        <types>
          <type>integer</type>
        </types>
        <mustUnderstand>false</mustUnderstand>
        <definition>Indicates the shortest length that must be supported by conformant instances without truncation</definition>
        <requirements></requirements>
        <comments>If not specified, there is no conformance expectation for length support</comments>
        <rim></rim>
        <todo>Need to flesh this out more - leverage v2 approach</todo>
      </elementDefinition>
      <elementDefinition>
        <name>Profile.resource.element.definition.condition</name>
        <cardinality>
          <minOccurs>0</minOccurs>
          <maxOccurs>unbounded</maxOccurs>
        </cardinality>
        <condition></condition>
        <types>
          <type>id</type>
        </types>
        <mustUnderstand>false</mustUnderstand>
        <definition>A reference to an invariant that may make additional statements about the cardinality in the instance</definition>
        <requirements></requirements>
        <rim></rim>
      </elementDefinition>
      <elementDefinition>
        <name>Profile.resource.element.definition.constraint</name>
        <cardinality>
          <minOccurs>0</minOccurs>
          <maxOccurs>unbounded</maxOccurs>
        </cardinality>
        <condition></condition>
        <mustUnderstand>false</mustUnderstand>
        <definition>Formal constraints such as co-occurrence and other constraints that can be computationally evaluated within the context of the instance</definition>
        <requirements></requirements>
        <comments>Constraints should be declared on the &quot;context&quot; element - the lowest element in the hierarchy that is common to all nodes referenced by the constraint</comments>
        <rim></rim>
      </elementDefinition>
      <elementDefinition>
        <name>Profile.resource.element.definition.constraint.id</name>
        <cardinality>
          <minOccurs>1</minOccurs>
          <maxOccurs>1</maxOccurs>
        </cardinality>
        <condition></condition>
        <types>
          <type>id</type>
        </types>
        <mustUnderstand>false</mustUnderstand>
        <definition>Allows identification of which elements have their cardinalities impacted by the constraint.  Will not be referenced for constraints that do not affect cardinality</definition>
        <requirements></requirements>
        <rim></rim>
      </elementDefinition>
      <elementDefinition>
        <name>Profile.resource.element.definition.constraint.name</name>
        <cardinality>
          <minOccurs>0</minOccurs>
          <maxOccurs>1</maxOccurs>
        </cardinality>
        <condition></condition>
        <types>
          <type>string</type>
        </types>
        <mustUnderstand>false</mustUnderstand>
        <definition>Used to label the constraint in OCL or in short displays incapable of displaying the full human description</definition>
        <requirements></requirements>
        <rim></rim>
      </elementDefinition>
      <elementDefinition>
        <name>Profile.resource.element.definition.constraint.severity</name>
        <cardinality>
          <minOccurs>1</minOccurs>
          <maxOccurs>1</maxOccurs>
        </cardinality>
        <condition></condition>
        <types>
          <type>code</type>
        </types>
        <conceptDomain>ConstraintSeverity</conceptDomain>
        <mustUnderstand>false</mustUnderstand>
        <definition>Identifies the impact constraint violation has on the conformance of the instance</definition>
        <requirements></requirements>
        <comments>This allows constraints to be asserted as &quot;shall&quot; (error) and &quot;should&quot; (warning)</comments>
        <rim></rim>
      </elementDefinition>
      <elementDefinition>
        <name>Profile.resource.element.definition.constraint.human</name>
        <cardinality>
          <minOccurs>1</minOccurs>
          <maxOccurs>1</maxOccurs>
        </cardinality>
        <condition></condition>
        <types>
          <type>string</type>
        </types>
        <mustUnderstand>false</mustUnderstand>
        <definition>This is the text that describes the constraint in messages identifying that the constraint has been violated </definition>
        <requirements></requirements>
        <comments>Should be expressed in business terms as much as possible</comments>
        <rim></rim>
      </elementDefinition>
      <elementDefinition>
        <name>Profile.resource.element.definition.constraint.xpath</name>
        <cardinality>
          <minOccurs>1</minOccurs>
          <maxOccurs>1</maxOccurs>
        </cardinality>
        <condition></condition>
        <types>
          <type>string</type>
        </types>
        <mustUnderstand>false</mustUnderstand>
        <definition>XPath expression of constraint</definition>
        <requirements>Used in Schematron tests of the validity of the resource</requirements>
        <comments>Elements must use &quot;f&quot; as the namespace prefix and must not use any other prefixes</comments>
        <rim></rim>
      </elementDefinition>
      <elementDefinition>
        <name>Profile.resource.element.definition.constraint.ocl</name>
        <cardinality>
          <minOccurs>0</minOccurs>
          <maxOccurs>1</maxOccurs>
        </cardinality>
        <condition></condition>
        <types>
          <type>string</type>
        </types>
        <mustUnderstand>false</mustUnderstand>
        <definition>OCL expression of constraint</definition>
        <requirements></requirements>
        <rim></rim>
      </elementDefinition>
      <elementDefinition>
        <name>Profile.resource.element.definition.mustSupport</name>
        <cardinality>
          <minOccurs>0</minOccurs>
          <maxOccurs>1</maxOccurs>
        </cardinality>
        <condition></condition>
        <types>
          <type>boolean</type>
        </types>
        <mustUnderstand>false</mustUnderstand>
        <definition>If true, conformant resource authors must be capable of providing a value for the element and resource consumers must be capable of extracting and doing something useful with the data element.  If false, the element may be ignored and not supported</definition>
        <requirements>Allows a profile to set expectations for system capabilities beyond merely respecting cardinality constraints</requirements>
        <comments>&quot;Something useful&quot; is context dependent.  Key test is what would a reasonable observer expect of a system that explicitly claims to &quot;support&quot; this element</comments>
        <rim></rim>
      </elementDefinition>
      <elementDefinition>
        <name>Profile.resource.element.definition.mustUnderstand</name>
        <cardinality>
          <minOccurs>0</minOccurs>
          <maxOccurs>1</maxOccurs>
        </cardinality>
        <condition></condition>
        <types>
          <type>boolean</type>
        </types>
        <mustUnderstand>false</mustUnderstand>
        <definition>If true, the element cannot be ignored by systems unless they recognize the element and a pre-determination has been made that it is not relevant to their particular system</definition>
        <requirements>Allows elements to be introduced into a specification that can't safely be ignored by applications that don't recognize them</requirements>
        <comments>MustUnderstand elements can be ignored by applications that recognize the element and know that the element is not relevant in the context of their system.</comments>
        <rim></rim>
      </elementDefinition>
      <elementDefinition>
        <name>Profile.resource.element.definition.binding</name>
        <cardinality>
          <minOccurs>0</minOccurs>
          <maxOccurs>1</maxOccurs>
        </cardinality>
        <condition></condition>
        <types>
          <type>string</type>
        </types>
        <mustUnderstand>false</mustUnderstand>
        <definition>Identifies the set of codes that applies to this element if a data type supporting codes is used</definition>
        <requirements></requirements>
        <rim></rim>
      </elementDefinition>
      <elementDefinition>
        <name>Profile.resource.element.definition.mapping</name>
        <cardinality>
          <minOccurs>0</minOccurs>
          <maxOccurs>unbounded</maxOccurs>
        </cardinality>
        <condition></condition>
        <mustUnderstand>false</mustUnderstand>
        <definition>Identifies a concept from an external specification that roughly corresponds to this element</definition>
        <requirements>Provides guidance to implementers familiar with or converting content from other specifications</requirements>
        <comments>Mappings are not necessarily specific enough for safe translation</comments>
        <rim></rim>
      </elementDefinition>
      <elementDefinition>
        <name>Profile.resource.element.definition.mapping.target</name>
        <cardinality>
          <minOccurs>1</minOccurs>
          <maxOccurs>1</maxOccurs>
        </cardinality>
        <condition></condition>
        <types>
          <type>string</type>
        </types>
        <mustUnderstand>false</mustUnderstand>
        <definition>The name of the specification is mapping is being expressed to</definition>
        <requirements></requirements>
        <comments>HL7 will provide guidelines for the name strings to use for common specifications</comments>
        <rim></rim>
      </elementDefinition>
      <elementDefinition>
        <name>Profile.resource.element.definition.mapping.map</name>
        <cardinality>
          <minOccurs>0</minOccurs>
          <maxOccurs>1</maxOccurs>
        </cardinality>
        <condition></condition>
        <types>
          <type>string</type>
        </types>
        <mustUnderstand>false</mustUnderstand>
        <definition>Expresses what part of the target specification corresponds to this element</definition>
        <requirements></requirements>
        <comments>For most mappings, the syntax is undefined.  Syntax will be provided for mappings to the RIM.  Multiple mappings may be possible and may include constraints on other resource elements that identify when a particular mapping applies</comments>
        <rim></rim>
      </elementDefinition>
      <elementDefinition>
        <name>Profile.resource.element.bundled</name>
        <cardinality>
          <minOccurs>0</minOccurs>
          <maxOccurs>1</maxOccurs>
        </cardinality>
        <condition></condition>
        <types>
          <type>boolean</type>
        </types>
        <mustUnderstand>false</mustUnderstand>
        <definition>Whether the Resource that is the value for this element is included in the bundle, if the profile is specifying a bundle</definition>
        <requirements></requirements>
        <comments>If context includes bundling</comments>
        <rim></rim>
      </elementDefinition>
      <elementDefinition>
        <name>Profile.resource.element.closed</name>
        <cardinality>
          <minOccurs>0</minOccurs>
          <maxOccurs>1</maxOccurs>
        </cardinality>
        <condition></condition>
        <types>
          <type>boolean</type>
        </types>
        <mustUnderstand>false</mustUnderstand>
        <definition>Indicates whether the set of slices defined is &quot;exhaustive&quot;.  I.e. Have all the possible variants for the repeating element been defined?  If true, then no new slices can be created off the base element in derived profiles - though existing slices can be further sliced if they are defined as repeating elements</definition>
        <requirements></requirements>
        <rim></rim>
      </elementDefinition>
      <elementDefinition>
        <name>Profile.resource.searchParam</name>
        <cardinality>
          <minOccurs>0</minOccurs>
          <maxOccurs>unbounded</maxOccurs>
        </cardinality>
        <condition></condition>
        <mustUnderstand>false</mustUnderstand>
        <definition>Defines additional search parameters for implementations to support and/or make use of</definition>
        <requirements></requirements>
        <rim>N/A</rim>
      </elementDefinition>
      <elementDefinition>
        <name>Profile.resource.searchParam.name</name>
        <cardinality>
          <minOccurs>1</minOccurs>
          <maxOccurs>1</maxOccurs>
        </cardinality>
        <condition></condition>
        <types>
          <type>string</type>
        </types>
        <mustUnderstand>false</mustUnderstand>
        <definition>Corresponds to the name of the standard or custom search parameter</definition>
        <requirements></requirements>
        <comments>Parameter names cannot overlap with standard parameter names, and standard parameters cannot be redefined</comments>
        <rim>N/A</rim>
      </elementDefinition>
      <elementDefinition>
        <name>Profile.resource.searchParam.type</name>
        <cardinality>
          <minOccurs>1</minOccurs>
          <maxOccurs>1</maxOccurs>
        </cardinality>
        <condition></condition>
        <types>
          <type>code</type>
        </types>
        <conceptDomain>SearchParamType</conceptDomain>
        <mustUnderstand>false</mustUnderstand>
        <definition>The type of value a search parameter refers to, and how the content is interpreted</definition>
        <requirements></requirements>
        <rim>N/A</rim>
      </elementDefinition>
      <elementDefinition>
        <name>Profile.resource.searchParam.repeats</name>
        <cardinality>
          <minOccurs>1</minOccurs>
          <maxOccurs>1</maxOccurs>
        </cardinality>
        <condition></condition>
        <types>
          <type>code</type>
        </types>
        <conceptDomain>SearchRepeatBehavior</conceptDomain>
        <mustUnderstand>false</mustUnderstand>
        <definition>Whether multiple uses of the parameter are allowed in searches, and if they are, how the multiple values are understood</definition>
        <requirements></requirements>
        <rim>N/A</rim>
      </elementDefinition>
      <elementDefinition>
        <name>Profile.resource.searchParam.documentation</name>
        <cardinality>
          <minOccurs>1</minOccurs>
          <maxOccurs>1</maxOccurs>
        </cardinality>
        <condition></condition>
        <types>
          <type>string</type>
        </types>
        <mustUnderstand>false</mustUnderstand>
        <definition>For standard parameters, provides additional information on how the parameter is used in this solution.  For custom parameters, provides a description of what the parameter does</definition>
        <requirements></requirements>
        <rim>N/A</rim>
      </elementDefinition>
      <elementDefinition>
        <name>Profile.extensionDefn</name>
        <cardinality>
          <minOccurs>0</minOccurs>
          <maxOccurs>unbounded</maxOccurs>
        </cardinality>
        <condition></condition>
        <mustUnderstand>false</mustUnderstand>
        <definition>An extension defined as part of the profile</definition>
        <requirements></requirements>
        <rim></rim>
      </elementDefinition>
      <elementDefinition>
        <name>Profile.extensionDefn.id</name>
        <cardinality>
          <minOccurs>1</minOccurs>
          <maxOccurs>1</maxOccurs>
        </cardinality>
        <condition></condition>
        <types>
          <type>id</type>
        </types>
        <mustUnderstand>false</mustUnderstand>
        <definition>A unique code (within the profile) used to identify the extension</definition>
        <requirements></requirements>
        <comments>Matches the portion of a reference to an extension after the # in the a url to the profile</comments>
        <rim></rim>
      </elementDefinition>
      <elementDefinition>
        <name>Profile.extensionDefn.contextType</name>
        <cardinality>
          <minOccurs>1</minOccurs>
          <maxOccurs>1</maxOccurs>
        </cardinality>
        <condition></condition>
        <types>
          <type>code</type>
        </types>
        <conceptDomain>ExtensionContext</conceptDomain>
        <mustUnderstand>false</mustUnderstand>
        <definition>Identifies the type of context to which the extension applies</definition>
        <requirements></requirements>
        <rim></rim>
      </elementDefinition>
      <elementDefinition>
        <name>Profile.extensionDefn.context</name>
        <cardinality>
          <minOccurs>1</minOccurs>
          <maxOccurs>unbounded</maxOccurs>
        </cardinality>
        <condition></condition>
        <types>
          <type>string</type>
        </types>
        <mustUnderstand>false</mustUnderstand>
        <definition>Identifies the types of resource or data type elements to which the extension can be applied</definition>
        <requirements></requirements>
        <rim></rim>
      </elementDefinition>
      <elementDefinition>
        <name>Profile.extensionDefn.definition</name>
        <cardinality>
          <minOccurs>1</minOccurs>
          <maxOccurs>1</maxOccurs>
        </cardinality>
        <condition></condition>
        <types>
          <type>@Profile.resource.element.definition</type>
        </types>
        <mustUnderstand>false</mustUnderstand>
        <definition>Definition of the extension and its content</definition>
        <requirements></requirements>
        <rim></rim>
      </elementDefinition>
      <elementDefinition>
        <name>Profile.binding</name>
        <cardinality>
          <minOccurs>0</minOccurs>
          <maxOccurs>unbounded</maxOccurs>
        </cardinality>
        <condition></condition>
        <mustUnderstand>false</mustUnderstand>
        <definition>Defines a linkage between a vocabulary binding name used in the profile (or expected to be used in profile importing this one) and a value set or code list</definition>
        <requirements></requirements>
        <rim></rim>
      </elementDefinition>
      <elementDefinition>
        <name>Profile.binding.name</name>
        <cardinality>
          <minOccurs>1</minOccurs>
          <maxOccurs>1</maxOccurs>
        </cardinality>
        <condition></condition>
        <types>
          <type>string</type>
        </types>
        <mustUnderstand>false</mustUnderstand>
        <definition>The name to be associated with this set of codes</definition>
        <requirements></requirements>
        <comments>Must be unique within the profile.  If the same name as an imported profile, will override the imported binding (and must be a proper constraint on the imported binding)</comments>
        <rim></rim>
      </elementDefinition>
      <elementDefinition>
        <name>Profile.binding.definition</name>
        <cardinality>
          <minOccurs>0</minOccurs>
          <maxOccurs>1</maxOccurs>
        </cardinality>
        <condition></condition>
        <types>
          <type>string</type>
        </types>
        <mustUnderstand>false</mustUnderstand>
        <definition>Describes the intended use of this particular set of codes</definition>
        <requirements></requirements>
        <rim></rim>
      </elementDefinition>
      <elementDefinition>
        <name>Profile.binding.type</name>
        <cardinality>
          <minOccurs>1</minOccurs>
          <maxOccurs>1</maxOccurs>
        </cardinality>
        <condition></condition>
        <types>
          <type>code</type>
        </types>
        <conceptDomain>BindingType</conceptDomain>
        <mustUnderstand>false</mustUnderstand>
        <definition>Identifies how the set of codes for this binding is being defined</definition>
        <requirements></requirements>
        <rim></rim>
      </elementDefinition>
      <elementDefinition>
        <name>Profile.binding.isExtensible</name>
        <cardinality>
          <minOccurs>1</minOccurs>
          <maxOccurs>1</maxOccurs>
        </cardinality>
        <condition></condition>
        <types>
          <type>boolean</type>
        </types>
        <mustUnderstand>false</mustUnderstand>
        <definition>If true, then conformant systems may use additional codes or (where the data type permits) text alone to convey concepts not covered by the set of codes identified in the binding.  If false, then conformant systems are constrained to the provided codes alone</definition>
        <requirements></requirements>
        <comments>When the binding use used for elements with a type of &quot;code&quot; (rather than Coding or CodableConcept), the binding is treated as non-extensible regardless of the value of this property</comments>
        <rim></rim>
      </elementDefinition>
      <elementDefinition>
        <name>Profile.binding.conformance</name>
        <cardinality>
          <minOccurs>1</minOccurs>
          <maxOccurs>1</maxOccurs>
        </cardinality>
        <condition></condition>
        <types>
          <type>code</type>
        </types>
        <conceptDomain>BindingConformance</conceptDomain>
        <mustUnderstand>false</mustUnderstand>
        <definition>Indicates the degree of conformance expectations associated with this binding</definition>
        <requirements></requirements>
        <rim></rim>
      </elementDefinition>
      <elementDefinition>
        <name>Profile.binding.reference</name>
        <cardinality>
          <minOccurs>0</minOccurs>
          <maxOccurs>1</maxOccurs>
        </cardinality>
        <condition></condition>
        <types>
          <type>uri</type>
        </types>
        <mustUnderstand>false</mustUnderstand>
        <definition>Points to the value set or external definition that identifies the set of codes to be used</definition>
        <requirements></requirements>
        <comments>For value sets, this should point to a ValueSet resource.  The reference may be version-specific or not</comments>
        <rim></rim>
      </elementDefinition>
      <elementDefinition>
        <name>Profile.binding.concept</name>
        <cardinality>
          <minOccurs>0</minOccurs>
          <maxOccurs>unbounded</maxOccurs>
        </cardinality>
        <condition></condition>
        <mustUnderstand>false</mustUnderstand>
        <definition>Identifies the codes forming the code list for the binding</definition>
        <requirements></requirements>
        <rim></rim>
      </elementDefinition>
      <elementDefinition>
        <name>Profile.binding.concept.code</name>
        <cardinality>
          <minOccurs>1</minOccurs>
          <maxOccurs>1</maxOccurs>
        </cardinality>
        <condition></condition>
        <types>
          <type>string</type>
        </types>
        <mustUnderstand>false</mustUnderstand>
        <definition>Identifies the code referenced or being defined as part of the binding</definition>
        <requirements></requirements>
        <rim></rim>
      </elementDefinition>
      <elementDefinition>
        <name>Profile.binding.concept.system</name>
        <cardinality>
          <minOccurs>0</minOccurs>
          <maxOccurs>1</maxOccurs>
        </cardinality>
        <condition></condition>
        <types>
          <type>uri</type>
        </types>
        <mustUnderstand>false</mustUnderstand>
        <definition>Identifies the system in which the referenced code is defined</definition>
        <requirements></requirements>
        <comments>If no system is specified, then the id for the profile is combined with the binding name to determine an implicit system uri</comments>
        <rim></rim>
      </elementDefinition>
      <elementDefinition>
        <name>Profile.binding.concept.display</name>
        <cardinality>
          <minOccurs>0</minOccurs>
          <maxOccurs>1</maxOccurs>
        </cardinality>
        <condition></condition>
        <types>
          <type>string</type>
        </types>
        <mustUnderstand>false</mustUnderstand>
        <definition>Identifies the text to be displayed to the user for this code.  If none provided, then the code itself is displayed</definition>
        <requirements></requirements>
        <rim></rim>
      </elementDefinition>
      <elementDefinition>
        <name>Profile.binding.concept.definition</name>
        <cardinality>
          <minOccurs>1</minOccurs>
          <maxOccurs>1</maxOccurs>
        </cardinality>
        <condition></condition>
        <types>
          <type>string</type>
        </types>
        <mustUnderstand>false</mustUnderstand>
        <definition>A free-text description of the meaning of this code</definition>
        <requirements></requirements>
        <comments>Definition should not overlap with that of any other concepts in the code list</comments>
        <rim></rim>
      </elementDefinition>
      <elementDefinition>
        <name>Profile.extension</name>
        <cardinality>
          <minOccurs>0</minOccurs>
          <maxOccurs>unbounded</maxOccurs>
        </cardinality>
        <condition></condition>
        <types>
          <type>Extension</type>
        </types>
        <mustUnderstand>false</mustUnderstand>
        <definition>See Extensions</definition>
        <requirements></requirements>
        <rim></rim>
      </elementDefinition>
      <elementDefinition>
        <name>Profile.text</name>
        <cardinality>
          <minOccurs>1</minOccurs>
          <maxOccurs>1</maxOccurs>
        </cardinality>
        <condition></condition>
        <types>
          <type>Narrative</type>
        </types>
        <mustUnderstand>false</mustUnderstand>
        <definition>Text summary of resource (for human interpretation)</definition>
        <requirements></requirements>
        <rim></rim>
      </elementDefinition>
    </elementDefinitions>
  </resourceDefinition>
</resourceDefinitions>

