<?xml version="1.0" encoding="UTF-8"?>

<Profile xmlns="http://hl7.org/fhir">
  <name>provenance</name>
  <author>
    <name>todo (committee)</name>
  </author>
  <description>Basic Profile. Provenance information associated with another resource that can be used to help determine its reliability or trace where the information in it came from. The focus of the provenance resource is record keeping, audit and traceability, not clinical meaning</description>
  <status>
    <code>testing</code>
    <date>2012-12-04</date>
  </status>
  <resource>
    <type>Resource</type>
    <element>
      <path>Provenance</path>
      <definition>
        <short>Who, What, When for another resource</short>
        <formal>Provenance information associated with another resource that can be used to help determine its reliability or trace where the information in it came from. The focus of the provenance resource is record keeping, audit and traceability, not clinical meaning</formal>
        <comments>Some parties may be duplicated between the target resource and its provenance.  For instance, the prescriber is usually (but not always) the author of the prescription resource. This resource is defined with close consideration for W3C Provenance</comments>
        <min>1</min>
        <max>1</max>
        <type>
          <code>Resource</code>
        </type>
        <mustUnderstand>false</mustUnderstand>
      </definition>
    </element>
    <element>
      <path>Provenance.target</path>
      <definition>
        <short>Target resource (usually version specific)</short>
        <formal>The resource that this provenance information pertains to</formal>
        <comments>The target reference is usually version specific, but may not be, if a version has not been assigned or if the provenance information is part of the set of resources being maintained (i.e. a document)</comments>
        <min>1</min>
        <max>1</max>
        <type>
          <code>Resource(Any)</code>
        </type>
        <mustUnderstand>true</mustUnderstand>
      </definition>
    </element>
    <element>
      <path>Provenance.activity</path>
      <definition>
        <short>Activity that created resource</short>
        <formal>The activity that was being undertaken that led to the creation of the resource being referenced</formal>
        <min>1</min>
        <max>1</max>
        <mustUnderstand>false</mustUnderstand>
      </definition>
    </element>
    <element>
      <path>Provenance.activity.period</path>
      <definition>
        <short>When the activity occurred</short>
        <formal>The period during which the activity occurred</formal>
        <comments>The period can be a little arbitrary; where possible, the time should correspond to human assessment of the activity time</comments>
        <min>0</min>
        <max>1</max>
        <type>
          <code>Period</code>
        </type>
        <mustUnderstand>false</mustUnderstand>
      </definition>
    </element>
    <element>
      <path>Provenance.activity.recorded</path>
      <definition>
        <short>When the activity was recorded / updated</short>
        <formal>The instant of time at which the activity was recorded</formal>
        <comments>This can be a little different from the time stamp on the resource if there is a delay between recording the event and updating the provenance and target resource</comments>
        <min>1</min>
        <max>1</max>
        <type>
          <code>instant</code>
        </type>
        <mustUnderstand>false</mustUnderstand>
      </definition>
    </element>
    <element>
      <path>Provenance.activity.reason</path>
      <definition>
        <short>Reason the activity is occurring</short>
        <formal>The reason that the activity was taking place</formal>
        <min>0</min>
        <max>1</max>
        <type>
          <code>CodeableConcept</code>
        </type>
        <mustUnderstand>false</mustUnderstand>
      </definition>
    </element>
    <element>
      <path>Provenance.activity.location</path>
      <definition>
        <short>Where the activity occurred, if relevant</short>
        <formal>Where the activity occurred, if relevant</formal>
        <min>0</min>
        <max>1</max>
        <mustUnderstand>false</mustUnderstand>
      </definition>
    </element>
    <element>
      <path>Provenance.activity.location.type</path>
      <definition>
        <short>Type of location (Classification)</short>
        <formal>The type of location - a classification of the kind of location at which the activity took place</formal>
        <min>0</min>
        <max>1</max>
        <type>
          <code>CodeableConcept</code>
        </type>
        <mustUnderstand>false</mustUnderstand>
        <binding>ProvenanceLocationType</binding>
      </definition>
    </element>
    <element>
      <path>Provenance.activity.location.id</path>
      <definition>
        <short>An identifier for the location</short>
        <formal>An identifier for the location</formal>
        <min>0</min>
        <max>1</max>
        <type>
          <code>Identifier</code>
        </type>
        <mustUnderstand>false</mustUnderstand>
      </definition>
    </element>
    <element>
      <path>Provenance.activity.location.description</path>
      <definition>
        <short>Human description of location</short>
        <formal>Human readable description of location at which the activity occurred</formal>
        <min>0</min>
        <max>1</max>
        <type>
          <code>string</code>
        </type>
        <mustUnderstand>false</mustUnderstand>
      </definition>
    </element>
    <element>
      <path>Provenance.activity.location.coords</path>
      <definition>
        <short>Geospatial coordinates of the location. What format?</short>
        <formal>Geospatial coordinates of the location</formal>
        <comments>Todo:  what format should this be in?</comments>
        <min>0</min>
        <max>1</max>
        <type>
          <code>string</code>
        </type>
        <mustUnderstand>false</mustUnderstand>
      </definition>
    </element>
    <element>
      <path>Provenance.activity.policy</path>
      <definition>
        <short>Policy or plan the activity was defined by</short>
        <formal>Policy or plan the activity was defined by</formal>
        <min>0</min>
        <max>1</max>
        <type>
          <code>uri</code>
        </type>
        <mustUnderstand>false</mustUnderstand>
      </definition>
    </element>
    <element>
      <path>Provenance.party</path>
      <definition>
        <short>Person, organization, records, etc. involved in creating resource</short>
        <formal>An entity that is involved in the provenance of the target resource</formal>
        <min>0</min>
        <max>*</max>
        <mustUnderstand>false</mustUnderstand>
      </definition>
    </element>
    <element>
      <path>Provenance.party.role</path>
      <definition>
        <short>author | overseer | enterer | attester | source | cc: +</short>
        <formal>The role that the participant played</formal>
        <min>1</min>
        <max>1</max>
        <type>
          <code>Coding</code>
        </type>
        <mustUnderstand>false</mustUnderstand>
        <binding>ProvenanceParticipantRole</binding>
      </definition>
    </element>
    <element>
      <path>Provenance.party.type</path>
      <definition>
        <short>Resource | Person | Application | Record | Document +</short>
        <formal>The type of the participant</formal>
        <comments>If the type is &quot;resource&quot; then the resource itself was the participant. If the type is a type of resource, then the entity identified by the resource is the participant</comments>
        <min>1</min>
        <max>1</max>
        <type>
          <code>Coding</code>
        </type>
        <mustUnderstand>false</mustUnderstand>
        <binding>ProvenanceParticipantType</binding>
      </definition>
    </element>
    <element>
      <path>Provenance.party.id</path>
      <definition>
        <short>Identity of participant (urn or url)</short>
        <formal>Identity of participant. May be a logical or physical uri and maybe absolute or relative</formal>
        <comments>identity may be a reference to a resource or to something else, depending on the type</comments>
        <min>1</min>
        <max>1</max>
        <type>
          <code>uri</code>
        </type>
        <mustUnderstand>false</mustUnderstand>
      </definition>
    </element>
    <element>
      <path>Provenance.party.description</path>
      <definition>
        <short>Human description of participant</short>
        <formal>Human readable description of the participant</formal>
        <min>0</min>
        <max>1</max>
        <type>
          <code>string</code>
        </type>
        <mustUnderstand>false</mustUnderstand>
      </definition>
    </element>
    <element>
      <path>Provenance.signature</path>
      <definition>
        <short>Digital Signature of resource</short>
        <formal>A digital signature on the target resource. The signature should reference a participant by xml:id</formal>
        <comments>json? Xml? </comments>
        <min>0</min>
        <max>1</max>
        <type>
          <code>string</code>
        </type>
        <mustUnderstand>false</mustUnderstand>
      </definition>
    </element>
    <element>
      <path>Provenance.extension</path>
      <definition>
        <short>See Extensions</short>
        <formal>See Extensions</formal>
        <min>0</min>
        <max>*</max>
        <type>
          <code>Extension</code>
        </type>
        <mustUnderstand>false</mustUnderstand>
      </definition>
    </element>
    <element>
      <path>Provenance.text</path>
      <definition>
        <short>Text summary of resource (for human interpretation)</short>
        <formal>Text summary of resource (for human interpretation)</formal>
        <min>1</min>
        <max>1</max>
        <type>
          <code>Narrative</code>
        </type>
        <mustUnderstand>false</mustUnderstand>
      </definition>
    </element>
  </resource>
  <text>
    <status>generated</status><div xmlns="http://www.w3.org/1999/xhtml"><pre>
&lt;<a title="Provenance information associated with another resource that can be used to help determine its reliability or trace where the information in it came from. The focus of the provenance resource is record keeping, audit and traceability, not clinical meaning" class="dict" href="provenance-definitions.htm#Provenance"><b>Provenance</b></a> xmlns=&quot;http://hl7.org/fhir&quot;&gt;
 &lt;<a title="The resource that this provenance information pertains to (this element must be supported or understood)" class="dict" href="provenance-definitions.htm#Provenance.target"><span style="text-decoration: underline"><b>target</b></span></a>&gt;<span style="color: Gray">&lt;!--</span> <span style="color: brown"><b>1..1</b></span> <span style="color: darkgreen"><a href="xml.htm#Resource">Resource</a>(<a href="resources.htm">Any</a>)</span> <span style="color: navy">Target resource (usually version specific)</span><span style="color: Gray"> --&gt;</span>&lt;/target&gt;
 &lt;<a title="The activity that was being undertaken that led to the creation of the resource being referenced" class="dict" href="provenance-definitions.htm#Provenance.activity"><b>activity</b></a>&gt;  <span style="color: Gray">&lt;!-- <span style="color: brown"><b>1..1</b></span> Activity that created resource --&gt;</span>
  &lt;<a title="The period during which the activity occurred" class="dict" href="provenance-definitions.htm#Provenance.activity.period"><b>period</b></a>&gt;<span style="color: Gray">&lt;!--</span> <span style="color: brown"><b>0..1</b></span> <span style="color: darkgreen"><a href="datatypes.htm#Period">Period</a></span> <span style="color: navy">When the activity occurred</span><span style="color: Gray"> --&gt;</span>&lt;/period&gt;
  &lt;<a title="The instant of time at which the activity was recorded" class="dict" href="provenance-definitions.htm#Provenance.activity.recorded"><b>recorded</b></a>&gt;<span style="color: Gray">&lt;!--</span> <span style="color: brown"><b>1..1</b></span> <span style="color: darkgreen"><a href="datatypes.htm#instant">instant</a></span> <span style="color: navy">When the activity was recorded / updated</span><span style="color: Gray"> --&gt;</span>&lt;/recorded&gt;
  &lt;<a title="The reason that the activity was taking place" class="dict" href="provenance-definitions.htm#Provenance.activity.reason"><b>reason</b></a>&gt;<span style="color: Gray">&lt;!--</span> <span style="color: brown"><b>0..1</b></span> <span style="color: darkgreen"><a href="datatypes.htm#CodeableConcept">CodeableConcept</a></span> <span style="color: navy">Reason the activity is occurring</span><span style="color: Gray"> --&gt;</span>&lt;/reason&gt;
  &lt;<a title="Where the activity occurred, if relevant" class="dict" href="provenance-definitions.htm#Provenance.activity.location"><b>location</b></a>&gt;  <span style="color: Gray">&lt;!-- <span style="color: brown"><b>0..1</b></span> Where the activity occurred, if relevant --&gt;</span>
   &lt;<a title="The type of location - a classification of the kind of location at which the activity took place" class="dict" href="provenance-definitions.htm#Provenance.activity.location.type"><b>type</b></a>&gt;<span style="color: Gray">&lt;!--</span> <span style="color: brown"><b>0..1</b></span> <span style="color: darkgreen"><a href="datatypes.htm#CodeableConcept">CodeableConcept</a></span> <span style="color: navy">Type of location (Classification)</span><span style="color: Gray"> --&gt;</span>&lt;/type&gt;
   &lt;<a title="An identifier for the location" class="dict" href="provenance-definitions.htm#Provenance.activity.location.id"><b>id</b></a>&gt;<span style="color: Gray">&lt;!--</span> <span style="color: brown"><b>0..1</b></span> <span style="color: darkgreen"><a href="datatypes.htm#Identifier">Identifier</a></span> <span style="color: navy">An identifier for the location</span><span style="color: Gray"> --&gt;</span>&lt;/id&gt;
   &lt;<a title="Human readable description of location at which the activity occurred" class="dict" href="provenance-definitions.htm#Provenance.activity.location.description"><b>description</b></a>&gt;<span style="color: Gray">&lt;!--</span> <span style="color: brown"><b>0..1</b></span> <span style="color: darkgreen"><a href="datatypes.htm#string">string</a></span> <span style="color: navy">Human description of location</span><span style="color: Gray"> --&gt;</span>&lt;/description&gt;
   &lt;<a title="Geospatial coordinates of the location" class="dict" href="provenance-definitions.htm#Provenance.activity.location.coords"><b>coords</b></a>&gt;<span style="color: Gray">&lt;!--</span> <span style="color: brown"><b>0..1</b></span> <span style="color: darkgreen"><a href="datatypes.htm#string">string</a></span> <span style="color: navy">Geospatial coordinates of the location. What format?</span><span style="color: Gray"> --&gt;</span>&lt;/coords&gt;
  &lt;/location&gt;
  &lt;<a title="Policy or plan the activity was defined by" class="dict" href="provenance-definitions.htm#Provenance.activity.policy"><b>policy</b></a>&gt;<span style="color: Gray">&lt;!--</span> <span style="color: brown"><b>0..1</b></span> <span style="color: darkgreen"><a href="datatypes.htm#uri">uri</a></span> <span style="color: navy">Policy or plan the activity was defined by</span><span style="color: Gray"> --&gt;</span>&lt;/policy&gt;
 &lt;/activity&gt;
 &lt;<a title="An entity that is involved in the provenance of the target resource" class="dict" href="provenance-definitions.htm#Provenance.party"><b>party</b></a>&gt;  <span style="color: Gray">&lt;!-- <span style="color: brown"><b>0..*</b></span> Person, organization, records, etc. involved in creating resource --&gt;</span>
  &lt;<a title="The role that the participant played" class="dict" href="provenance-definitions.htm#Provenance.party.role"><b>role</b></a>&gt;<span style="color: Gray">&lt;!--</span> <span style="color: brown"><b>1..1</b></span> <span style="color: darkgreen"><a href="datatypes.htm#Coding">Coding</a></span> <span style="color: navy">author | overseer | enterer | attester | source | cc: +</span><span style="color: Gray"> --&gt;</span>&lt;/role&gt;
  &lt;<a title="The type of the participant" class="dict" href="provenance-definitions.htm#Provenance.party.type"><b>type</b></a>&gt;<span style="color: Gray">&lt;!--</span> <span style="color: brown"><b>1..1</b></span> <span style="color: darkgreen"><a href="datatypes.htm#Coding">Coding</a></span> <span style="color: navy">Resource | Person | Application | Record | Document +</span><span style="color: Gray"> --&gt;</span>&lt;/type&gt;
  &lt;<a title="Identity of participant. May be a logical or physical uri and maybe absolute or relative" class="dict" href="provenance-definitions.htm#Provenance.party.id"><b>id</b></a>&gt;<span style="color: Gray">&lt;!--</span> <span style="color: brown"><b>1..1</b></span> <span style="color: darkgreen"><a href="datatypes.htm#uri">uri</a></span> <span style="color: navy">Identity of participant (urn or url)</span><span style="color: Gray"> --&gt;</span>&lt;/id&gt;
  &lt;<a title="Human readable description of the participant" class="dict" href="provenance-definitions.htm#Provenance.party.description"><b>description</b></a>&gt;<span style="color: Gray">&lt;!--</span> <span style="color: brown"><b>0..1</b></span> <span style="color: darkgreen"><a href="datatypes.htm#string">string</a></span> <span style="color: navy">Human description of participant</span><span style="color: Gray"> --&gt;</span>&lt;/description&gt;
 &lt;/party&gt;
 &lt;<a title="A digital signature on the target resource. The signature should reference a participant by xml:id" class="dict" href="provenance-definitions.htm#Provenance.signature"><b>signature</b></a>&gt;<span style="color: Gray">&lt;!--</span> <span style="color: brown"><b>0..1</b></span> <span style="color: darkgreen"><a href="datatypes.htm#string">string</a></span> <span style="color: navy">Digital Signature of resource</span><span style="color: Gray"> --&gt;</span>&lt;/signature&gt;
 &lt;<a title="See Extensions" class="dict" href="provenance-definitions.htm#Provenance.extension"><b>extension</b></a>&gt;<span style="color: Gray">&lt;!--</span> <span style="color: brown"><b>0..*</b></span> <span style="color: darkgreen"><a href="extensibility.htm#Extension">Extension</a></span>  <a href="extensibility.htm"><span style="color: navy">See Extensions</span></a> <span style="color: Gray"> --&gt;</span>&lt;/extension&gt;
 &lt;<a title="Text summary of resource (for human interpretation)" class="dict" href="provenance-definitions.htm#Provenance.text"><b>text</b></a>&gt;<span style="color: Gray">&lt;!--</span> <span style="color: brown"><b>1..1</b></span> <span style="color: darkgreen"><a href="xml.htm#Narrative">Narrative</a></span> <span style="color: navy">Text summary of resource (for human interpretation)</span><span style="color: Gray"> --&gt;</span>&lt;/text&gt;
&lt;/Provenance&gt;
</pre></div>
  </text>
</Profile>