<?xml version="1.0" encoding="UTF-8"?>
<resourceDefinitions xmlns="http://hl7.org/fhir">
  <author>HL7</author>
  <resourceDefinition>
    <name>Provenance</name>
    <elementDefinitions>
      <elementDefinition>
        <name>Provenance</name>
        <cardinality>
          <minOccurs>1</minOccurs>
          <maxOccurs>1</maxOccurs>
        </cardinality>
        <condition></condition>
        <mustUnderstand>false</mustUnderstand>
        <definition>Provenance information associated with another resource that can be used to help determine its reliability or trace where the information in it came from. The focus of the provenance resource is record keeping, audit and traceability, not clinical meaning</definition>
        <requirements></requirements>
        <comments>Some parties may be duplicated between the target resource and its provenance.  For instance, the prescriber is usually (but not always) the author of the prescription resource. This resource is defined with close consideration for W3C Provenance</comments>
        <rim>ControlAct[isNormalAct() and subsumes(CACT, classCode) and moodCode=EVN]</rim>
      </elementDefinition>
      <elementDefinition>
        <name>Provenance.target</name>
        <cardinality>
          <minOccurs>1</minOccurs>
          <maxOccurs>1</maxOccurs>
        </cardinality>
        <condition></condition>
        <types>
          <type>Resource(Any)</type>
        </types>
        <mustUnderstand>true</mustUnderstand>
        <definition>The resource that this provenance information pertains to</definition>
        <requirements></requirements>
        <comments>The target reference is usually version specific, but may not be, if a version has not been assigned or if the provenance information is part of the set of resources being maintained (i.e. a document)</comments>
        <rim>./outboundRelationship[isNormalActRelationship() and typeCode=SUBJ]/target

OR

./participation[isNormalParticipation() and typeCode=SBJ]/role

OR

./participation[isNormalParticipation() and typeCode=SBJ]/role[isNormalRole()]/player</rim>
      </elementDefinition>
      <elementDefinition>
        <name>Provenance.activity</name>
        <cardinality>
          <minOccurs>1</minOccurs>
          <maxOccurs>1</maxOccurs>
        </cardinality>
        <condition></condition>
        <mustUnderstand>false</mustUnderstand>
        <definition>The activity that was being undertaken that led to the creation of the resource being referenced</definition>
        <requirements></requirements>
        <rim>.</rim>
      </elementDefinition>
      <elementDefinition>
        <name>Provenance.activity.period</name>
        <cardinality>
          <minOccurs>0</minOccurs>
          <maxOccurs>1</maxOccurs>
        </cardinality>
        <condition></condition>
        <types>
          <type>Period</type>
        </types>
        <mustUnderstand>false</mustUnderstand>
        <definition>The period during which the activity occurred</definition>
        <requirements></requirements>
        <comments>The period can be a little arbitrary; where possible, the time should correspond to human assessment of the activity time</comments>
        <rim>./effectiveTime[type=IVL_TS]</rim>
      </elementDefinition>
      <elementDefinition>
        <name>Provenance.activity.recorded</name>
        <cardinality>
          <minOccurs>1</minOccurs>
          <maxOccurs>1</maxOccurs>
        </cardinality>
        <condition></condition>
        <types>
          <type>instant</type>
        </types>
        <mustUnderstand>false</mustUnderstand>
        <definition>The instant of time at which the activity was recorded</definition>
        <requirements></requirements>
        <comments>This can be a little different from the time stamp on the resource if there is a delay between recording the event and updating the provenance and target resource</comments>
        <rim>unique(./participation[isNormalParticipation() and typeCode=AUT]/time[type=TS])</rim>
      </elementDefinition>
      <elementDefinition>
        <name>Provenance.activity.reason</name>
        <cardinality>
          <minOccurs>0</minOccurs>
          <maxOccurs>1</maxOccurs>
        </cardinality>
        <condition></condition>
        <types>
          <type>CodeableConcept</type>
        </types>
        <mustUnderstand>false</mustUnderstand>
        <definition>The reason that the activity was taking place</definition>
        <requirements></requirements>
        <rim>unique(./reasonCode)</rim>
      </elementDefinition>
      <elementDefinition>
        <name>Provenance.activity.location</name>
        <cardinality>
          <minOccurs>0</minOccurs>
          <maxOccurs>1</maxOccurs>
        </cardinality>
        <condition></condition>
        <mustUnderstand>false</mustUnderstand>
        <definition>Where the activity occurred, if relevant</definition>
        <requirements></requirements>
        <rim>unique(./participation[isNormalParticipation() and typeCode=LOC]/role[isNormalRole() and subsumes(SDLOC, classCode)]/player[isNormalEntity and classCode=&quot;LOC&quot; and determinerCode=&quot;INST&quot;]</rim>
      </elementDefinition>
      <elementDefinition>
        <name>Provenance.activity.location.type</name>
        <cardinality>
          <minOccurs>0</minOccurs>
          <maxOccurs>1</maxOccurs>
        </cardinality>
        <condition></condition>
        <types>
          <type>CodeableConcept</type>
        </types>
        <conceptDomain>ProvenanceLocationType</conceptDomain>
        <mustUnderstand>false</mustUnderstand>
        <definition>The type of location - a classification of the kind of location at which the activity took place</definition>
        <requirements></requirements>
        <rim>./code</rim>
      </elementDefinition>
      <elementDefinition>
        <name>Provenance.activity.location.id</name>
        <cardinality>
          <minOccurs>0</minOccurs>
          <maxOccurs>1</maxOccurs>
        </cardinality>
        <condition></condition>
        <types>
          <type>Identifier</type>
        </types>
        <mustUnderstand>false</mustUnderstand>
        <definition>An identifier for the location</definition>
        <requirements></requirements>
        <rim>unique(./id)</rim>
      </elementDefinition>
      <elementDefinition>
        <name>Provenance.activity.location.description</name>
        <cardinality>
          <minOccurs>0</minOccurs>
          <maxOccurs>1</maxOccurs>
        </cardinality>
        <condition></condition>
        <types>
          <type>string</type>
        </types>
        <mustUnderstand>false</mustUnderstand>
        <definition>Human readable description of location at which the activity occurred</definition>
        <requirements></requirements>
        <rim>./description</rim>
      </elementDefinition>
      <elementDefinition>
        <name>Provenance.activity.location.coords</name>
        <cardinality>
          <minOccurs>0</minOccurs>
          <maxOccurs>1</maxOccurs>
        </cardinality>
        <condition></condition>
        <types>
          <type>string</type>
        </types>
        <mustUnderstand>false</mustUnderstand>
        <definition>Geospatial coordinates of the location</definition>
        <requirements></requirements>
        <comments>Todo:  what format should this be in?</comments>
        <rim>./playedRole[isNormalRole() and classCode=SDLOC]/participation[isNormalParticipation() and typeCode=&quot;SBJ&quot;]/act[isNormalAct() and subsumes(OBS, classCode) and moodCode=EVN and hasDomain(code, GPSCoordinates)]/value[type=ST]</rim>
      </elementDefinition>
      <elementDefinition>
        <name>Provenance.activity.policy</name>
        <cardinality>
          <minOccurs>0</minOccurs>
          <maxOccurs>1</maxOccurs>
        </cardinality>
        <condition></condition>
        <types>
          <type>uri</type>
        </types>
        <mustUnderstand>false</mustUnderstand>
        <definition>Policy or plan the activity was defined by</definition>
        <requirements></requirements>
        <rim>./inboundRelationship[isNormalActRelationship() and typeCode=&quot;SUBJ&quot;]/source[isNormalAct and subsumes(POLICY, classCode) and moodCode=EVN]/text[typeCode='ED'/tel</rim>
      </elementDefinition>
      <elementDefinition>
        <name>Provenance.party</name>
        <cardinality>
          <minOccurs>0</minOccurs>
          <maxOccurs>unbounded</maxOccurs>
        </cardinality>
        <condition></condition>
        <mustUnderstand>false</mustUnderstand>
        <definition>An entity that is involved in the provenance of the target resource</definition>
        <requirements></requirements>
        <rim>./participation[isNormalParticipation()]

OR

./outboundRelationship[isNormalActRelationship() and typeCode='DRIV']</rim>
        <todo>Is DRIV the appropriate semantic for &quot;support&quot;?</todo>
      </elementDefinition>
      <elementDefinition>
        <name>Provenance.party.role</name>
        <cardinality>
          <minOccurs>1</minOccurs>
          <maxOccurs>1</maxOccurs>
        </cardinality>
        <condition></condition>
        <types>
          <type>Coding</type>
        </types>
        <conceptDomain>ProvenanceParticipantRole</conceptDomain>
        <mustUnderstand>false</mustUnderstand>
        <definition>The role that the participant played</definition>
        <requirements></requirements>
        <rim>attestor: .[self::participation]/typeCode='RESP'
author: .[self::participation]/typeCode='AUT'
cc: .[self::participation]/typeCode='IRCP'
enterer:  .[self::participation]/typeCode='ENT'
informant: .[self::participation]/typeCode='INF'
performer: .[self::participation]/typeCode='PRF'
verifier: .[self::participation]/typeCode='VRF'
source: .[self::outboundRelationship]/typeCode=''</rim>
        <todo>Figure out how to handle: application, daemon for RIM mappings.  Figure out better mapping for attestor, perhaps after RIM harmonization proposal
</todo>
      </elementDefinition>
      <elementDefinition>
        <name>Provenance.party.type</name>
        <cardinality>
          <minOccurs>1</minOccurs>
          <maxOccurs>1</maxOccurs>
        </cardinality>
        <condition></condition>
        <types>
          <type>Coding</type>
        </types>
        <conceptDomain>ProvenanceParticipantType</conceptDomain>
        <mustUnderstand>false</mustUnderstand>
        <definition>The type of the participant</definition>
        <requirements></requirements>
        <comments>If the type is &quot;resource&quot; then the resource itself was the participant. If the type is a type of resource, then the entity identified by the resource is the participant</comments>
        <rim>person: ./role[isNormalRole() and classCode='REL']/player[isNormalEntity and classCode='PER' and determinerCode='INST']
agent: ./role[isNormalRole() and classCode='ASSIGNED' and player[isNormalEntity and classCode='PSN' and determinerCode='INST']]
organization: ./role[isNormalRole() and classCode='ASSIGNED' and not(player)]/scoper[isNormalEntity and classCode='ORG' and determinerCode='INST']

software: ./role[isNormalRole() and classCode='ASSIGNED']/scoper[isNormalEntity and classCode='DEV' and determinerCode='INST' and hasDomain(code, 'Software')]
document: ./target[isNormalAct and subsumes('DOC', classCode) and moodCode='EVN']
</rim>
        <todo>Not sure how to make &quot;resource&quot; or &quot;record&quot; RIM mappings work</todo>
      </elementDefinition>
      <elementDefinition>
        <name>Provenance.party.id</name>
        <cardinality>
          <minOccurs>1</minOccurs>
          <maxOccurs>1</maxOccurs>
        </cardinality>
        <condition></condition>
        <types>
          <type>uri</type>
        </types>
        <mustUnderstand>false</mustUnderstand>
        <definition>Identity of participant. May be a logical or physical uri and maybe absolute or relative</definition>
        <requirements></requirements>
        <comments>identity may be a reference to a resource or to something else, depending on the type</comments>
        <rim>./id</rim>
      </elementDefinition>
      <elementDefinition>
        <name>Provenance.party.description</name>
        <cardinality>
          <minOccurs>0</minOccurs>
          <maxOccurs>1</maxOccurs>
        </cardinality>
        <condition></condition>
        <types>
          <type>string</type>
        </types>
        <mustUnderstand>false</mustUnderstand>
        <definition>Human readable description of the participant</definition>
        <requirements></requirements>
        <rim>./player/description

OR

./description

OR

./text</rim>
      </elementDefinition>
      <elementDefinition>
        <name>Provenance.signature</name>
        <cardinality>
          <minOccurs>0</minOccurs>
          <maxOccurs>1</maxOccurs>
        </cardinality>
        <condition></condition>
        <types>
          <type>string</type>
        </types>
        <mustUnderstand>false</mustUnderstand>
        <definition>A digital signature on the target resource. The signature should reference a participant by xml:id</definition>
        <requirements></requirements>
        <comments>json? Xml? </comments>
        <rim>./signatureText</rim>
      </elementDefinition>
      <elementDefinition>
        <name>Provenance.extension</name>
        <cardinality>
          <minOccurs>0</minOccurs>
          <maxOccurs>unbounded</maxOccurs>
        </cardinality>
        <condition></condition>
        <types>
          <type>Extension</type>
        </types>
        <mustUnderstand>false</mustUnderstand>
        <definition>See Extensions</definition>
        <requirements></requirements>
        <rim>[varies]</rim>
      </elementDefinition>
      <elementDefinition>
        <name>Provenance.text</name>
        <cardinality>
          <minOccurs>1</minOccurs>
          <maxOccurs>1</maxOccurs>
        </cardinality>
        <condition></condition>
        <types>
          <type>Narrative</type>
        </types>
        <mustUnderstand>false</mustUnderstand>
        <definition>Text summary of resource (for human interpretation)</definition>
        <requirements></requirements>
        <rim></rim>
      </elementDefinition>
    </elementDefinitions>
  </resourceDefinition>
</resourceDefinitions>

