<?xml version="1.0" encoding="UTF-8"?>

<Profile xmlns="http://hl7.org/fhir">
  <name>securityevent</name>
  <author>
    <name>todo (committee)</name>
  </author>
  <description>Basic Profile. A record of an event </description>
  <status>
    <code>testing</code>
    <date>2012-12-04</date>
  </status>
  <resource>
    <type>Resource</type>
    <element>
      <path>SecurityEvent</path>
      <definition>
        <short>A record of an event happening in an application</short>
        <formal>A record of an event </formal>
        <comments>Based on ATNA (RFC 3881)</comments>
        <min>1</min>
        <max>1</max>
        <type>
          <code>Resource</code>
        </type>
        <mustUnderstand>false</mustUnderstand>
      </definition>
    </element>
    <element>
      <path>SecurityEvent.event</path>
      <definition>
        <short>what was done</short>
        <formal>identifies the name, action type, time, and disposition of the audited event</formal>
        <min>1</min>
        <max>1</max>
        <mustUnderstand>false</mustUnderstand>
      </definition>
    </element>
    <element>
      <path>SecurityEvent.event.id</path>
      <definition>
        <short>Identifier for a specific audited event</short>
        <formal>Identifier for a specific audited event</formal>
        <comments>e.g., a menu item, program, rule, policy, function code, application name, or URL. It identifies the performed function</comments>
        <min>1</min>
        <max>1</max>
        <type>
          <code>Coding</code>
        </type>
        <mustUnderstand>false</mustUnderstand>
      </definition>
    </element>
    <element>
      <path>SecurityEvent.event.action</path>
      <definition>
        <short>type of action performed during the event</short>
        <formal>Indicator for type of action performed during the event that generated the audit</formal>
        <min>0</min>
        <max>1</max>
        <type>
          <code>code</code>
        </type>
        <mustUnderstand>false</mustUnderstand>
        <binding>SecurityEventEventAction</binding>
      </definition>
    </element>
    <element>
      <path>SecurityEvent.event.dateTime</path>
      <definition>
        <short>time when the event occurred on source</short>
        <formal>The time when the event occurred on the source</formal>
        <comments>In a distributed system, some sort of common time base, e.g., an NTP [RFC1305] server, is a good implementation tactic</comments>
        <min>1</min>
        <max>1</max>
        <type>
          <code>instant</code>
        </type>
        <mustUnderstand>false</mustUnderstand>
      </definition>
    </element>
    <element>
      <path>SecurityEvent.event.outcome</path>
      <definition>
        <short>whether the event succeeded or failed</short>
        <formal>Indicates whether the event succeeded or failed</formal>
        <comments>In some cases a &quot;success&quot; may be partial, for example, an incomplete or interrupted transfer of a radiological study. For the purpose of establishing accountability, these distinctions are not relevant</comments>
        <min>1</min>
        <max>1</max>
        <type>
          <code>code</code>
        </type>
        <mustUnderstand>false</mustUnderstand>
        <binding>SecurityEventEventOutcome</binding>
      </definition>
    </element>
    <element>
      <path>SecurityEvent.event.code</path>
      <definition>
        <short>Identifier for the category of event</short>
        <formal>Identifier for the category of event</formal>
        <min>0</min>
        <max>*</max>
        <type>
          <code>Coding</code>
        </type>
        <mustUnderstand>false</mustUnderstand>
      </definition>
    </element>
    <element>
      <path>SecurityEvent.participant</path>
      <definition>
        <short>a person, or a hardware device or software process</short>
        <formal>a person, or a hardware device or software process</formal>
        <comments>There may be more than one user per event, for example, in cases of actions initiated by one user for other users, or in events that involve more than one user, hardware device, or system process. However, only one user may be the initiator/requestor for the event</comments>
        <min>0</min>
        <max>*</max>
        <mustUnderstand>false</mustUnderstand>
      </definition>
    </element>
    <element>
      <path>SecurityEvent.participant.userId</path>
      <definition>
        <short>Unique identifier for the user</short>
        <formal>Unique identifier for the user actively participating in the event</formal>
        <comments>a unique value within the Audit Source ID. For node-based authentication -- where only the system hardware or process, but not a human user, is identified -- User ID would be the node name</comments>
        <min>1</min>
        <max>1</max>
        <type>
          <code>string</code>
        </type>
        <mustUnderstand>false</mustUnderstand>
      </definition>
    </element>
    <element>
      <path>SecurityEvent.participant.otherUserId</path>
      <definition>
        <short>User identifier from authentication system</short>
        <formal>User identifier text string from authentication system. This identifier would be one known to a common authentication system (e.g., single sign-on), if available</formal>
        <min>0</min>
        <max>1</max>
        <type>
          <code>string</code>
        </type>
        <mustUnderstand>false</mustUnderstand>
      </definition>
    </element>
    <element>
      <path>SecurityEvent.participant.name</path>
      <definition>
        <short>human-meaningful name for the user</short>
        <formal>human-meaningful name for the user</formal>
        <min>0</min>
        <max>1</max>
        <type>
          <code>string</code>
        </type>
        <mustUnderstand>false</mustUnderstand>
      </definition>
    </element>
    <element>
      <path>SecurityEvent.participant.requestor</path>
      <definition>
        <short>Whether user is initiator</short>
        <formal>Indicator that the user is or is not the requestor, or initiator, for the event being audited.</formal>
        <min>1</min>
        <max>1</max>
        <type>
          <code>boolean</code>
        </type>
        <mustUnderstand>false</mustUnderstand>
      </definition>
    </element>
    <element>
      <path>SecurityEvent.participant.role</path>
      <definition>
        <short>role(s) the user plays (from RBAC)</short>
        <formal>Specification of the role(s) the user plays when performing the event, as assigned in role-based access control security</formal>
        <min>0</min>
        <max>*</max>
        <type>
          <code>Coding</code>
        </type>
        <mustUnderstand>false</mustUnderstand>
      </definition>
    </element>
    <element>
      <path>SecurityEvent.participant.network</path>
      <definition>
        <short>logical network location for application activity</short>
        <formal>logical network location for application activity</formal>
        <min>0</min>
        <max>1</max>
        <mustUnderstand>false</mustUnderstand>
      </definition>
    </element>
    <element>
      <path>SecurityEvent.participant.network.type</path>
      <definition>
        <short>the type of network access point</short>
        <formal>An identifier for the type of network access point that originated the audit event</formal>
        <min>0</min>
        <max>1</max>
        <type>
          <code>code</code>
        </type>
        <mustUnderstand>false</mustUnderstand>
        <binding>SecurityEventParticipantNetworkType</binding>
      </definition>
    </element>
    <element>
      <path>SecurityEvent.participant.network.id</path>
      <definition>
        <short>identifier for the network access point of the user device</short>
        <formal>An identifier for the network access point of the user device for the audit event</formal>
        <comments>This could be a device id, IP address, or some other identifier associated with a device</comments>
        <min>0</min>
        <max>1</max>
        <type>
          <code>string</code>
        </type>
        <mustUnderstand>false</mustUnderstand>
      </definition>
    </element>
    <element>
      <path>SecurityEvent.source</path>
      <definition>
        <short>application systems and processes</short>
        <formal>application systems and processes</formal>
        <comments>Since multi-tier, distributed, or composite applications make source identification ambiguous, this collection of fields may repeat for each application or process actively involved in the event. For example, multiple value-sets can identify participating web servers, application processes, and database server threads in an n-tier distributed application. Passive event participants, e.g., low-level network transports, need not be identified</comments>
        <min>0</min>
        <max>*</max>
        <mustUnderstand>false</mustUnderstand>
      </definition>
    </element>
    <element>
      <path>SecurityEvent.source.site</path>
      <definition>
        <short>Logical source location within the enterprise</short>
        <formal>Logical source location within the healthcare enterprise network</formal>
        <comments>a hospital or other provider location within a multi-entity provider group</comments>
        <min>0</min>
        <max>1</max>
        <type>
          <code>string</code>
        </type>
        <mustUnderstand>false</mustUnderstand>
      </definition>
    </element>
    <element>
      <path>SecurityEvent.source.id</path>
      <definition>
        <short>the id of source where event originated</short>
        <formal>Identifier of the source where the event originated</formal>
        <min>1</min>
        <max>1</max>
        <type>
          <code>string</code>
        </type>
        <mustUnderstand>false</mustUnderstand>
      </definition>
    </element>
    <element>
      <path>SecurityEvent.source.type</path>
      <definition>
        <short>the type of source where event originated</short>
        <formal>Code specifying the type of source where event originated</formal>
        <min>0</min>
        <max>*</max>
        <type>
          <code>Coding</code>
        </type>
        <mustUnderstand>false</mustUnderstand>
        <binding>SecurityEventSourceType</binding>
      </definition>
    </element>
    <element>
      <path>SecurityEvent.object</path>
      <definition>
        <short>specific instances of data or objects that have been accessed </short>
        <formal>specific instances of data or objects that have been accessed</formal>
        <comments>required unless the values for Event Identification, Active Participant Identification, and Audit Source Identification are sufficient to document the entire auditable event. Because events may have more than one participant object, this group can be a repeating set of values.</comments>
        <min>0</min>
        <max>*</max>
        <mustUnderstand>false</mustUnderstand>
      </definition>
    </element>
    <element>
      <path>SecurityEvent.object.type</path>
      <definition>
        <short>object type being audited</short>
        <formal>object type being audited</formal>
        <comments>This value is distinct from the user&#39;s role or any user relationship to the participant object</comments>
        <min>0</min>
        <max>1</max>
        <type>
          <code>code</code>
        </type>
        <mustUnderstand>false</mustUnderstand>
        <binding>SecurityEventObjectType</binding>
      </definition>
    </element>
    <element>
      <path>SecurityEvent.object.role</path>
      <definition>
        <short>functional application role of Object</short>
        <formal>Code representing the functional application role of Participant Object being audited</formal>
        <comments>See Rfc 3881 for rules concerning matches between role and type</comments>
        <min>0</min>
        <max>1</max>
        <type>
          <code>code</code>
        </type>
        <mustUnderstand>false</mustUnderstand>
        <binding>SecurityEventObjectRole</binding>
      </definition>
    </element>
    <element>
      <path>SecurityEvent.object.lifecycle</path>
      <definition>
        <short>life-cycle stage for the object</short>
        <formal>Identifier for the data life-cycle stage for the participant object</formal>
        <comments>This can be used to provide an audit trail for data, over time, as it passes through the system</comments>
        <min>0</min>
        <max>1</max>
        <type>
          <code>code</code>
        </type>
        <mustUnderstand>false</mustUnderstand>
        <binding>SecurityEventObjectLifecycle</binding>
      </definition>
    </element>
    <element>
      <path>SecurityEvent.object.idType</path>
      <definition>
        <short>Describes the identifier</short>
        <formal>Describes the identifier that is contained in Participant Object ID</formal>
        <min>1</min>
        <max>1</max>
        <type>
          <code>Coding</code>
        </type>
        <mustUnderstand>false</mustUnderstand>
        <binding>SecurityEventObjectIdType</binding>
      </definition>
    </element>
    <element>
      <path>SecurityEvent.object.id</path>
      <definition>
        <short>Identifies a specific instance of object</short>
        <formal>Identifies a specific instance of the participant object</formal>
        <comments>Value format depends on Participant Object Type Code and the Participant Object ID Type Code</comments>
        <min>1</min>
        <max>1</max>
        <type>
          <code>string</code>
        </type>
        <mustUnderstand>false</mustUnderstand>
      </definition>
    </element>
    <element>
      <path>SecurityEvent.object.sensitivity</path>
      <definition>
        <short>policy-defined sensitivity for the object</short>
        <formal>Denotes policy-defined sensitivity for the Participant Object ID such as VIP, HIV status, mental health status, or similar topics</formal>
        <comments>Values are institution- and implementation-defined text strings</comments>
        <min>0</min>
        <max>1</max>
        <type>
          <code>string</code>
        </type>
        <mustUnderstand>false</mustUnderstand>
      </definition>
    </element>
    <element>
      <path>SecurityEvent.object.name</path>
      <definition>
        <short>instance-specific descriptor for Object</short>
        <formal>An instance-specific descriptor of the Participant Object ID audited, such as a person&#39;s name</formal>
        <comments>This field may be used in a query/report to identify audit events for a specific person, e.g., where multiple synonymous Participant Object IDs (patient number, medical record number, encounter number, etc.) have been used</comments>
        <min>0</min>
        <max>1</max>
        <type>
          <code>string</code>
        </type>
        <mustUnderstand>false</mustUnderstand>
      </definition>
    </element>
    <element>
      <path>SecurityEvent.object.query</path>
      <definition>
        <short>actual query for object</short>
        <formal>The actual query for a query-type participant object</formal>
        <min>0</min>
        <max>1</max>
        <type>
          <code>base64Binary</code>
        </type>
        <mustUnderstand>false</mustUnderstand>
      </definition>
    </element>
    <element>
      <path>SecurityEvent.extension</path>
      <definition>
        <short>See Extensions</short>
        <formal>See Extensions</formal>
        <min>0</min>
        <max>*</max>
        <type>
          <code>Extension</code>
        </type>
        <mustUnderstand>false</mustUnderstand>
      </definition>
    </element>
    <element>
      <path>SecurityEvent.text</path>
      <definition>
        <short>Text summary of resource (for human interpretation)</short>
        <formal>Text summary of resource (for human interpretation)</formal>
        <min>1</min>
        <max>1</max>
        <type>
          <code>Narrative</code>
        </type>
        <mustUnderstand>false</mustUnderstand>
      </definition>
    </element>
  </resource>
  <text>
    <status>generated</status><div xmlns="http://www.w3.org/1999/xhtml"><pre>
&lt;<a title="A record of an event " class="dict" href="securityevent-definitions.htm#SecurityEvent"><b>SecurityEvent</b></a> xmlns=&quot;http://hl7.org/fhir&quot;&gt;
 &lt;<a title="identifies the name, action type, time, and disposition of the audited event" class="dict" href="securityevent-definitions.htm#SecurityEvent.event"><b>event</b></a>&gt;  <span style="color: Gray">&lt;!-- <span style="color: brown"><b>1..1</b></span> what was done --&gt;</span>
  &lt;<a title="Identifier for a specific audited event" class="dict" href="securityevent-definitions.htm#SecurityEvent.event.id"><b>id</b></a>&gt;<span style="color: Gray">&lt;!--</span> <span style="color: brown"><b>1..1</b></span> <span style="color: darkgreen"><a href="datatypes.htm#Coding">Coding</a></span> <span style="color: navy">Identifier for a specific audited event</span><span style="color: Gray"> --&gt;</span>&lt;/id&gt;
  &lt;<a title="Indicator for type of action performed during the event that generated the audit" class="dict" href="securityevent-definitions.htm#SecurityEvent.event.action"><b>action</b></a>&gt;<span style="color: Gray">&lt;!--</span> <span style="color: brown"><b>0..1</b></span> <span style="color: darkgreen"><a href="datatypes.htm#code">code</a></span> <span style="color: navy">type of action performed during the event</span><span style="color: Gray"> --&gt;</span>&lt;/action&gt;
  &lt;<a title="The time when the event occurred on the source" class="dict" href="securityevent-definitions.htm#SecurityEvent.event.dateTime"><b>dateTime</b></a>&gt;<span style="color: Gray">&lt;!--</span> <span style="color: brown"><b>1..1</b></span> <span style="color: darkgreen"><a href="datatypes.htm#instant">instant</a></span> <span style="color: navy">time when the event occurred on source</span><span style="color: Gray"> --&gt;</span>&lt;/dateTime&gt;
  &lt;<a title="Indicates whether the event succeeded or failed" class="dict" href="securityevent-definitions.htm#SecurityEvent.event.outcome"><b>outcome</b></a>&gt;<span style="color: Gray">&lt;!--</span> <span style="color: brown"><b>1..1</b></span> <span style="color: darkgreen"><a href="datatypes.htm#code">code</a></span> <span style="color: navy">whether the event succeeded or failed</span><span style="color: Gray"> --&gt;</span>&lt;/outcome&gt;
  &lt;<a title="Identifier for the category of event" class="dict" href="securityevent-definitions.htm#SecurityEvent.event.code"><b>code</b></a>&gt;<span style="color: Gray">&lt;!--</span> <span style="color: brown"><b>0..*</b></span> <span style="color: darkgreen"><a href="datatypes.htm#Coding">Coding</a></span> <span style="color: navy">Identifier for the category of event</span><span style="color: Gray"> --&gt;</span>&lt;/code&gt;
 &lt;/event&gt;
 &lt;<a title="a person, or a hardware device or software process" class="dict" href="securityevent-definitions.htm#SecurityEvent.participant"><b>participant</b></a>&gt;  <span style="color: Gray">&lt;!-- <span style="color: brown"><b>0..*</b></span> a person, or a hardware device or software process --&gt;</span>
  &lt;<a title="Unique identifier for the user actively participating in the event" class="dict" href="securityevent-definitions.htm#SecurityEvent.participant.userId"><b>userId</b></a>&gt;<span style="color: Gray">&lt;!--</span> <span style="color: brown"><b>1..1</b></span> <span style="color: darkgreen"><a href="datatypes.htm#string">string</a></span> <span style="color: navy">Unique identifier for the user</span><span style="color: Gray"> --&gt;</span>&lt;/userId&gt;
  &lt;<a title="User identifier text string from authentication system. This identifier would be one known to a common authentication system (e.g., single sign-on), if available" class="dict" href="securityevent-definitions.htm#SecurityEvent.participant.otherUserId"><b>otherUserId</b></a>&gt;<span style="color: Gray">&lt;!--</span> <span style="color: brown"><b>0..1</b></span> <span style="color: darkgreen"><a href="datatypes.htm#string">string</a></span> <span style="color: navy">User identifier from authentication system</span><span style="color: Gray"> --&gt;</span>&lt;/otherUserId&gt;
  &lt;<a title="human-meaningful name for the user" class="dict" href="securityevent-definitions.htm#SecurityEvent.participant.name"><b>name</b></a>&gt;<span style="color: Gray">&lt;!--</span> <span style="color: brown"><b>0..1</b></span> <span style="color: darkgreen"><a href="datatypes.htm#string">string</a></span> <span style="color: navy">human-meaningful name for the user</span><span style="color: Gray"> --&gt;</span>&lt;/name&gt;
  &lt;<a title="Indicator that the user is or is not the requestor, or initiator, for the event being audited." class="dict" href="securityevent-definitions.htm#SecurityEvent.participant.requestor"><b>requestor</b></a>&gt;<span style="color: Gray">&lt;!--</span> <span style="color: brown"><b>1..1</b></span> <span style="color: darkgreen"><a href="datatypes.htm#boolean">boolean</a></span> <span style="color: navy">Whether user is initiator</span><span style="color: Gray"> --&gt;</span>&lt;/requestor&gt;
  &lt;<a title="Specification of the role(s) the user plays when performing the event, as assigned in role-based access control security" class="dict" href="securityevent-definitions.htm#SecurityEvent.participant.role"><b>role</b></a>&gt;<span style="color: Gray">&lt;!--</span> <span style="color: brown"><b>0..*</b></span> <span style="color: darkgreen"><a href="datatypes.htm#Coding">Coding</a></span> <span style="color: navy">role(s) the user plays (from RBAC)</span><span style="color: Gray"> --&gt;</span>&lt;/role&gt;
  &lt;<a title="logical network location for application activity" class="dict" href="securityevent-definitions.htm#SecurityEvent.participant.network"><b>network</b></a>&gt;  <span style="color: Gray">&lt;!-- <span style="color: brown"><b>0..1</b></span> logical network location for application activity --&gt;</span>
   &lt;<a title="An identifier for the type of network access point that originated the audit event" class="dict" href="securityevent-definitions.htm#SecurityEvent.participant.network.type"><b>type</b></a>&gt;<span style="color: Gray">&lt;!--</span> <span style="color: brown"><b>0..1</b></span> <span style="color: darkgreen"><a href="datatypes.htm#code">code</a></span> <span style="color: navy">the type of network access point</span><span style="color: Gray"> --&gt;</span>&lt;/type&gt;
   &lt;<a title="An identifier for the network access point of the user device for the audit event" class="dict" href="securityevent-definitions.htm#SecurityEvent.participant.network.id"><b>id</b></a>&gt;<span style="color: Gray">&lt;!--</span> <span style="color: brown"><b>0..1</b></span> <span style="color: darkgreen"><a href="datatypes.htm#string">string</a></span> <span style="color: navy">identifier for the network access point of the user device</span><span style="color: Gray"> --&gt;</span>&lt;/id&gt;
  &lt;/network&gt;
 &lt;/participant&gt;
 &lt;<a title="application systems and processes" class="dict" href="securityevent-definitions.htm#SecurityEvent.source"><b>source</b></a>&gt;  <span style="color: Gray">&lt;!-- <span style="color: brown"><b>0..*</b></span> application systems and processes --&gt;</span>
  &lt;<a title="Logical source location within the healthcare enterprise network" class="dict" href="securityevent-definitions.htm#SecurityEvent.source.site"><b>site</b></a>&gt;<span style="color: Gray">&lt;!--</span> <span style="color: brown"><b>0..1</b></span> <span style="color: darkgreen"><a href="datatypes.htm#string">string</a></span> <span style="color: navy">Logical source location within the enterprise</span><span style="color: Gray"> --&gt;</span>&lt;/site&gt;
  &lt;<a title="Identifier of the source where the event originated" class="dict" href="securityevent-definitions.htm#SecurityEvent.source.id"><b>id</b></a>&gt;<span style="color: Gray">&lt;!--</span> <span style="color: brown"><b>1..1</b></span> <span style="color: darkgreen"><a href="datatypes.htm#string">string</a></span> <span style="color: navy">the id of source where event originated</span><span style="color: Gray"> --&gt;</span>&lt;/id&gt;
  &lt;<a title="Code specifying the type of source where event originated" class="dict" href="securityevent-definitions.htm#SecurityEvent.source.type"><b>type</b></a>&gt;<span style="color: Gray">&lt;!--</span> <span style="color: brown"><b>0..*</b></span> <span style="color: darkgreen"><a href="datatypes.htm#Coding">Coding</a></span> <span style="color: navy">the type of source where event originated</span><span style="color: Gray"> --&gt;</span>&lt;/type&gt;
 &lt;/source&gt;
 &lt;<a title="specific instances of data or objects that have been accessed" class="dict" href="securityevent-definitions.htm#SecurityEvent.object"><b>object</b></a>&gt;  <span style="color: Gray">&lt;!-- <span style="color: brown"><b>0..*</b></span> specific instances of data or objects that have been accessed  --&gt;</span>
  &lt;<a title="object type being audited" class="dict" href="securityevent-definitions.htm#SecurityEvent.object.type"><b>type</b></a>&gt;<span style="color: Gray">&lt;!--</span> <span style="color: brown"><b>0..1</b></span> <span style="color: darkgreen"><a href="datatypes.htm#code">code</a></span> <span style="color: navy">object type being audited</span><span style="color: Gray"> --&gt;</span>&lt;/type&gt;
  &lt;<a title="Code representing the functional application role of Participant Object being audited" class="dict" href="securityevent-definitions.htm#SecurityEvent.object.role"><b>role</b></a>&gt;<span style="color: Gray">&lt;!--</span> <span style="color: brown"><b>0..1</b></span> <span style="color: darkgreen"><a href="datatypes.htm#code">code</a></span> <span style="color: navy">functional application role of Object</span><span style="color: Gray"> --&gt;</span>&lt;/role&gt;
  &lt;<a title="Identifier for the data life-cycle stage for the participant object" class="dict" href="securityevent-definitions.htm#SecurityEvent.object.lifecycle"><b>lifecycle</b></a>&gt;<span style="color: Gray">&lt;!--</span> <span style="color: brown"><b>0..1</b></span> <span style="color: darkgreen"><a href="datatypes.htm#code">code</a></span> <span style="color: navy">life-cycle stage for the object</span><span style="color: Gray"> --&gt;</span>&lt;/lifecycle&gt;
  &lt;<a title="Describes the identifier that is contained in Participant Object ID" class="dict" href="securityevent-definitions.htm#SecurityEvent.object.idType"><b>idType</b></a>&gt;<span style="color: Gray">&lt;!--</span> <span style="color: brown"><b>1..1</b></span> <span style="color: darkgreen"><a href="datatypes.htm#Coding">Coding</a></span> <span style="color: navy">Describes the identifier</span><span style="color: Gray"> --&gt;</span>&lt;/idType&gt;
  &lt;<a title="Identifies a specific instance of the participant object" class="dict" href="securityevent-definitions.htm#SecurityEvent.object.id"><b>id</b></a>&gt;<span style="color: Gray">&lt;!--</span> <span style="color: brown"><b>1..1</b></span> <span style="color: darkgreen"><a href="datatypes.htm#string">string</a></span> <span style="color: navy">Identifies a specific instance of object</span><span style="color: Gray"> --&gt;</span>&lt;/id&gt;
  &lt;<a title="Denotes policy-defined sensitivity for the Participant Object ID such as VIP, HIV status, mental health status, or similar topics" class="dict" href="securityevent-definitions.htm#SecurityEvent.object.sensitivity"><b>sensitivity</b></a>&gt;<span style="color: Gray">&lt;!--</span> <span style="color: brown"><b>0..1</b></span> <span style="color: darkgreen"><a href="datatypes.htm#string">string</a></span> <span style="color: navy">policy-defined sensitivity for the object</span><span style="color: Gray"> --&gt;</span>&lt;/sensitivity&gt;
  &lt;<a title="An instance-specific descriptor of the Participant Object ID audited, such as a person&#39;s name" class="dict" href="securityevent-definitions.htm#SecurityEvent.object.name"><b>name</b></a>&gt;<span style="color: Gray">&lt;!--</span> <span style="color: brown"><b>0..1</b></span> <span style="color: darkgreen"><a href="datatypes.htm#string">string</a></span> <span style="color: navy">instance-specific descriptor for Object</span><span style="color: Gray"> --&gt;</span>&lt;/name&gt;
  &lt;<a title="The actual query for a query-type participant object" class="dict" href="securityevent-definitions.htm#SecurityEvent.object.query"><b>query</b></a>&gt;<span style="color: Gray">&lt;!--</span> <span style="color: brown"><b>0..1</b></span> <span style="color: darkgreen"><a href="datatypes.htm#base64Binary">base64Binary</a></span> <span style="color: navy">actual query for object</span><span style="color: Gray"> --&gt;</span>&lt;/query&gt;
 &lt;/object&gt;
 &lt;<a title="See Extensions" class="dict" href="securityevent-definitions.htm#SecurityEvent.extension"><b>extension</b></a>&gt;<span style="color: Gray">&lt;!--</span> <span style="color: brown"><b>0..*</b></span> <span style="color: darkgreen"><a href="extensibility.htm#Extension">Extension</a></span>  <a href="extensibility.htm"><span style="color: navy">See Extensions</span></a> <span style="color: Gray"> --&gt;</span>&lt;/extension&gt;
 &lt;<a title="Text summary of resource (for human interpretation)" class="dict" href="securityevent-definitions.htm#SecurityEvent.text"><b>text</b></a>&gt;<span style="color: Gray">&lt;!--</span> <span style="color: brown"><b>1..1</b></span> <span style="color: darkgreen"><a href="xml.htm#Narrative">Narrative</a></span> <span style="color: navy">Text summary of resource (for human interpretation)</span><span style="color: Gray"> --&gt;</span>&lt;/text&gt;
&lt;/SecurityEvent&gt;
</pre></div>
  </text>
</Profile>