<?xml version="1.0" encoding="UTF-8"?>
<resourceDefinitions xmlns="http://hl7.org/fhir">
  <author>HL7</author>
  <resourceDefinition>
    <name>SecurityEvent</name>
    <elementDefinitions>
      <elementDefinition>
        <name>SecurityEvent</name>
        <cardinality>
          <minOccurs>1</minOccurs>
          <maxOccurs>1</maxOccurs>
        </cardinality>
        <condition></condition>
        <mustUnderstand>false</mustUnderstand>
        <definition>A record of an event </definition>
        <requirements></requirements>
        <comments>Based on ATNA (RFC 3881)</comments>
        <rim></rim>
      </elementDefinition>
      <elementDefinition>
        <name>SecurityEvent.event</name>
        <cardinality>
          <minOccurs>1</minOccurs>
          <maxOccurs>1</maxOccurs>
        </cardinality>
        <condition></condition>
        <mustUnderstand>false</mustUnderstand>
        <definition>identifies the name, action type, time, and disposition of the audited event</definition>
        <requirements></requirements>
        <rim></rim>
      </elementDefinition>
      <elementDefinition>
        <name>SecurityEvent.event.id</name>
        <cardinality>
          <minOccurs>1</minOccurs>
          <maxOccurs>1</maxOccurs>
        </cardinality>
        <condition></condition>
        <types>
          <type>Coding</type>
        </types>
        <mustUnderstand>false</mustUnderstand>
        <definition>Identifier for a specific audited event</definition>
        <requirements>This identifies the audited function. For &quot;Execute&quot; Event Action Code audit records, this identifies the application function performed.</requirements>
        <comments>e.g., a menu item, program, rule, policy, function code, application name, or URL. It identifies the performed function</comments>
        <rim></rim>
      </elementDefinition>
      <elementDefinition>
        <name>SecurityEvent.event.action</name>
        <cardinality>
          <minOccurs>0</minOccurs>
          <maxOccurs>1</maxOccurs>
        </cardinality>
        <condition></condition>
        <types>
          <type>code</type>
        </types>
        <conceptDomain>SecurityEventEventAction</conceptDomain>
        <mustUnderstand>false</mustUnderstand>
        <definition>Indicator for type of action performed during the event that generated the audit</definition>
        <requirements>This broadly indicates what kind of action was done on the Participant Object</requirements>
        <rim></rim>
      </elementDefinition>
      <elementDefinition>
        <name>SecurityEvent.event.dateTime</name>
        <cardinality>
          <minOccurs>1</minOccurs>
          <maxOccurs>1</maxOccurs>
        </cardinality>
        <condition></condition>
        <types>
          <type>instant</type>
        </types>
        <mustUnderstand>false</mustUnderstand>
        <definition>The time when the event occurred on the source</definition>
        <requirements>This ties an event to a specific date and time. Security audits typically require a consistent time base, e.g., UTC, to eliminate time-zone issues arising from geographical distribution</requirements>
        <comments>In a distributed system, some sort of common time base, e.g., an NTP [RFC1305] server, is a good implementation tactic</comments>
        <rim></rim>
      </elementDefinition>
      <elementDefinition>
        <name>SecurityEvent.event.outcome</name>
        <cardinality>
          <minOccurs>1</minOccurs>
          <maxOccurs>1</maxOccurs>
        </cardinality>
        <condition></condition>
        <types>
          <type>code</type>
        </types>
        <conceptDomain>SecurityEventEventOutcome</conceptDomain>
        <mustUnderstand>false</mustUnderstand>
        <definition>Indicates whether the event succeeded or failed</definition>
        <requirements></requirements>
        <comments>In some cases a &quot;success&quot; may be partial, for example, an incomplete or interrupted transfer of a radiological study. For the purpose of establishing accountability, these distinctions are not relevant</comments>
        <rim></rim>
      </elementDefinition>
      <elementDefinition>
        <name>SecurityEvent.event.code</name>
        <cardinality>
          <minOccurs>0</minOccurs>
          <maxOccurs>unbounded</maxOccurs>
        </cardinality>
        <condition></condition>
        <types>
          <type>Coding</type>
        </types>
        <mustUnderstand>false</mustUnderstand>
        <definition>Identifier for the category of event</definition>
        <requirements>This field enables queries of messages by implementation-defined event categories </requirements>
        <rim></rim>
      </elementDefinition>
      <elementDefinition>
        <name>SecurityEvent.participant</name>
        <cardinality>
          <minOccurs>0</minOccurs>
          <maxOccurs>unbounded</maxOccurs>
        </cardinality>
        <condition></condition>
        <mustUnderstand>false</mustUnderstand>
        <definition>a person, or a hardware device or software process</definition>
        <requirements></requirements>
        <comments>There may be more than one user per event, for example, in cases of actions initiated by one user for other users, or in events that involve more than one user, hardware device, or system process. However, only one user may be the initiator/requestor for the event</comments>
        <rim></rim>
      </elementDefinition>
      <elementDefinition>
        <name>SecurityEvent.participant.userId</name>
        <cardinality>
          <minOccurs>1</minOccurs>
          <maxOccurs>1</maxOccurs>
        </cardinality>
        <condition></condition>
        <types>
          <type>string</type>
        </types>
        <mustUnderstand>false</mustUnderstand>
        <definition>Unique identifier for the user actively participating in the event</definition>
        <requirements>This field ties an audit event to a specific user</requirements>
        <comments>a unique value within the Audit Source ID. For node-based authentication -- where only the system hardware or process, but not a human user, is identified -- User ID would be the node name</comments>
        <rim></rim>
      </elementDefinition>
      <elementDefinition>
        <name>SecurityEvent.participant.otherUserId</name>
        <cardinality>
          <minOccurs>0</minOccurs>
          <maxOccurs>1</maxOccurs>
        </cardinality>
        <condition></condition>
        <types>
          <type>string</type>
        </types>
        <mustUnderstand>false</mustUnderstand>
        <definition>User identifier text string from authentication system. This identifier would be one known to a common authentication system (e.g., single sign-on), if available</definition>
        <requirements>In some situations a user may authenticate with one identity but, to access a specific application system, may use a synonymous identify. For example, some &quot;single sign on&quot; implementations will do this. The alternative identifier would then be the original identify  used for authentication, and the User ID is the one known to and used by the application</requirements>
        <rim></rim>
      </elementDefinition>
      <elementDefinition>
        <name>SecurityEvent.participant.name</name>
        <cardinality>
          <minOccurs>0</minOccurs>
          <maxOccurs>1</maxOccurs>
        </cardinality>
        <condition></condition>
        <types>
          <type>string</type>
        </types>
        <mustUnderstand>false</mustUnderstand>
        <definition>human-meaningful name for the user</definition>
        <requirements>The User ID and Alternative User ID may be internal or otherwise obscure values. This field assists the auditor in identifying the actual user</requirements>
        <rim></rim>
      </elementDefinition>
      <elementDefinition>
        <name>SecurityEvent.participant.requestor</name>
        <cardinality>
          <minOccurs>1</minOccurs>
          <maxOccurs>1</maxOccurs>
        </cardinality>
        <condition></condition>
        <types>
          <type>boolean</type>
        </types>
        <mustUnderstand>false</mustUnderstand>
        <definition>Indicator that the user is or is not the requestor, or initiator, for the event being audited.</definition>
        <requirements>This value is used to distinguish between requestor-users and recipient-users. For example, one person may initiate a report-output to be sent to a another user </requirements>
        <rim></rim>
      </elementDefinition>
      <elementDefinition>
        <name>SecurityEvent.participant.role</name>
        <cardinality>
          <minOccurs>0</minOccurs>
          <maxOccurs>unbounded</maxOccurs>
        </cardinality>
        <condition></condition>
        <types>
          <type>Coding</type>
        </types>
        <mustUnderstand>false</mustUnderstand>
        <definition>Specification of the role(s) the user plays when performing the event, as assigned in role-based access control security</definition>
        <requirements>This value ties an audited event to a user's role(s). It is an optional value that might be used to group events for analysis by user functional role categories</requirements>
        <rim></rim>
      </elementDefinition>
      <elementDefinition>
        <name>SecurityEvent.participant.network</name>
        <cardinality>
          <minOccurs>0</minOccurs>
          <maxOccurs>1</maxOccurs>
        </cardinality>
        <condition></condition>
        <mustUnderstand>false</mustUnderstand>
        <definition>logical network location for application activity</definition>
        <requirements></requirements>
        <rim></rim>
      </elementDefinition>
      <elementDefinition>
        <name>SecurityEvent.participant.network.type</name>
        <cardinality>
          <minOccurs>0</minOccurs>
          <maxOccurs>1</maxOccurs>
        </cardinality>
        <condition></condition>
        <types>
          <type>code</type>
        </types>
        <conceptDomain>SecurityEventParticipantNetworkType</conceptDomain>
        <mustUnderstand>false</mustUnderstand>
        <definition>An identifier for the type of network access point that originated the audit event</definition>
        <requirements>This datum identifies the type of network access point identifier of the user device for the audit event. It is an optional value that may be used to group events recorded on separate servers for analysis of access according to a network access point's type</requirements>
        <rim></rim>
      </elementDefinition>
      <elementDefinition>
        <name>SecurityEvent.participant.network.id</name>
        <cardinality>
          <minOccurs>0</minOccurs>
          <maxOccurs>1</maxOccurs>
        </cardinality>
        <condition></condition>
        <types>
          <type>string</type>
        </types>
        <mustUnderstand>false</mustUnderstand>
        <definition>An identifier for the network access point of the user device for the audit event</definition>
        <requirements>This datum identifies the user's network access point, which may be distinct from the server that performed the action. It is an optional value that may be used to group events recorded on separate servers for analysis of a specific network access point's data access across all servers </requirements>
        <comments>This could be a device id, IP address, or some other identifier associated with a device</comments>
        <rim></rim>
      </elementDefinition>
      <elementDefinition>
        <name>SecurityEvent.source</name>
        <cardinality>
          <minOccurs>0</minOccurs>
          <maxOccurs>unbounded</maxOccurs>
        </cardinality>
        <condition></condition>
        <mustUnderstand>false</mustUnderstand>
        <definition>application systems and processes</definition>
        <requirements></requirements>
        <comments>Since multi-tier, distributed, or composite applications make source identification ambiguous, this collection of fields may repeat for each application or process actively involved in the event. For example, multiple value-sets can identify participating web servers, application processes, and database server threads in an n-tier distributed application. Passive event participants, e.g., low-level network transports, need not be identified</comments>
        <rim></rim>
      </elementDefinition>
      <elementDefinition>
        <name>SecurityEvent.source.site</name>
        <cardinality>
          <minOccurs>0</minOccurs>
          <maxOccurs>1</maxOccurs>
        </cardinality>
        <condition></condition>
        <types>
          <type>string</type>
        </types>
        <mustUnderstand>false</mustUnderstand>
        <definition>Logical source location within the healthcare enterprise network</definition>
        <requirements>This value differentiates among the sites in a multi-site enterprise health information system</requirements>
        <comments>a hospital or other provider location within a multi-entity provider group</comments>
        <rim></rim>
      </elementDefinition>
      <elementDefinition>
        <name>SecurityEvent.source.id</name>
        <cardinality>
          <minOccurs>1</minOccurs>
          <maxOccurs>1</maxOccurs>
        </cardinality>
        <condition></condition>
        <types>
          <type>string</type>
        </types>
        <mustUnderstand>false</mustUnderstand>
        <definition>Identifier of the source where the event originated</definition>
        <requirements>This field ties the event to a specific source system. It may be used to group events for analysis according to where the event occurred</requirements>
        <rim></rim>
      </elementDefinition>
      <elementDefinition>
        <name>SecurityEvent.source.type</name>
        <cardinality>
          <minOccurs>0</minOccurs>
          <maxOccurs>unbounded</maxOccurs>
        </cardinality>
        <condition></condition>
        <types>
          <type>Coding</type>
        </types>
        <conceptDomain>SecurityEventSourceType</conceptDomain>
        <mustUnderstand>false</mustUnderstand>
        <definition>Code specifying the type of source where event originated</definition>
        <requirements>This field indicates which type of source is identified by the Audit Source ID. It is an optional value that may be used to group events for analysis according to the type of source where the event occurred</requirements>
        <rim></rim>
      </elementDefinition>
      <elementDefinition>
        <name>SecurityEvent.object</name>
        <cardinality>
          <minOccurs>0</minOccurs>
          <maxOccurs>unbounded</maxOccurs>
        </cardinality>
        <condition></condition>
        <mustUnderstand>false</mustUnderstand>
        <definition>specific instances of data or objects that have been accessed</definition>
        <requirements></requirements>
        <comments>required unless the values for Event Identification, Active Participant Identification, and Audit Source Identification are sufficient to document the entire auditable event. Because events may have more than one participant object, this group can be a repeating set of values.</comments>
        <rim></rim>
      </elementDefinition>
      <elementDefinition>
        <name>SecurityEvent.object.type</name>
        <cardinality>
          <minOccurs>0</minOccurs>
          <maxOccurs>1</maxOccurs>
        </cardinality>
        <condition></condition>
        <types>
          <type>code</type>
        </types>
        <conceptDomain>SecurityEventObjectType</conceptDomain>
        <mustUnderstand>false</mustUnderstand>
        <definition>object type being audited</definition>
        <requirements>To describe the object being acted upon. In addition to queries on the subject of the action in an auditable event, it is also important to be able to query on the object type for the action </requirements>
        <comments>This value is distinct from the user's role or any user relationship to the participant object</comments>
        <rim></rim>
      </elementDefinition>
      <elementDefinition>
        <name>SecurityEvent.object.role</name>
        <cardinality>
          <minOccurs>0</minOccurs>
          <maxOccurs>1</maxOccurs>
        </cardinality>
        <condition></condition>
        <types>
          <type>code</type>
        </types>
        <conceptDomain>SecurityEventObjectRole</conceptDomain>
        <mustUnderstand>false</mustUnderstand>
        <definition>Code representing the functional application role of Participant Object being audited</definition>
        <requirements>For some detailed audit analysis it may be necessary to indicate a more granular type of participant, based on the application role it serves</requirements>
        <comments>See Rfc 3881 for rules concerning matches between role and type</comments>
        <rim></rim>
      </elementDefinition>
      <elementDefinition>
        <name>SecurityEvent.object.lifecycle</name>
        <cardinality>
          <minOccurs>0</minOccurs>
          <maxOccurs>1</maxOccurs>
        </cardinality>
        <condition></condition>
        <types>
          <type>code</type>
        </types>
        <conceptDomain>SecurityEventObjectLifecycle</conceptDomain>
        <mustUnderstand>false</mustUnderstand>
        <definition>Identifier for the data life-cycle stage for the participant object</definition>
        <requirements>Institutional policies for privacy and security may optionally fall under different accountability rules based on data life cycle. This provides a differentiating value for those cases</requirements>
        <comments>This can be used to provide an audit trail for data, over time, as it passes through the system</comments>
        <rim></rim>
      </elementDefinition>
      <elementDefinition>
        <name>SecurityEvent.object.idType</name>
        <cardinality>
          <minOccurs>1</minOccurs>
          <maxOccurs>1</maxOccurs>
        </cardinality>
        <condition></condition>
        <types>
          <type>Coding</type>
        </types>
        <conceptDomain>SecurityEventObjectIdType</conceptDomain>
        <mustUnderstand>false</mustUnderstand>
        <definition>Describes the identifier that is contained in Participant Object ID</definition>
        <requirements></requirements>
        <rim></rim>
      </elementDefinition>
      <elementDefinition>
        <name>SecurityEvent.object.id</name>
        <cardinality>
          <minOccurs>1</minOccurs>
          <maxOccurs>1</maxOccurs>
        </cardinality>
        <condition></condition>
        <types>
          <type>string</type>
        </types>
        <mustUnderstand>false</mustUnderstand>
        <definition>Identifies a specific instance of the participant object</definition>
        <requirements></requirements>
        <comments>Value format depends on Participant Object Type Code and the Participant Object ID Type Code</comments>
        <rim></rim>
      </elementDefinition>
      <elementDefinition>
        <name>SecurityEvent.object.sensitivity</name>
        <cardinality>
          <minOccurs>0</minOccurs>
          <maxOccurs>1</maxOccurs>
        </cardinality>
        <condition></condition>
        <types>
          <type>string</type>
        </types>
        <mustUnderstand>false</mustUnderstand>
        <definition>Denotes policy-defined sensitivity for the Participant Object ID such as VIP, HIV status, mental health status, or similar topics</definition>
        <requirements>This field identifies a specific instance of an object, such as a patient, to detect/track privacy and security issues</requirements>
        <comments>Values are institution- and implementation-defined text strings</comments>
        <rim></rim>
      </elementDefinition>
      <elementDefinition>
        <name>SecurityEvent.object.name</name>
        <cardinality>
          <minOccurs>0</minOccurs>
          <maxOccurs>1</maxOccurs>
        </cardinality>
        <condition></condition>
        <types>
          <type>string</type>
        </types>
        <mustUnderstand>false</mustUnderstand>
        <definition>An instance-specific descriptor of the Participant Object ID audited, such as a person's name</definition>
        <requirements></requirements>
        <comments>This field may be used in a query/report to identify audit events for a specific person, e.g., where multiple synonymous Participant Object IDs (patient number, medical record number, encounter number, etc.) have been used</comments>
        <rim></rim>
      </elementDefinition>
      <elementDefinition>
        <name>SecurityEvent.object.query</name>
        <cardinality>
          <minOccurs>0</minOccurs>
          <maxOccurs>1</maxOccurs>
        </cardinality>
        <condition></condition>
        <types>
          <type>base64Binary</type>
        </types>
        <mustUnderstand>false</mustUnderstand>
        <definition>The actual query for a query-type participant object</definition>
        <requirements>For query events it may be necessary to capture the actual query input to the query process in order to identify the specific event. Because of differences among query implementations and data encoding for them, this is a base 64 encoded data blob. It may be subsequently decoded or interpreted by downstream audit analysis processing</requirements>
        <rim></rim>
      </elementDefinition>
      <elementDefinition>
        <name>SecurityEvent.extension</name>
        <cardinality>
          <minOccurs>0</minOccurs>
          <maxOccurs>unbounded</maxOccurs>
        </cardinality>
        <condition></condition>
        <types>
          <type>Extension</type>
        </types>
        <mustUnderstand>false</mustUnderstand>
        <definition>See Extensions</definition>
        <requirements></requirements>
        <rim>[varies]</rim>
      </elementDefinition>
      <elementDefinition>
        <name>SecurityEvent.text</name>
        <cardinality>
          <minOccurs>1</minOccurs>
          <maxOccurs>1</maxOccurs>
        </cardinality>
        <condition></condition>
        <types>
          <type>Narrative</type>
        </types>
        <mustUnderstand>false</mustUnderstand>
        <definition>Text summary of resource (for human interpretation)</definition>
        <requirements></requirements>
        <rim></rim>
      </elementDefinition>
    </elementDefinitions>
  </resourceDefinition>
</resourceDefinitions>

