{"ValueSet":{"name":{"value":"Loinc Codes for Cholesterol"},"author":{"name":{"value":"FHIR project team (example)"},"reference":{"value":"http://hl7.org/fhir"}},"description":{"value":"This is an example value set that includes \n      all the LOINC codes for serum cholesterol from v2.36"},"status":"testing","date":{"value":"2012-06-13"},"identifier":{"value":"256a5231-a2bb-49bd-9fea-f349d428b70d"},"version":{"value":"20120613"},"restricts":[{"value":"http://hl7.org/svc/fhir/valueset/@03acace4-5206-4c8f-a8b4-df27a4c18b09"}],"include":[{"system":{"value":"http://loinc.org"},"version":{"value":"2.36"},"mode":"code","code":[{"value":"14647-2"},{"value":"2093-3"},{"value":"35200-5"},{"value":"9342-7"}]}],"text":{"status":"generated","div":"<div>\n     <p>Value set &quot;Loinc Codes for Cholesterol&quot;: This is an example value set that includes \n        all the LOINC codes for serum cholesterol from v2.36. \n        Developed by: FHIR project team (example)<\/p>\n     <p>Published for testing on 13-June 2012<\/p>\n     <p>This is a restriction on\n<a href=\"http://hl7.org/svc/fhir/valueset/@03acace4-5206-4c8f-a8b4-df27a4c18b09?format=text/html\">\n        the value set &quot;all serum test codes&quot;<\/a>, and contains the following LOINC codes:<\/p>\n     <ul>\n      <li>14647-2<\/li>\n      <li>2093-3<\/li>\n      <li>35200-5<\/li>\n      <li>9342-7<\/li>   \n    <\/ul>\n    <\/div>"}}}