<?xml version="1.0" encoding="UTF-8"?>

<Profile xmlns="http://hl7.org/fhir">
  <name>xdsentry2</name>
  <author>
    <name>todo (committee)</name>
  </author>
  <description>Basic Profile. An entry in an XDS registry</description>
  <status>
    <code>testing</code>
    <date>2012-12-04</date>
  </status>
  <resource>
    <type>Resource</type>
    <element>
      <path>XdsEntry2</path>
      <definition>
        <short>An Entry in an XDS Registry</short>
        <formal>An entry in an XDS registry</formal>
        <min>1</min>
        <max>1</max>
        <type>
          <code>Resource</code>
        </type>
        <mustUnderstand>false</mustUnderstand>
      </definition>
    </element>
    <element>
      <path>XdsEntry2.id</path>
      <definition>
        <short>Version Specific Document Identifier (uri or urn)</short>
        <formal>Document identifier as assigned by the source of the document. This identifier is version specific. This unique identifier may be used in the body of other Documents etc to reference this document.</formal>
        <comments>The length of the id shall not exceed 128 bytes. The structure and format of this Id shall be consistent with the specification corresponding to the format attribute. (e.g., for a DICOM standard document a 64 character numeric UID - urn:oid:, for an HL7 CDA format a serialization of the CDA Document id extension and root in the form oid^extension - hl7-att:, where OID is a 64 digits max, and the ID is a 16 UTF-8 char max). If the oid is coded without the extension then the &#39;^&#39; character shall not be included. This uniqueId is intended to provide the means to reference this XDS document from within the content of another document. Neither the XDS Registry nor the Repository is aware of such references, but the Document Sources and Consumers are</comments>
        <min>1</min>
        <max>1</max>
        <type>
          <code>Identifier</code>
        </type>
        <mustUnderstand>false</mustUnderstand>
      </definition>
    </element>
    <element>
      <path>XdsEntry2.information</path>
      <definition>
        <short>Searchable Document metadata</short>
        <formal>Document metadata that is used for searching for the document</formal>
        <comments>The document metadata reflects what is in the document itself and is never updated once the entry is created</comments>
        <min>0</min>
        <max>1</max>
        <type>
          <code>DocumentInformation</code>
        </type>
        <mustUnderstand>false</mustUnderstand>
      </definition>
    </element>
    <element>
      <path>XdsEntry2.information.id</path>
      <definition>
        <short>logical identifier for document (version-independent)</short>
        <formal>Logical Identifier for the document, assigned when created. This identifier stays constant when subsequent versions of the document are created</formal>
        <comments>see discussion in resource definition for how these relate</comments>
        <min>0</min>
        <max>1</max>
        <type>
          <code>Identifier</code>
        </type>
        <mustUnderstand>true</mustUnderstand>
      </definition>
    </element>
    <element>
      <path>XdsEntry2.information.versionId</path>
      <definition>
        <short>version-specific identifier for document</short>
        <formal>Version specific identifier for the document, assigned when created. This identifier changes when subsequent versions of the document are created</formal>
        <comments>see discussion in resource definition for how these relate</comments>
        <min>0</min>
        <max>1</max>
        <type>
          <code>Identifier</code>
        </type>
        <mustUnderstand>true</mustUnderstand>
      </definition>
    </element>
    <element>
      <path>XdsEntry2.information.instant</path>
      <definition>
        <short>Document Creation Time</short>
        <formal>the document creation time, when the document first came into being. Where the document is a transform from an original document in some other format, the ClinicalDocument.effectiveTime is the time the original document is created.</formal>
        <min>1</min>
        <max>1</max>
        <type>
          <code>instant</code>
        </type>
        <mustUnderstand>true</mustUnderstand>
      </definition>
    </element>
    <element>
      <path>XdsEntry2.information.class</path>
      <definition>
        <short>particular kind of document</short>
        <formal>The code specifying the particular kind of document (e.g., Prescription, Discharge Summary, Report).</formal>
        <comments> It is suggested that the XDS Affinity Domain draws these values from a coding scheme providing a coarse level of granularity (about 10 to 100 entries). Shall have a single value. This should be an extension</comments>
        <min>0</min>
        <max>1</max>
        <type>
          <code>Coding</code>
        </type>
        <mustUnderstand>false</mustUnderstand>
      </definition>
    </element>
    <element>
      <path>XdsEntry2.information.type</path>
      <definition>
        <short>Kind of Document (LOINC if possible)</short>
        <formal>Specifies the particular kind of document (e.g. History and Physical, Discharge Summary, Progress Note)</formal>
        <min>1</min>
        <max>1</max>
        <type>
          <code>CodeableConcept</code>
        </type>
        <mustUnderstand>true</mustUnderstand>
        <binding>DocumentType</binding>
      </definition>
    </element>
    <element>
      <path>XdsEntry2.information.title</path>
      <definition>
        <short>Document Title</short>
        <formal>Official human-readable label for the document</formal>
        <comments>It&#39;s commonly the case that clinical documents do not have a title and are collectively referred to by the display name of Document.type (e.g. a &quot;consultation&quot; or &quot;progress note&quot;). Where these display names are rendered to the clinician or where the document has a unique title, the Document.title value should be used</comments>
        <min>0</min>
        <max>1</max>
        <type>
          <code>string</code>
        </type>
        <mustUnderstand>false</mustUnderstand>
      </definition>
    </element>
    <element>
      <path>XdsEntry2.information.confidentialityCode</path>
      <definition>
        <short>as defined by Affinity Domain</short>
        <formal>The code specifying the level of confidentiality of the XDS Document. These codes are specific to an XDS Affinity Domain.</formal>
        <comments>Enforcement and issues related to highly sensitive documents are beyond the scope of XDS (see security section). confidentialityCode is part of a codification scheme and value set enforced by the Document Registry. </comments>
        <min>1</min>
        <max>1</max>
        <type>
          <code>Coding</code>
        </type>
        <mustUnderstand>false</mustUnderstand>
      </definition>
    </element>
    <element>
      <path>XdsEntry2.information.subject</path>
      <definition>
        <short>Who/what the document is about</short>
        <formal>Identifies the primary subject of the document.  </formal>
        <comments>For clinical documents, this is usually the patient.</comments>
        <min>1</min>
        <max>1</max>
        <type>
          <code>Resource(Person|Patient|Group|Device)</code>
        </type>
        <mustUnderstand>true</mustUnderstand>
      </definition>
    </element>
    <element>
      <path>XdsEntry2.information.author</path>
      <definition>
        <short>Who/what authored the final document</short>
        <formal>Identifies who is responsible for the information in the document.  (Not necessarily who typed it in.)</formal>
        <min>1</min>
        <max>*</max>
        <type>
          <code>Resource(Person|Agent)</code>
        </type>
        <mustUnderstand>false</mustUnderstand>
      </definition>
    </element>
    <element>
      <path>XdsEntry2.information.attester</path>
      <definition>
        <short>Attests to accuracy of document</short>
        <formal>A participant who has attested to the accuracy of the document</formal>
        <min>0</min>
        <max>*</max>
        <mustUnderstand>false</mustUnderstand>
      </definition>
    </element>
    <element>
      <path>XdsEntry2.information.attester.mode</path>
      <definition>
        <short>Personal | professional | legal | official</short>
        <formal>The type of attestation the authenticator offers</formal>
        <min>1</min>
        <max>1</max>
        <type>
          <code>code</code>
        </type>
        <mustUnderstand>false</mustUnderstand>
        <binding>DocumentAttestationMode</binding>
      </definition>
    </element>
    <element>
      <path>XdsEntry2.information.attester.time</path>
      <definition>
        <short>When document attested</short>
        <formal>When document was attested by the party</formal>
        <min>0</min>
        <max>1</max>
        <type>
          <code>dateTime</code>
        </type>
        <mustUnderstand>false</mustUnderstand>
      </definition>
    </element>
    <element>
      <path>XdsEntry2.information.attester.party</path>
      <definition>
        <short>Who attested the document</short>
        <formal>Who attested the document in the specified way</formal>
        <min>0</min>
        <max>1</max>
        <type>
          <code>Resource(Person|Agent|Organization)</code>
        </type>
        <mustUnderstand>false</mustUnderstand>
      </definition>
    </element>
    <element>
      <path>XdsEntry2.information.custodian</path>
      <definition>
        <short>Org which maintains the document</short>
        <formal>Identifies the organization or group who is responsible for ongoing maintenance of and access to the document.</formal>
        <min>0</min>
        <max>1</max>
        <type>
          <code>Resource(Organization)</code>
        </type>
        <mustUnderstand>false</mustUnderstand>
      </definition>
    </element>
    <element>
      <path>XdsEntry2.information.event</path>
      <definition>
        <short>The clinical event/act/item being documented</short>
        <formal>The main event/act/item, such as a colonoscopy or an appendectomy, being documented</formal>
        <comments>The event needs to be consistent with the type element, though can provide further information if desired</comments>
        <min>0</min>
        <max>1</max>
        <mustUnderstand>false</mustUnderstand>
      </definition>
    </element>
    <element>
      <path>XdsEntry2.information.event.code</path>
      <definition>
        <short>code(s) that apply to the event being documented</short>
        <formal>This list of codes represents the main clinical acts, such as a colonoscopy or an appendectomy, being documented. In some cases, the event is inherent in the typeCode, such as a &quot;History and Physical Report&quot; in which the procedure being documented is necessarily a &quot;History and Physical&quot; act.</formal>
        <comments>An event can further specialize the act inherent in the typeCode, such as where it is simply &quot;Procedure Report&quot; and the procedure was a &quot;colonoscopy&quot;. If one or more eventCodes are included, they shall not conflict with the values inherent in the classCode, practiceSettingCode or typeCode, as such a conflict would create an ambiguous situation. This short list of codes is provided to be used as “key words” for certain types of queries.</comments>
        <min>0</min>
        <max>*</max>
        <type>
          <code>CodeableConcept</code>
        </type>
        <mustUnderstand>false</mustUnderstand>
      </definition>
    </element>
    <element>
      <path>XdsEntry2.information.event.period</path>
      <definition>
        <short>The period covered by the document</short>
        <formal>The period of time covered by the document. There is no assertion that the document is a complete representation for this period, only that it documents events during this time</formal>
        <min>0</min>
        <max>1</max>
        <type>
          <code>Period</code>
        </type>
        <mustUnderstand>false</mustUnderstand>
      </definition>
    </element>
    <element>
      <path>XdsEntry2.information.event.detail</path>
      <definition>
        <short>Full details for the event(s) the document concents</short>
        <formal>Full details for the event(s) the document concents</formal>
        <min>0</min>
        <max>*</max>
        <type>
          <code>Resource(Any)</code>
        </type>
        <mustUnderstand>false</mustUnderstand>
      </definition>
    </element>
    <element>
      <path>XdsEntry2.information.encounter</path>
      <definition>
        <short>Context of the document</short>
        <formal>Describes the clinical encounter or type of care this document is associated with.</formal>
        <min>0</min>
        <max>1</max>
        <type>
          <code>Resource(Admission|InterestOfCare)</code>
        </type>
        <mustUnderstand>false</mustUnderstand>
      </definition>
    </element>
    <element>
      <path>XdsEntry2.information.facilityType</path>
      <definition>
        <short>type of organizational setting</short>
        <formal>This code represents the type of organizational setting of the clinical encounter during which the documented act occurred</formal>
        <comments>In some cases, the setting of the encounter is inherent in the typeCode, such as &quot;Diabetes Clinic Progress Note&quot;. healthcareFacilityTypeCode shall be equivalent to or further specialize the value inherent in the typeCode; for example, where the typeCode is simply &quot;Clinic Progress Note&quot; and the value of healthcareFacilityTypeCode is &quot;private clinic&quot;.  The value shall not conflict with the value inherent in the typeCode, as such a conflict would create an ambiguous situation</comments>
        <min>0</min>
        <max>1</max>
        <type>
          <code>CodeableConcept</code>
        </type>
        <mustUnderstand>false</mustUnderstand>
      </definition>
    </element>
    <element>
      <path>XdsEntry2.information.practiceSetting</path>
      <definition>
        <short>clinical speciality of the act</short>
        <formal>The code specifying the clinical specialty where the act that resulted in the document was performed (e.g., Family Practice, Laboratory, Radiology).</formal>
        <comments>It is suggested that the XDS Affinity Domain draws these values from a coding scheme providing a coarse level of granularity (about 10 to 100 entries)</comments>
        <min>0</min>
        <max>1</max>
        <type>
          <code>CodeableConcept</code>
        </type>
        <mustUnderstand>false</mustUnderstand>
      </definition>
    </element>
    <element>
      <path>XdsEntry2.format</path>
      <definition>
        <short>format (urn:.. Following rules)</short>
        <formal>Code globally uniquely specifying the format of the document. Along with the information.type, it should provide sufficient information to allow any potential Document Consumer to know if it will be able to process the document. The formatCode shall be sufficiently specific to ensure processing/display by identifying a document encoding, structure and template (e.g., for a CDA Document, the fact that it complies with a CDA schema, possibly a template and the choice of a content-specific style sheet).</formal>
        <comments>Format codes may be specified by multiple organizations. Format codes defined by ITI shall have names with the prefix urn:ihe:iti:. Format codes defined by other IHE domains shall have names with the prefix urn:ihe:’domain initials’: Format codes defined by the Affinity Domain shall have names with the prefix urn:ad:’name of affinity domain’: Affinity Domains shall be unique. The prefixes described here are not assumed to be exhaustive.</comments>
        <min>1</min>
        <max>1</max>
        <type>
          <code>Coding</code>
        </type>
        <mustUnderstand>false</mustUnderstand>
      </definition>
    </element>
    <element>
      <path>XdsEntry2.availability</path>
      <definition>
        <short>Approved | Deprecated</short>
        <formal>deprecated documents can be included in some responses</formal>
        <comments>This attribute is always set to Approved as part of the submission of new XDS Documents. It may be changed to Deprecated under the primary  responsibility of the Document Source with possible patient supervision. Although XDS supports the ability to delete documents, there is no such state as “the Document Entry is removed” (only an audit trail is kept if such a deletion is allowed). </comments>
        <min>1</min>
        <max>1</max>
        <type>
          <code>code</code>
        </type>
        <mustUnderstand>false</mustUnderstand>
        <binding>XdsEntryAvailability</binding>
      </definition>
    </element>
    <element>
      <path>XdsEntry2.folder</path>
      <definition>
        <short>folders this document is in</short>
        <formal>Folders that this document is registered in</formal>
        <min>0</min>
        <max>*</max>
        <type>
          <code>Resource(XdsFolder)</code>
        </type>
        <mustUnderstand>false</mustUnderstand>
      </definition>
    </element>
    <element>
      <path>XdsEntry2.subject</path>
      <definition>
        <short>current subject of care</short>
        <formal>The subject of care information that the document is about. This is different from the documentInformation.subject because that never changes from what the document says. This value may be updated if the subject details are updated (e.g. merged) and will then differ from the original document</formal>
        <comments>The system is the &quot;Authority Domain Id&quot; (enforced by the Registry), and the identifier is an Id in the above domain. This subject is intended to be updated after the Document is registered (where as the Document content and Document.information.subject itself will not be 
updated without changing the whole document). </comments>
        <min>0</min>
        <max>1</max>
        <type>
          <code>Resource(Person|Patient|Group|Device)</code>
        </type>
        <mustUnderstand>false</mustUnderstand>
      </definition>
    </element>
    <element>
      <path>XdsEntry2.content</path>
      <definition>
        <short>reference to the content</short>
        <formal>Reference to the content, along with additional information such as size, hash, language etc</formal>
        <min>0</min>
        <max>1</max>
        <type>
          <code>Attachment</code>
        </type>
        <mustUnderstand>false</mustUnderstand>
      </definition>
    </element>
    <element>
      <path>XdsEntry2.extension</path>
      <definition>
        <short>See Extensions</short>
        <formal>See Extensions</formal>
        <min>0</min>
        <max>*</max>
        <type>
          <code>Extension</code>
        </type>
        <mustUnderstand>false</mustUnderstand>
      </definition>
    </element>
    <element>
      <path>XdsEntry2.text</path>
      <definition>
        <short>Text summary of resource (for human interpretation)</short>
        <formal>Text summary of resource (for human interpretation)</formal>
        <min>1</min>
        <max>1</max>
        <type>
          <code>Narrative</code>
        </type>
        <mustUnderstand>false</mustUnderstand>
      </definition>
    </element>
  </resource>
  <text>
    <status>generated</status><div xmlns="http://www.w3.org/1999/xhtml"><pre>
&lt;<a title="An entry in an XDS registry" class="dict" href="xdsentry2-definitions.htm#XdsEntry2"><b>XdsEntry2</b></a> xmlns=&quot;http://hl7.org/fhir&quot;&gt;
 &lt;<a title="Document identifier as assigned by the source of the document. This identifier is version specific. This unique identifier may be used in the body of other Documents etc to reference this document." class="dict" href="xdsentry2-definitions.htm#XdsEntry2.id"><b>id</b></a>&gt;<span style="color: Gray">&lt;!--</span> <span style="color: brown"><b>1..1</b></span> <span style="color: darkgreen"><a href="datatypes.htm#Identifier">Identifier</a></span> <span style="color: navy">Version Specific Document Identifier (uri or urn)</span><span style="color: Gray"> --&gt;</span>&lt;/id&gt;
 &lt;<a title="Document metadata that is used for searching for the document" class="dict" href="xdsentry2-definitions.htm#XdsEntry2.information"><b>information</b></a>&gt;  <span style="color: Gray">&lt;!-- <span style="color: brown"><b>0..1</b></span> Searchable Document metadata --&gt;</span>
  &lt;<a title="Logical Identifier for the document, assigned when created. This identifier stays constant when subsequent versions of the document are created (this element must be supported or understood)" class="dict" href="xdsentry2-definitions.htm#DocumentInformation.id"><span style="text-decoration: underline"><b>id</b></span></a>&gt;<span style="color: Gray">&lt;!--</span> <span style="color: brown"><b>0..1</b></span> <span style="color: darkgreen"><a href="datatypes.htm#Identifier">Identifier</a></span> <span style="color: navy">logical identifier for document (version-independent)</span><span style="color: Gray"> --&gt;</span>&lt;/id&gt;
  &lt;<a title="Version specific identifier for the document, assigned when created. This identifier changes when subsequent versions of the document are created (this element must be supported or understood)" class="dict" href="xdsentry2-definitions.htm#DocumentInformation.versionId"><span style="text-decoration: underline"><b>versionId</b></span></a>&gt;<span style="color: Gray">&lt;!--</span> <span style="color: brown"><b>0..1</b></span> <span style="color: darkgreen"><a href="datatypes.htm#Identifier">Identifier</a></span> <span style="color: navy">version-specific identifier for document</span><span style="color: Gray"> --&gt;</span>&lt;/versionId&gt;
  &lt;<a title="the document creation time, when the document first came into being. Where the document is a transform from an original document in some other format, the ClinicalDocument.effectiveTime is the time the original document is created. (this element must be supported or understood)" class="dict" href="xdsentry2-definitions.htm#DocumentInformation.instant"><span style="text-decoration: underline"><b>instant</b></span></a>&gt;<span style="color: Gray">&lt;!--</span> <span style="color: brown"><b>1..1</b></span> <span style="color: darkgreen"><a href="datatypes.htm#instant">instant</a></span> <span style="color: navy">Document Creation Time</span><span style="color: Gray"> --&gt;</span>&lt;/instant&gt;
  &lt;<a title="The code specifying the particular kind of document (e.g., Prescription, Discharge Summary, Report)." class="dict" href="xdsentry2-definitions.htm#DocumentInformation.class"><b>class</b></a>&gt;<span style="color: Gray">&lt;!--</span> <span style="color: brown"><b>0..1</b></span> <span style="color: darkgreen"><a href="datatypes.htm#Coding">Coding</a></span> <span style="color: navy">particular kind of document</span><span style="color: Gray"> --&gt;</span>&lt;/class&gt;
  &lt;<a title="Specifies the particular kind of document (e.g. History and Physical, Discharge Summary, Progress Note) (this element must be supported or understood)" class="dict" href="xdsentry2-definitions.htm#DocumentInformation.type"><span style="text-decoration: underline"><b>type</b></span></a>&gt;<span style="color: Gray">&lt;!--</span> <span style="color: brown"><b>1..1</b></span> <span style="color: darkgreen"><a href="datatypes.htm#CodeableConcept">CodeableConcept</a></span> <span style="color: navy">Kind of Document (LOINC if possible)</span><span style="color: Gray"> --&gt;</span>&lt;/type&gt;
  &lt;<a title="Official human-readable label for the document" class="dict" href="xdsentry2-definitions.htm#DocumentInformation.title"><b>title</b></a>&gt;<span style="color: Gray">&lt;!--</span> <span style="color: brown"><b>0..1</b></span> <span style="color: darkgreen"><a href="datatypes.htm#string">string</a></span> <span style="color: navy">Document Title</span><span style="color: Gray"> --&gt;</span>&lt;/title&gt;
  &lt;<a title="The code specifying the level of confidentiality of the XDS Document. These codes are specific to an XDS Affinity Domain." class="dict" href="xdsentry2-definitions.htm#DocumentInformation.confidentialityCode"><b>confidentialityCode</b></a>&gt;<span style="color: Gray">&lt;!--</span> <span style="color: brown"><b>1..1</b></span> <span style="color: darkgreen"><a href="datatypes.htm#Coding">Coding</a></span> <span style="color: navy">as defined by Affinity Domain</span><span style="color: Gray"> --&gt;</span>&lt;/confidentialityCode&gt;
  &lt;<a title="Identifies the primary subject of the document.   (this element must be supported or understood)" class="dict" href="xdsentry2-definitions.htm#DocumentInformation.subject"><span style="text-decoration: underline"><b>subject</b></span></a>&gt;<span style="color: Gray">&lt;!--</span> <span style="color: brown"><b>1..1</b></span> <span style="color: darkgreen"><a href="xml.htm#Resource">Resource</a>(<a href="Person.htm#Person">Person</a>|<a href="Patient.htm#Patient">Patient</a>|<a href="Group.htm#Group">Group</a>|<a href="Device.htm#Device">Device</a>)</span> <span style="color: navy">Who/what the document is about</span><span style="color: Gray"> --&gt;</span>&lt;/subject&gt;
  &lt;<a title="Identifies who is responsible for the information in the document.  (Not necessarily who typed it in.)" class="dict" href="xdsentry2-definitions.htm#DocumentInformation.author"><b>author</b></a>&gt;<span style="color: Gray">&lt;!--</span> <span style="color: brown"><b>1..*</b></span> <span style="color: darkgreen"><a href="xml.htm#Resource">Resource</a>(<a href="Person.htm#Person">Person</a>|<a href="Agent.htm#Agent">Agent</a>)</span> <span style="color: navy">Who/what authored the final document</span><span style="color: Gray"> --&gt;</span>&lt;/author&gt;
  &lt;<a title="A participant who has attested to the accuracy of the document" class="dict" href="xdsentry2-definitions.htm#DocumentInformation.attester"><b>attester</b></a>&gt;  <span style="color: Gray">&lt;!-- <span style="color: brown"><b>0..*</b></span> Attests to accuracy of document --&gt;</span>
   &lt;<a title="The type of attestation the authenticator offers" class="dict" href="xdsentry2-definitions.htm#DocumentInformation.attester.mode"><b>mode</b></a>&gt;<span style="color: Gray">&lt;!--</span> <span style="color: brown"><b>1..1</b></span> <span style="color: darkgreen"><a href="datatypes.htm#code">code</a></span> <span style="color: navy">Personal | professional | legal | official</span><span style="color: Gray"> --&gt;</span>&lt;/mode&gt;
   &lt;<a title="When document was attested by the party" class="dict" href="xdsentry2-definitions.htm#DocumentInformation.attester.time"><b>time</b></a>&gt;<span style="color: Gray">&lt;!--</span> <span style="color: brown"><b>0..1</b></span> <span style="color: darkgreen"><a href="datatypes.htm#dateTime">dateTime</a></span> <span style="color: navy">When document attested</span><span style="color: Gray"> --&gt;</span>&lt;/time&gt;
   &lt;<a title="Who attested the document in the specified way" class="dict" href="xdsentry2-definitions.htm#DocumentInformation.attester.party"><b>party</b></a>&gt;<span style="color: Gray">&lt;!--</span> <span style="color: brown"><b>0..1</b></span> <span style="color: darkgreen"><a href="xml.htm#Resource">Resource</a>(<a href="Person.htm#Person">Person</a>|<a href="Agent.htm#Agent">Agent</a>|<a href="Organization.htm#Organization">Organization</a>)</span> <span style="color: navy">Who attested the document</span><span style="color: Gray"> --&gt;</span>&lt;/party&gt;
  &lt;/attester&gt;
  &lt;<a title="Identifies the organization or group who is responsible for ongoing maintenance of and access to the document." class="dict" href="xdsentry2-definitions.htm#DocumentInformation.custodian"><b>custodian</b></a>&gt;<span style="color: Gray">&lt;!--</span> <span style="color: brown"><b>0..1</b></span> <span style="color: darkgreen"><a href="xml.htm#Resource">Resource</a>(<a href="Organization.htm#Organization">Organization</a>)</span> <span style="color: navy">Org which maintains the document</span><span style="color: Gray"> --&gt;</span>&lt;/custodian&gt;
  &lt;<a title="The main event/act/item, such as a colonoscopy or an appendectomy, being documented" class="dict" href="xdsentry2-definitions.htm#DocumentInformation.event"><b>event</b></a>&gt;  <span style="color: Gray">&lt;!-- <span style="color: brown"><b>0..1</b></span> The clinical event/act/item being documented --&gt;</span>
   &lt;<a title="This list of codes represents the main clinical acts, such as a colonoscopy or an appendectomy, being documented. In some cases, the event is inherent in the typeCode, such as a &quot;History and Physical Report&quot; in which the procedure being documented is necessarily a &quot;History and Physical&quot; act." class="dict" href="xdsentry2-definitions.htm#DocumentInformation.event.code"><b>code</b></a>&gt;<span style="color: Gray">&lt;!--</span> <span style="color: brown"><b>0..*</b></span> <span style="color: darkgreen"><a href="datatypes.htm#CodeableConcept">CodeableConcept</a></span> <span style="color: navy">code(s) that apply to the event being documented</span><span style="color: Gray"> --&gt;</span>&lt;/code&gt;
   &lt;<a title="The period of time covered by the document. There is no assertion that the document is a complete representation for this period, only that it documents events during this time" class="dict" href="xdsentry2-definitions.htm#DocumentInformation.event.period"><b>period</b></a>&gt;<span style="color: Gray">&lt;!--</span> <span style="color: brown"><b>0..1</b></span> <span style="color: darkgreen"><a href="datatypes.htm#Period">Period</a></span> <span style="color: navy">The period covered by the document</span><span style="color: Gray"> --&gt;</span>&lt;/period&gt;
   &lt;<a title="Full details for the event(s) the document concents" class="dict" href="xdsentry2-definitions.htm#DocumentInformation.event.detail"><b>detail</b></a>&gt;<span style="color: Gray">&lt;!--</span> <span style="color: brown"><b>0..*</b></span> <span style="color: darkgreen"><a href="xml.htm#Resource">Resource</a>(<a href="resources.htm">Any</a>)</span> <span style="color: navy">Full details for the event(s) the document concents</span><span style="color: Gray"> --&gt;</span>&lt;/detail&gt;
  &lt;/event&gt;
  &lt;<a title="Describes the clinical encounter or type of care this document is associated with." class="dict" href="xdsentry2-definitions.htm#DocumentInformation.encounter"><b>encounter</b></a>&gt;<span style="color: Gray">&lt;!--</span> <span style="color: brown"><b>0..1</b></span> <span style="color: darkgreen"><a href="xml.htm#Resource">Resource</a>(<a href="resources.htm">Admission</a>|<a href="resources.htm">InterestOfCare</a>)</span> <span style="color: navy">Context of the document</span><span style="color: Gray"> --&gt;</span>&lt;/encounter&gt;
  &lt;<a title="This code represents the type of organizational setting of the clinical encounter during which the documented act occurred" class="dict" href="xdsentry2-definitions.htm#DocumentInformation.facilityType"><b>facilityType</b></a>&gt;<span style="color: Gray">&lt;!--</span> <span style="color: brown"><b>0..1</b></span> <span style="color: darkgreen"><a href="datatypes.htm#CodeableConcept">CodeableConcept</a></span> <span style="color: navy">type of organizational setting</span><span style="color: Gray"> --&gt;</span>&lt;/facilityType&gt;
  &lt;<a title="The code specifying the clinical specialty where the act that resulted in the document was performed (e.g., Family Practice, Laboratory, Radiology)." class="dict" href="xdsentry2-definitions.htm#DocumentInformation.practiceSetting"><b>practiceSetting</b></a>&gt;<span style="color: Gray">&lt;!--</span> <span style="color: brown"><b>0..1</b></span> <span style="color: darkgreen"><a href="datatypes.htm#CodeableConcept">CodeableConcept</a></span> <span style="color: navy">clinical speciality of the act</span><span style="color: Gray"> --&gt;</span>&lt;/practiceSetting&gt;
 &lt;/information&gt;
 &lt;<a title="Code globally uniquely specifying the format of the document. Along with the information.type, it should provide sufficient information to allow any potential Document Consumer to know if it will be able to process the document. The formatCode shall be sufficiently specific to ensure processing/display by identifying a document encoding, structure and template (e.g., for a CDA Document, the fact that it complies with a CDA schema, possibly a template and the choice of a content-specific style sheet)." class="dict" href="xdsentry2-definitions.htm#XdsEntry2.format"><b>format</b></a>&gt;<span style="color: Gray">&lt;!--</span> <span style="color: brown"><b>1..1</b></span> <span style="color: darkgreen"><a href="datatypes.htm#Coding">Coding</a></span> <span style="color: navy">format (urn:.. Following rules)</span><span style="color: Gray"> --&gt;</span>&lt;/format&gt;
 &lt;<a title="deprecated documents can be included in some responses" class="dict" href="xdsentry2-definitions.htm#XdsEntry2.availability"><b>availability</b></a>&gt;<span style="color: Gray">&lt;!--</span> <span style="color: brown"><b>1..1</b></span> <span style="color: darkgreen"><a href="datatypes.htm#code">code</a></span> <span style="color: navy">Approved | Deprecated</span><span style="color: Gray"> --&gt;</span>&lt;/availability&gt;
 &lt;<a title="Folders that this document is registered in" class="dict" href="xdsentry2-definitions.htm#XdsEntry2.folder"><b>folder</b></a>&gt;<span style="color: Gray">&lt;!--</span> <span style="color: brown"><b>0..*</b></span> <span style="color: darkgreen"><a href="xml.htm#Resource">Resource</a>(<a href="XdsFolder.htm#XdsFolder">XdsFolder</a>)</span> <span style="color: navy">folders this document is in</span><span style="color: Gray"> --&gt;</span>&lt;/folder&gt;
 &lt;<a title="The subject of care information that the document is about. This is different from the documentInformation.subject because that never changes from what the document says. This value may be updated if the subject details are updated (e.g. merged) and will then differ from the original document" class="dict" href="xdsentry2-definitions.htm#XdsEntry2.subject"><b>subject</b></a>&gt;<span style="color: Gray">&lt;!--</span> <span style="color: brown"><b>0..1</b></span> <span style="color: darkgreen"><a href="xml.htm#Resource">Resource</a>(<a href="Person.htm#Person">Person</a>|<a href="Patient.htm#Patient">Patient</a>|<a href="Group.htm#Group">Group</a>|<a href="Device.htm#Device">Device</a>)</span> <span style="color: navy">current subject of care</span><span style="color: Gray"> --&gt;</span>&lt;/subject&gt;
 &lt;<a title="Reference to the content, along with additional information such as size, hash, language etc" class="dict" href="xdsentry2-definitions.htm#XdsEntry2.content"><b>content</b></a>&gt;<span style="color: Gray">&lt;!--</span> <span style="color: brown"><b>0..1</b></span> <span style="color: darkgreen"><a href="datatypes.htm#Attachment">Attachment</a></span> <span style="color: navy">reference to the content</span><span style="color: Gray"> --&gt;</span>&lt;/content&gt;
 &lt;<a title="See Extensions" class="dict" href="xdsentry2-definitions.htm#XdsEntry2.extension"><b>extension</b></a>&gt;<span style="color: Gray">&lt;!--</span> <span style="color: brown"><b>0..*</b></span> <span style="color: darkgreen"><a href="extensibility.htm#Extension">Extension</a></span>  <a href="extensibility.htm"><span style="color: navy">See Extensions</span></a> <span style="color: Gray"> --&gt;</span>&lt;/extension&gt;
 &lt;<a title="Text summary of resource (for human interpretation)" class="dict" href="xdsentry2-definitions.htm#XdsEntry2.text"><b>text</b></a>&gt;<span style="color: Gray">&lt;!--</span> <span style="color: brown"><b>1..1</b></span> <span style="color: darkgreen"><a href="xml.htm#Narrative">Narrative</a></span> <span style="color: navy">Text summary of resource (for human interpretation)</span><span style="color: Gray"> --&gt;</span>&lt;/text&gt;
&lt;/XdsEntry2&gt;
</pre></div>
  </text>
</Profile>