<?xml version="1.0" encoding="UTF-8"?>
<resourceDefinitions xmlns="http://hl7.org/fhir">
  <author>HL7</author>
  <resourceDefinition>
    <name>XdsEntry</name>
    <elementDefinitions>
      <elementDefinition>
        <name>XdsEntry</name>
        <cardinality>
          <minOccurs>1</minOccurs>
          <maxOccurs>1</maxOccurs>
        </cardinality>
        <condition></condition>
        <mustUnderstand>false</mustUnderstand>
        <definition>An entry in an XDS registry</definition>
        <requirements></requirements>
        <rim></rim>
      </elementDefinition>
      <elementDefinition>
        <name>XdsEntry.url</name>
        <cardinality>
          <minOccurs>0</minOccurs>
          <maxOccurs>1</maxOccurs>
        </cardinality>
        <condition></condition>
        <types>
          <type>uri</type>
        </types>
        <mustUnderstand>false</mustUnderstand>
        <definition>A URL that is used to access the document content directly. If this is not provided, the document may be found be searching the repositoryId for the documentId</definition>
        <requirements></requirements>
        <rim></rim>
      </elementDefinition>
      <elementDefinition>
        <name>XdsEntry.repositoryId</name>
        <cardinality>
          <minOccurs>0</minOccurs>
          <maxOccurs>1</maxOccurs>
        </cardinality>
        <condition></condition>
        <types>
          <type>uri</type>
        </types>
        <mustUnderstand>false</mustUnderstand>
        <definition>The globally unique identifier of the repository where the document is stored, assigned by the Document Repository. This unique identifier for the Document Repository may be used to identify and connect to the specific Document Repository where the document is stored once its metadata has been retrieved from a Document Registry</definition>
        <requirements></requirements>
        <comments>This repositoryUniqueId is intended to respond to the following types of usage: The means to reference the Document Repository where this XDS document is stored. The repositoryUniqueId represents an immutable id for the Document Repository. The means to ensure that a XDS Document is retrieved from the appropriate Document Repository.</comments>
        <rim></rim>
      </elementDefinition>
      <elementDefinition>
        <name>XdsEntry.mimeType</name>
        <cardinality>
          <minOccurs>1</minOccurs>
          <maxOccurs>1</maxOccurs>
        </cardinality>
        <condition></condition>
        <types>
          <type>string</type>
        </types>
        <mustUnderstand>false</mustUnderstand>
        <definition>MIME type of the document in the Repository.</definition>
        <requirements></requirements>
        <rim></rim>
      </elementDefinition>
      <elementDefinition>
        <name>XdsEntry.format</name>
        <cardinality>
          <minOccurs>1</minOccurs>
          <maxOccurs>1</maxOccurs>
        </cardinality>
        <condition></condition>
        <types>
          <type>Coding</type>
        </types>
        <mustUnderstand>false</mustUnderstand>
        <definition>Code globally uniquely specifying the format of the document. Along with the typeCode, it should provide sufficient information to allow any potential XDS Document Consumer to know if it will be able to process the document. The formatCode shall be sufficiently specific to ensure processing/display by identifying a document encoding, structure and template (e.g., for a CDA Document, the fact that it complies with a CDA schema, possibly a template and the choice of a content-specific style sheet).</definition>
        <requirements></requirements>
        <comments>Format codes may be specified by multiple organizations. Format codes defined by ITI shall have names with the prefix urn:ihe:iti:. Format codes defined by other IHE domains shall have names with the prefix urn:ihe:’domain initials’: Format codes defined by the Affinity Domain shall have names with the prefix urn:ad:’name of affinity domain’: Affinity Domains shall be unique. The prefixes described here are not assumed to be exhaustive.</comments>
        <rim></rim>
      </elementDefinition>
      <elementDefinition>
        <name>XdsEntry.class</name>
        <cardinality>
          <minOccurs>1</minOccurs>
          <maxOccurs>1</maxOccurs>
        </cardinality>
        <condition></condition>
        <types>
          <type>Coding</type>
        </types>
        <mustUnderstand>false</mustUnderstand>
        <definition>The code specifying the particular kind of document (e.g., Prescription, Discharge Summary, Report). It is suggested that the XDS Affinity Domain draws these values from a coding scheme providing a coarse level of granularity (about 10 to 100 entries). Shall have a single value.</definition>
        <requirements></requirements>
        <rim></rim>
      </elementDefinition>
      <elementDefinition>
        <name>XdsEntry.type</name>
        <cardinality>
          <minOccurs>1</minOccurs>
          <maxOccurs>1</maxOccurs>
        </cardinality>
        <condition></condition>
        <types>
          <type>Coding</type>
        </types>
        <mustUnderstand>false</mustUnderstand>
        <definition>The code specifying the precise kind of document (e.g., Pulmonary History and Physical, Discharge Summary, Ultrasound Report).</definition>
        <requirements></requirements>
        <comments>It is suggested that the XDS Affinity Domain draw these values from a coding scheme providing a fine level of granularity.</comments>
        <rim></rim>
      </elementDefinition>
      <elementDefinition>
        <name>XdsEntry.title</name>
        <cardinality>
          <minOccurs>0</minOccurs>
          <maxOccurs>1</maxOccurs>
        </cardinality>
        <condition></condition>
        <types>
          <type>string</type>
        </types>
        <mustUnderstand>false</mustUnderstand>
        <definition>Represents the title of the document.</definition>
        <requirements></requirements>
        <comments>Clinical documents often do not have a title, and are collectively referred to by the display name of the classCode (e.g., a &quot;consultation&quot; or &quot;progress note&quot;). Where these display names are rendered to the clinician, or where the document has a unique title, the title component shall be used. Max length, 128 chars</comments>
        <rim></rim>
      </elementDefinition>
      <elementDefinition>
        <name>XdsEntry.documentId</name>
        <cardinality>
          <minOccurs>1</minOccurs>
          <maxOccurs>1</maxOccurs>
        </cardinality>
        <condition></condition>
        <types>
          <type>uri</type>
        </types>
        <mustUnderstand>false</mustUnderstand>
        <definition>The globally unique identifier assigned by the document creator to this document. This unique identifier may be used in the body of other XDS Documents to reference this document.</definition>
        <requirements></requirements>
        <comments>The length of Unique Identifier shall not exceed 128 bytes. The structure and format of this Id shall be consistent with the specification corresponding to the format attribute. (e.g., for a DICOM standard document a 64 character numeric UID, for an HL7 CDA format a serialization of the CDA Document id extension and root in the form oid#extension, where OID is a 64 digits max, and the ID is a 16 UTF-8 char max). If the oid is coded without the extension then the '^' character shall not be included. This uniqueId is intended to provide the means to reference this XDS document from within the content of another document. Neither the XDS Registry nor the Repository is aware of such references, but the Document Sources and Consumers are</comments>
        <rim></rim>
      </elementDefinition>
      <elementDefinition>
        <name>XdsEntry.availability</name>
        <cardinality>
          <minOccurs>1</minOccurs>
          <maxOccurs>1</maxOccurs>
        </cardinality>
        <condition></condition>
        <types>
          <type>code</type>
        </types>
        <conceptDomain>XdsEntryAvailability</conceptDomain>
        <mustUnderstand>false</mustUnderstand>
        <definition>deprecated documents can be included in some responses</definition>
        <requirements></requirements>
        <comments>This attribute is always set to Approved as part of the submission of new XDS Documents. It may be changed to Deprecated under the primary  responsibility of the Document Source with possible patient supervision. Although XDS supports the ability to delete documents, there is no such state as “the Document Entry is removed” (only an audit trail is kept if such a deletion is allowed). </comments>
        <rim></rim>
      </elementDefinition>
      <elementDefinition>
        <name>XdsEntry.confidentialityCode</name>
        <cardinality>
          <minOccurs>1</minOccurs>
          <maxOccurs>1</maxOccurs>
        </cardinality>
        <condition></condition>
        <types>
          <type>Coding</type>
        </types>
        <mustUnderstand>false</mustUnderstand>
        <definition>The code specifying the level of confidentiality of the XDS Document. These codes are specific to an XDS Affinity Domain.</definition>
        <requirements></requirements>
        <comments>Enforcement and issues related to highly sensitive documents are beyond the scope of XDS (see security section). confidentialityCode is part of a codification scheme and value set enforced by the Document Registry. </comments>
        <rim></rim>
      </elementDefinition>
      <elementDefinition>
        <name>XdsEntry.created</name>
        <cardinality>
          <minOccurs>1</minOccurs>
          <maxOccurs>1</maxOccurs>
        </cardinality>
        <condition></condition>
        <types>
          <type>instant</type>
        </types>
        <mustUnderstand>false</mustUnderstand>
        <definition>Represents the time the author created the document in the Document Source</definition>
        <requirements></requirements>
        <rim></rim>
      </elementDefinition>
      <elementDefinition>
        <name>XdsEntry.event</name>
        <cardinality>
          <minOccurs>0</minOccurs>
          <maxOccurs>unbounded</maxOccurs>
        </cardinality>
        <condition></condition>
        <types>
          <type>Coding</type>
        </types>
        <mustUnderstand>false</mustUnderstand>
        <definition>This list of codes represents the main clinical acts, such as a colonoscopy or an appendectomy, being documented. In some cases, the event is inherent in the typeCode, such as a &quot;History and Physical Report&quot; in which the procedure being documented is necessarily a &quot;History and Physical&quot; act.</definition>
        <requirements></requirements>
        <comments>An event can further specialize the act inherent in the typeCode, such as where it is simply &quot;Procedure Report&quot; and the procedure was a &quot;colonoscopy&quot;. If one or more eventCodes are included, they shall not conflict with the values inherent in the classCode, practiceSettingCode or typeCode, as such a conflict would create an ambiguous situation. This short list of codes is provided to be used as “key words” for certain types of queries.</comments>
        <rim></rim>
      </elementDefinition>
      <elementDefinition>
        <name>XdsEntry.hash</name>
        <cardinality>
          <minOccurs>0</minOccurs>
          <maxOccurs>1</maxOccurs>
        </cardinality>
        <condition></condition>
        <types>
          <type>string</type>
        </types>
        <mustUnderstand>false</mustUnderstand>
        <definition>Hash key of the XDS Document itself</definition>
        <requirements></requirements>
        <comments>This value is computed by the Document Repository and used by the Document Registry for detecting the improper resubmission of XDS Documents. If present, shall have a single value. If this attribute is received in a Provide &amp; Register Document Set-b [ITI-41] transaction, it shall be verified by the repository with the actual hash value of the submitted document; an XDSRepositoryMetadataError shall be returned on mismatch.</comments>
        <rim></rim>
      </elementDefinition>
      <elementDefinition>
        <name>XdsEntry.size</name>
        <cardinality>
          <minOccurs>0</minOccurs>
          <maxOccurs>1</maxOccurs>
        </cardinality>
        <condition></condition>
        <types>
          <type>string</type>
        </types>
        <mustUnderstand>false</mustUnderstand>
        <definition>Size in bytes of the byte stream that was provided in the Register and Provide Transaction and stored by the XDS Document Repository. This value is computed by the Document Repository and included in the Register Documents Set Transaction.</definition>
        <requirements></requirements>
        <comments>If this attribute is received in a Provide &amp; Register Document Set-b [ITI-41] transaction, it shall be verified by the repository with the actual size of the submitted document; an XDSRepositoryMetadataError shall be returned on mismatch.</comments>
        <rim></rim>
      </elementDefinition>
      <elementDefinition>
        <name>XdsEntry.language</name>
        <cardinality>
          <minOccurs>0</minOccurs>
          <maxOccurs>1</maxOccurs>
        </cardinality>
        <condition></condition>
        <types>
          <type>string</type>
        </types>
        <mustUnderstand>false</mustUnderstand>
        <definition>Specifies the human language of character data in the document. The values of the attribute are language identifiers as described by the IETF (Internet Engineering Task Force) RFC 3066.</definition>
        <requirements></requirements>
        <comments>This value may further be restricted by the registry according to XDS Affinity Domain specific policy.</comments>
        <rim></rim>
      </elementDefinition>
      <elementDefinition>
        <name>XdsEntry.folder</name>
        <cardinality>
          <minOccurs>0</minOccurs>
          <maxOccurs>unbounded</maxOccurs>
        </cardinality>
        <condition></condition>
        <types>
          <type>Resource(XdsFolder)</type>
        </types>
        <mustUnderstand>false</mustUnderstand>
        <definition>Folders that this document is registered in</definition>
        <requirements></requirements>
        <rim></rim>
      </elementDefinition>
      <elementDefinition>
        <name>XdsEntry.patientId</name>
        <cardinality>
          <minOccurs>1</minOccurs>
          <maxOccurs>1</maxOccurs>
        </cardinality>
        <condition></condition>
        <types>
          <type>Identifier</type>
        </types>
        <mustUnderstand>false</mustUnderstand>
        <definition>The patientId represents the subject of care of the document. This identifier shall be from the Assigning Authority Domain supporting the XDS Affinity Domain in which the Document Registry operates.</definition>
        <requirements></requirements>
        <comments>The system is the &quot;Authority Domain Id&quot; (enforced by the Registry), and the identifier is an Id in the above domain.</comments>
        <rim></rim>
      </elementDefinition>
      <elementDefinition>
        <name>XdsEntry.sourcePatientId</name>
        <cardinality>
          <minOccurs>0</minOccurs>
          <maxOccurs>1</maxOccurs>
        </cardinality>
        <condition></condition>
        <types>
          <type>Identifier</type>
        </types>
        <mustUnderstand>false</mustUnderstand>
        <definition>The sourcePatientId represents the subject of care medical record Identifier (e.g., Patient Id) in the local patient Identifier Domain of the Document Source.</definition>
        <requirements></requirements>
        <comments>The system is the &quot;Authority Domain Id&quot; (enforced by the Registry), and the identifier is an Id in the above domain. This sourcePatientId is not intended to be updated once the Document is registered (just as the Document content and metadata itself will not be 
updated without replacing the previous document). As this sourcePatientId may have been merged by the source actor, it may no longer be in use within the Document Source (EHR-CR). It is only intended as an audit/checking mechanism and has occasional use for 
Document Consumer Actors.</comments>
        <rim></rim>
      </elementDefinition>
      <elementDefinition>
        <name>XdsEntry.patientInfo</name>
        <cardinality>
          <minOccurs>0</minOccurs>
          <maxOccurs>1</maxOccurs>
        </cardinality>
        <condition></condition>
        <types>
          <type>Resource(Person)</type>
        </types>
        <mustUnderstand>false</mustUnderstand>
        <definition>This is a reference to the demographics information of the person to whose medical record this document belongs, as the Document Source knew it at the time of Submission. This information typically includes: the patient first and last name, sex, 
and birth date</definition>
        <requirements></requirements>
        <comments>The Clinical XDS Affinity Domain policies may require more or less specific information and format. This patient information is not intended to be updated once the Document is registered (just as the Document content and metadata itself will not be updated without replacing the previous document). As sourcePatientInfo may have been updated by the source actor, it may no longer be in use within the Document Source (EHR-CR). It is only intended as an audit/checking mechanism and has occasional use for 
Document Consumer actors.</comments>
        <rim></rim>
      </elementDefinition>
      <elementDefinition>
        <name>XdsEntry.author</name>
        <cardinality>
          <minOccurs>1</minOccurs>
          <maxOccurs>unbounded</maxOccurs>
        </cardinality>
        <condition></condition>
        <mustUnderstand>false</mustUnderstand>
        <definition>Represents the humans and/or machines that authored the document</definition>
        <requirements></requirements>
        <rim></rim>
      </elementDefinition>
      <elementDefinition>
        <name>XdsEntry.author.name</name>
        <cardinality>
          <minOccurs>0</minOccurs>
          <maxOccurs>1</maxOccurs>
        </cardinality>
        <condition></condition>
        <types>
          <type>HumanName</type>
        </types>
        <mustUnderstand>false</mustUnderstand>
        <definition>Represents the name of the human and/or machine that authored the document  within the authorInstitution</definition>
        <requirements></requirements>
        <comments>The document author may be the patient  itself</comments>
        <rim></rim>
      </elementDefinition>
      <elementDefinition>
        <name>XdsEntry.author.id</name>
        <cardinality>
          <minOccurs>0</minOccurs>
          <maxOccurs>1</maxOccurs>
        </cardinality>
        <condition></condition>
        <types>
          <type>Identifier</type>
        </types>
        <mustUnderstand>false</mustUnderstand>
        <definition>Represents the id of the human and/or machine that authored the document  within the authorInstitution</definition>
        <requirements></requirements>
        <rim></rim>
      </elementDefinition>
      <elementDefinition>
        <name>XdsEntry.author.role</name>
        <cardinality>
          <minOccurs>0</minOccurs>
          <maxOccurs>unbounded</maxOccurs>
        </cardinality>
        <condition></condition>
        <types>
          <type>string</type>
        </types>
        <mustUnderstand>false</mustUnderstand>
        <definition>A code that represents the role of the author with respect to the patient when the document was created.</definition>
        <requirements></requirements>
        <rim></rim>
      </elementDefinition>
      <elementDefinition>
        <name>XdsEntry.author.specialty</name>
        <cardinality>
          <minOccurs>0</minOccurs>
          <maxOccurs>unbounded</maxOccurs>
        </cardinality>
        <condition></condition>
        <types>
          <type>string</type>
        </types>
        <mustUnderstand>false</mustUnderstand>
        <definition>Represents a specific specialty within a healthcare facility under which the human and/or machines authored the document</definition>
        <requirements></requirements>
        <rim></rim>
      </elementDefinition>
      <elementDefinition>
        <name>XdsEntry.author.institution</name>
        <cardinality>
          <minOccurs>0</minOccurs>
          <maxOccurs>unbounded</maxOccurs>
        </cardinality>
        <condition></condition>
        <mustUnderstand>false</mustUnderstand>
        <definition>Represents a specific healthcare facility under which the human and/or machines authored the document.  A specific case is that of homecare. </definition>
        <requirements></requirements>
        <rim></rim>
      </elementDefinition>
      <elementDefinition>
        <name>XdsEntry.author.institution.id</name>
        <cardinality>
          <minOccurs>0</minOccurs>
          <maxOccurs>1</maxOccurs>
        </cardinality>
        <condition></condition>
        <types>
          <type>Identifier</type>
        </types>
        <mustUnderstand>false</mustUnderstand>
        <definition>id of facility</definition>
        <requirements></requirements>
        <rim></rim>
      </elementDefinition>
      <elementDefinition>
        <name>XdsEntry.author.institution.name</name>
        <cardinality>
          <minOccurs>0</minOccurs>
          <maxOccurs>1</maxOccurs>
        </cardinality>
        <condition></condition>
        <types>
          <type>string</type>
        </types>
        <mustUnderstand>false</mustUnderstand>
        <definition>name of facility</definition>
        <requirements></requirements>
        <rim></rim>
      </elementDefinition>
      <elementDefinition>
        <name>XdsEntry.author.contact</name>
        <cardinality>
          <minOccurs>0</minOccurs>
          <maxOccurs>unbounded</maxOccurs>
        </cardinality>
        <condition></condition>
        <types>
          <type>Contact</type>
        </types>
        <mustUnderstand>false</mustUnderstand>
        <definition>Represents the telecommunications address (e.g. email) of the document author, intended to assist with automated routing of other messages intended for the document author</definition>
        <requirements></requirements>
        <rim></rim>
      </elementDefinition>
      <elementDefinition>
        <name>XdsEntry.authenticator</name>
        <cardinality>
          <minOccurs>0</minOccurs>
          <maxOccurs>1</maxOccurs>
        </cardinality>
        <condition></condition>
        <mustUnderstand>false</mustUnderstand>
        <definition>Represents a participant who has legally authenticated or attested the document within the authorInstitution. Legal authentication implies that a document has been signed manually or electronically by the legalAuthenticator.</definition>
        <requirements></requirements>
        <rim></rim>
      </elementDefinition>
      <elementDefinition>
        <name>XdsEntry.authenticator.id</name>
        <cardinality>
          <minOccurs>0</minOccurs>
          <maxOccurs>1</maxOccurs>
        </cardinality>
        <condition></condition>
        <types>
          <type>Identifier</type>
        </types>
        <mustUnderstand>false</mustUnderstand>
        <definition>id of authenticator</definition>
        <requirements></requirements>
        <rim></rim>
      </elementDefinition>
      <elementDefinition>
        <name>XdsEntry.authenticator.name</name>
        <cardinality>
          <minOccurs>0</minOccurs>
          <maxOccurs>1</maxOccurs>
        </cardinality>
        <condition></condition>
        <types>
          <type>HumanName</type>
        </types>
        <mustUnderstand>false</mustUnderstand>
        <definition>name of authenticator</definition>
        <requirements></requirements>
        <rim></rim>
      </elementDefinition>
      <elementDefinition>
        <name>XdsEntry.facilityType</name>
        <cardinality>
          <minOccurs>0</minOccurs>
          <maxOccurs>1</maxOccurs>
        </cardinality>
        <condition></condition>
        <types>
          <type>Coding</type>
        </types>
        <mustUnderstand>false</mustUnderstand>
        <definition>This code represents the type of organizational setting of the clinical encounter during which the documented act occurred</definition>
        <requirements></requirements>
        <comments>In some cases, the setting of the encounter is inherent in the typeCode, such as &quot;Diabetes Clinic Progress Note&quot;. healthcareFacilityTypeCode shall be equivalent to or further specialize the value inherent in the typeCode; for example, where the typeCode is simply &quot;Clinic Progress Note&quot; and the value of healthcareFacilityTypeCode is &quot;private clinic&quot;.  The value shall not conflict with the value inherent in the typeCode, as such a conflict would create an ambiguous situation</comments>
        <rim></rim>
      </elementDefinition>
      <elementDefinition>
        <name>XdsEntry.practiceSetting</name>
        <cardinality>
          <minOccurs>1</minOccurs>
          <maxOccurs>1</maxOccurs>
        </cardinality>
        <condition></condition>
        <types>
          <type>Coding</type>
        </types>
        <mustUnderstand>false</mustUnderstand>
        <definition>The code specifying the clinical specialty where the act that resulted in the document was performed (e.g., Family Practice, Laboratory, Radiology).</definition>
        <requirements></requirements>
        <comments>It is suggested that the XDS Affinity Domain draws these values from a coding scheme providing a coarse level of granularity (about 10 to 100 entries)</comments>
        <rim></rim>
      </elementDefinition>
      <elementDefinition>
        <name>XdsEntry.homeCommunity</name>
        <cardinality>
          <minOccurs>0</minOccurs>
          <maxOccurs>1</maxOccurs>
        </cardinality>
        <condition></condition>
        <types>
          <type>uri</type>
        </types>
        <mustUnderstand>false</mustUnderstand>
        <definition>A globally unique identifier for a community. </definition>
        <requirements></requirements>
        <rim></rim>
      </elementDefinition>
      <elementDefinition>
        <name>XdsEntry.service</name>
        <cardinality>
          <minOccurs>1</minOccurs>
          <maxOccurs>1</maxOccurs>
        </cardinality>
        <condition></condition>
        <mustUnderstand>false</mustUnderstand>
        <definition>Represents the time of the service being documented took place (clinically significant, but not necessarily when the document was produced or approved).</definition>
        <requirements></requirements>
        <comments>This may be the same as the encounter time in case the service was delivered during an encounter. Encounter time is not coded in XDS metadata but may be coded in documents managed by XDS. Note: Other times, such as document creation or approval are to be recorded, if needed, within the document.</comments>
        <rim></rim>
      </elementDefinition>
      <elementDefinition>
        <name>XdsEntry.service.start</name>
        <cardinality>
          <minOccurs>1</minOccurs>
          <maxOccurs>1</maxOccurs>
        </cardinality>
        <condition></condition>
        <types>
          <type>dateTime</type>
        </types>
        <mustUnderstand>false</mustUnderstand>
        <definition>Start time</definition>
        <requirements></requirements>
        <rim></rim>
      </elementDefinition>
      <elementDefinition>
        <name>XdsEntry.service.stop</name>
        <cardinality>
          <minOccurs>0</minOccurs>
          <maxOccurs>1</maxOccurs>
        </cardinality>
        <condition></condition>
        <types>
          <type>dateTime</type>
        </types>
        <mustUnderstand>false</mustUnderstand>
        <definition>Stop time</definition>
        <requirements></requirements>
        <rim></rim>
      </elementDefinition>
      <elementDefinition>
        <name>XdsEntry.comments</name>
        <cardinality>
          <minOccurs>0</minOccurs>
          <maxOccurs>1</maxOccurs>
        </cardinality>
        <condition></condition>
        <types>
          <type>string</type>
        </types>
        <mustUnderstand>false</mustUnderstand>
        <definition>Comments associated with the Document.</definition>
        <requirements></requirements>
        <comments> Free form text with an XDS  Affinity Domain specified usage.  </comments>
        <rim></rim>
        <todo>Should this be removed? It is effectively for extensions</todo>
      </elementDefinition>
      <elementDefinition>
        <name>XdsEntry.extension</name>
        <cardinality>
          <minOccurs>0</minOccurs>
          <maxOccurs>unbounded</maxOccurs>
        </cardinality>
        <condition></condition>
        <types>
          <type>Extension</type>
        </types>
        <mustUnderstand>false</mustUnderstand>
        <definition>See Extensions</definition>
        <requirements></requirements>
        <rim>[varies]</rim>
      </elementDefinition>
      <elementDefinition>
        <name>XdsEntry.text</name>
        <cardinality>
          <minOccurs>1</minOccurs>
          <maxOccurs>1</maxOccurs>
        </cardinality>
        <condition></condition>
        <types>
          <type>Narrative</type>
        </types>
        <mustUnderstand>false</mustUnderstand>
        <definition>Text summary of resource (for human interpretation)</definition>
        <requirements></requirements>
        <rim></rim>
      </elementDefinition>
    </elementDefinitions>
  </resourceDefinition>
</resourceDefinitions>

