<?xml version="1.0" encoding="UTF-8"?>
<resourceDefinitions xmlns="http://hl7.org/fhir">
  <author>HL7</author>
  <resourceDefinition>
    <name>XdsEntry2</name>
    <elementDefinitions>
      <elementDefinition>
        <name>XdsEntry2</name>
        <cardinality>
          <minOccurs>1</minOccurs>
          <maxOccurs>1</maxOccurs>
        </cardinality>
        <condition></condition>
        <mustUnderstand>false</mustUnderstand>
        <definition>An entry in an XDS registry</definition>
        <requirements></requirements>
        <rim></rim>
      </elementDefinition>
      <elementDefinition>
        <name>XdsEntry2.id</name>
        <cardinality>
          <minOccurs>1</minOccurs>
          <maxOccurs>1</maxOccurs>
        </cardinality>
        <condition></condition>
        <types>
          <type>Identifier</type>
        </types>
        <mustUnderstand>false</mustUnderstand>
        <definition>Document identifier as assigned by the source of the document. This identifier is version specific. This unique identifier may be used in the body of other Documents etc to reference this document.</definition>
        <requirements></requirements>
        <comments>The length of the id shall not exceed 128 bytes. The structure and format of this Id shall be consistent with the specification corresponding to the format attribute. (e.g., for a DICOM standard document a 64 character numeric UID - urn:oid:, for an HL7 CDA format a serialization of the CDA Document id extension and root in the form oid^extension - hl7-att:, where OID is a 64 digits max, and the ID is a 16 UTF-8 char max). If the oid is coded without the extension then the '^' character shall not be included. This uniqueId is intended to provide the means to reference this XDS document from within the content of another document. Neither the XDS Registry nor the Repository is aware of such references, but the Document Sources and Consumers are</comments>
        <rim></rim>
      </elementDefinition>
      <elementDefinition>
        <name>XdsEntry2.information</name>
        <cardinality>
          <minOccurs>0</minOccurs>
          <maxOccurs>1</maxOccurs>
        </cardinality>
        <condition></condition>
        <types>
          <type>DocumentInformation</type>
        </types>
        <mustUnderstand>false</mustUnderstand>
        <definition>Document metadata that is used for searching for the document</definition>
        <requirements></requirements>
        <comments>The document metadata reflects what is in the document itself and is never updated once the entry is created</comments>
        <rim></rim>
      </elementDefinition>
      <elementDefinition>
        <name>XdsEntry2.information.id</name>
        <cardinality>
          <minOccurs>0</minOccurs>
          <maxOccurs>1</maxOccurs>
        </cardinality>
        <condition></condition>
        <types>
          <type>Identifier</type>
        </types>
        <mustUnderstand>true</mustUnderstand>
        <definition>Logical Identifier for the document, assigned when created. This identifier stays constant when subsequent versions of the document are created</definition>
        <requirements></requirements>
        <comments>see discussion in resource definition for how these relate</comments>
        <rim>Document.id / Document.setId</rim>
      </elementDefinition>
      <elementDefinition>
        <name>XdsEntry2.information.versionId</name>
        <cardinality>
          <minOccurs>0</minOccurs>
          <maxOccurs>1</maxOccurs>
        </cardinality>
        <condition></condition>
        <types>
          <type>Identifier</type>
        </types>
        <mustUnderstand>true</mustUnderstand>
        <definition>Version specific identifier for the document, assigned when created. This identifier changes when subsequent versions of the document are created</definition>
        <requirements></requirements>
        <comments>see discussion in resource definition for how these relate</comments>
        <rim>Document.id</rim>
      </elementDefinition>
      <elementDefinition>
        <name>XdsEntry2.information.instant</name>
        <cardinality>
          <minOccurs>1</minOccurs>
          <maxOccurs>1</maxOccurs>
        </cardinality>
        <condition></condition>
        <types>
          <type>instant</type>
        </types>
        <mustUnderstand>true</mustUnderstand>
        <definition>the document creation time, when the document first came into being. Where the document is a transform from an original document in some other format, the ClinicalDocument.effectiveTime is the time the original document is created.</definition>
        <requirements>Creation time is used for tracking, organizing versions and searching.</requirements>
        <rim>./effectiveTime[type=&quot;TS&quot;]</rim>
      </elementDefinition>
      <elementDefinition>
        <name>XdsEntry2.information.class</name>
        <cardinality>
          <minOccurs>0</minOccurs>
          <maxOccurs>1</maxOccurs>
        </cardinality>
        <condition></condition>
        <types>
          <type>Coding</type>
        </types>
        <mustUnderstand>false</mustUnderstand>
        <definition>The code specifying the particular kind of document (e.g., Prescription, Discharge Summary, Report).</definition>
        <requirements></requirements>
        <comments> It is suggested that the XDS Affinity Domain draws these values from a coding scheme providing a coarse level of granularity (about 10 to 100 entries). Shall have a single value. This should be an extension</comments>
        <rim></rim>
      </elementDefinition>
      <elementDefinition>
        <name>XdsEntry2.information.type</name>
        <cardinality>
          <minOccurs>1</minOccurs>
          <maxOccurs>1</maxOccurs>
        </cardinality>
        <condition></condition>
        <types>
          <type>CodeableConcept</type>
        </types>
        <conceptDomain>DocumentType</conceptDomain>
        <mustUnderstand>true</mustUnderstand>
        <definition>Specifies the particular kind of document (e.g. History and Physical, Discharge Summary, Progress Note)</definition>
        <requirements>Key metadata element describing the document, used in searching/filtering.</requirements>
        <rim>./code</rim>
      </elementDefinition>
      <elementDefinition>
        <name>XdsEntry2.information.title</name>
        <cardinality>
          <minOccurs>0</minOccurs>
          <maxOccurs>1</maxOccurs>
        </cardinality>
        <condition></condition>
        <types>
          <type>string</type>
        </types>
        <mustUnderstand>false</mustUnderstand>
        <definition>Official human-readable label for the document</definition>
        <requirements>Helps humans to assess whether the document is of interest</requirements>
        <comments>It's commonly the case that clinical documents do not have a title and are collectively referred to by the display name of Document.type (e.g. a &quot;consultation&quot; or &quot;progress note&quot;). Where these display names are rendered to the clinician or where the document has a unique title, the Document.title value should be used</comments>
        <rim>./title</rim>
      </elementDefinition>
      <elementDefinition>
        <name>XdsEntry2.information.confidentialityCode</name>
        <cardinality>
          <minOccurs>1</minOccurs>
          <maxOccurs>1</maxOccurs>
        </cardinality>
        <condition></condition>
        <types>
          <type>Coding</type>
        </types>
        <mustUnderstand>false</mustUnderstand>
        <definition>The code specifying the level of confidentiality of the XDS Document. These codes are specific to an XDS Affinity Domain.</definition>
        <requirements></requirements>
        <comments>Enforcement and issues related to highly sensitive documents are beyond the scope of XDS (see security section). confidentialityCode is part of a codification scheme and value set enforced by the Document Registry. </comments>
        <rim></rim>
      </elementDefinition>
      <elementDefinition>
        <name>XdsEntry2.information.subject</name>
        <cardinality>
          <minOccurs>1</minOccurs>
          <maxOccurs>1</maxOccurs>
        </cardinality>
        <condition></condition>
        <types>
          <type>Resource(Person|Patient|Group|Device)</type>
        </types>
        <mustUnderstand>true</mustUnderstand>
        <definition>Identifies the primary subject of the document.  </definition>
        <requirements>Essential metadata for searching for the document, identifies who the document applies to</requirements>
        <comments>For clinical documents, this is usually the patient.</comments>
        <rim>unique(./participation[typeCode=&quot;SBJ&quot; and isNormalParticipation]/role[typeCode=&quot;PAT&quot;])
or
unique(./participation[typeCode=&quot;SBJ&quot; and isNormalParticipation]/role[typeCode=&quot;IDENT&quot;]/player[determinerCode=&quot;INST&quot; and classCode=(&quot;DEV&quot;, &quot;ORG&quot;) and isNormalEntity()])</rim>
        <todo>Need to extend this to support documents with other types of subjects.  Also rationalize with encounter &amp; context elements</todo>
      </elementDefinition>
      <elementDefinition>
        <name>XdsEntry2.information.author</name>
        <cardinality>
          <minOccurs>1</minOccurs>
          <maxOccurs>unbounded</maxOccurs>
        </cardinality>
        <condition></condition>
        <types>
          <type>Resource(Person|Agent)</type>
        </types>
        <mustUnderstand>false</mustUnderstand>
        <definition>Identifies who is responsible for the information in the document.  (Not necessarily who typed it in.)</definition>
        <requirements>Identifies who is responsible for the content.</requirements>
        <rim>./participation[typeCode=&quot;AUT&quot; and isNormalParticipation]/role[classCode=&quot;ASSIGNED&quot; and isNormalRole()]</rim>
      </elementDefinition>
      <elementDefinition>
        <name>XdsEntry2.information.attester</name>
        <cardinality>
          <minOccurs>0</minOccurs>
          <maxOccurs>unbounded</maxOccurs>
        </cardinality>
        <condition></condition>
        <mustUnderstand>false</mustUnderstand>
        <definition>A participant who has attested to the accuracy of the document</definition>
        <requirements>Identifies responsibility for the accuracy of the document content.</requirements>
        <rim>./participation[typeCode=&quot;AUTHEN&quot; and isNormalParticipation]</rim>
      </elementDefinition>
      <elementDefinition>
        <name>XdsEntry2.information.attester.mode</name>
        <cardinality>
          <minOccurs>1</minOccurs>
          <maxOccurs>1</maxOccurs>
        </cardinality>
        <condition></condition>
        <types>
          <type>code</type>
        </types>
        <conceptDomain>DocumentAttestationMode</conceptDomain>
        <mustUnderstand>false</mustUnderstand>
        <definition>The type of attestation the authenticator offers</definition>
        <requirements>Indicates the level of officialness of the attestation.</requirements>
        <rim>unique(./modeCode)</rim>
      </elementDefinition>
      <elementDefinition>
        <name>XdsEntry2.information.attester.time</name>
        <cardinality>
          <minOccurs>0</minOccurs>
          <maxOccurs>1</maxOccurs>
        </cardinality>
        <condition></condition>
        <types>
          <type>dateTime</type>
        </types>
        <mustUnderstand>false</mustUnderstand>
        <definition>When document was attested by the party</definition>
        <requirements>Identifies when the information in the document was deemed accurate.  (Things may have changed since then.)</requirements>
        <rim>./time[type=&quot;TS&quot; and isNormalDatatype()]</rim>
      </elementDefinition>
      <elementDefinition>
        <name>XdsEntry2.information.attester.party</name>
        <cardinality>
          <minOccurs>0</minOccurs>
          <maxOccurs>1</maxOccurs>
        </cardinality>
        <condition></condition>
        <types>
          <type>Resource(Person|Agent|Organization)</type>
        </types>
        <mustUnderstand>false</mustUnderstand>
        <definition>Who attested the document in the specified way</definition>
        <requirements>Identifies who has taken on the responsibility for accuracy of the document content.</requirements>
        <rim>./role[classCode=&quot;ASSIGNED&quot; and isNormalRole]/player[determinerCode=&quot;INST&quot; and classCode=(&quot;DEV&quot;, &quot;PSN&quot;) and isNormalEntity()]
or
./role[classCode=&quot;ASSIGNED&quot; and isNormalRole and not(player)]/scoper[determinerCode=&quot;INST&quot; and classCode=&quot;ORG&quot; and isNormalEntity()]</rim>
      </elementDefinition>
      <elementDefinition>
        <name>XdsEntry2.information.custodian</name>
        <cardinality>
          <minOccurs>0</minOccurs>
          <maxOccurs>1</maxOccurs>
        </cardinality>
        <condition></condition>
        <types>
          <type>Resource(Organization)</type>
        </types>
        <mustUnderstand>false</mustUnderstand>
        <definition>Identifies the organization or group who is responsible for ongoing maintenance of and access to the document.</definition>
        <requirements>Identifies where to go to find the current version, where to report issues, etc.</requirements>
        <rim>./participation[typeCode=&quot;RCV&quot; and isNormalParticipation]/role[classCode=&quot;CUST&quot; and isNormalRole and not (player)]/scoper[classCode=&quot;ORG&quot; and determinerCode=&quot;INST&quot; and isNormalEntity()]</rim>
      </elementDefinition>
      <elementDefinition>
        <name>XdsEntry2.information.event</name>
        <cardinality>
          <minOccurs>0</minOccurs>
          <maxOccurs>1</maxOccurs>
        </cardinality>
        <condition></condition>
        <mustUnderstand>false</mustUnderstand>
        <definition>The main event/act/item, such as a colonoscopy or an appendectomy, being documented</definition>
        <requirements>Provides context for the document and creates a linkage between a resource describing an event and the document created describing the event.</requirements>
        <comments>The event needs to be consistent with the type element, though can provide further information if desired</comments>
        <rim>unique(highest(./outboundRelationship[typeCode=&quot;SUBJ&quot; and isNormalActRelationship()], priorityNumber)/target[moodCode=&quot;EVN&quot; and isNormalAct])</rim>
      </elementDefinition>
      <elementDefinition>
        <name>XdsEntry2.information.event.code</name>
        <cardinality>
          <minOccurs>0</minOccurs>
          <maxOccurs>unbounded</maxOccurs>
        </cardinality>
        <condition></condition>
        <types>
          <type>CodeableConcept</type>
        </types>
        <mustUnderstand>false</mustUnderstand>
        <definition>This list of codes represents the main clinical acts, such as a colonoscopy or an appendectomy, being documented. In some cases, the event is inherent in the typeCode, such as a &quot;History and Physical Report&quot; in which the procedure being documented is necessarily a &quot;History and Physical&quot; act.</definition>
        <requirements></requirements>
        <comments>An event can further specialize the act inherent in the typeCode, such as where it is simply &quot;Procedure Report&quot; and the procedure was a &quot;colonoscopy&quot;. If one or more eventCodes are included, they shall not conflict with the values inherent in the classCode, practiceSettingCode or typeCode, as such a conflict would create an ambiguous situation. This short list of codes is provided to be used as “key words” for certain types of queries.</comments>
        <rim></rim>
      </elementDefinition>
      <elementDefinition>
        <name>XdsEntry2.information.event.period</name>
        <cardinality>
          <minOccurs>0</minOccurs>
          <maxOccurs>1</maxOccurs>
        </cardinality>
        <condition></condition>
        <types>
          <type>Period</type>
        </types>
        <mustUnderstand>false</mustUnderstand>
        <definition>The period of time covered by the document. There is no assertion that the document is a complete representation for this period, only that it documents events during this time</definition>
        <requirements></requirements>
        <rim></rim>
      </elementDefinition>
      <elementDefinition>
        <name>XdsEntry2.information.event.detail</name>
        <cardinality>
          <minOccurs>0</minOccurs>
          <maxOccurs>unbounded</maxOccurs>
        </cardinality>
        <condition></condition>
        <types>
          <type>Resource(Any)</type>
        </types>
        <mustUnderstand>false</mustUnderstand>
        <definition>Full details for the event(s) the document concents</definition>
        <requirements></requirements>
        <rim></rim>
      </elementDefinition>
      <elementDefinition>
        <name>XdsEntry2.information.encounter</name>
        <cardinality>
          <minOccurs>0</minOccurs>
          <maxOccurs>1</maxOccurs>
        </cardinality>
        <condition></condition>
        <types>
          <type>Resource(Admission|InterestOfCare)</type>
        </types>
        <mustUnderstand>false</mustUnderstand>
        <definition>Describes the clinical encounter or type of care this document is associated with.</definition>
        <requirements>Provides context for the document and supports searching.</requirements>
        <rim>unique(highest(./outboundRelationship[typeCode=&quot;SUBJ&quot; and isNormalActRelationship()], priorityNumber)/target[moodCode=&quot;EVN&quot; and classCode=(&quot;ENC&quot;, &quot;PCPR&quot;) and isNormalAct])</rim>
      </elementDefinition>
      <elementDefinition>
        <name>XdsEntry2.information.facilityType</name>
        <cardinality>
          <minOccurs>0</minOccurs>
          <maxOccurs>1</maxOccurs>
        </cardinality>
        <condition></condition>
        <types>
          <type>CodeableConcept</type>
        </types>
        <mustUnderstand>false</mustUnderstand>
        <definition>This code represents the type of organizational setting of the clinical encounter during which the documented act occurred</definition>
        <requirements></requirements>
        <comments>In some cases, the setting of the encounter is inherent in the typeCode, such as &quot;Diabetes Clinic Progress Note&quot;. healthcareFacilityTypeCode shall be equivalent to or further specialize the value inherent in the typeCode; for example, where the typeCode is simply &quot;Clinic Progress Note&quot; and the value of healthcareFacilityTypeCode is &quot;private clinic&quot;.  The value shall not conflict with the value inherent in the typeCode, as such a conflict would create an ambiguous situation</comments>
        <rim></rim>
      </elementDefinition>
      <elementDefinition>
        <name>XdsEntry2.information.practiceSetting</name>
        <cardinality>
          <minOccurs>0</minOccurs>
          <maxOccurs>1</maxOccurs>
        </cardinality>
        <condition></condition>
        <types>
          <type>CodeableConcept</type>
        </types>
        <mustUnderstand>false</mustUnderstand>
        <definition>The code specifying the clinical specialty where the act that resulted in the document was performed (e.g., Family Practice, Laboratory, Radiology).</definition>
        <requirements></requirements>
        <comments>It is suggested that the XDS Affinity Domain draws these values from a coding scheme providing a coarse level of granularity (about 10 to 100 entries)</comments>
        <rim></rim>
      </elementDefinition>
      <elementDefinition>
        <name>XdsEntry2.format</name>
        <cardinality>
          <minOccurs>1</minOccurs>
          <maxOccurs>1</maxOccurs>
        </cardinality>
        <condition></condition>
        <types>
          <type>Coding</type>
        </types>
        <mustUnderstand>false</mustUnderstand>
        <definition>Code globally uniquely specifying the format of the document. Along with the information.type, it should provide sufficient information to allow any potential Document Consumer to know if it will be able to process the document. The formatCode shall be sufficiently specific to ensure processing/display by identifying a document encoding, structure and template (e.g., for a CDA Document, the fact that it complies with a CDA schema, possibly a template and the choice of a content-specific style sheet).</definition>
        <requirements></requirements>
        <comments>Format codes may be specified by multiple organizations. Format codes defined by ITI shall have names with the prefix urn:ihe:iti:. Format codes defined by other IHE domains shall have names with the prefix urn:ihe:’domain initials’: Format codes defined by the Affinity Domain shall have names with the prefix urn:ad:’name of affinity domain’: Affinity Domains shall be unique. The prefixes described here are not assumed to be exhaustive.</comments>
        <rim></rim>
      </elementDefinition>
      <elementDefinition>
        <name>XdsEntry2.availability</name>
        <cardinality>
          <minOccurs>1</minOccurs>
          <maxOccurs>1</maxOccurs>
        </cardinality>
        <condition></condition>
        <types>
          <type>code</type>
        </types>
        <conceptDomain>XdsEntryAvailability</conceptDomain>
        <mustUnderstand>false</mustUnderstand>
        <definition>deprecated documents can be included in some responses</definition>
        <requirements></requirements>
        <comments>This attribute is always set to Approved as part of the submission of new XDS Documents. It may be changed to Deprecated under the primary  responsibility of the Document Source with possible patient supervision. Although XDS supports the ability to delete documents, there is no such state as “the Document Entry is removed” (only an audit trail is kept if such a deletion is allowed). </comments>
        <rim></rim>
      </elementDefinition>
      <elementDefinition>
        <name>XdsEntry2.folder</name>
        <cardinality>
          <minOccurs>0</minOccurs>
          <maxOccurs>unbounded</maxOccurs>
        </cardinality>
        <condition></condition>
        <types>
          <type>Resource(XdsFolder)</type>
        </types>
        <mustUnderstand>false</mustUnderstand>
        <definition>Folders that this document is registered in</definition>
        <requirements></requirements>
        <rim></rim>
      </elementDefinition>
      <elementDefinition>
        <name>XdsEntry2.subject</name>
        <cardinality>
          <minOccurs>0</minOccurs>
          <maxOccurs>1</maxOccurs>
        </cardinality>
        <condition></condition>
        <types>
          <type>Resource(Person|Patient|Group|Device)</type>
        </types>
        <mustUnderstand>false</mustUnderstand>
        <definition>The subject of care information that the document is about. This is different from the documentInformation.subject because that never changes from what the document says. This value may be updated if the subject details are updated (e.g. merged) and will then differ from the original document</definition>
        <requirements></requirements>
        <comments>The system is the &quot;Authority Domain Id&quot; (enforced by the Registry), and the identifier is an Id in the above domain. This subject is intended to be updated after the Document is registered (where as the Document content and Document.information.subject itself will not be 
updated without changing the whole document). </comments>
        <rim></rim>
      </elementDefinition>
      <elementDefinition>
        <name>XdsEntry2.content</name>
        <cardinality>
          <minOccurs>0</minOccurs>
          <maxOccurs>1</maxOccurs>
        </cardinality>
        <condition></condition>
        <types>
          <type>Attachment</type>
        </types>
        <mustUnderstand>false</mustUnderstand>
        <definition>Reference to the content, along with additional information such as size, hash, language etc</definition>
        <requirements></requirements>
        <rim></rim>
      </elementDefinition>
      <elementDefinition>
        <name>XdsEntry2.extension</name>
        <cardinality>
          <minOccurs>0</minOccurs>
          <maxOccurs>unbounded</maxOccurs>
        </cardinality>
        <condition></condition>
        <types>
          <type>Extension</type>
        </types>
        <mustUnderstand>false</mustUnderstand>
        <definition>See Extensions</definition>
        <requirements></requirements>
        <rim>[varies]</rim>
      </elementDefinition>
      <elementDefinition>
        <name>XdsEntry2.text</name>
        <cardinality>
          <minOccurs>1</minOccurs>
          <maxOccurs>1</maxOccurs>
        </cardinality>
        <condition></condition>
        <types>
          <type>Narrative</type>
        </types>
        <mustUnderstand>false</mustUnderstand>
        <definition>Text summary of resource (for human interpretation)</definition>
        <requirements></requirements>
        <rim></rim>
      </elementDefinition>
    </elementDefinitions>
  </resourceDefinition>
</resourceDefinitions>

