{"XdsEntry2":{"id":{"system":{"value":"urn:ietf:rfc:3986"},"id":{"value":"urn:oid:1.3.6.1.4.1.21367.2005.3.7"}},"information":{"instant":{"value":"2005-12-24T09:35:00+11:00"},"class":{"system":{"value":"http://ihe.net/xds/connectathon/classCodes"},"code":{"value":"History and Physical"},"display":{"value":"History and Physical"}},"type":{"coding":[{"system":{"value":"http://loinc.org"},"code":{"value":"34108-1"},"display":{"value":"Outpatient Evaluation And Management"}}]},"title":{"value":"Physical"},"confidentialityCode":{"system":{"value":"http://ihe.net/xds/connectathon/confidentialityCodes"},"code":{"value":"1.3.6.1.4.1.21367.2006.7.101"},"display":{"value":"Clinical-Staff"}},"subject":{"type":{"value":"Person"},"id":{"value":"xcda"}},"author":[{"type":{"value":"Agent"},"id":{"value":"example"}}],"event":{"code":[{"coding":[{"system":{"value":"http://ihe.net/xds/connectathon/eventCodes"},"code":{"value":"todo"},"display":{"value":"to do"}}]}],"period":{"start":{"value":"2004-12-23T08:00:00"},"end":{"value":"2004-12-23T08:01:00"}}},"facilityType":{"coding":[{"system":{"value":"http://www.ihe.net/xds/connetathon/healthcareFacilityTypeCodes"},"code":{"value":"Outpatient"},"display":{"value":"Outpatient"}}]},"practiceSetting":{"coding":[{"system":{"value":"http://www.ihe.net/xds/connetathon/practiceSettingCodes"},"code":{"value":"General Medicine"},"display":{"value":"General Medicine"}}]}},"format":{"system":{"value":"http://ihe.net/xds/connectathon/formatCodes"},"code":{"value":"CDAR2/IHE 1.0"},"display":{"value":"CDAR2/IHE 1.0"}},"availability":"Approved","folder":[{"type":{"value":"XdsFolder"},"id":{"value":"1.2.36.90146595217.4.2.1"}}],"subject":{"type":{"value":"Person"},"id":{"value":"xcda"}},"content":{"contentType":{"value":"text/plain"},"size":{"value":"3654"},"hash":{"value":"da39a3ee5e6b4b0d3255bfef95601890afd80709"}},"text":{"status":"generated","div":"<div>Text<\/div>"}}}