<?xml version="1.0" encoding="UTF-8"?>
<resourceDefinitions xmlns="http://hl7.org/fhir">
  <author>HL7</author>
  <resourceDefinition>
    <name>XdsFolder</name>
    <elementDefinitions>
      <elementDefinition>
        <name>XdsFolder</name>
        <cardinality>
          <minOccurs>1</minOccurs>
          <maxOccurs>1</maxOccurs>
        </cardinality>
        <condition></condition>
        <mustUnderstand>false</mustUnderstand>
        <definition>An organised collection of documents that belong to a patient. The documents are collected by their clinical function</definition>
        <requirements></requirements>
        <rim></rim>
      </elementDefinition>
      <elementDefinition>
        <name>XdsFolder.code</name>
        <cardinality>
          <minOccurs>1</minOccurs>
          <maxOccurs>unbounded</maxOccurs>
        </cardinality>
        <condition></condition>
        <types>
          <type>Coding</type>
        </types>
        <mustUnderstand>false</mustUnderstand>
        <definition>contain the set of codes specifying the type of clinical activity that resulted in placing XDS Documents in this XDSFolder</definition>
        <requirements></requirements>
        <comments>These values shall be drawn from a vocabulary or coding scheme defined by the XDS Affinity Domain</comments>
        <rim></rim>
      </elementDefinition>
      <elementDefinition>
        <name>XdsFolder.title</name>
        <cardinality>
          <minOccurs>0</minOccurs>
          <maxOccurs>1</maxOccurs>
        </cardinality>
        <condition></condition>
        <types>
          <type>string</type>
        </types>
        <mustUnderstand>false</mustUnderstand>
        <definition>Represents the title of the Folder</definition>
        <requirements></requirements>
        <rim></rim>
      </elementDefinition>
      <elementDefinition>
        <name>XdsFolder.patientId</name>
        <cardinality>
          <minOccurs>1</minOccurs>
          <maxOccurs>1</maxOccurs>
        </cardinality>
        <condition></condition>
        <types>
          <type>Identifier</type>
        </types>
        <mustUnderstand>false</mustUnderstand>
        <definition>the subject of care medical record Identifier as defined by the Document Source.</definition>
        <requirements></requirements>
        <comments> All the documents in this folder must belong to the same patient.  This identifier shall be from the Assigning Authority Domain supporting the XDS Affinity Domain in which the Document Registry operates</comments>
        <rim></rim>
      </elementDefinition>
      <elementDefinition>
        <name>XdsFolder.homeCommunity</name>
        <cardinality>
          <minOccurs>0</minOccurs>
          <maxOccurs>1</maxOccurs>
        </cardinality>
        <condition></condition>
        <types>
          <type>string</type>
        </types>
        <mustUnderstand>false</mustUnderstand>
        <definition>A globally unique identifier for a community</definition>
        <requirements></requirements>
        <rim></rim>
      </elementDefinition>
      <elementDefinition>
        <name>XdsFolder.comments</name>
        <cardinality>
          <minOccurs>0</minOccurs>
          <maxOccurs>1</maxOccurs>
        </cardinality>
        <condition></condition>
        <types>
          <type>string</type>
        </types>
        <mustUnderstand>false</mustUnderstand>
        <definition>Comments associated with the Folder</definition>
        <requirements></requirements>
        <comments>Free form text with an XDS 
Affinity Domain specified usage</comments>
        <rim></rim>
        <todo>Should this be removed? This is effectively for an extension</todo>
      </elementDefinition>
      <elementDefinition>
        <name>XdsFolder.extension</name>
        <cardinality>
          <minOccurs>0</minOccurs>
          <maxOccurs>unbounded</maxOccurs>
        </cardinality>
        <condition></condition>
        <types>
          <type>Extension</type>
        </types>
        <mustUnderstand>false</mustUnderstand>
        <definition>See Extensions</definition>
        <requirements></requirements>
        <rim>[varies]</rim>
      </elementDefinition>
      <elementDefinition>
        <name>XdsFolder.text</name>
        <cardinality>
          <minOccurs>1</minOccurs>
          <maxOccurs>1</maxOccurs>
        </cardinality>
        <condition></condition>
        <types>
          <type>Narrative</type>
        </types>
        <mustUnderstand>false</mustUnderstand>
        <definition>Text summary of resource (for human interpretation)</definition>
        <requirements></requirements>
        <rim></rim>
      </elementDefinition>
    </elementDefinitions>
  </resourceDefinition>
</resourceDefinitions>

