<?xml version="1.0" encoding="UTF-8"?>

<Profile xmlns="http://hl7.org/fhir">
  <name>xdsfolder</name>
  <author>
    <name>todo (committee)</name>
  </author>
  <description>Basic Profile. An organised collection of documents that belong to a patient. The documents are collected by their clinical function</description>
  <status>
    <code>testing</code>
    <date>2012-12-04</date>
  </status>
  <resource>
    <type>Resource</type>
    <element>
      <path>XdsFolder</path>
      <definition>
        <short>A collection of documents that belong to a patient</short>
        <formal>An organised collection of documents that belong to a patient. The documents are collected by their clinical function</formal>
        <min>1</min>
        <max>1</max>
        <type>
          <code>Resource</code>
        </type>
        <mustUnderstand>false</mustUnderstand>
      </definition>
    </element>
    <element>
      <path>XdsFolder.code</path>
      <definition>
        <short>type of clinical activity of this folder</short>
        <formal>contain the set of codes specifying the type of clinical activity that resulted in placing XDS Documents in this XDSFolder</formal>
        <comments>These values shall be drawn from a vocabulary or coding scheme defined by the XDS Affinity Domain</comments>
        <min>1</min>
        <max>*</max>
        <type>
          <code>Coding</code>
        </type>
        <mustUnderstand>false</mustUnderstand>
      </definition>
    </element>
    <element>
      <path>XdsFolder.title</path>
      <definition>
        <short>descriptional title of the folder</short>
        <formal>Represents the title of the Folder</formal>
        <min>0</min>
        <max>1</max>
        <type>
          <code>string</code>
        </type>
        <mustUnderstand>false</mustUnderstand>
      </definition>
    </element>
    <element>
      <path>XdsFolder.patientId</path>
      <definition>
        <short>all documents belong to this patient</short>
        <formal>the subject of care medical record Identifier as defined by the Document Source.</formal>
        <comments> All the documents in this folder must belong to the same patient.  This identifier shall be from the Assigning Authority Domain supporting the XDS Affinity Domain in which the Document Registry operates</comments>
        <min>1</min>
        <max>1</max>
        <type>
          <code>Identifier</code>
        </type>
        <mustUnderstand>false</mustUnderstand>
      </definition>
    </element>
    <element>
      <path>XdsFolder.homeCommunity</path>
      <definition>
        <short>globally unique identifier for a community</short>
        <formal>A globally unique identifier for a community</formal>
        <min>0</min>
        <max>1</max>
        <type>
          <code>string</code>
        </type>
        <mustUnderstand>false</mustUnderstand>
      </definition>
    </element>
    <element>
      <path>XdsFolder.comments</path>
      <definition>
        <short>Comments associated with the Folder</short>
        <formal>Comments associated with the Folder</formal>
        <comments>Free form text with an XDS 
Affinity Domain specified usage</comments>
        <min>0</min>
        <max>1</max>
        <type>
          <code>string</code>
        </type>
        <mustUnderstand>false</mustUnderstand>
      </definition>
    </element>
    <element>
      <path>XdsFolder.extension</path>
      <definition>
        <short>See Extensions</short>
        <formal>See Extensions</formal>
        <min>0</min>
        <max>*</max>
        <type>
          <code>Extension</code>
        </type>
        <mustUnderstand>false</mustUnderstand>
      </definition>
    </element>
    <element>
      <path>XdsFolder.text</path>
      <definition>
        <short>Text summary of resource (for human interpretation)</short>
        <formal>Text summary of resource (for human interpretation)</formal>
        <min>1</min>
        <max>1</max>
        <type>
          <code>Narrative</code>
        </type>
        <mustUnderstand>false</mustUnderstand>
      </definition>
    </element>
  </resource>
  <text>
    <status>generated</status><div xmlns="http://www.w3.org/1999/xhtml"><pre>
&lt;<a title="An organised collection of documents that belong to a patient. The documents are collected by their clinical function" class="dict" href="xdsfolder-definitions.htm#XdsFolder"><b>XdsFolder</b></a> xmlns=&quot;http://hl7.org/fhir&quot;&gt;
 &lt;<a title="contain the set of codes specifying the type of clinical activity that resulted in placing XDS Documents in this XDSFolder" class="dict" href="xdsfolder-definitions.htm#XdsFolder.code"><b>code</b></a>&gt;<span style="color: Gray">&lt;!--</span> <span style="color: brown"><b>1..*</b></span> <span style="color: darkgreen"><a href="datatypes.htm#Coding">Coding</a></span> <span style="color: navy">type of clinical activity of this folder</span><span style="color: Gray"> --&gt;</span>&lt;/code&gt;
 &lt;<a title="Represents the title of the Folder" class="dict" href="xdsfolder-definitions.htm#XdsFolder.title"><b>title</b></a>&gt;<span style="color: Gray">&lt;!--</span> <span style="color: brown"><b>0..1</b></span> <span style="color: darkgreen"><a href="datatypes.htm#string">string</a></span> <span style="color: navy">descriptional title of the folder</span><span style="color: Gray"> --&gt;</span>&lt;/title&gt;
 &lt;<a title="the subject of care medical record Identifier as defined by the Document Source." class="dict" href="xdsfolder-definitions.htm#XdsFolder.patientId"><b>patientId</b></a>&gt;<span style="color: Gray">&lt;!--</span> <span style="color: brown"><b>1..1</b></span> <span style="color: darkgreen"><a href="datatypes.htm#Identifier">Identifier</a></span> <span style="color: navy">all documents belong to this patient</span><span style="color: Gray"> --&gt;</span>&lt;/patientId&gt;
 &lt;<a title="A globally unique identifier for a community" class="dict" href="xdsfolder-definitions.htm#XdsFolder.homeCommunity"><b>homeCommunity</b></a>&gt;<span style="color: Gray">&lt;!--</span> <span style="color: brown"><b>0..1</b></span> <span style="color: darkgreen"><a href="datatypes.htm#string">string</a></span> <span style="color: navy">globally unique identifier for a community</span><span style="color: Gray"> --&gt;</span>&lt;/homeCommunity&gt;
 &lt;<a title="Comments associated with the Folder" class="dict" href="xdsfolder-definitions.htm#XdsFolder.comments"><b>comments</b></a>&gt;<span style="color: Gray">&lt;!--</span> <span style="color: brown"><b>0..1</b></span> <span style="color: darkgreen"><a href="datatypes.htm#string">string</a></span> <span style="color: navy">Comments associated with the Folder</span><span style="color: Gray"> --&gt;</span>&lt;/comments&gt;
 &lt;<a title="See Extensions" class="dict" href="xdsfolder-definitions.htm#XdsFolder.extension"><b>extension</b></a>&gt;<span style="color: Gray">&lt;!--</span> <span style="color: brown"><b>0..*</b></span> <span style="color: darkgreen"><a href="extensibility.htm#Extension">Extension</a></span>  <a href="extensibility.htm"><span style="color: navy">See Extensions</span></a> <span style="color: Gray"> --&gt;</span>&lt;/extension&gt;
 &lt;<a title="Text summary of resource (for human interpretation)" class="dict" href="xdsfolder-definitions.htm#XdsFolder.text"><b>text</b></a>&gt;<span style="color: Gray">&lt;!--</span> <span style="color: brown"><b>1..1</b></span> <span style="color: darkgreen"><a href="xml.htm#Narrative">Narrative</a></span> <span style="color: navy">Text summary of resource (for human interpretation)</span><span style="color: Gray"> --&gt;</span>&lt;/text&gt;
&lt;/XdsFolder&gt;
</pre></div>
  </text>
</Profile>