<?xml version="1.0" encoding="UTF-8"?>
<resourceDefinitions xmlns="http://hl7.org/fhir">
  <author>HL7</author>
  <resourceDefinition>
    <name>AssessmentScale</name>
    <elementDefinitions>
      <elementDefinition>
        <name>AssessmentScale</name>
        <cardinality>
          <minOccurs>1</minOccurs>
          <maxOccurs>1</maxOccurs>
        </cardinality>
        <condition></condition>
        <mustUnderstand>false</mustUnderstand>
        <definition>Assessment scales or scores combine the findings of individual values into a total score which can be interpreted more easily against a reference population</definition>
        <requirements></requirements>
        <rim></rim>
      </elementDefinition>
      <elementDefinition>
        <name>AssessmentScale.id</name>
        <cardinality>
          <minOccurs>1</minOccurs>
          <maxOccurs>1</maxOccurs>
        </cardinality>
        <condition></condition>
        <types>
          <type>id</type>
        </types>
        <mustUnderstand>false</mustUnderstand>
        <definition>Master Id, first in all resources</definition>
        <requirements></requirements>
        <rim></rim>
      </elementDefinition>
      <elementDefinition>
        <name>AssessmentScale.subject</name>
        <cardinality>
          <minOccurs>1</minOccurs>
          <maxOccurs>1</maxOccurs>
        </cardinality>
        <condition></condition>
        <types>
          <type>Resource(Patient)</type>
        </types>
        <mustUnderstand>true</mustUnderstand>
        <definition>The patient on which the assessment was performed</definition>
        <requirements></requirements>
        <rim></rim>
      </elementDefinition>
      <elementDefinition>
        <name>AssessmentScale.performer</name>
        <cardinality>
          <minOccurs>1</minOccurs>
          <maxOccurs>1</maxOccurs>
        </cardinality>
        <condition></condition>
        <types>
          <type>Resource(Agent|Person)</type>
        </types>
        <mustUnderstand>false</mustUnderstand>
        <definition>The identity of the person who performed the clinical assessment - who takes responsibility for the final assessment</definition>
        <requirements>Need to be able to track who is responsible for the assessment</requirements>
        <comments>Many individuals may contribute to the process of the assessment, but only one person accepts final responsibility</comments>
        <rim></rim>
      </elementDefinition>
      <elementDefinition>
        <name>AssessmentScale.time</name>
        <cardinality>
          <minOccurs>1</minOccurs>
          <maxOccurs>1</maxOccurs>
        </cardinality>
        <condition></condition>
        <types>
          <type>dateTime</type>
        </types>
        <mustUnderstand>false</mustUnderstand>
        <definition>The time that the assessment score was finalized</definition>
        <requirements>Need to track the time in order to know when this score was relevant</requirements>
        <comments>Performing an assessment takes place over a period of time, but only the end fo that time - when the score is finalised and becomes relevant to patient care - is recorded</comments>
        <rim></rim>
      </elementDefinition>
      <elementDefinition>
        <name>AssessmentScale.definition</name>
        <cardinality>
          <minOccurs>0</minOccurs>
          <maxOccurs>1</maxOccurs>
        </cardinality>
        <condition></condition>
        <types>
          <type>Resource(AssessmentDefinition)</type>
        </types>
        <mustUnderstand>false</mustUnderstand>
        <definition>Information of how the assessment was performed. </definition>
        <requirements></requirements>
        <comments>To allow comparison between institutions. The details can be text, in place of the reference, or a reference to a formal definition</comments>
        <rim></rim>
      </elementDefinition>
      <elementDefinition>
        <name>AssessmentScale.interpretation</name>
        <cardinality>
          <minOccurs>0</minOccurs>
          <maxOccurs>unbounded</maxOccurs>
        </cardinality>
        <condition></condition>
        <types>
          <type>CodeableConcept</type>
        </types>
        <mustUnderstand>false</mustUnderstand>
        <definition>Interpretations of the outcome of the assesment scale by the performer</definition>
        <requirements></requirements>
        <rim></rim>
      </elementDefinition>
      <elementDefinition>
        <name>AssessmentScale.score</name>
        <cardinality>
          <minOccurs>1</minOccurs>
          <maxOccurs>1</maxOccurs>
        </cardinality>
        <condition></condition>
        <mustUnderstand>false</mustUnderstand>
        <definition>A group that represents the actual score value</definition>
        <requirements></requirements>
        <rim></rim>
      </elementDefinition>
      <elementDefinition>
        <name>AssessmentScale.score.code</name>
        <cardinality>
          <minOccurs>1</minOccurs>
          <maxOccurs>1</maxOccurs>
        </cardinality>
        <condition></condition>
        <types>
          <type>CodeableConcept</type>
        </types>
        <conceptDomain>AssessmentScaleType</conceptDomain>
        <mustUnderstand>true</mustUnderstand>
        <definition>A code that identifies the assessment scale that was performed</definition>
        <requirements></requirements>
        <rim></rim>
      </elementDefinition>
      <elementDefinition>
        <name>AssessmentScale.score.value[x]</name>
        <cardinality>
          <minOccurs>0</minOccurs>
          <maxOccurs>1</maxOccurs>
        </cardinality>
        <condition></condition>
        <types>
          <type>Quantity</type>
          <type>CodeableConcept</type>
          <type>Choice</type>
          <type>boolean</type>
        </types>
        <mustUnderstand>true</mustUnderstand>
        <definition>The outcome of the assessment - some sort of score, or coded value outcome</definition>
        <requirements></requirements>
        <rim></rim>
      </elementDefinition>
      <elementDefinition>
        <name>AssessmentScale.score.score</name>
        <cardinality>
          <minOccurs>0</minOccurs>
          <maxOccurs>unbounded</maxOccurs>
        </cardinality>
        <condition></condition>
        <types>
          <type>@AssessmentScale.score</type>
        </types>
        <mustUnderstand>false</mustUnderstand>
        <definition>Nested Scores - sub-scores that contribute to the overall score. A score is an aggregate based on a series of data</definition>
        <requirements></requirements>
        <comments>There is no formal limit on the levels of nesting, but no subscores are expected to contain more than 3 levels</comments>
        <rim></rim>
      </elementDefinition>
      <elementDefinition>
        <name>AssessmentScale.score.measure</name>
        <cardinality>
          <minOccurs>0</minOccurs>
          <maxOccurs>unbounded</maxOccurs>
        </cardinality>
        <condition></condition>
        <mustUnderstand>false</mustUnderstand>
        <definition>The actual data items from which the score is derived. Each score must have at least one data item on which it is based</definition>
        <requirements></requirements>
        <rim></rim>
      </elementDefinition>
      <elementDefinition>
        <name>AssessmentScale.score.measure.code</name>
        <cardinality>
          <minOccurs>0</minOccurs>
          <maxOccurs>1</maxOccurs>
        </cardinality>
        <condition></condition>
        <types>
          <type>CodeableConcept</type>
        </types>
        <conceptDomain>AssessmentScaleMeasure</conceptDomain>
        <mustUnderstand>false</mustUnderstand>
        <definition>Identifies the type of measure</definition>
        <requirements></requirements>
        <rim></rim>
      </elementDefinition>
      <elementDefinition>
        <name>AssessmentScale.score.measure.value[x]</name>
        <cardinality>
          <minOccurs>0</minOccurs>
          <maxOccurs>1</maxOccurs>
        </cardinality>
        <condition></condition>
        <types>
          <type>Quantity</type>
          <type>CodeableConcept</type>
          <type>Choice</type>
          <type>boolean</type>
        </types>
        <mustUnderstand>false</mustUnderstand>
        <definition>the value of the measure</definition>
        <requirements></requirements>
        <rim></rim>
      </elementDefinition>
      <elementDefinition>
        <name>AssessmentScale.score.measure.time</name>
        <cardinality>
          <minOccurs>0</minOccurs>
          <maxOccurs>1</maxOccurs>
        </cardinality>
        <condition></condition>
        <types>
          <type>dateTime</type>
        </types>
        <mustUnderstand>false</mustUnderstand>
        <definition>when the value was measured</definition>
        <requirements></requirements>
        <rim></rim>
      </elementDefinition>
      <elementDefinition>
        <name>AssessmentScale.score.measure.source</name>
        <cardinality>
          <minOccurs>0</minOccurs>
          <maxOccurs>1</maxOccurs>
        </cardinality>
        <condition></condition>
        <types>
          <type>Resource(Any)</type>
        </types>
        <mustUnderstand>false</mustUnderstand>
        <definition>Reference to the actual measure in it's original context where additional information may be found</definition>
        <requirements></requirements>
        <comments>It's not necessary for measures to have an additional source; they may be made as part of the assessment sale directly. However it is common for scales to draw in data definitely sourced elsewhere, such as from diagnostic reports</comments>
        <rim></rim>
      </elementDefinition>
      <elementDefinition>
        <name>AssessmentScale.reason</name>
        <cardinality>
          <minOccurs>0</minOccurs>
          <maxOccurs>1</maxOccurs>
        </cardinality>
        <condition></condition>
        <types>
          <type>string</type>
        </types>
        <mustUnderstand>false</mustUnderstand>
        <definition>The reason that the assessment was performed</definition>
        <requirements></requirements>
        <rim></rim>
      </elementDefinition>
      <elementDefinition>
        <name>AssessmentScale.extension</name>
        <cardinality>
          <minOccurs>0</minOccurs>
          <maxOccurs>unbounded</maxOccurs>
        </cardinality>
        <condition></condition>
        <types>
          <type>Extension</type>
        </types>
        <mustUnderstand>false</mustUnderstand>
        <definition>See Extensions</definition>
        <requirements></requirements>
        <rim></rim>
      </elementDefinition>
      <elementDefinition>
        <name>AssessmentScale.text</name>
        <cardinality>
          <minOccurs>1</minOccurs>
          <maxOccurs>1</maxOccurs>
        </cardinality>
        <condition></condition>
        <types>
          <type>Narrative</type>
        </types>
        <mustUnderstand>false</mustUnderstand>
        <definition>Text summary of [template] for human interpretation</definition>
        <requirements></requirements>
        <rim></rim>
      </elementDefinition>
    </elementDefinitions>
  </resourceDefinition>
</resourceDefinitions>

