<?xml version="1.0" encoding="UTF-8"?>

<Profile xmlns="http://hl7.org/fhir">
  <id>assessmentscale</id>
  <name>assessmentscale</name>
  <author>
    <name>todo (committee)</name>
  </author>
  <description>Basic Profile. Assessment scales or scores combine the findings of individual values into a total score which can be interpreted more easily against a reference population</description>
  <status>
    <code>testing</code>
    <date>2012-09-09</date>
  </status>
  <resource>
    <type>Resource</type>
    <element>
      <path>AssessmentScale</path>
      <definition>
        <short>Combined Score to help interpret patient condition</short>
        <formal>Assessment scales or scores combine the findings of individual values into a total score which can be interpreted more easily against a reference population</formal>
        <min>1</min>
        <max>1</max>
        <type>
          <code>Resource</code>
        </type>
        <dataAbsentReason>true</dataAbsentReason>
        <mustUnderstand>false</mustUnderstand>
      </definition>
    </element>
    <element>
      <path>AssessmentScale.id</path>
      <definition>
        <short>Master Id, first in all resources</short>
        <formal>Master Id, first in all resources</formal>
        <min>1</min>
        <max>1</max>
        <type>
          <code>id</code>
        </type>
        <dataAbsentReason>false</dataAbsentReason>
        <mustUnderstand>false</mustUnderstand>
      </definition>
    </element>
    <element>
      <path>AssessmentScale.subject</path>
      <definition>
        <short>Who the assessment score is about</short>
        <formal>The patient on which the assessment was performed</formal>
        <min>1</min>
        <max>1</max>
        <type>
          <code>Resource(Patient)</code>
        </type>
        <dataAbsentReason>false</dataAbsentReason>
        <mustUnderstand>true</mustUnderstand>
      </definition>
    </element>
    <element>
      <path>AssessmentScale.performer</path>
      <definition>
        <short>Who performed the assessment</short>
        <formal>The identity of the person who performed the clinical assessment - who takes responsibility for the final assessment</formal>
        <comments>Many individuals may contribute to the process of the assessment, but only one person accepts final responsibility</comments>
        <min>1</min>
        <max>1</max>
        <type>
          <code>Resource(Agent|Person)</code>
        </type>
        <dataAbsentReason>false</dataAbsentReason>
        <mustUnderstand>false</mustUnderstand>
      </definition>
    </element>
    <element>
      <path>AssessmentScale.time</path>
      <definition>
        <short>When the assessment was finalized</short>
        <formal>The time that the assessment score was finalized</formal>
        <comments>Performing an assessment takes place over a period of time, but only the end fo that time - when the score is finalised and becomes relevant to patient care - is recorded</comments>
        <min>1</min>
        <max>1</max>
        <type>
          <code>dateTime</code>
        </type>
        <dataAbsentReason>false</dataAbsentReason>
        <mustUnderstand>false</mustUnderstand>
      </definition>
    </element>
    <element>
      <path>AssessmentScale.definition</path>
      <definition>
        <short>Details of how assessment was performed</short>
        <formal>Information of how the assessment was performed. </formal>
        <comments>To allow comparison between institutions. The details can be text, in place of the reference, or a reference to a formal definition</comments>
        <min>0</min>
        <max>1</max>
        <type>
          <code>Resource(AssessmentDefinition)</code>
        </type>
        <dataAbsentReason>true</dataAbsentReason>
        <mustUnderstand>false</mustUnderstand>
      </definition>
    </element>
    <element>
      <path>AssessmentScale.interpretation</path>
      <definition>
        <short>What the value of the assessment means</short>
        <formal>Interpretations of the outcome of the assesment scale by the performer</formal>
        <min>0</min>
        <max>*</max>
        <type>
          <code>CodeableConcept</code>
        </type>
        <dataAbsentReason>true</dataAbsentReason>
        <mustUnderstand>false</mustUnderstand>
      </definition>
    </element>
    <element>
      <path>AssessmentScale.score</path>
      <definition>
        <short>The actual score</short>
        <formal>A group that represents the actual score value</formal>
        <min>1</min>
        <max>1</max>
        <dataAbsentReason>false</dataAbsentReason>
        <mustUnderstand>false</mustUnderstand>
      </definition>
    </element>
    <element>
      <path>AssessmentScale.score.code</path>
      <definition>
        <short>Indicates the type of assessment</short>
        <formal>A code that identifies the assessment scale that was performed</formal>
        <min>1</min>
        <max>1</max>
        <type>
          <code>CodeableConcept</code>
        </type>
        <dataAbsentReason>false</dataAbsentReason>
        <mustUnderstand>true</mustUnderstand>
        <binding>AssessmentScaleType</binding>
      </definition>
    </element>
    <element>
      <path>AssessmentScale.score.value[x]</path>
      <definition>
        <short>Outcome of the assessment</short>
        <formal>The outcome of the assessment - some sort of score, or coded value outcome</formal>
        <min>0</min>
        <max>1</max>
        <type>
          <code>Quantity</code>
        </type>
        <type>
          <code>CodeableConcept</code>
        </type>
        <type>
          <code>Choice</code>
        </type>
        <type>
          <code>boolean</code>
        </type>
        <dataAbsentReason>false</dataAbsentReason>
        <mustUnderstand>true</mustUnderstand>
      </definition>
    </element>
    <element>
      <path>AssessmentScale.score.score</path>
      <definition>
        <short>Nested Score elements</short>
        <formal>Nested Scores - sub-scores that contribute to the overall score. A score is an aggregate based on a series of data</formal>
        <comments>There is no formal limit on the levels of nesting, but no subscores are expected to contain more than 3 levels</comments>
        <min>0</min>
        <max>*</max>
        <type>
          <code>@AssessmentScale.score</code>
        </type>
        <dataAbsentReason>true</dataAbsentReason>
        <mustUnderstand>false</mustUnderstand>
      </definition>
    </element>
    <element>
      <path>AssessmentScale.score.measure</path>
      <definition>
        <short>Data from which the score is derived</short>
        <formal>The actual data items from which the score is derived. Each score must have at least one data item on which it is based</formal>
        <min>0</min>
        <max>*</max>
        <dataAbsentReason>false</dataAbsentReason>
        <mustUnderstand>false</mustUnderstand>
      </definition>
    </element>
    <element>
      <path>AssessmentScale.score.measure.code</path>
      <definition>
        <short>What this value represents</short>
        <formal>Identifies the type of measure</formal>
        <min>0</min>
        <max>1</max>
        <type>
          <code>CodeableConcept</code>
        </type>
        <dataAbsentReason>false</dataAbsentReason>
        <mustUnderstand>false</mustUnderstand>
        <binding>AssessmentScaleMeasure</binding>
      </definition>
    </element>
    <element>
      <path>AssessmentScale.score.measure.value[x]</path>
      <definition>
        <short>actual value</short>
        <formal>the value of the measure</formal>
        <min>0</min>
        <max>1</max>
        <type>
          <code>Quantity</code>
        </type>
        <type>
          <code>CodeableConcept</code>
        </type>
        <type>
          <code>Choice</code>
        </type>
        <type>
          <code>boolean</code>
        </type>
        <dataAbsentReason>true</dataAbsentReason>
        <mustUnderstand>false</mustUnderstand>
      </definition>
    </element>
    <element>
      <path>AssessmentScale.score.measure.time</path>
      <definition>
        <short>when the value was measured</short>
        <formal>when the value was measured</formal>
        <min>0</min>
        <max>1</max>
        <type>
          <code>dateTime</code>
        </type>
        <dataAbsentReason>true</dataAbsentReason>
        <mustUnderstand>false</mustUnderstand>
      </definition>
    </element>
    <element>
      <path>AssessmentScale.score.measure.source</path>
      <definition>
        <short>source reference for further information</short>
        <formal>Reference to the actual measure in it&#39;s original context where additional information may be found</formal>
        <comments>It&#39;s not necessary for measures to have an additional source; they may be made as part of the assessment sale directly. However it is common for scales to draw in data definitely sourced elsewhere, such as from diagnostic reports</comments>
        <min>0</min>
        <max>1</max>
        <type>
          <code>Resource(Any)</code>
        </type>
        <dataAbsentReason>true</dataAbsentReason>
        <mustUnderstand>false</mustUnderstand>
      </definition>
    </element>
    <element>
      <path>AssessmentScale.reason</path>
      <definition>
        <short>why the assessment was performed</short>
        <formal>The reason that the assessment was performed</formal>
        <min>0</min>
        <max>1</max>
        <type>
          <code>string</code>
        </type>
        <dataAbsentReason>true</dataAbsentReason>
        <mustUnderstand>false</mustUnderstand>
      </definition>
    </element>
    <element>
      <path>AssessmentScale.extension</path>
      <definition>
        <short>See Extensions</short>
        <formal>See Extensions</formal>
        <min>0</min>
        <max>*</max>
        <type>
          <code>Extension</code>
        </type>
        <dataAbsentReason>false</dataAbsentReason>
        <mustUnderstand>false</mustUnderstand>
      </definition>
    </element>
    <element>
      <path>AssessmentScale.text</path>
      <definition>
        <short>Text summary of [template] for human interpretation</short>
        <formal>Text summary of [template] for human interpretation</formal>
        <min>1</min>
        <max>1</max>
        <type>
          <code>Narrative</code>
        </type>
        <dataAbsentReason>false</dataAbsentReason>
        <mustUnderstand>false</mustUnderstand>
      </definition>
    </element>
  </resource>
  <text>
    <status>generated</status><div xmlns="http://www.w3.org/1999/xhtml"><pre>
&lt;<a title="Assessment scales or scores combine the findings of individual values into a total score which can be interpreted more easily against a reference population" class="dict" href="assessmentscale-definitions.htm#AssessmentScale"><b>AssessmentScale</b></a> xmlns=&quot;http://hl7.org/fhir&quot;&gt;
 &lt;<a title="Master Id, first in all resources" class="dict" href="assessmentscale-definitions.htm#AssessmentScale.id"><b>id</b></a>&gt;<span style="color: Gray">&lt;!--</span> <span style="color: brown"><b>1..1</b></span> <span style="color: darkgreen"><a href="datatypes.htm#id">id</a></span> <span style="color: navy">Master Id, first in all resources</span><span style="color: Gray"> --&gt;</span>&lt;/id&gt;
 &lt;<a title="The patient on which the assessment was performed (this element must be supported or understood)" class="dict" href="assessmentscale-definitions.htm#AssessmentScale.subject"><span style="text-decoration: underline"><b>subject</b></span></a>&gt;<span style="color: Gray">&lt;!--</span> <span style="color: brown"><b>1..1</b></span> <span style="color: darkgreen"><a href="xml.htm#Resource">Resource</a>(<a href="Patient.htm#Patient">Patient</a>)</span> <span style="color: navy">Who the assessment score is about</span><span style="color: Gray"> --&gt;</span>&lt;/subject&gt;
 &lt;<a title="The identity of the person who performed the clinical assessment - who takes responsibility for the final assessment" class="dict" href="assessmentscale-definitions.htm#AssessmentScale.performer"><b>performer</b></a>&gt;<span style="color: Gray">&lt;!--</span> <span style="color: brown"><b>1..1</b></span> <span style="color: darkgreen"><a href="xml.htm#Resource">Resource</a>(<a href="Agent.htm#Agent">Agent</a>|<a href="Person.htm#Person">Person</a>)</span> <span style="color: navy">Who performed the assessment</span><span style="color: Gray"> --&gt;</span>&lt;/performer&gt;
 &lt;<a title="The time that the assessment score was finalized" class="dict" href="assessmentscale-definitions.htm#AssessmentScale.time"><b>time</b></a>&gt;<span style="color: Gray">&lt;!--</span> <span style="color: brown"><b>1..1</b></span> <span style="color: darkgreen"><a href="datatypes.htm#dateTime">dateTime</a></span> <span style="color: navy">When the assessment was finalized</span><span style="color: Gray"> --&gt;</span>&lt;/time&gt;
 &lt;<a title="Information of how the assessment was performed. " class="dict" href="assessmentscale-definitions.htm#AssessmentScale.definition"><b>definition</b></a> <span title="dataAbsentReason attribute is allowed" style="color: red">d?</span>&gt;<span style="color: Gray">&lt;!--</span> <span style="color: brown"><b>0..1</b></span> <span style="color: darkgreen"><a href="xml.htm#Resource">Resource</a>(<a href="AssessmentDefinition.htm#AssessmentDefinition">AssessmentDefinition</a>)</span> <span style="color: navy">Details of how assessment was performed</span><span style="color: Gray"> --&gt;</span>&lt;/definition&gt;
 &lt;<a title="Interpretations of the outcome of the assesment scale by the performer" class="dict" href="assessmentscale-definitions.htm#AssessmentScale.interpretation"><b>interpretation</b></a> <span title="dataAbsentReason attribute is allowed" style="color: red">d?</span>&gt;<span style="color: Gray">&lt;!--</span> <span style="color: brown"><b>0..*</b></span> <span style="color: darkgreen"><a href="datatypes.htm#CodeableConcept">CodeableConcept</a></span> <span style="color: navy">What the value of the assessment means</span><span style="color: Gray"> --&gt;</span>&lt;/interpretation&gt;
 &lt;<a title="A group that represents the actual score value" class="dict" href="assessmentscale-definitions.htm#AssessmentScale.score"><b>score</b></a>&gt;  <span style="color: Gray">&lt;!-- The actual score --&gt;</span>
  &lt;<a title="A code that identifies the assessment scale that was performed (this element must be supported or understood)" class="dict" href="assessmentscale-definitions.htm#AssessmentScale.score.code"><span style="text-decoration: underline"><b>code</b></span></a>&gt;<span style="color: Gray">&lt;!--</span> <span style="color: brown"><b>1..1</b></span> <span style="color: darkgreen"><a href="datatypes.htm#CodeableConcept">CodeableConcept</a></span> <span style="color: navy">Indicates the type of assessment</span><span style="color: Gray"> --&gt;</span>&lt;/code&gt;
  &lt;<a title="The outcome of the assessment - some sort of score, or coded value outcome (this element must be supported or understood)" class="dict" href="assessmentscale-definitions.htm#AssessmentScale.score.value[x]"><span style="text-decoration: underline"><b>value[x]</b></span></a>&gt;<span style="color: Gray">&lt;!--</span> <span style="color: brown"><b>0..1</b></span> <span style="color: darkgreen"><a href="datatypes.htm#Quantity">Quantity</a>|<a href="datatypes.htm#CodeableConcept">CodeableConcept</a>|<a href="datatypes.htm#Choice">Choice</a>|<a href="datatypes.htm#boolean">boolean</a></span> <span style="color: navy">Outcome of the assessment</span><span style="color: Gray"> --&gt;</span>&lt;/value[x]&gt;
  &lt;<a title="Nested Scores - sub-scores that contribute to the overall score. A score is an aggregate based on a series of data" class="dict" href="assessmentscale-definitions.htm#AssessmentScale.score.score"><b>score</b></a> <span title="dataAbsentReason attribute is allowed" style="color: red">d?</span>&gt;<span style="color: Gray">&lt;!--</span> <span title="A score may have a value and/or one (and only one) of measure or sub-scores" style="color: deeppink"><b>0..*</b></span> <span style="color: darkgreen">Content as for AssessmentScale.score</span> <span style="color: navy">Nested Score elements</span><span style="color: Gray"> --&gt;</span>&lt;/score&gt;
  &lt;<a title="The actual data items from which the score is derived. Each score must have at least one data item on which it is based" class="dict" href="assessmentscale-definitions.htm#AssessmentScale.score.measure"><b>measure</b></a>&gt;  <span style="color: Gray">&lt;!-- <span title="A score may have a value and/or one (and only one) of measure or sub-scores" style="color: deeppink"><b>0..*</b></span> Data from which the score is derived --&gt;</span>
   &lt;<a title="Identifies the type of measure" class="dict" href="assessmentscale-definitions.htm#AssessmentScale.score.measure.code"><b>code</b></a>&gt;<span style="color: Gray">&lt;!--</span> <span style="color: brown"><b>0..1</b></span> <span style="color: darkgreen"><a href="datatypes.htm#CodeableConcept">CodeableConcept</a></span> <span style="color: navy">What this value represents</span><span style="color: Gray"> --&gt;</span>&lt;/code&gt;
   &lt;<a title="the value of the measure" class="dict" href="assessmentscale-definitions.htm#AssessmentScale.score.measure.value[x]"><b>value[x]</b></a> <span title="dataAbsentReason attribute is allowed" style="color: red">d?</span>&gt;<span style="color: Gray">&lt;!--</span> <span style="color: brown"><b>0..1</b></span> <span style="color: darkgreen"><a href="datatypes.htm#Quantity">Quantity</a>|<a href="datatypes.htm#CodeableConcept">CodeableConcept</a>|<a href="datatypes.htm#Choice">Choice</a>|<a href="datatypes.htm#boolean">boolean</a></span> <span style="color: navy">actual value</span><span style="color: Gray"> --&gt;</span>&lt;/value[x]&gt;
   &lt;<a title="when the value was measured" class="dict" href="assessmentscale-definitions.htm#AssessmentScale.score.measure.time"><b>time</b></a> <span title="dataAbsentReason attribute is allowed" style="color: red">d?</span>&gt;<span style="color: Gray">&lt;!--</span> <span style="color: brown"><b>0..1</b></span> <span style="color: darkgreen"><a href="datatypes.htm#dateTime">dateTime</a></span> <span style="color: navy">when the value was measured</span><span style="color: Gray"> --&gt;</span>&lt;/time&gt;
   &lt;<a title="Reference to the actual measure in it&#39;s original context where additional information may be found" class="dict" href="assessmentscale-definitions.htm#AssessmentScale.score.measure.source"><b>source</b></a> <span title="dataAbsentReason attribute is allowed" style="color: red">d?</span>&gt;<span style="color: Gray">&lt;!--</span> <span style="color: brown"><b>0..1</b></span> <span style="color: darkgreen"><a href="xml.htm#Resource">Resource</a>(<a href="Any.htm#Any">Any</a>)</span> <span style="color: navy">source reference for further information</span><span style="color: Gray"> --&gt;</span>&lt;/source&gt;
  &lt;/measure&gt;
 &lt;/score&gt;
 &lt;<a title="The reason that the assessment was performed" class="dict" href="assessmentscale-definitions.htm#AssessmentScale.reason"><b>reason</b></a> <span title="dataAbsentReason attribute is allowed" style="color: red">d?</span>&gt;<span style="color: Gray">&lt;!--</span> <span style="color: brown"><b>0..1</b></span> <span style="color: darkgreen"><a href="datatypes.htm#string">string</a></span> <span style="color: navy">why the assessment was performed</span><span style="color: Gray"> --&gt;</span>&lt;/reason&gt;
 &lt;<a title="See Extensions" class="dict" href="assessmentscale-definitions.htm#AssessmentScale.extension"><b>extension</b></a>&gt;<span style="color: Gray">&lt;!--</span> <span style="color: brown"><b>0..*</b></span> <span style="color: darkgreen"><a href="extensibility.htm#Extension">Extension</a></span>  <a href="extensibility.htm"><span style="color: navy">See Extensions</span></a> <span style="color: Gray"> --&gt;</span>&lt;/extension&gt;
 &lt;<a title="Text summary of [template] for human interpretation" class="dict" href="assessmentscale-definitions.htm#AssessmentScale.text"><b>text</b></a>&gt;<span style="color: Gray">&lt;!--</span> <span style="color: brown"><b>1..1</b></span> <span style="color: darkgreen"><a href="xml.htm#Narrative">Narrative</a></span> <span style="color: navy">Text summary of [template] for human interpretation</span><span style="color: Gray"> --&gt;</span>&lt;/text&gt;
&lt;/AssessmentScale&gt;
</pre></div>
  </text>
</Profile>