<?xml version="1.0" encoding="UTF-8"?>

<Profile xmlns="http://hl7.org/fhir">
  <id>conformance</id>
  <name>conformance</name>
  <author>
    <name>todo (committee)</name>
  </author>
  <description>Basic Profile. A conformance statement about how an application or implementation supports FHIR or the set of requirements for a desired implementation.</description>
  <status>
    <code>testing</code>
    <date>2012-09-09</date>
  </status>
  <resource>
    <type>Resource</type>
    <element>
      <path>Conformance</path>
      <definition>
        <short>A conformance statement</short>
        <formal>A conformance statement about how an application or implementation supports FHIR or the set of requirements for a desired implementation.</formal>
        <min>1</min>
        <max>1</max>
        <type>
          <code>Resource</code>
        </type>
        <dataAbsentReason>false</dataAbsentReason>
        <mustUnderstand>false</mustUnderstand>
      </definition>
    </element>
    <element>
      <path>Conformance.id</path>
      <definition>
        <short>ConformanceStatement Id</short>
        <formal>Identifier for this specific conformance statement.</formal>
        <min>1</min>
        <max>1</max>
        <type>
          <code>id</code>
        </type>
        <dataAbsentReason>false</dataAbsentReason>
        <mustUnderstand>false</mustUnderstand>
      </definition>
    </element>
    <element>
      <path>Conformance.date</path>
      <definition>
        <short>Publication Date</short>
        <formal>Date that the conformance statement is published</formal>
        <min>1</min>
        <max>1</max>
        <type>
          <code>dateTime</code>
        </type>
        <dataAbsentReason>false</dataAbsentReason>
        <mustUnderstand>false</mustUnderstand>
      </definition>
    </element>
    <element>
      <path>Conformance.publisher</path>
      <definition>
        <short>Publisher of the statement</short>
        <formal>The organization that publishes this conformance statement</formal>
        <min>1</min>
        <max>1</max>
        <dataAbsentReason>false</dataAbsentReason>
        <mustUnderstand>false</mustUnderstand>
      </definition>
    </element>
    <element>
      <path>Conformance.publisher.name</path>
      <definition>
        <short>Publishing Organization</short>
        <formal>Name of Organization</formal>
        <min>1</min>
        <max>1</max>
        <type>
          <code>string</code>
        </type>
        <dataAbsentReason>false</dataAbsentReason>
        <mustUnderstand>false</mustUnderstand>
      </definition>
    </element>
    <element>
      <path>Conformance.publisher.address</path>
      <definition>
        <short>Address of Organization</short>
        <formal>Address of Organization</formal>
        <min>0</min>
        <max>1</max>
        <type>
          <code>Address</code>
        </type>
        <dataAbsentReason>false</dataAbsentReason>
        <mustUnderstand>false</mustUnderstand>
      </definition>
    </element>
    <element>
      <path>Conformance.publisher.contact</path>
      <definition>
        <short>Contacts for Organization</short>
        <formal>Contacts for Organization relevant to this conformance statement.  May be website, email, phone numbers, etc.</formal>
        <min>0</min>
        <max>*</max>
        <type>
          <code>Contact</code>
        </type>
        <dataAbsentReason>false</dataAbsentReason>
        <mustUnderstand>false</mustUnderstand>
      </definition>
    </element>
    <element>
      <path>Conformance.implementation</path>
      <definition>
        <short>If profile is for implementation</short>
        <formal>Describes the implementation that is covered by this conformance statement.  Used when the profile describes the capabilities of a specific implementation instance.</formal>
        <min>0</min>
        <max>1</max>
        <dataAbsentReason>false</dataAbsentReason>
        <mustUnderstand>false</mustUnderstand>
      </definition>
    </element>
    <element>
      <path>Conformance.implementation.description</path>
      <definition>
        <short>What implementation is covered?</short>
        <formal>Information about the specific implementation </formal>
        <min>1</min>
        <max>1</max>
        <type>
          <code>string</code>
        </type>
        <dataAbsentReason>false</dataAbsentReason>
        <mustUnderstand>false</mustUnderstand>
      </definition>
    </element>
    <element>
      <path>Conformance.implementation.url</path>
      <definition>
        <short>Base URL for interfaces</short>
        <formal>The base URL for the implementation.  This forms the base for REST interfaces as well as the mailbox and document interfaces.</formal>
        <min>0</min>
        <max>1</max>
        <type>
          <code>uri</code>
        </type>
        <dataAbsentReason>false</dataAbsentReason>
        <mustUnderstand>false</mustUnderstand>
      </definition>
    </element>
    <element>
      <path>Conformance.software</path>
      <definition>
        <short>If profile is for software offered</short>
        <formal>Describes the software that is covered by this conformance statement.  Used when the profile describes the capabilities of a particular software version, independent of an installation.</formal>
        <min>0</min>
        <max>1</max>
        <dataAbsentReason>false</dataAbsentReason>
        <mustUnderstand>false</mustUnderstand>
      </definition>
    </element>
    <element>
      <path>Conformance.software.name</path>
      <definition>
        <short>Name software is known by</short>
        <formal>Name software is known by</formal>
        <min>1</min>
        <max>1</max>
        <type>
          <code>string</code>
        </type>
        <dataAbsentReason>false</dataAbsentReason>
        <mustUnderstand>false</mustUnderstand>
      </definition>
    </element>
    <element>
      <path>Conformance.software.version</path>
      <definition>
        <short>Version covered by this statement</short>
        <formal>Version covered by this statement</formal>
        <comments>If possible, version should be specified, as statements are likely to be different for different versions of software</comments>
        <min>0</min>
        <max>1</max>
        <type>
          <code>string</code>
        </type>
        <dataAbsentReason>false</dataAbsentReason>
        <mustUnderstand>false</mustUnderstand>
      </definition>
    </element>
    <element>
      <path>Conformance.software.releaseDate</path>
      <definition>
        <short>Date this version released</short>
        <formal>Date this version of the software released</formal>
        <min>0</min>
        <max>1</max>
        <type>
          <code>dateTime</code>
        </type>
        <dataAbsentReason>false</dataAbsentReason>
        <mustUnderstand>false</mustUnderstand>
      </definition>
    </element>
    <element>
      <path>Conformance.proposal</path>
      <definition>
        <short>If profile is for proposal</short>
        <formal>Describes the proposed solution described by this conformance statement.  Used when the profile describes a desired rather than an actual solution, for example as a formal expression of requirements as part of an RFP.</formal>
        <min>0</min>
        <max>1</max>
        <dataAbsentReason>false</dataAbsentReason>
        <mustUnderstand>false</mustUnderstand>
      </definition>
    </element>
    <element>
      <path>Conformance.proposal.description</path>
      <definition>
        <short>Details of proposal or requirements document</short>
        <formal>Provides details about the intention and scope of the proposal</formal>
        <min>1</min>
        <max>1</max>
        <type>
          <code>string</code>
        </type>
        <dataAbsentReason>false</dataAbsentReason>
        <mustUnderstand>false</mustUnderstand>
      </definition>
    </element>
    <element>
      <path>Conformance.version</path>
      <definition>
        <short>FHIR Version</short>
        <formal>The version of the FHIR specification on which this conformance profile is based</formal>
        <min>1</min>
        <max>1</max>
        <type>
          <code>id</code>
        </type>
        <dataAbsentReason>false</dataAbsentReason>
        <mustUnderstand>false</mustUnderstand>
      </definition>
    </element>
    <element>
      <path>Conformance.acceptUnknown</path>
      <definition>
        <short>True if application accepts unknown elements</short>
        <formal>Whether the application accepts unknown non-&quot;must understand&quot; elements as part of a resource. This does not include extensions, but genuine new additions to a resource</formal>
        <min>1</min>
        <max>1</max>
        <type>
          <code>boolean</code>
        </type>
        <dataAbsentReason>false</dataAbsentReason>
        <mustUnderstand>false</mustUnderstand>
      </definition>
    </element>
    <element>
      <path>Conformance.rest</path>
      <definition>
        <short>If the endpoint is a RESTful one</short>
        <formal>Defines the restful capabilities of the solution, if any</formal>
        <comments>Multiple repetitions allow definition of both client and server behaviors or possibly behaviors under different configuration settings (for software or requirements statements)</comments>
        <min>0</min>
        <max>*</max>
        <dataAbsentReason>false</dataAbsentReason>
        <mustUnderstand>false</mustUnderstand>
      </definition>
    </element>
    <element>
      <path>Conformance.rest.mode</path>
      <definition>
        <short>client | server</short>
        <formal>Identifies whether this portion of the statement is describing ability to initiate or receive restful operations</formal>
        <min>1</min>
        <max>1</max>
        <type>
          <code>code</code>
        </type>
        <dataAbsentReason>false</dataAbsentReason>
        <mustUnderstand>false</mustUnderstand>
        <binding>RestfulConformanceMode</binding>
      </definition>
    </element>
    <element>
      <path>Conformance.rest.documentation</path>
      <definition>
        <short>Security, etc.</short>
        <formal>Provides documentation about the system&#39;s restful capabilities that apply across all applications, such as security</formal>
        <min>0</min>
        <max>1</max>
        <type>
          <code>string</code>
        </type>
        <dataAbsentReason>false</dataAbsentReason>
        <mustUnderstand>false</mustUnderstand>
      </definition>
    </element>
    <element>
      <path>Conformance.rest.resource</path>
      <definition>
        <short>Resource served on the REST interface</short>
        <formal>Identifies the restful capabilities of the solution for a specific resource type</formal>
        <comments>Max of one repetition per resource type</comments>
        <min>1</min>
        <max>*</max>
        <dataAbsentReason>false</dataAbsentReason>
        <mustUnderstand>false</mustUnderstand>
      </definition>
    </element>
    <element>
      <path>Conformance.rest.resource.type</path>
      <definition>
        <short>Resource type</short>
        <formal>Identifies the resource exposed via the restful interface</formal>
        <min>1</min>
        <max>1</max>
        <type>
          <code>code</code>
        </type>
        <dataAbsentReason>false</dataAbsentReason>
        <mustUnderstand>false</mustUnderstand>
        <binding>ResourceType</binding>
      </definition>
    </element>
    <element>
      <path>Conformance.rest.resource.profile</path>
      <definition>
        <short>Profile describing resource support</short>
        <formal>Identifies the profile that describes the solution&#39;s support for the resource, including any constraints on cardinality, bindings, lengths or other limitations</formal>
        <min>0</min>
        <max>1</max>
        <type>
          <code>uri</code>
        </type>
        <dataAbsentReason>false</dataAbsentReason>
        <mustUnderstand>false</mustUnderstand>
      </definition>
    </element>
    <element>
      <path>Conformance.rest.resource.operation</path>
      <definition>
        <short>What operations are supported?</short>
        <formal>Identifies a restful operation supported by the solution</formal>
        <comments>The &#39;search&#39; operation is handled separately</comments>
        <min>1</min>
        <max>*</max>
        <dataAbsentReason>false</dataAbsentReason>
        <mustUnderstand>false</mustUnderstand>
      </definition>
    </element>
    <element>
      <path>Conformance.rest.resource.operation.code</path>
      <definition>
        <short>read | vread | update | etc.</short>
        <formal>Identifies which operation is supported</formal>
        <min>1</min>
        <max>1</max>
        <type>
          <code>code</code>
        </type>
        <dataAbsentReason>false</dataAbsentReason>
        <mustUnderstand>false</mustUnderstand>
        <binding>RestfulOperation</binding>
      </definition>
    </element>
    <element>
      <path>Conformance.rest.resource.operation.documentation</path>
      <definition>
        <short>Anything special about operation behavior</short>
        <formal>Provides guidance specific to the implementation of this operation, such as &#39;delete is a logical delete&#39; or &#39;updates are only allowed with version id&#39; or &#39;creates permitted from pre-authorized certificates only&#39;</formal>
        <min>0</min>
        <max>1</max>
        <type>
          <code>string</code>
        </type>
        <dataAbsentReason>false</dataAbsentReason>
        <mustUnderstand>false</mustUnderstand>
      </definition>
    </element>
    <element>
      <path>Conformance.rest.resource.search</path>
      <definition>
        <short>Only if supported</short>
        <formal>If present, indicates that search operations are supported on the resource and describes the search capabilities.</formal>
        <min>0</min>
        <max>1</max>
        <dataAbsentReason>false</dataAbsentReason>
        <mustUnderstand>false</mustUnderstand>
      </definition>
    </element>
    <element>
      <path>Conformance.rest.resource.search.documentation</path>
      <definition>
        <short>General guidance on searching</short>
        <formal>Provides solution-specific information on searching that isn&#39;t tied to a single parameter.  For example, security requirements for executing search, allowed combinations of parameters, etc.</formal>
        <min>0</min>
        <max>1</max>
        <type>
          <code>string</code>
        </type>
        <dataAbsentReason>false</dataAbsentReason>
        <mustUnderstand>false</mustUnderstand>
      </definition>
    </element>
    <element>
      <path>Conformance.rest.resource.search.param</path>
      <definition>
        <short>Search params supported</short>
        <formal>Identifies all of the search parameters supported, including standard ones as well as those specific to this solution.</formal>
        <min>1</min>
        <max>*</max>
        <dataAbsentReason>false</dataAbsentReason>
        <mustUnderstand>false</mustUnderstand>
      </definition>
    </element>
    <element>
      <path>Conformance.rest.resource.search.param.name</path>
      <definition>
        <short>Name of search parameter</short>
        <formal>Corresponds to the name of the standard or custom search parameter</formal>
        <comments>Custom parameters cannot overlap with standard parameter names</comments>
        <min>1</min>
        <max>1</max>
        <type>
          <code>string</code>
        </type>
        <dataAbsentReason>false</dataAbsentReason>
        <mustUnderstand>false</mustUnderstand>
      </definition>
    </element>
    <element>
      <path>Conformance.rest.resource.search.param.documentation</path>
      <definition>
        <short>contents and meaning of search parameter</short>
        <formal>For standard parameters, provides additional information on how the parameter is used in this solution.  For custom parameters, provides a description of what the parameter does</formal>
        <comments>This must be provided if the parameter is a custom parameter</comments>
        <min>0</min>
        <max>1</max>
        <type>
          <code>string</code>
        </type>
        <dataAbsentReason>false</dataAbsentReason>
        <mustUnderstand>false</mustUnderstand>
      </definition>
    </element>
    <element>
      <path>Conformance.messaging</path>
      <definition>
        <short>If messaging is supported</short>
        <formal>Describes the messaging capabilities of the solution</formal>
        <comments>Multiple repetitions allow the documentation of multiple endpoints per solution</comments>
        <min>0</min>
        <max>*</max>
        <dataAbsentReason>false</dataAbsentReason>
        <mustUnderstand>false</mustUnderstand>
      </definition>
    </element>
    <element>
      <path>Conformance.messaging.endpoint</path>
      <definition>
        <short>Actual endpoint being described</short>
        <formal>The address to which messages and/or replies are to be sent.</formal>
        <comments>Can be just an identifier for solutions that do not use network addresses for routing.</comments>
        <min>0</min>
        <max>1</max>
        <type>
          <code>uri</code>
        </type>
        <dataAbsentReason>false</dataAbsentReason>
        <mustUnderstand>false</mustUnderstand>
      </definition>
    </element>
    <element>
      <path>Conformance.messaging.documentation</path>
      <definition>
        <short>Messaging interface behavior details</short>
        <formal>Provides documentation about the system&#39;s messaging capabilities for this endpoint not otherwise documented by the conformance statement.  For example, process for becoming an authorized messaging exchange partner.</formal>
        <min>0</min>
        <max>1</max>
        <type>
          <code>string</code>
        </type>
        <dataAbsentReason>false</dataAbsentReason>
        <mustUnderstand>false</mustUnderstand>
      </definition>
    </element>
    <element>
      <path>Conformance.messaging.event</path>
      <definition>
        <short>Declare support for this event</short>
        <formal>Describes the solution&#39;s support for an event at this end point.</formal>
        <comments>The same event may be listed up to two times - once as sender and once as receiver.</comments>
        <min>1</min>
        <max>*</max>
        <dataAbsentReason>false</dataAbsentReason>
        <mustUnderstand>false</mustUnderstand>
      </definition>
    </element>
    <element>
      <path>Conformance.messaging.event.code</path>
      <definition>
        <short>Event type</short>
        <formal>Identifies the supported messaging event</formal>
        <min>1</min>
        <max>1</max>
        <type>
          <code>code</code>
        </type>
        <dataAbsentReason>false</dataAbsentReason>
        <mustUnderstand>false</mustUnderstand>
        <binding>MessageEvent</binding>
      </definition>
    </element>
    <element>
      <path>Conformance.messaging.event.mode</path>
      <definition>
        <short>sender | receiver</short>
        <formal>The mode of this event declaration - whether application is sender or receiver</formal>
        <min>1</min>
        <max>1</max>
        <type>
          <code>code</code>
        </type>
        <dataAbsentReason>false</dataAbsentReason>
        <mustUnderstand>false</mustUnderstand>
        <binding>ConformanceEventMode</binding>
      </definition>
    </element>
    <element>
      <path>Conformance.messaging.event.protocol</path>
      <definition>
        <short>http | ftp |MLLP | etc.</short>
        <formal>Identifies the messaging transport protocol(s) supported by this endpoint</formal>
        <min>0</min>
        <max>*</max>
        <type>
          <code>Coding</code>
        </type>
        <dataAbsentReason>false</dataAbsentReason>
        <mustUnderstand>false</mustUnderstand>
        <binding>MessageTransport</binding>
      </definition>
    </element>
    <element>
      <path>Conformance.messaging.event.focus</path>
      <definition>
        <short>Resource that&#39;s focus of message</short>
        <formal>Identifies the resource associated with the event.  This is the resource that defines the event.</formal>
        <comments>This must be provided if the event type supports multiple different resource types</comments>
        <min>1</min>
        <max>1</max>
        <type>
          <code>code</code>
        </type>
        <dataAbsentReason>false</dataAbsentReason>
        <mustUnderstand>false</mustUnderstand>
        <binding>ResourceType</binding>
      </definition>
    </element>
    <element>
      <path>Conformance.messaging.event.request</path>
      <definition>
        <short>Profile that describes the request</short>
        <formal>Information about the request for this event</formal>
        <min>0</min>
        <max>1</max>
        <type>
          <code>uri</code>
        </type>
        <dataAbsentReason>false</dataAbsentReason>
        <mustUnderstand>false</mustUnderstand>
      </definition>
    </element>
    <element>
      <path>Conformance.messaging.event.response</path>
      <definition>
        <short>Profile that describes the response</short>
        <formal>Information about the response for this event</formal>
        <min>0</min>
        <max>1</max>
        <type>
          <code>uri</code>
        </type>
        <dataAbsentReason>false</dataAbsentReason>
        <mustUnderstand>false</mustUnderstand>
      </definition>
    </element>
    <element>
      <path>Conformance.messaging.event.documentation</path>
      <definition>
        <short>Endpoint-specific event documentation</short>
        <formal>Guidance on how this event is handled, such as internal system trigger points, business rules, etc.</formal>
        <min>0</min>
        <max>1</max>
        <type>
          <code>string</code>
        </type>
        <dataAbsentReason>false</dataAbsentReason>
        <mustUnderstand>false</mustUnderstand>
      </definition>
    </element>
    <element>
      <path>Conformance.document</path>
      <definition>
        <short>document definition</short>
        <formal>A document definition</formal>
        <min>0</min>
        <max>*</max>
        <dataAbsentReason>false</dataAbsentReason>
        <mustUnderstand>false</mustUnderstand>
      </definition>
    </element>
    <element>
      <path>Conformance.document.mode</path>
      <definition>
        <short>producer | consumer</short>
        <formal>The mode of this event declaration - whether application is sender or receiver</formal>
        <min>1</min>
        <max>1</max>
        <type>
          <code>code</code>
        </type>
        <dataAbsentReason>false</dataAbsentReason>
        <mustUnderstand>false</mustUnderstand>
        <binding>DocumentMode</binding>
      </definition>
    </element>
    <element>
      <path>Conformance.document.documentation</path>
      <definition>
        <short>Description of document support</short>
        <formal>Describes how the application supports or uses the specified document profile.  For example, when are documents created, what action is taken with consumed documents, etc.</formal>
        <min>0</min>
        <max>1</max>
        <type>
          <code>string</code>
        </type>
        <dataAbsentReason>false</dataAbsentReason>
        <mustUnderstand>false</mustUnderstand>
      </definition>
    </element>
    <element>
      <path>Conformance.document.profile</path>
      <definition>
        <short>Constraint on a resource used in the document</short>
        <formal>Constraint on a resource used in the document</formal>
        <comments>The first resource is the document resource</comments>
        <min>1</min>
        <max>1</max>
        <type>
          <code>uri</code>
        </type>
        <dataAbsentReason>false</dataAbsentReason>
        <mustUnderstand>false</mustUnderstand>
      </definition>
    </element>
    <element>
      <path>Conformance.extension</path>
      <definition>
        <short>See Extensions</short>
        <formal>See Extensions</formal>
        <min>0</min>
        <max>*</max>
        <type>
          <code>Extension</code>
        </type>
        <dataAbsentReason>false</dataAbsentReason>
        <mustUnderstand>false</mustUnderstand>
      </definition>
    </element>
    <element>
      <path>Conformance.text</path>
      <definition>
        <short>Text summary of conformance profile for human interpretation</short>
        <formal>Text summary of conformance profile for human interpretation</formal>
        <min>1</min>
        <max>1</max>
        <type>
          <code>Narrative</code>
        </type>
        <dataAbsentReason>false</dataAbsentReason>
        <mustUnderstand>false</mustUnderstand>
      </definition>
    </element>
  </resource>
  <text>
    <status>generated</status><div xmlns="http://www.w3.org/1999/xhtml"><pre>
&lt;<a title="A conformance statement about how an application or implementation supports FHIR or the set of requirements for a desired implementation." class="dict" href="conformance-definitions.htm#Conformance"><b>Conformance</b></a> xmlns=&quot;http://hl7.org/fhir&quot;&gt;
 &lt;<a title="Identifier for this specific conformance statement." class="dict" href="conformance-definitions.htm#Conformance.id"><b>id</b></a>&gt;<span style="color: Gray">&lt;!--</span> <span style="color: brown"><b>1..1</b></span> <span style="color: darkgreen"><a href="datatypes.htm#id">id</a></span> <span style="color: navy">ConformanceStatement Id</span><span style="color: Gray"> --&gt;</span>&lt;/id&gt;
 &lt;<a title="Date that the conformance statement is published" class="dict" href="conformance-definitions.htm#Conformance.date"><b>date</b></a>&gt;<span style="color: Gray">&lt;!--</span> <span style="color: brown"><b>1..1</b></span> <span style="color: darkgreen"><a href="datatypes.htm#dateTime">dateTime</a></span> <span style="color: navy">Publication Date</span><span style="color: Gray"> --&gt;</span>&lt;/date&gt;
 &lt;<a title="The organization that publishes this conformance statement" class="dict" href="conformance-definitions.htm#Conformance.publisher"><b>publisher</b></a>&gt;  <span style="color: Gray">&lt;!-- Publisher of the statement --&gt;</span>
  &lt;<a title="Name of Organization" class="dict" href="conformance-definitions.htm#Conformance.publisher.name"><b>name</b></a>&gt;<span style="color: Gray">&lt;!--</span> <span style="color: brown"><b>1..1</b></span> <span style="color: darkgreen"><a href="datatypes.htm#string">string</a></span> <span style="color: navy">Publishing Organization</span><span style="color: Gray"> --&gt;</span>&lt;/name&gt;
  &lt;<a title="Address of Organization" class="dict" href="conformance-definitions.htm#Conformance.publisher.address"><b>address</b></a>&gt;<span style="color: Gray">&lt;!--</span> <span style="color: brown"><b>0..1</b></span> <span style="color: darkgreen"><a href="datatypes.htm#Address">Address</a></span> <span style="color: navy">Address of Organization</span><span style="color: Gray"> --&gt;</span>&lt;/address&gt;
  &lt;<a title="Contacts for Organization relevant to this conformance statement.  May be website, email, phone numbers, etc." class="dict" href="conformance-definitions.htm#Conformance.publisher.contact"><b>contact</b></a>&gt;<span style="color: Gray">&lt;!--</span> <span style="color: brown"><b>0..*</b></span> <span style="color: darkgreen"><a href="datatypes.htm#Contact">Contact</a></span> <span style="color: navy">Contacts for Organization</span><span style="color: Gray"> --&gt;</span>&lt;/contact&gt;
 &lt;/publisher&gt;
 &lt;<a title="Describes the implementation that is covered by this conformance statement.  Used when the profile describes the capabilities of a specific implementation instance." class="dict" href="conformance-definitions.htm#Conformance.implementation"><b>implementation</b></a>&gt;  <span style="color: Gray">&lt;!-- If profile is for implementation --&gt;</span>
  &lt;<a title="Information about the specific implementation " class="dict" href="conformance-definitions.htm#Conformance.implementation.description"><b>description</b></a>&gt;<span style="color: Gray">&lt;!--</span> <span style="color: brown"><b>1..1</b></span> <span style="color: darkgreen"><a href="datatypes.htm#string">string</a></span> <span style="color: navy">What implementation is covered?</span><span style="color: Gray"> --&gt;</span>&lt;/description&gt;
  &lt;<a title="The base URL for the implementation.  This forms the base for REST interfaces as well as the mailbox and document interfaces." class="dict" href="conformance-definitions.htm#Conformance.implementation.url"><b>url</b></a>&gt;<span style="color: Gray">&lt;!--</span> <span style="color: brown"><b>0..1</b></span> <span style="color: darkgreen"><a href="datatypes.htm#uri">uri</a></span> <span style="color: navy">Base URL for interfaces</span><span style="color: Gray"> --&gt;</span>&lt;/url&gt;
 &lt;/implementation&gt;
 &lt;<a title="Describes the software that is covered by this conformance statement.  Used when the profile describes the capabilities of a particular software version, independent of an installation." class="dict" href="conformance-definitions.htm#Conformance.software"><b>software</b></a>&gt;  <span style="color: Gray">&lt;!-- If profile is for software offered --&gt;</span>
  &lt;<a title="Name software is known by" class="dict" href="conformance-definitions.htm#Conformance.software.name"><b>name</b></a>&gt;<span style="color: Gray">&lt;!--</span> <span style="color: brown"><b>1..1</b></span> <span style="color: darkgreen"><a href="datatypes.htm#string">string</a></span> <span style="color: navy">Name software is known by</span><span style="color: Gray"> --&gt;</span>&lt;/name&gt;
  &lt;<a title="Version covered by this statement" class="dict" href="conformance-definitions.htm#Conformance.software.version"><b>version</b></a>&gt;<span style="color: Gray">&lt;!--</span> <span style="color: brown"><b>0..1</b></span> <span style="color: darkgreen"><a href="datatypes.htm#string">string</a></span> <span style="color: navy">Version covered by this statement</span><span style="color: Gray"> --&gt;</span>&lt;/version&gt;
  &lt;<a title="Date this version of the software released" class="dict" href="conformance-definitions.htm#Conformance.software.releaseDate"><b>releaseDate</b></a>&gt;<span style="color: Gray">&lt;!--</span> <span style="color: brown"><b>0..1</b></span> <span style="color: darkgreen"><a href="datatypes.htm#dateTime">dateTime</a></span> <span style="color: navy">Date this version released</span><span style="color: Gray"> --&gt;</span>&lt;/releaseDate&gt;
 &lt;/software&gt;
 &lt;<a title="Describes the proposed solution described by this conformance statement.  Used when the profile describes a desired rather than an actual solution, for example as a formal expression of requirements as part of an RFP." class="dict" href="conformance-definitions.htm#Conformance.proposal"><b>proposal</b></a>&gt;  <span style="color: Gray">&lt;!-- If profile is for proposal --&gt;</span>
  &lt;<a title="Provides details about the intention and scope of the proposal" class="dict" href="conformance-definitions.htm#Conformance.proposal.description"><b>description</b></a>&gt;<span style="color: Gray">&lt;!--</span> <span style="color: brown"><b>1..1</b></span> <span style="color: darkgreen"><a href="datatypes.htm#string">string</a></span> <span style="color: navy">Details of proposal or requirements document</span><span style="color: Gray"> --&gt;</span>&lt;/description&gt;
 &lt;/proposal&gt;
 &lt;<a title="The version of the FHIR specification on which this conformance profile is based" class="dict" href="conformance-definitions.htm#Conformance.version"><b>version</b></a>&gt;<span style="color: Gray">&lt;!--</span> <span style="color: brown"><b>1..1</b></span> <span style="color: darkgreen"><a href="datatypes.htm#id">id</a></span> <span style="color: navy">FHIR Version</span><span style="color: Gray"> --&gt;</span>&lt;/version&gt;
 &lt;<a title="Whether the application accepts unknown non-&quot;must understand&quot; elements as part of a resource. This does not include extensions, but genuine new additions to a resource" class="dict" href="conformance-definitions.htm#Conformance.acceptUnknown"><b>acceptUnknown</b></a>&gt;<span style="color: Gray">&lt;!--</span> <span style="color: brown"><b>1..1</b></span> <span style="color: darkgreen"><a href="datatypes.htm#boolean">boolean</a></span> <span style="color: navy">True if application accepts unknown elements</span><span style="color: Gray"> --&gt;</span>&lt;/acceptUnknown&gt;
 &lt;<a title="Defines the restful capabilities of the solution, if any" class="dict" href="conformance-definitions.htm#Conformance.rest"><b>rest</b></a>&gt;  <span style="color: Gray">&lt;!-- <span title="A Conformance profile must have at least one of rest, messaging, or document" style="color: deeppink"><b>0..*</b></span> If the endpoint is a RESTful one --&gt;</span>
  &lt;<a title="Identifies whether this portion of the statement is describing ability to initiate or receive restful operations" class="dict" href="conformance-definitions.htm#Conformance.rest.mode"><b>mode</b></a>&gt;<span style="color: Gray">&lt;!--</span> <span style="color: brown"><b>1..1</b></span> <span style="color: darkgreen"><a href="datatypes.htm#code">code</a></span> <span style="color: navy">client | server</span><span style="color: Gray"> --&gt;</span>&lt;/mode&gt;
  &lt;<a title="Provides documentation about the system&#39;s restful capabilities that apply across all applications, such as security" class="dict" href="conformance-definitions.htm#Conformance.rest.documentation"><b>documentation</b></a>&gt;<span style="color: Gray">&lt;!--</span> <span style="color: brown"><b>0..1</b></span> <span style="color: darkgreen"><a href="datatypes.htm#string">string</a></span> <span style="color: navy">Security, etc.</span><span style="color: Gray"> --&gt;</span>&lt;/documentation&gt;
  &lt;<a title="Identifies the restful capabilities of the solution for a specific resource type" class="dict" href="conformance-definitions.htm#Conformance.rest.resource"><b>resource</b></a>&gt;  <span style="color: Gray">&lt;!-- <span style="color: brown"><b>1..*</b></span> Resource served on the REST interface --&gt;</span>
   &lt;<a title="Identifies the resource exposed via the restful interface" class="dict" href="conformance-definitions.htm#Conformance.rest.resource.type"><b>type</b></a>&gt;<span style="color: Gray">&lt;!--</span> <span style="color: brown"><b>1..1</b></span> <span style="color: darkgreen"><a href="datatypes.htm#code">code</a></span> <span style="color: navy">Resource type</span><span style="color: Gray"> --&gt;</span>&lt;/type&gt;
   &lt;<a title="Identifies the profile that describes the solution&#39;s support for the resource, including any constraints on cardinality, bindings, lengths or other limitations" class="dict" href="conformance-definitions.htm#Conformance.rest.resource.profile"><b>profile</b></a>&gt;<span style="color: Gray">&lt;!--</span> <span style="color: brown"><b>0..1</b></span> <span style="color: darkgreen"><a href="datatypes.htm#uri">uri</a></span> <span style="color: navy">Profile describing resource support</span><span style="color: Gray"> --&gt;</span>&lt;/profile&gt;
   &lt;<a title="Identifies a restful operation supported by the solution" class="dict" href="conformance-definitions.htm#Conformance.rest.resource.operation"><b>operation</b></a>&gt;  <span style="color: Gray">&lt;!-- <span style="color: brown"><b>1..*</b></span> What operations are supported? --&gt;</span>
    &lt;<a title="Identifies which operation is supported" class="dict" href="conformance-definitions.htm#Conformance.rest.resource.operation.code"><b>code</b></a>&gt;<span style="color: Gray">&lt;!--</span> <span style="color: brown"><b>1..1</b></span> <span style="color: darkgreen"><a href="datatypes.htm#code">code</a></span> <span style="color: navy">read | vread | update | etc.</span><span style="color: Gray"> --&gt;</span>&lt;/code&gt;
    &lt;<a title="Provides guidance specific to the implementation of this operation, such as &#39;delete is a logical delete&#39; or &#39;updates are only allowed with version id&#39; or &#39;creates permitted from pre-authorized certificates only&#39;" class="dict" href="conformance-definitions.htm#Conformance.rest.resource.operation.documentation"><b>documentation</b></a>&gt;<span style="color: Gray">&lt;!--</span> <span style="color: brown"><b>0..1</b></span> <span style="color: darkgreen"><a href="datatypes.htm#string">string</a></span> <span style="color: navy">Anything special about operation behavior</span><span style="color: Gray"> --&gt;</span>&lt;/documentation&gt;
   &lt;/operation&gt;
   &lt;<a title="If present, indicates that search operations are supported on the resource and describes the search capabilities." class="dict" href="conformance-definitions.htm#Conformance.rest.resource.search"><b>search</b></a>&gt;  <span style="color: Gray">&lt;!-- Only if supported --&gt;</span>
    &lt;<a title="Provides solution-specific information on searching that isn&#39;t tied to a single parameter.  For example, security requirements for executing search, allowed combinations of parameters, etc." class="dict" href="conformance-definitions.htm#Conformance.rest.resource.search.documentation"><b>documentation</b></a>&gt;<span style="color: Gray">&lt;!--</span> <span style="color: brown"><b>0..1</b></span> <span style="color: darkgreen"><a href="datatypes.htm#string">string</a></span> <span style="color: navy">General guidance on searching</span><span style="color: Gray"> --&gt;</span>&lt;/documentation&gt;
    &lt;<a title="Identifies all of the search parameters supported, including standard ones as well as those specific to this solution." class="dict" href="conformance-definitions.htm#Conformance.rest.resource.search.param"><b>param</b></a>&gt;  <span style="color: Gray">&lt;!-- <span style="color: brown"><b>1..*</b></span> Search params supported --&gt;</span>
     &lt;<a title="Corresponds to the name of the standard or custom search parameter" class="dict" href="conformance-definitions.htm#Conformance.rest.resource.search.param.name"><b>name</b></a>&gt;<span style="color: Gray">&lt;!--</span> <span style="color: brown"><b>1..1</b></span> <span style="color: darkgreen"><a href="datatypes.htm#string">string</a></span> <span style="color: navy">Name of search parameter</span><span style="color: Gray"> --&gt;</span>&lt;/name&gt;
     &lt;<a title="For standard parameters, provides additional information on how the parameter is used in this solution.  For custom parameters, provides a description of what the parameter does" class="dict" href="conformance-definitions.htm#Conformance.rest.resource.search.param.documentation"><b>documentation</b></a>&gt;<span style="color: Gray">&lt;!--</span> <span style="color: brown"><b>0..1</b></span> <span style="color: darkgreen"><a href="datatypes.htm#string">string</a></span> <span style="color: navy">contents and meaning of search parameter</span><span style="color: Gray"> --&gt;</span>&lt;/documentation&gt;
    &lt;/param&gt;
   &lt;/search&gt;
  &lt;/resource&gt;
 &lt;/rest&gt;
 &lt;<a title="Describes the messaging capabilities of the solution" class="dict" href="conformance-definitions.htm#Conformance.messaging"><b>messaging</b></a>&gt;  <span style="color: Gray">&lt;!-- <span title="A Conformance profile must have at least one of rest, messaging, or document" style="color: deeppink"><b>0..*</b></span> If messaging is supported --&gt;</span>
  &lt;<a title="The address to which messages and/or replies are to be sent." class="dict" href="conformance-definitions.htm#Conformance.messaging.endpoint"><b>endpoint</b></a>&gt;<span style="color: Gray">&lt;!--</span> <span title="Messaging end point is required (and is only permitted) when statement is for an implementation" style="color: deeppink"><b>0..1</b></span> <span style="color: darkgreen"><a href="datatypes.htm#uri">uri</a></span> <span style="color: navy">Actual endpoint being described</span><span style="color: Gray"> --&gt;</span>&lt;/endpoint&gt;
  &lt;<a title="Provides documentation about the system&#39;s messaging capabilities for this endpoint not otherwise documented by the conformance statement.  For example, process for becoming an authorized messaging exchange partner." class="dict" href="conformance-definitions.htm#Conformance.messaging.documentation"><b>documentation</b></a>&gt;<span style="color: Gray">&lt;!--</span> <span style="color: brown"><b>0..1</b></span> <span style="color: darkgreen"><a href="datatypes.htm#string">string</a></span> <span style="color: navy">Messaging interface behavior details</span><span style="color: Gray"> --&gt;</span>&lt;/documentation&gt;
  &lt;<a title="Describes the solution&#39;s support for an event at this end point." class="dict" href="conformance-definitions.htm#Conformance.messaging.event"><b>event</b></a>&gt;  <span style="color: Gray">&lt;!-- <span style="color: brown"><b>1..*</b></span> Declare support for this event --&gt;</span>
   &lt;<a title="Identifies the supported messaging event" class="dict" href="conformance-definitions.htm#Conformance.messaging.event.code"><b>code</b></a>&gt;<span style="color: Gray">&lt;!--</span> <span style="color: brown"><b>1..1</b></span> <span style="color: darkgreen"><a href="datatypes.htm#code">code</a></span> <span style="color: navy">Event type</span><span style="color: Gray"> --&gt;</span>&lt;/code&gt;
   &lt;<a title="The mode of this event declaration - whether application is sender or receiver" class="dict" href="conformance-definitions.htm#Conformance.messaging.event.mode"><b>mode</b></a>&gt;<span style="color: Gray">&lt;!--</span> <span style="color: brown"><b>1..1</b></span> <span style="color: darkgreen"><a href="datatypes.htm#code">code</a></span> <span style="color: navy">sender | receiver</span><span style="color: Gray"> --&gt;</span>&lt;/mode&gt;
   &lt;<a title="Identifies the messaging transport protocol(s) supported by this endpoint" class="dict" href="conformance-definitions.htm#Conformance.messaging.event.protocol"><b>protocol</b></a>&gt;<span style="color: Gray">&lt;!--</span> <span style="color: brown"><b>0..*</b></span> <span style="color: darkgreen"><a href="datatypes.htm#Coding">Coding</a></span> <span style="color: navy">http | ftp |MLLP | etc.</span><span style="color: Gray"> --&gt;</span>&lt;/protocol&gt;
   &lt;<a title="Identifies the resource associated with the event.  This is the resource that defines the event." class="dict" href="conformance-definitions.htm#Conformance.messaging.event.focus"><b>focus</b></a>&gt;<span style="color: Gray">&lt;!--</span> <span style="color: brown"><b>1..1</b></span> <span style="color: darkgreen"><a href="datatypes.htm#code">code</a></span> <span style="color: navy">Resource that&#39;s focus of message</span><span style="color: Gray"> --&gt;</span>&lt;/focus&gt;
   &lt;<a title="Information about the request for this event" class="dict" href="conformance-definitions.htm#Conformance.messaging.event.request"><b>request</b></a>&gt;<span style="color: Gray">&lt;!--</span> <span style="color: brown"><b>0..1</b></span> <span style="color: darkgreen"><a href="datatypes.htm#uri">uri</a></span> <span style="color: navy">Profile that describes the request</span><span style="color: Gray"> --&gt;</span>&lt;/request&gt;
   &lt;<a title="Information about the response for this event" class="dict" href="conformance-definitions.htm#Conformance.messaging.event.response"><b>response</b></a>&gt;<span style="color: Gray">&lt;!--</span> <span style="color: brown"><b>0..1</b></span> <span style="color: darkgreen"><a href="datatypes.htm#uri">uri</a></span> <span style="color: navy">Profile that describes the response</span><span style="color: Gray"> --&gt;</span>&lt;/response&gt;
   &lt;<a title="Guidance on how this event is handled, such as internal system trigger points, business rules, etc." class="dict" href="conformance-definitions.htm#Conformance.messaging.event.documentation"><b>documentation</b></a>&gt;<span style="color: Gray">&lt;!--</span> <span style="color: brown"><b>0..1</b></span> <span style="color: darkgreen"><a href="datatypes.htm#string">string</a></span> <span style="color: navy">Endpoint-specific event documentation</span><span style="color: Gray"> --&gt;</span>&lt;/documentation&gt;
  &lt;/event&gt;
 &lt;/messaging&gt;
 &lt;<a title="A document definition" class="dict" href="conformance-definitions.htm#Conformance.document"><b>document</b></a>&gt;  <span style="color: Gray">&lt;!-- <span title="A Conformance profile must have at least one of rest, messaging, or document" style="color: deeppink"><b>0..*</b></span> document definition --&gt;</span>
  &lt;<a title="The mode of this event declaration - whether application is sender or receiver" class="dict" href="conformance-definitions.htm#Conformance.document.mode"><b>mode</b></a>&gt;<span style="color: Gray">&lt;!--</span> <span style="color: brown"><b>1..1</b></span> <span style="color: darkgreen"><a href="datatypes.htm#code">code</a></span> <span style="color: navy">producer | consumer</span><span style="color: Gray"> --&gt;</span>&lt;/mode&gt;
  &lt;<a title="Describes how the application supports or uses the specified document profile.  For example, when are documents created, what action is taken with consumed documents, etc." class="dict" href="conformance-definitions.htm#Conformance.document.documentation"><b>documentation</b></a>&gt;<span style="color: Gray">&lt;!--</span> <span style="color: brown"><b>0..1</b></span> <span style="color: darkgreen"><a href="datatypes.htm#string">string</a></span> <span style="color: navy">Description of document support</span><span style="color: Gray"> --&gt;</span>&lt;/documentation&gt;
  &lt;<a title="Constraint on a resource used in the document" class="dict" href="conformance-definitions.htm#Conformance.document.profile"><b>profile</b></a>&gt;<span style="color: Gray">&lt;!--</span> <span style="color: brown"><b>1..1</b></span> <span style="color: darkgreen"><a href="datatypes.htm#uri">uri</a></span> <span style="color: navy">Constraint on a resource used in the document</span><span style="color: Gray"> --&gt;</span>&lt;/profile&gt;
 &lt;/document&gt;
 &lt;<a title="See Extensions" class="dict" href="conformance-definitions.htm#Conformance.extension"><b>extension</b></a>&gt;<span style="color: Gray">&lt;!--</span> <span style="color: brown"><b>0..*</b></span> <span style="color: darkgreen"><a href="extensibility.htm#Extension">Extension</a></span>  <a href="extensibility.htm"><span style="color: navy">See Extensions</span></a> <span style="color: Gray"> --&gt;</span>&lt;/extension&gt;
 &lt;<a title="Text summary of conformance profile for human interpretation" class="dict" href="conformance-definitions.htm#Conformance.text"><b>text</b></a>&gt;<span style="color: Gray">&lt;!--</span> <span style="color: brown"><b>1..1</b></span> <span style="color: darkgreen"><a href="xml.htm#Narrative">Narrative</a></span> <span style="color: navy">Text summary of conformance profile for human interpretation</span><span style="color: Gray"> --&gt;</span>&lt;/text&gt;
&lt;/Conformance&gt;
</pre></div>
  </text>
</Profile>