<?xml version="1.0" encoding="UTF-8"?><MessageHeader xmlns="http://hl7.org/fhir">
  <id>1cbdfb97-5859-48a4-8301-d54eab818d68</id>
  <instant>2012-01-04T09:10:14Z</instant>
  <event>admin-update</event>
  <response>
    <id>5015fe84-8e76-4526-89d8-44b322e8d4fb</id>
    <code>ok</code>
  </response>
  <source>
    <name>Acme Central Patient Registry</name>
    <software>FooBar Patient Manager</software>
    <version>3.1.45.AABB</version>
    <contact>
      <system>phone</system>
      <value>+1 (555) 123 4567</value>
    </contact>
    <endpoint>llp:10.11.12.13:5432</endpoint>
  </source>
  <destination>
    <name>Acme Message Gateway</name>
    
    <!--  this is to indicate to the Acme Message Gateway that this particular message 
       is intended for Person 34 - usually it would make sense for the resource for 
       Person 34 to be included in the bundle of the message as well, in case 
       the Acme Message Gateway doesn't know who person 34 is. 

       Of course, it doesn't make sense to send a person update message to a particular 
       person, but it might very well make sense to do this with targetted clinical content  -->
    <target>
      <type>Person</type>
      <id>34</id>
    </target>
    <endpoint>llp:10.11.12.14:5432</endpoint>
  </destination>
  <author>
    <type>Person</type>
    <id>3455bc23</id>
  </author>
  
  <!--  Here's the payload, the resource that this admin-update concerns  -->
  <data>
    <type>Person</type>
    <id>342356</id>
  </data>
  
  <text>
    <status>generated</status>
    <div xmlns="http://www.w3.org/1999/xhtml">
      <p>Update Person resource for Peter James CHALMERS (&quot;Jim&quot;), MRN: 12345 (Acme Healthcare)</p>
    </div>
  </text>
</MessageHeader>