<?xml version="1.0" encoding="UTF-8"?>

<Profile xmlns="http://hl7.org/fhir">
  <id>valueset</id>
  <name>valueset</name>
  <author>
    <name>todo (committee)</name>
  </author>
  <description>Basic Profile. Value Set - a set of defined codes from one or more code systems that may be bound to a context</description>
  <status>
    <code>testing</code>
    <date>2012-09-09</date>
  </status>
  <resource>
    <type>Resource</type>
    <element>
      <path>ValueSet</path>
      <definition>
        <short>Value Set - a set of defined codes that may be bound to a context</short>
        <formal>Value Set - a set of defined codes from one or more code systems that may be bound to a context</formal>
        <min>1</min>
        <max>1</max>
        <type>
          <code>Resource</code>
        </type>
        <dataAbsentReason>false</dataAbsentReason>
        <mustUnderstand>false</mustUnderstand>
      </definition>
    </element>
    <element>
      <path>ValueSet.id</path>
      <definition>
        <short>Fixed identifier for this value set resource</short>
        <formal>Identifier for this resource that represents the value set</formal>
        <min>1</min>
        <max>1</max>
        <type>
          <code>id</code>
        </type>
        <dataAbsentReason>false</dataAbsentReason>
        <mustUnderstand>true</mustUnderstand>
      </definition>
    </element>
    <element>
      <path>ValueSet.name</path>
      <definition>
        <short>Informal name for this value set</short>
        <formal>A free text natural language name identifying the value set</formal>
        <comments>Not expected to be unique</comments>
        <min>1</min>
        <max>1</max>
        <type>
          <code>string</code>
        </type>
        <dataAbsentReason>false</dataAbsentReason>
        <mustUnderstand>false</mustUnderstand>
      </definition>
    </element>
    <element>
      <path>ValueSet.author</path>
      <definition>
        <short>(Organisation or individual)</short>
        <formal>Details of the author who accepts responsibility for publishing the value set</formal>
        <comments>Usually an organisation, but may be an individual</comments>
        <min>1</min>
        <max>1</max>
        <dataAbsentReason>false</dataAbsentReason>
        <mustUnderstand>false</mustUnderstand>
      </definition>
    </element>
    <element>
      <path>ValueSet.author.name</path>
      <definition>
        <short>Name of the recognised author</short>
        <formal>The name of the author</formal>
        <min>1</min>
        <max>1</max>
        <type>
          <code>string</code>
        </type>
        <dataAbsentReason>false</dataAbsentReason>
        <mustUnderstand>false</mustUnderstand>
      </definition>
    </element>
    <element>
      <path>ValueSet.author.reference</path>
      <definition>
        <short>Author contact</short>
        <formal>Some way of reaching or finding the author.</formal>
        <comments>May be a web site, an email address, a telephone number</comments>
        <min>0</min>
        <max>1</max>
        <type>
          <code>uri</code>
        </type>
        <dataAbsentReason>false</dataAbsentReason>
        <mustUnderstand>false</mustUnderstand>
      </definition>
    </element>
    <element>
      <path>ValueSet.description</path>
      <definition>
        <short>Human language description of the value set</short>
        <formal>A free text natural language description of the value set - contents, reason for definition, conditions of use, etc.</formal>
        <min>1</min>
        <max>1</max>
        <type>
          <code>string</code>
        </type>
        <dataAbsentReason>false</dataAbsentReason>
        <mustUnderstand>false</mustUnderstand>
      </definition>
    </element>
    <element>
      <path>ValueSet.status</path>
      <definition>
        <short>draft | testing | production | withdrawn | superseded</short>
        <formal>The status of the value set</formal>
        <min>1</min>
        <max>1</max>
        <type>
          <code>code</code>
        </type>
        <dataAbsentReason>false</dataAbsentReason>
        <mustUnderstand>true</mustUnderstand>
        <binding>ValueSetStatus</binding>
      </definition>
    </element>
    <element>
      <path>ValueSet.date</path>
      <definition>
        <short>Date for given status</short>
        <formal>The date that the value set status was last changed</formal>
        <comments>Note that this is not the same as the resource last-modified-date, since the resource may be a secondary representation of the value set</comments>
        <min>1</min>
        <max>1</max>
        <type>
          <code>dateTime</code>
        </type>
        <dataAbsentReason>false</dataAbsentReason>
        <mustUnderstand>false</mustUnderstand>
      </definition>
    </element>
    <element>
      <path>ValueSet.identifier</path>
      <definition>
        <short>Logical id to reference this value set</short>
        <formal>The identifier that is used to identify this value set when it is referenced in a specification, model, design or an instance </formal>
        <comments>This is not the same as the resource id because the resource may not be the definitive representation of the value set. If the resource is the definitive representation, this may have the same value as the .id. There may be multiple versions of the value set that have this same identifier</comments>
        <min>1</min>
        <max>1</max>
        <type>
          <code>id</code>
        </type>
        <dataAbsentReason>false</dataAbsentReason>
        <mustUnderstand>false</mustUnderstand>
      </definition>
    </element>
    <element>
      <path>ValueSet.version</path>
      <definition>
        <short>Logical id for this version of the value set</short>
        <formal>The identifier that is used to identify this version of the value set when it is referenced in a specification, model, design, or instance</formal>
        <min>1</min>
        <max>1</max>
        <type>
          <code>id</code>
        </type>
        <dataAbsentReason>false</dataAbsentReason>
        <mustUnderstand>false</mustUnderstand>
      </definition>
    </element>
    <element>
      <path>ValueSet.restricts</path>
      <definition>
        <short>Can replace these value sets when profiling</short>
        <formal>An assertion that this value set is a restriction on another value set - that it only includes codes that are part of the other value set. The value set itself must ensure that this is true - the contents of the value set are not automatically bounded by the contents of any value set identified here. This allows profile tooling to reason about the relationships between value sets without having to determine the value set contents</formal>
        <comments>In most cases, the claim of restriction could be validated in a particular context of use, but it is not necessary to do so</comments>
        <min>0</min>
        <max>*</max>
        <type>
          <code>uri</code>
        </type>
        <dataAbsentReason>false</dataAbsentReason>
        <mustUnderstand>false</mustUnderstand>
      </definition>
    </element>
    <element>
      <path>ValueSet.import</path>
      <definition>
        <short>Import the contents of another value set</short>
        <formal>Includes the contents of the referenced value set as part of the contents of this value set</formal>
        <min>0</min>
        <max>*</max>
        <type>
          <code>uri</code>
        </type>
        <dataAbsentReason>false</dataAbsentReason>
        <mustUnderstand>false</mustUnderstand>
      </definition>
    </element>
    <element>
      <path>ValueSet.include</path>
      <definition>
        <short>Include one or more codes from a code system</short>
        <formal>Include one or more codes from a code system</formal>
        <min>0</min>
        <max>*</max>
        <dataAbsentReason>false</dataAbsentReason>
        <mustUnderstand>false</mustUnderstand>
      </definition>
    </element>
    <element>
      <path>ValueSet.include.system</path>
      <definition>
        <short>The system the codes come from</short>
        <formal>The code system from which the selected codes come from</formal>
        <comments>See [[Coding.system]] for further documentation</comments>
        <min>1</min>
        <max>1</max>
        <type>
          <code>uri</code>
        </type>
        <dataAbsentReason>false</dataAbsentReason>
        <mustUnderstand>false</mustUnderstand>
      </definition>
    </element>
    <element>
      <path>ValueSet.include.version</path>
      <definition>
        <short>Specific version of the code system referred to</short>
        <formal>The version of the code system that the codes are selected from</formal>
        <comments>This is used when selecting the descendents of a concept - they may change between versions. If no version is specified, then the exact contents of the value set may not be known until a context of use binds it to a particular version</comments>
        <min>0</min>
        <max>1</max>
        <type>
          <code>string</code>
        </type>
        <dataAbsentReason>false</dataAbsentReason>
        <mustUnderstand>false</mustUnderstand>
      </definition>
    </element>
    <element>
      <path>ValueSet.include.mode</path>
      <definition>
        <short>code | children | descendants | all</short>
        <formal>The mode of selection - whether the code itself, and/or its descendants are being selected </formal>
        <comments>It is an error to include codes that are marked &quot;abstract&quot; in a value set that is used directly in a specification, but not an error to include an abstract code in a value set not destined for this use</comments>
        <min>1</min>
        <max>1</max>
        <type>
          <code>code</code>
        </type>
        <dataAbsentReason>false</dataAbsentReason>
        <mustUnderstand>false</mustUnderstand>
        <binding>CodeSelectionMode</binding>
      </definition>
    </element>
    <element>
      <path>ValueSet.include.code</path>
      <definition>
        <short>Code or concept</short>
        <formal>Specifies a code or concept to be included or excluded as specified by the mode from the value set</formal>
        <comments>expressions are allowed if defined by the underlying code system</comments>
        <min>0</min>
        <max>*</max>
        <type>
          <code>code</code>
        </type>
        <dataAbsentReason>false</dataAbsentReason>
        <mustUnderstand>false</mustUnderstand>
      </definition>
    </element>
    <element>
      <path>ValueSet.include.filter</path>
      <definition>
        <short>Celect codes/concepts by their properties</short>
        <formal>Select concepts by specify a matching criteria based on the properties defined by the system. If multiple filters are specified, they must all be true</formal>
        <comments>Selecting codes by specifying filters based on properties is only possible where the underlying code system defines appropriate properties. Note that in some cases, the underlying code system defines the logical concepts but not the literal codes for the concepts. In such cases, the literal definitions may be provided by a third party</comments>
        <min>0</min>
        <max>*</max>
        <dataAbsentReason>false</dataAbsentReason>
        <mustUnderstand>false</mustUnderstand>
      </definition>
    </element>
    <element>
      <path>ValueSet.include.filter.property</path>
      <definition>
        <short>A property defined by the code system </short>
        <formal>A code that identifies a property defined in the code system</formal>
        <min>1</min>
        <max>1</max>
        <type>
          <code>code</code>
        </type>
        <dataAbsentReason>false</dataAbsentReason>
        <mustUnderstand>false</mustUnderstand>
      </definition>
    </element>
    <element>
      <path>ValueSet.include.filter.op</path>
      <definition>
        <short>= | is_a | is_not_a | regex</short>
        <formal>The kind of operation to perform as part of the filter criteria</formal>
        <min>1</min>
        <max>1</max>
        <type>
          <code>code</code>
        </type>
        <dataAbsentReason>false</dataAbsentReason>
        <mustUnderstand>false</mustUnderstand>
        <binding>FilterOperator</binding>
      </definition>
    </element>
    <element>
      <path>ValueSet.include.filter.value</path>
      <definition>
        <short>Code from the system, or regex criteria</short>
        <formal>The match value may be either a code defined by the system, or a string value which is used a regex match on the literal string of the property value</formal>
        <comments>Use regex matching with care - full regex matching on every SNOMED-CT term is prohibitive, for example</comments>
        <min>1</min>
        <max>1</max>
        <type>
          <code>code</code>
        </type>
        <dataAbsentReason>false</dataAbsentReason>
        <mustUnderstand>false</mustUnderstand>
      </definition>
    </element>
    <element>
      <path>ValueSet.exclude</path>
      <definition>
        <short>Explicitly exclude codes</short>
        <formal>Exclude one or more codes from the value set</formal>
        <comments>usually this is used to selectively exclude codes that were included by subsumption in the inclusions</comments>
        <min>0</min>
        <max>*</max>
        <type>
          <code>@ValueSet.include</code>
        </type>
        <dataAbsentReason>false</dataAbsentReason>
        <mustUnderstand>false</mustUnderstand>
      </definition>
    </element>
    <element>
      <path>ValueSet.extension</path>
      <definition>
        <short>See Extensions</short>
        <formal>See Extensions</formal>
        <min>0</min>
        <max>*</max>
        <type>
          <code>Extension</code>
        </type>
        <dataAbsentReason>false</dataAbsentReason>
        <mustUnderstand>false</mustUnderstand>
      </definition>
    </element>
    <element>
      <path>ValueSet.text</path>
      <definition>
        <short>Text summary of value set for human interpretation</short>
        <formal>Text summary of value set for human interpretation</formal>
        <min>1</min>
        <max>1</max>
        <type>
          <code>Narrative</code>
        </type>
        <dataAbsentReason>false</dataAbsentReason>
        <mustUnderstand>false</mustUnderstand>
      </definition>
    </element>
  </resource>
  <text>
    <status>generated</status><div xmlns="http://www.w3.org/1999/xhtml"><pre>
&lt;<a title="Value Set - a set of defined codes from one or more code systems that may be bound to a context" class="dict" href="valueset-definitions.htm#ValueSet"><b>ValueSet</b></a> xmlns=&quot;http://hl7.org/fhir&quot;&gt;
 &lt;<a title="Identifier for this resource that represents the value set (this element must be supported or understood)" class="dict" href="valueset-definitions.htm#ValueSet.id"><span style="text-decoration: underline"><b>id</b></span></a>&gt;<span style="color: Gray">&lt;!--</span> <span style="color: brown"><b>1..1</b></span> <span style="color: darkgreen"><a href="datatypes.htm#id">id</a></span> <span style="color: navy">Fixed identifier for this value set resource</span><span style="color: Gray"> --&gt;</span>&lt;/id&gt;
 &lt;<a title="A free text natural language name identifying the value set" class="dict" href="valueset-definitions.htm#ValueSet.name"><b>name</b></a>&gt;<span style="color: Gray">&lt;!--</span> <span style="color: brown"><b>1..1</b></span> <span style="color: darkgreen"><a href="datatypes.htm#string">string</a></span> <span style="color: navy">Informal name for this value set</span><span style="color: Gray"> --&gt;</span>&lt;/name&gt;
 &lt;<a title="Details of the author who accepts responsibility for publishing the value set" class="dict" href="valueset-definitions.htm#ValueSet.author"><b>author</b></a>&gt;  <span style="color: Gray">&lt;!-- (Organisation or individual) --&gt;</span>
  &lt;<a title="The name of the author" class="dict" href="valueset-definitions.htm#ValueSet.author.name"><b>name</b></a>&gt;<span style="color: Gray">&lt;!--</span> <span style="color: brown"><b>1..1</b></span> <span style="color: darkgreen"><a href="datatypes.htm#string">string</a></span> <span style="color: navy">Name of the recognised author</span><span style="color: Gray"> --&gt;</span>&lt;/name&gt;
  &lt;<a title="Some way of reaching or finding the author." class="dict" href="valueset-definitions.htm#ValueSet.author.reference"><b>reference</b></a>&gt;<span style="color: Gray">&lt;!--</span> <span style="color: brown"><b>0..1</b></span> <span style="color: darkgreen"><a href="datatypes.htm#uri">uri</a></span> <span style="color: navy">Author contact</span><span style="color: Gray"> --&gt;</span>&lt;/reference&gt;
 &lt;/author&gt;
 &lt;<a title="A free text natural language description of the value set - contents, reason for definition, conditions of use, etc." class="dict" href="valueset-definitions.htm#ValueSet.description"><b>description</b></a>&gt;<span style="color: Gray">&lt;!--</span> <span style="color: brown"><b>1..1</b></span> <span style="color: darkgreen"><a href="datatypes.htm#string">string</a></span> <span style="color: navy">Human language description of the value set</span><span style="color: Gray"> --&gt;</span>&lt;/description&gt;
 &lt;<a title="The status of the value set (this element must be supported or understood)" class="dict" href="valueset-definitions.htm#ValueSet.status"><span style="text-decoration: underline"><b>status</b></span></a>&gt;<span style="color: Gray">&lt;!--</span> <span style="color: brown"><b>1..1</b></span> <span style="color: darkgreen"><a href="datatypes.htm#code">code</a></span> <span style="color: navy">draft | testing | production | withdrawn | superseded</span><span style="color: Gray"> --&gt;</span>&lt;/status&gt;
 &lt;<a title="The date that the value set status was last changed" class="dict" href="valueset-definitions.htm#ValueSet.date"><b>date</b></a>&gt;<span style="color: Gray">&lt;!--</span> <span style="color: brown"><b>1..1</b></span> <span style="color: darkgreen"><a href="datatypes.htm#dateTime">dateTime</a></span> <span style="color: navy">Date for given status</span><span style="color: Gray"> --&gt;</span>&lt;/date&gt;
 &lt;<a title="The identifier that is used to identify this value set when it is referenced in a specification, model, design or an instance " class="dict" href="valueset-definitions.htm#ValueSet.identifier"><b>identifier</b></a>&gt;<span style="color: Gray">&lt;!--</span> <span style="color: brown"><b>1..1</b></span> <span style="color: darkgreen"><a href="datatypes.htm#id">id</a></span> <span style="color: navy">Logical id to reference this value set</span><span style="color: Gray"> --&gt;</span>&lt;/identifier&gt;
 &lt;<a title="The identifier that is used to identify this version of the value set when it is referenced in a specification, model, design, or instance" class="dict" href="valueset-definitions.htm#ValueSet.version"><b>version</b></a>&gt;<span style="color: Gray">&lt;!--</span> <span style="color: brown"><b>1..1</b></span> <span style="color: darkgreen"><a href="datatypes.htm#id">id</a></span> <span style="color: navy">Logical id for this version of the value set</span><span style="color: Gray"> --&gt;</span>&lt;/version&gt;
 &lt;<a title="An assertion that this value set is a restriction on another value set - that it only includes codes that are part of the other value set. The value set itself must ensure that this is true - the contents of the value set are not automatically bounded by the contents of any value set identified here. This allows profile tooling to reason about the relationships between value sets without having to determine the value set contents" class="dict" href="valueset-definitions.htm#ValueSet.restricts"><b>restricts</b></a>&gt;<span style="color: Gray">&lt;!--</span> <span style="color: brown"><b>0..*</b></span> <span style="color: darkgreen"><a href="datatypes.htm#uri">uri</a></span> <span style="color: navy">Can replace these value sets when profiling</span><span style="color: Gray"> --&gt;</span>&lt;/restricts&gt;
 &lt;<a title="Includes the contents of the referenced value set as part of the contents of this value set" class="dict" href="valueset-definitions.htm#ValueSet.import"><b>import</b></a>&gt;<span style="color: Gray">&lt;!--</span> <span title="A value set must have an include or an import" style="color: deeppink"><b>0..*</b></span> <span style="color: darkgreen"><a href="datatypes.htm#uri">uri</a></span> <span style="color: navy">Import the contents of another value set</span><span style="color: Gray"> --&gt;</span>&lt;/import&gt;
 &lt;<a title="Include one or more codes from a code system" class="dict" href="valueset-definitions.htm#ValueSet.include"><b>include</b></a>&gt;  <span style="color: Gray">&lt;!-- <span title="A value set must have an include or an import" style="color: deeppink"><b>0..*</b></span> Include one or more codes from a code system --&gt;</span>
  &lt;<a title="The code system from which the selected codes come from" class="dict" href="valueset-definitions.htm#ValueSet.include.system"><b>system</b></a>&gt;<span style="color: Gray">&lt;!--</span> <span style="color: brown"><b>1..1</b></span> <span style="color: darkgreen"><a href="datatypes.htm#uri">uri</a></span> <span style="color: navy">The system the codes come from</span><span style="color: Gray"> --&gt;</span>&lt;/system&gt;
  &lt;<a title="The version of the code system that the codes are selected from" class="dict" href="valueset-definitions.htm#ValueSet.include.version"><b>version</b></a>&gt;<span style="color: Gray">&lt;!--</span> <span style="color: brown"><b>0..1</b></span> <span style="color: darkgreen"><a href="datatypes.htm#string">string</a></span> <span style="color: navy">Specific version of the code system referred to</span><span style="color: Gray"> --&gt;</span>&lt;/version&gt;
  &lt;<a title="The mode of selection - whether the code itself, and/or its descendants are being selected " class="dict" href="valueset-definitions.htm#ValueSet.include.mode"><b>mode</b></a>&gt;<span style="color: Gray">&lt;!--</span> <span style="color: brown"><b>1..1</b></span> <span style="color: darkgreen"><a href="datatypes.htm#code">code</a></span> <span style="color: navy">code | children | descendants | all</span><span style="color: Gray"> --&gt;</span>&lt;/mode&gt;
  &lt;<a title="Specifies a code or concept to be included or excluded as specified by the mode from the value set" class="dict" href="valueset-definitions.htm#ValueSet.include.code"><b>code</b></a>&gt;<span style="color: Gray">&lt;!--</span> <span title="A value set with only one import must also have an include and/or an exclude" style="color: deeppink"><b>0..*</b></span> <span style="color: darkgreen"><a href="datatypes.htm#code">code</a></span> <span style="color: navy">Code or concept</span><span style="color: Gray"> --&gt;</span>&lt;/code&gt;
  &lt;<a title="Select concepts by specify a matching criteria based on the properties defined by the system. If multiple filters are specified, they must all be true" class="dict" href="valueset-definitions.htm#ValueSet.include.filter"><b>filter</b></a>&gt;  <span style="color: Gray">&lt;!-- <span title="A value set with only one import must also have an include and/or an exclude" style="color: deeppink"><b>0..*</b></span> Celect codes/concepts by their properties --&gt;</span>
   &lt;<a title="A code that identifies a property defined in the code system" class="dict" href="valueset-definitions.htm#ValueSet.include.filter.property"><b>property</b></a>&gt;<span style="color: Gray">&lt;!--</span> <span style="color: brown"><b>1..1</b></span> <span style="color: darkgreen"><a href="datatypes.htm#code">code</a></span> <span style="color: navy">A property defined by the code system </span><span style="color: Gray"> --&gt;</span>&lt;/property&gt;
   &lt;<a title="The kind of operation to perform as part of the filter criteria" class="dict" href="valueset-definitions.htm#ValueSet.include.filter.op"><b>op</b></a>&gt;<span style="color: Gray">&lt;!--</span> <span style="color: brown"><b>1..1</b></span> <span style="color: darkgreen"><a href="datatypes.htm#code">code</a></span> <span style="color: navy">= | is_a | is_not_a | regex</span><span style="color: Gray"> --&gt;</span>&lt;/op&gt;
   &lt;<a title="The match value may be either a code defined by the system, or a string value which is used a regex match on the literal string of the property value" class="dict" href="valueset-definitions.htm#ValueSet.include.filter.value"><b>value</b></a>&gt;<span style="color: Gray">&lt;!--</span> <span style="color: brown"><b>1..1</b></span> <span style="color: darkgreen"><a href="datatypes.htm#code">code</a></span> <span style="color: navy">Code from the system, or regex criteria</span><span style="color: Gray"> --&gt;</span>&lt;/value&gt;
  &lt;/filter&gt;
 &lt;/include&gt;
 &lt;<a title="Exclude one or more codes from the value set" class="dict" href="valueset-definitions.htm#ValueSet.exclude"><b>exclude</b></a>&gt;<span style="color: Gray">&lt;!--</span> <span title="A value set must have an include or an import" style="color: deeppink"><b>0..*</b></span> <span style="color: darkgreen">Content as for ValueSet.include</span> <span style="color: navy">Explicitly exclude codes</span><span style="color: Gray"> --&gt;</span>&lt;/exclude&gt;
 &lt;<a title="See Extensions" class="dict" href="valueset-definitions.htm#ValueSet.extension"><b>extension</b></a>&gt;<span style="color: Gray">&lt;!--</span> <span style="color: brown"><b>0..*</b></span> <span style="color: darkgreen"><a href="extensibility.htm#Extension">Extension</a></span>  <a href="extensibility.htm"><span style="color: navy">See Extensions</span></a> <span style="color: Gray"> --&gt;</span>&lt;/extension&gt;
 &lt;<a title="Text summary of value set for human interpretation" class="dict" href="valueset-definitions.htm#ValueSet.text"><b>text</b></a>&gt;<span style="color: Gray">&lt;!--</span> <span style="color: brown"><b>1..1</b></span> <span style="color: darkgreen"><a href="xml.htm#Narrative">Narrative</a></span> <span style="color: navy">Text summary of value set for human interpretation</span><span style="color: Gray"> --&gt;</span>&lt;/text&gt;
&lt;/ValueSet&gt;
</pre></div>
  </text>
</Profile>