<?xml version="1.0" encoding="UTF-8"?>
<resourceDefinitions xmlns="http://www.hl7.org/fhir" xmlns:xsi="http://www.w3.org/2001/XMLSchema-instance" xsi:schemaLocation="http://www.hl7.org/fhir definitions.xsd">
  <author>HL7</author>
  <resourceDefinition>
    <name>DocumentConformance</name>
    <elementDefinitions>
      <elementDefinition>
        <name>DocumentConformance</name>
        <cardinality>
          <minOccurs>1</minOccurs>
          <maxOccurs>1</maxOccurs>
        </cardinality>
        <conformance>Mandatory</conformance>
        <condition></condition>
        <mustUnderstand>false</mustUnderstand>
        <definition>A conformance statement about how one or more FHIR documents</definition>
        <requirements></requirements>
        <rim></rim>
      </elementDefinition>
      <elementDefinition>
        <name>DocumentConformance.id</name>
        <cardinality>
          <minOccurs>1</minOccurs>
          <maxOccurs>1</maxOccurs>
        </cardinality>
        <conformance>Mandatory</conformance>
        <condition></condition>
        <types>
          <type>id</type>
        </types>
        <mustUnderstand>false</mustUnderstand>
        <definition>Globally unique Conformance Statement Id (Must be a UUID)</definition>
        <requirements></requirements>
        <rim></rim>
      </elementDefinition>
      <elementDefinition>
        <name>DocumentConformance.date</name>
        <cardinality>
          <minOccurs>1</minOccurs>
          <maxOccurs>1</maxOccurs>
        </cardinality>
        <conformance>Mandatory</conformance>
        <condition></condition>
        <types>
          <type>dateTime</type>
        </types>
        <mustUnderstand>false</mustUnderstand>
        <definition>Date that this conformance statement is published</definition>
        <requirements></requirements>
        <rim></rim>
      </elementDefinition>
      <elementDefinition>
        <name>DocumentConformance.publisher</name>
        <cardinality>
          <minOccurs>1</minOccurs>
          <maxOccurs>1</maxOccurs>
        </cardinality>
        <conformance>Mandatory</conformance>
        <condition></condition>
        <mustUnderstand>false</mustUnderstand>
        <definition>The organization that publishes this conformance statement</definition>
        <requirements></requirements>
        <rim></rim>
      </elementDefinition>
      <elementDefinition>
        <name>DocumentConformance.publisher.name</name>
        <cardinality>
          <minOccurs>1</minOccurs>
          <maxOccurs>1</maxOccurs>
        </cardinality>
        <conformance>Mandatory</conformance>
        <condition></condition>
        <types>
          <type>string</type>
        </types>
        <mustUnderstand>false</mustUnderstand>
        <definition>Name of Organization</definition>
        <requirements></requirements>
        <rim></rim>
      </elementDefinition>
      <elementDefinition>
        <name>DocumentConformance.publisher.address</name>
        <cardinality>
          <minOccurs>0</minOccurs>
          <maxOccurs>unbounded</maxOccurs>
        </cardinality>
        <conformance>Optional</conformance>
        <condition></condition>
        <types>
          <type>Address</type>
        </types>
        <mustUnderstand>false</mustUnderstand>
        <definition>Address of Organization</definition>
        <requirements></requirements>
        <rim></rim>
      </elementDefinition>
      <elementDefinition>
        <name>DocumentConformance.publisher.contact</name>
        <cardinality>
          <minOccurs>0</minOccurs>
          <maxOccurs>unbounded</maxOccurs>
        </cardinality>
        <conformance>Optional</conformance>
        <condition></condition>
        <types>
          <type>Contact</type>
        </types>
        <mustUnderstand>false</mustUnderstand>
        <definition>Contacts for Organization</definition>
        <requirements></requirements>
        <rim></rim>
      </elementDefinition>
      <elementDefinition>
        <name>DocumentConformance.software</name>
        <cardinality>
          <minOccurs>0</minOccurs>
          <maxOccurs>1</maxOccurs>
        </cardinality>
        <conformance>Optional</conformance>
        <condition></condition>
        <mustUnderstand>false</mustUnderstand>
        <definition>The software that is covered by this conformance statement</definition>
        <requirements></requirements>
        <rim></rim>
      </elementDefinition>
      <elementDefinition>
        <name>DocumentConformance.software.name</name>
        <cardinality>
          <minOccurs>1</minOccurs>
          <maxOccurs>1</maxOccurs>
        </cardinality>
        <conformance>Mandatory</conformance>
        <condition></condition>
        <types>
          <type>string</type>
        </types>
        <mustUnderstand>false</mustUnderstand>
        <definition>Name software is known by</definition>
        <requirements></requirements>
        <rim></rim>
      </elementDefinition>
      <elementDefinition>
        <name>DocumentConformance.software.version</name>
        <cardinality>
          <minOccurs>1</minOccurs>
          <maxOccurs>1</maxOccurs>
        </cardinality>
        <conformance>Mandatory</conformance>
        <condition></condition>
        <types>
          <type>string</type>
        </types>
        <mustUnderstand>false</mustUnderstand>
        <definition>Version covered by this statement</definition>
        <requirements></requirements>
        <rim></rim>
      </elementDefinition>
      <elementDefinition>
        <name>DocumentConformance.software.releaseDate</name>
        <cardinality>
          <minOccurs>0</minOccurs>
          <maxOccurs>1</maxOccurs>
        </cardinality>
        <conformance>Optional</conformance>
        <condition></condition>
        <types>
          <type>dateTime</type>
        </types>
        <mustUnderstand>false</mustUnderstand>
        <definition>Date this version released</definition>
        <requirements></requirements>
        <rim></rim>
      </elementDefinition>
      <elementDefinition>
        <name>DocumentConformance.profile</name>
        <cardinality>
          <minOccurs>0</minOccurs>
          <maxOccurs>unbounded</maxOccurs>
        </cardinality>
        <conformance>Optional</conformance>
        <condition></condition>
        <types>
          <type>uri</type>
        </types>
        <mustUnderstand>false</mustUnderstand>
        <definition>Additional other profiles that apply to this conformance statement.</definition>
        <requirements></requirements>
        <comments> Generally these profiles make  constraints on the bindings of concept domains / value sets</comments>
        <rim></rim>
      </elementDefinition>
      <elementDefinition>
        <name>DocumentConformance.document</name>
        <cardinality>
          <minOccurs>1</minOccurs>
          <maxOccurs>unbounded</maxOccurs>
        </cardinality>
        <conformance>Mandatory</conformance>
        <condition></condition>
        <mustUnderstand>false</mustUnderstand>
        <definition>A document definition</definition>
        <requirements></requirements>
        <rim></rim>
      </elementDefinition>
      <elementDefinition>
        <name>DocumentConformance.document.name</name>
        <cardinality>
          <minOccurs>1</minOccurs>
          <maxOccurs>1</maxOccurs>
        </cardinality>
        <conformance>Mandatory</conformance>
        <condition></condition>
        <types>
          <type>string</type>
        </types>
        <mustUnderstand>false</mustUnderstand>
        <definition>Name for this particular document profile</definition>
        <requirements></requirements>
        <rim></rim>
      </elementDefinition>
      <elementDefinition>
        <name>DocumentConformance.document.purpose</name>
        <cardinality>
          <minOccurs>0</minOccurs>
          <maxOccurs>1</maxOccurs>
        </cardinality>
        <conformance>Optional</conformance>
        <condition></condition>
        <types>
          <type>string</type>
        </types>
        <mustUnderstand>false</mustUnderstand>
        <definition>Human description of this particular profile</definition>
        <requirements></requirements>
        <rim></rim>
      </elementDefinition>
      <elementDefinition>
        <name>DocumentConformance.document.resource</name>
        <cardinality>
          <minOccurs>1</minOccurs>
          <maxOccurs>unbounded</maxOccurs>
        </cardinality>
        <conformance>Mandatory</conformance>
        <condition></condition>
        <types>
          <type>Constraint</type>
        </types>
        <mustUnderstand>false</mustUnderstand>
        <definition>Constraint on a resource used in the document</definition>
        <requirements></requirements>
        <comments>The first resource is the document resource</comments>
        <rim></rim>
      </elementDefinition>
      <elementDefinition>
        <name>DocumentConformance.extensions</name>
        <cardinality>
          <minOccurs>0</minOccurs>
          <maxOccurs>1</maxOccurs>
        </cardinality>
        <conformance>Optional</conformance>
        <condition></condition>
        <mustUnderstand>false</mustUnderstand>
        <definition>See Extensions</definition>
        <requirements></requirements>
        <rim></rim>
      </elementDefinition>
      <elementDefinition>
        <name>DocumentConformance.text</name>
        <cardinality>
          <minOccurs>1</minOccurs>
          <maxOccurs>1</maxOccurs>
        </cardinality>
        <conformance>Mandatory</conformance>
        <condition></condition>
        <types>
          <type>Narrative</type>
        </types>
        <mustUnderstand>false</mustUnderstand>
        <definition>Text summary of conformance profile for human interpretation</definition>
        <requirements></requirements>
        <rim></rim>
      </elementDefinition>
    </elementDefinitions>
  </resourceDefinition>
</resourceDefinitions>

