{"Patient":{"id":"1.2.36.146595217.4.19.1","text":{"status":"generated","div":{"p":"Patient Donald DUCK @ Acme Healthcare, Inc. MR = 123456","xmlns":"http://www.w3.org/1999/xhtml"}},"person":{"id":35623,"text":"Donald DUCK, Male, 3-April 1951","type":"Person"},"link":{"id":"25bd34","type":"Patient"},"active":true,"provider":{"id":3,"text":"ACME Healthcare, Inc","type":"Organization"},"xmlns":"http://www.hl7.org/fhir","identifier":{"type":{"system":"urn:hl7-org:sid/v2-0203","code":"MR"},"identifier":{"id":123456,"system":"oid:0.1.2.3.4.5.6.7"}}}}