{"Person":{"id":34234,"text":{"status":"generated","div":{"table":{"tbody":{"tr":[{"td":["Name",{"content":["Peter James","(\"Jim\")"],"b":"Chalmers"}]},{"td":["Address","534 Erewhon, Pleasantville, Vic, 3999"]},{"td":["Contacts","Home: unknown. Work: (03) 5555 6473"]},{"td":["Id","MRN: 12345 (Acme Healthcare)"]}]}},"xmlns":"http://www.w3.org/1999/xhtml"}},"address":{"use":"home","part":[{"value":"534 Erewhon St","type":"line"},{"value":"PleasantVille","type":"city"},{"value":"Vic","type":"state"},{"value":3999,"type":"zip"}]},"dob":"1974-12-25","name":[{"use":"official","part":[{"value":"Peter","type":"given"},{"value":"James","type":"given"},{"value":"Chalmers","type":"family"}]},{"use":"usual","part":{"value":"Jim","type":"given"}}],"xmlns":"http://www.hl7.org/fhir","contact":[{"dataAbsentReason":"unknown","use":"home"},{"system":"phone","value":"(03) 5555 6473","use":"work"}],"identifier":{"assigner":{"text":"Acme Healthcare"},"period":{"low":"2001-05-06"},"type":{"system":"urn:hl7-org:sid/v2-0203","code":"MR"},"identifier":{"id":12345,"system":"oid:1.2.36.146.595.217.0.1"}}}}