{"Prescription":{"id":"1.2.36.146595217.4.19.1.3141","text":{"status":"generated","div":{"p":"Penicillin VK oral suspension, 125mg/5ml, 250 mg po tid x 10 days","xmlns":"http://www.w3.org/1999/xhtml"}},"dispense":{"dispenser":{"id":567111,"type":"Organization"},"quantity":{"value":50,"units":"ml"},"repeats":2},"patient":{"id":23453,"type":"Patient"},"reason":{"text":"general headache","coding":{"system":"urn:hl7-org:sid/icd-10","code":"G44.1"}},"status":"active","prescribed":"2011-03-04T11:45:33+01:00","prescriber":{"id":567,"type":"Agent"},"administrationRequest":{"totalPeriodicDosis":{"denominator":{"system":"urn:hl7-org:sid/ucum","value":1,"code":"d"},"numerator":{"system":"urn:hl7-org:sid/ucum","value":750,"code":"mg"}},"duration":{"system":"urn:hl7-org:sid/ucum","value":10,"code":"d"},"description":"250 mg po tid x 10 days","dosageInstruction":{"schedule":{"repeat":{"duration":{"system":"urn:hl7-org:sid/ucum","value":1,"code":"d","units":"day"},"frequency":3}},"doseQuantity":{"system":"urn:hl7-org:sid/ucum","value":250,"code":"mg"},"route":{"coding":{"system":"http://snomed.info","display":"oral administration of treatment","code":363743006}}}},"xmlns":"http://www.hl7.org/fhir","medicine":{"description":"Penicillin VK oral suspension, 125mg/5ml","inactiveIngredient":{"productCode":{"system":"urn:hl7.org:sid/atc","display":"Water","code":"YYYYY"},"quantity":{"numerator":{"system":"urn:hl7-org:sid/ucum","value":5,"code":"ml"}}},"activeIngredient":{"productCode":{"system":"urn:hl7.org:sid/atc","display":"Penicillin","code":"XXXXX"},"quantity":{"denominator":{"system":"urn:hl7-org:sid/ucum","value":5,"code":"ml"},"numerator":{"system":"urn:hl7-org:sid/ucum","value":125,"code":"mg"}}}},"identifier":{"type":{"system":"urn:hl7-org:sid/v2-0203","code":"MR"},"identifier":{"id":123456,"system":"oid:0.1.2.3.4.5.6.7"}}}}