<?xml version="1.0" encoding="UTF-8"?>

<Profile xmlns="http://www.hl7.org/fhir">
  <id>1</id>
  <name>animal</name>
  <author>
    <name>todo (committee)</name>
  </author>
  <description>An animal that has relevance to the care process -usually this is for animals that are patients.</description>
  <comments>Basic Profile for </comments>
  <status>testing</status>
  <date>20123328</date>
  <endorser>
    <name>HL7</name>
  </endorser>
  <resource>
    <type>Resource</type>
    <element>
      <path>Animal</path>
      <definition>An animal that has relevance to the care process -usually this is for animals that are patients.</definition>
      <comments>Animals differ because you need to track species and strain, and also different kind of relationships - owners</comments>
      <min>1</min>
      <max>1</max>
      <type>Resource</type>
      <conformance>Mandatory</conformance>
      <mustSupport>false</mustSupport>
      <mustUnderstand>false</mustUnderstand>
    </element>
    <element>
      <path>Animal.id</path>
      <shortDefn>Master Resource Id, always first in all resources</shortDefn>
      <definition>Master Resource Id, always first in all resources</definition>
      <min>1</min>
      <max>1</max>
      <type>id</type>
      <conformance>Mandatory</conformance>
      <mustSupport>false</mustSupport>
      <mustUnderstand>false</mustUnderstand>
    </element>
    <element>
      <path>Animal.identifier</path>
      <shortDefn>Human identifiers for this animal</shortDefn>
      <definition>Identifier for the animal that is used to identify the person across multiple disparate systems and also for face to face identification of the person</definition>
      <min>0</min>
      <max>*</max>
      <type>HumanId</type>
      <conformance>Optional</conformance>
      <mustSupport>false</mustSupport>
      <mustUnderstand>true</mustUnderstand>
    </element>
    <element>
      <path>Animal.name</path>
      <shortDefn>A name associated with the animal</shortDefn>
      <definition>A name associated with the animal. The use code maiden does not apply.</definition>
      <min>0</min>
      <max>*</max>
      <type>HumanName</type>
      <conformance>Optional</conformance>
      <mustSupport>false</mustSupport>
      <mustUnderstand>true</mustUnderstand>
    </element>
    <element>
      <path>Animal.dob</path>
      <shortDefn>The birth date for the animal</shortDefn>
      <definition>The birth date for the animal</definition>
      <min>0</min>
      <max>1</max>
      <type>dateTime</type>
      <conformance>Optional</conformance>
      <mustSupport>false</mustSupport>
      <mustUnderstand>true</mustUnderstand>
    </element>
    <element>
      <path>Animal.species</path>
      <shortDefn>Species for the Animal</shortDefn>
      <definition>Species for the animal</definition>
      <min>0</min>
      <max>1</max>
      <type>CodeableConcept</type>
      <conformance>Optional</conformance>
      <mustSupport>false</mustSupport>
      <mustUnderstand>true</mustUnderstand>
      <binding>AnimalSpecies</binding>
    </element>
    <element>
      <path>Animal.strain</path>
      <shortDefn>Strain for the Animal</shortDefn>
      <definition>Strain for the animal</definition>
      <min>0</min>
      <max>1</max>
      <type>CodeableConcept</type>
      <conformance>Optional</conformance>
      <mustSupport>false</mustSupport>
      <mustUnderstand>true</mustUnderstand>
      <binding>AnimalStrain</binding>
    </element>
    <element>
      <path>Animal.gender</path>
      <shortDefn>Gender for the Animal</shortDefn>
      <definition>Gender for the Animal</definition>
      <comments>Note that some animals have additional gender not encountered in humans?</comments>
      <min>0</min>
      <max>1</max>
      <type>CodeableConcept</type>
      <conformance>Optional</conformance>
      <mustSupport>false</mustSupport>
      <mustUnderstand>true</mustUnderstand>
      <binding>AnimalGender</binding>
    </element>
    <element>
      <path>Animal.relatedEntity</path>
      <shortDefn>Kin, owner, care giver etc</shortDefn>
      <definition>Kin, owner, care giver etc</definition>
      <min>0</min>
      <max>*</max>
      <conformance>Optional</conformance>
      <mustSupport>false</mustSupport>
      <mustUnderstand>false</mustUnderstand>
    </element>
    <element>
      <path>Animal.relatedEntity.id</path>
      <shortDefn>Identifier for the entity</shortDefn>
      <definition>Identifier for the entity</definition>
      <min>0</min>
      <max>1</max>
      <type>HumanId</type>
      <conformance>Optional</conformance>
      <mustSupport>false</mustSupport>
      <mustUnderstand>false</mustUnderstand>
    </element>
    <element>
      <path>Animal.relatedEntity.role</path>
      <shortDefn>Type of relationship</shortDefn>
      <definition>Type of relationship</definition>
      <min>1</min>
      <max>1</max>
      <type>CodeableConcept</type>
      <conformance>Mandatory</conformance>
      <mustSupport>false</mustSupport>
      <mustUnderstand>false</mustUnderstand>
      <binding>AnimalRelationship</binding>
    </element>
    <element>
      <path>Animal.relatedEntity.name</path>
      <shortDefn>Name of the related entity</shortDefn>
      <definition>Name of the related entity</definition>
      <min>0</min>
      <max>1</max>
      <type>HumanName</type>
      <conformance>Optional</conformance>
      <mustSupport>false</mustSupport>
      <mustUnderstand>false</mustUnderstand>
    </element>
    <element>
      <path>Animal.relatedEntity.address</path>
      <shortDefn>An address (usually human, but may be kin)</shortDefn>
      <definition>An address (usually human, but may be kin)</definition>
      <min>0</min>
      <max>*</max>
      <type>Address</type>
      <conformance>Optional</conformance>
      <mustSupport>false</mustSupport>
      <mustUnderstand>false</mustUnderstand>
    </element>
    <element>
      <path>Animal.relatedEntity.contact</path>
      <shortDefn>Contact details (usually for humans)</shortDefn>
      <definition>Contact details (usually for humans)</definition>
      <min>0</min>
      <max>*</max>
      <type>Contact</type>
      <conformance>Optional</conformance>
      <mustSupport>false</mustSupport>
      <mustUnderstand>false</mustUnderstand>
    </element>
    <element>
      <path>Animal.extensions</path>
      <shortDefn>See Extensions</shortDefn>
      <definition>See Extensions</definition>
      <min>0</min>
      <max>1</max>
      <conformance>Optional</conformance>
      <mustSupport>false</mustSupport>
      <mustUnderstand>false</mustUnderstand>
    </element>
    <element>
      <path>Animal.text</path>
      <shortDefn>Text summary of animal, fall back for human interpretation</shortDefn>
      <definition> </definition>
      <min>1</min>
      <max>1</max>
      <type>Narrative</type>
      <conformance>Mandatory</conformance>
      <mustSupport>false</mustSupport>
      <mustUnderstand>false</mustUnderstand>
    </element>
  </resource>
</Profile>