<?xml version="1.0" encoding="UTF-8"?>

<Profile xmlns="http://www.hl7.org/fhir">
  <id>1</id>
  <name>assessmentscale</name>
  <author>
    <name>todo (committee)</name>
  </author>
  <description>Assessment scales or scores combine the findings of individual values into a total score which can be interpreted more easily against a reference population</description>
  <comments>Basic Profile for </comments>
  <status>testing</status>
  <date>20123328</date>
  <endorser>
    <name>HL7</name>
  </endorser>
  <resource>
    <type>Resource</type>
    <element>
      <path>AssessmentScale</path>
      <definition>Assessment scales or scores combine the findings of individual values into a total score which can be interpreted more easily against a reference population</definition>
      <min>1</min>
      <max>1</max>
      <type>Resource</type>
      <conformance>Mandatory</conformance>
      <mustSupport>false</mustSupport>
      <mustUnderstand>false</mustUnderstand>
    </element>
    <element>
      <path>AssessmentScale.id</path>
      <shortDefn>Master Id, first in all resources</shortDefn>
      <definition>Master Id, first in all resources</definition>
      <min>1</min>
      <max>1</max>
      <type>id</type>
      <conformance>Mandatory</conformance>
      <mustSupport>false</mustSupport>
      <mustUnderstand>false</mustUnderstand>
    </element>
    <element>
      <path>AssessmentScale.subject</path>
      <shortDefn>Who the assessment score is about</shortDefn>
      <definition>The patient on which the assessment was performed</definition>
      <min>1</min>
      <max>1</max>
      <type>Resource(Patient)</type>
      <conformance>Mandatory</conformance>
      <mustSupport>false</mustSupport>
      <mustUnderstand>true</mustUnderstand>
    </element>
    <element>
      <path>AssessmentScale.performer</path>
      <shortDefn>Who performed the assessment</shortDefn>
      <definition>The identity of the person who performed the clinical assessment - who takes responsibility for the final assessment</definition>
      <comments>Many individuals may contribute to the process of the assessment, but only one person accepts final responsibility</comments>
      <min>1</min>
      <max>1</max>
      <type>Resource(Agent|Person)</type>
      <conformance>Mandatory</conformance>
      <mustSupport>false</mustSupport>
      <mustUnderstand>false</mustUnderstand>
    </element>
    <element>
      <path>AssessmentScale.time</path>
      <shortDefn>When the assessment was finalized</shortDefn>
      <definition>The time that the assessment score was finalized</definition>
      <comments>Performing an assessment takes place over a period of time, but only the end fo that time - when the score is finalised and becomes relevant to patient care - is recorded</comments>
      <min>1</min>
      <max>1</max>
      <type>dateTime</type>
      <conformance>Mandatory</conformance>
      <mustSupport>false</mustSupport>
      <mustUnderstand>false</mustUnderstand>
    </element>
    <element>
      <path>AssessmentScale.definition</path>
      <shortDefn>Details of how assessment was performed</shortDefn>
      <definition>Information of how the assessment was performed. </definition>
      <comments>To allow comparison between institutions. The details can be text, in place of the reference, or a reference to a formal definition</comments>
      <min>0</min>
      <max>1</max>
      <type>Resource(AssessmentDefinition)</type>
      <conformance>Optional</conformance>
      <mustSupport>false</mustSupport>
      <mustUnderstand>false</mustUnderstand>
    </element>
    <element>
      <path>AssessmentScale.interpretation</path>
      <shortDefn>What the value of the assessment means</shortDefn>
      <definition>Interpretations of the outcome of the assesment scale by the performer</definition>
      <min>0</min>
      <max>*</max>
      <type>CodeableConcept</type>
      <conformance>Optional</conformance>
      <mustSupport>false</mustSupport>
      <mustUnderstand>false</mustUnderstand>
    </element>
    <element>
      <path>AssessmentScale.score</path>
      <shortDefn>The actual score</shortDefn>
      <definition>A group that represents the actual score value</definition>
      <min>1</min>
      <max>1</max>
      <conformance>Mandatory</conformance>
      <mustSupport>false</mustSupport>
      <mustUnderstand>false</mustUnderstand>
    </element>
    <element>
      <path>AssessmentScale.score.code</path>
      <shortDefn>Indicates the type of assessment</shortDefn>
      <definition>A code that identifies the assessment scale that was performed</definition>
      <min>1</min>
      <max>1</max>
      <type>CodeableConcept</type>
      <conformance>Mandatory</conformance>
      <mustSupport>false</mustSupport>
      <mustUnderstand>true</mustUnderstand>
      <binding>AssessmentScaleType</binding>
    </element>
    <element>
      <path>AssessmentScale.score.value[x]</path>
      <shortDefn>Outcome of the assessment</shortDefn>
      <definition>The outcome of the assessment - some sort of score, or coded value outcome</definition>
      <min>0</min>
      <max>1</max>
      <type>Quantity</type>
      <type>CodeableConcept</type>
      <type>Choice</type>
      <type>boolean</type>
      <conformance>Mandatory</conformance>
      <mustSupport>false</mustSupport>
      <mustUnderstand>true</mustUnderstand>
    </element>
    <element>
      <path>AssessmentScale.score.score</path>
      <shortDefn>Nested Score elements</shortDefn>
      <definition>Nested Scores - sub-scores that contribute to the overall score. A score is an aggregate based on a series of data</definition>
      <comments>There is no formal limit on the levels of nesting, but no subscores are expected to contain more than 3 levels</comments>
      <min>0</min>
      <max>*</max>
      <conformance>Conditional</conformance>
      <condition>A score must have sub items, either score or data or both</condition>
      <mustSupport>false</mustSupport>
      <mustUnderstand>false</mustUnderstand>
    </element>
    <element>
      <path>AssessmentScale.score.score.#</path>
      <min>1</min>
      <max>1</max>
      <type>@AssessmentScale.score</type>
      <conformance>Mandatory</conformance>
      <mustSupport>false</mustSupport>
      <mustUnderstand>false</mustUnderstand>
    </element>
    <element>
      <path>AssessmentScale.score.measure</path>
      <shortDefn>Data from which the score is derived</shortDefn>
      <definition>The actual data items from which the score is derived. Each score must have at least one data item on which it is based</definition>
      <min>0</min>
      <max>*</max>
      <conformance>Conditional</conformance>
      <condition>A score must have sub items, either score or data or both</condition>
      <mustSupport>false</mustSupport>
      <mustUnderstand>false</mustUnderstand>
    </element>
    <element>
      <path>AssessmentScale.score.measure.code</path>
      <shortDefn>What this value represents</shortDefn>
      <definition>Identifies the type of measure</definition>
      <min>0</min>
      <max>*</max>
      <type>CodeableConcept</type>
      <conformance>Mandatory</conformance>
      <mustSupport>false</mustSupport>
      <mustUnderstand>false</mustUnderstand>
      <binding>AssessmentScaleMeasure</binding>
    </element>
    <element>
      <path>AssessmentScale.score.measure.value[x]</path>
      <shortDefn>actual value</shortDefn>
      <definition>the value of the measure</definition>
      <min>0</min>
      <max>1</max>
      <type>Quantity</type>
      <type>CodeableConcept</type>
      <type>Choice</type>
      <type>boolean</type>
      <conformance>Optional</conformance>
      <mustSupport>false</mustSupport>
      <mustUnderstand>false</mustUnderstand>
    </element>
    <element>
      <path>AssessmentScale.score.measure.time</path>
      <shortDefn>when the value was measured</shortDefn>
      <definition>when the value was measured</definition>
      <min>0</min>
      <max>1</max>
      <type>dateTime</type>
      <conformance>Optional</conformance>
      <mustSupport>false</mustSupport>
      <mustUnderstand>false</mustUnderstand>
    </element>
    <element>
      <path>AssessmentScale.score.measure.source</path>
      <shortDefn>source reference for further information</shortDefn>
      <definition>Reference to the actual measure in it&#39;s original context where additional information may be found</definition>
      <comments>It&#39;s not necessary for measures to have an additional source; they may be made as part of the assessment sale directly. However it is common for scales to draw in data definitely sourced elsewhere, such as from diagnostic reports</comments>
      <min>0</min>
      <max>1</max>
      <type>Resource(Any)</type>
      <conformance>Optional</conformance>
      <mustSupport>false</mustSupport>
      <mustUnderstand>false</mustUnderstand>
    </element>
    <element>
      <path>AssessmentScale.reason</path>
      <shortDefn>why the assessment was performed</shortDefn>
      <definition>The reason that the assessment was performed</definition>
      <min>0</min>
      <max>1</max>
      <type>string</type>
      <conformance>Optional</conformance>
      <mustSupport>false</mustSupport>
      <mustUnderstand>false</mustUnderstand>
    </element>
    <element>
      <path>AssessmentScale.extensions</path>
      <shortDefn>See Extensions</shortDefn>
      <definition>See Extensions</definition>
      <min>0</min>
      <max>1</max>
      <conformance>Optional</conformance>
      <mustSupport>false</mustSupport>
      <mustUnderstand>false</mustUnderstand>
    </element>
    <element>
      <path>AssessmentScale.text</path>
      <shortDefn>Text summary of [template] for human interpretation</shortDefn>
      <definition>Text summary of [template] for human interpretation</definition>
      <min>1</min>
      <max>1</max>
      <type>Narrative</type>
      <conformance>Mandatory</conformance>
      <mustSupport>false</mustSupport>
      <mustUnderstand>false</mustUnderstand>
    </element>
  </resource>
</Profile>