{"AssessmentScale":{"id":2342342134134,"text":{"status":"generated","div":{"content":"Fill this out....","xmlns":"http://www.w3.org/1999/xhtml"}},"time":"2012-05-23T07:43:00","reason":"?Anorexia Nervosa","subject":{"id":"25bd34","type":"Patient"},"score":{"code":{"coding":[{"system":"urn:hl7-org:sid/loinc","display":"Body mass index","code":"39156-5"},{"system":"http://snomed.info","display":"Body mass index","code":60621009}]},"valueQuantity":{"value":18}},"performer":{"id":1,"type":"Agent"},"xmlns":"http://www.hl7.org/fhir","interpretation":[{"coding":{"system":"http://snomed.info","display":"Abnormal","code":263654008}},{"coding":{"system":"http://snomed.info","display":"Underweight","code":248342006}}]}}