<?xml version="1.0" encoding="UTF-8"?>

<Profile xmlns="http://www.hl7.org/fhir">
  <id>1</id>
  <name>conformance</name>
  <author>
    <name>todo (committee)</name>
  </author>
  <description>A conformance statement about how an application supports FHIR</description>
  <comments>Basic Profile for </comments>
  <status>testing</status>
  <date>20123228</date>
  <endorser>
    <name>HL7</name>
  </endorser>
  <resource>
    <type>Resource</type>
    <element>
      <path>Conformance</path>
      <definition>A conformance statement about how an application supports FHIR</definition>
      <min>1</min>
      <max>1</max>
      <type>Resource</type>
      <conformance>Mandatory</conformance>
      <mustSupport>false</mustSupport>
      <mustUnderstand>false</mustUnderstand>
    </element>
    <element>
      <path>Conformance.id</path>
      <shortDefn>ConformanceStatement Id (UUID)</shortDefn>
      <definition>Globally unique Conformance Statement Id (Must be a UUID)</definition>
      <min>1</min>
      <max>1</max>
      <type>id</type>
      <conformance>Mandatory</conformance>
      <mustSupport>false</mustSupport>
      <mustUnderstand>false</mustUnderstand>
    </element>
    <element>
      <path>Conformance.date</path>
      <shortDefn>Publication Date</shortDefn>
      <definition>Date that the conformance statement is published</definition>
      <min>1</min>
      <max>1</max>
      <type>dateTime</type>
      <conformance>Mandatory</conformance>
      <mustSupport>false</mustSupport>
      <mustUnderstand>false</mustUnderstand>
    </element>
    <element>
      <path>Conformance.publisher</path>
      <definition>The organization that publishes this conformance statement</definition>
      <min>1</min>
      <max>1</max>
      <conformance>Mandatory</conformance>
      <mustSupport>false</mustSupport>
      <mustUnderstand>false</mustUnderstand>
    </element>
    <element>
      <path>Conformance.publisher.name</path>
      <shortDefn>Publishing Organization</shortDefn>
      <definition>Name of Organization</definition>
      <min>1</min>
      <max>1</max>
      <type>string</type>
      <conformance>Mandatory</conformance>
      <mustSupport>false</mustSupport>
      <mustUnderstand>false</mustUnderstand>
    </element>
    <element>
      <path>Conformance.publisher.address</path>
      <shortDefn>Address of Organization</shortDefn>
      <definition>Address of Organization</definition>
      <min>0</min>
      <max>*</max>
      <type>Address</type>
      <conformance>Optional</conformance>
      <mustSupport>false</mustSupport>
      <mustUnderstand>false</mustUnderstand>
    </element>
    <element>
      <path>Conformance.publisher.contact</path>
      <shortDefn>Contacts for Organization</shortDefn>
      <definition>Contacts for Organization</definition>
      <min>0</min>
      <max>*</max>
      <type>Contact</type>
      <conformance>Optional</conformance>
      <mustSupport>false</mustSupport>
      <mustUnderstand>false</mustUnderstand>
    </element>
    <element>
      <path>Conformance.software</path>
      <definition>The software that is covered by this conformance statement</definition>
      <min>1</min>
      <max>1</max>
      <conformance>Mandatory</conformance>
      <mustSupport>false</mustSupport>
      <mustUnderstand>false</mustUnderstand>
    </element>
    <element>
      <path>Conformance.software.name</path>
      <shortDefn>Name software is known by</shortDefn>
      <definition>Name software is known by</definition>
      <min>1</min>
      <max>1</max>
      <type>string</type>
      <conformance>Mandatory</conformance>
      <mustSupport>false</mustSupport>
      <mustUnderstand>false</mustUnderstand>
    </element>
    <element>
      <path>Conformance.software.version</path>
      <shortDefn>Version covered by this statement</shortDefn>
      <definition>Version covered by this statement</definition>
      <min>1</min>
      <max>1</max>
      <type>string</type>
      <conformance>Mandatory</conformance>
      <mustSupport>false</mustSupport>
      <mustUnderstand>false</mustUnderstand>
    </element>
    <element>
      <path>Conformance.software.releaseDate</path>
      <shortDefn>Date this version released</shortDefn>
      <definition>Date this version released</definition>
      <min>0</min>
      <max>1</max>
      <type>dateTime</type>
      <conformance>Optional</conformance>
      <mustSupport>false</mustSupport>
      <mustUnderstand>false</mustUnderstand>
    </element>
    <element>
      <path>Conformance.version</path>
      <shortDefn>FHIR Version</shortDefn>
      <definition>The version of the FHIR specification on which this conformance profile is based</definition>
      <min>1</min>
      <max>1</max>
      <type>id</type>
      <conformance>Mandatory</conformance>
      <mustSupport>false</mustSupport>
      <mustUnderstand>false</mustUnderstand>
    </element>
    <element>
      <path>Conformance.acceptUnknown</path>
      <shortDefn>true if application accepts unknown elements</shortDefn>
      <definition>Whether the application accepts unknown elements as part of a resource. This does not include extensions, but genuine new additions to a resource</definition>
      <comments>Note that </comments>
      <min>1</min>
      <max>1</max>
      <type>boolean</type>
      <conformance>Mandatory</conformance>
      <mustSupport>false</mustSupport>
      <mustUnderstand>false</mustUnderstand>
    </element>
    <element>
      <path>Conformance.rest</path>
      <min>0</min>
      <max>1</max>
      <conformance>Conditional</conformance>
      <condition>A Conformance profile must have at least one of rest, messages, or document</condition>
      <mustSupport>false</mustSupport>
      <mustUnderstand>false</mustUnderstand>
    </element>
    <element>
      <path>Conformance.rest.mode</path>
      <shortDefn>client | server</shortDefn>
      <definition>client | server</definition>
      <min>1</min>
      <max>1</max>
      <type>code</type>
      <conformance>Mandatory</conformance>
      <mustSupport>false</mustSupport>
      <mustUnderstand>false</mustUnderstand>
      <binding>RestfulConformanceMode</binding>
    </element>
    <element>
      <path>Conformance.rest.resource</path>
      <min>1</min>
      <max>*</max>
      <conformance>Optional</conformance>
      <mustSupport>false</mustSupport>
      <mustUnderstand>false</mustUnderstand>
    </element>
    <element>
      <path>Conformance.rest.resource.type</path>
      <shortDefn>resource type</shortDefn>
      <definition>resource type</definition>
      <min>1</min>
      <max>1</max>
      <type>code</type>
      <conformance>Mandatory</conformance>
      <mustSupport>false</mustSupport>
      <mustUnderstand>false</mustUnderstand>
      <binding>ResourceType</binding>
    </element>
    <element>
      <path>Conformance.rest.resource.profile</path>
      <shortDefn>other profiles that apply (i.e. code binding rules)</shortDefn>
      <definition>Additional other profiles that apply to this conformance statement.</definition>
      <comments> Generally these profiles make  constraints on the bindings of concept domains / value sets</comments>
      <min>0</min>
      <max>1</max>
      <type>uri</type>
      <conformance>Optional</conformance>
      <mustSupport>false</mustSupport>
      <mustUnderstand>false</mustUnderstand>
    </element>
    <element>
      <path>Conformance.rest.resource.update</path>
      <shortDefn>if supported</shortDefn>
      <definition>if supported</definition>
      <min>0</min>
      <max>1</max>
      <type>boolean</type>
      <conformance>Optional</conformance>
      <mustSupport>false</mustSupport>
      <mustUnderstand>false</mustUnderstand>
    </element>
    <element>
      <path>Conformance.rest.resource.delete</path>
      <shortDefn>if supported</shortDefn>
      <definition>if supported</definition>
      <min>0</min>
      <max>1</max>
      <type>boolean</type>
      <conformance>Optional</conformance>
      <mustSupport>false</mustSupport>
      <mustUnderstand>false</mustUnderstand>
    </element>
    <element>
      <path>Conformance.rest.resource.validate</path>
      <shortDefn>if supported</shortDefn>
      <definition>if supported</definition>
      <min>0</min>
      <max>1</max>
      <type>boolean</type>
      <conformance>Optional</conformance>
      <mustSupport>false</mustSupport>
      <mustUnderstand>false</mustUnderstand>
    </element>
    <element>
      <path>Conformance.rest.resource.history</path>
      <shortDefn>if supported</shortDefn>
      <definition>if supported</definition>
      <min>0</min>
      <max>1</max>
      <type>boolean</type>
      <conformance>Optional</conformance>
      <mustSupport>false</mustSupport>
      <mustUnderstand>false</mustUnderstand>
    </element>
    <element>
      <path>Conformance.rest.resource.search</path>
      <shortDefn>only if supported</shortDefn>
      <definition>only if supported</definition>
      <min>0</min>
      <max>1</max>
      <conformance>Optional</conformance>
      <mustSupport>false</mustSupport>
      <mustUnderstand>false</mustUnderstand>
    </element>
    <element>
      <path>Conformance.rest.resource.search.param</path>
      <shortDefn>search params supported</shortDefn>
      <definition>search params supported</definition>
      <min>1</min>
      <max>*</max>
      <conformance>Mandatory</conformance>
      <mustSupport>false</mustSupport>
      <mustUnderstand>false</mustUnderstand>
    </element>
    <element>
      <path>Conformance.rest.resource.search.param.name</path>
      <shortDefn>name of search parameter</shortDefn>
      <definition>name of search parameter</definition>
      <min>1</min>
      <max>1</max>
      <type>string</type>
      <conformance>Mandatory</conformance>
      <mustSupport>false</mustSupport>
      <mustUnderstand>false</mustUnderstand>
    </element>
    <element>
      <path>Conformance.rest.resource.search.param.documentation</path>
      <shortDefn>contents and meaning of search parameter</shortDefn>
      <definition>contents and meaning of search parameter</definition>
      <min>0</min>
      <max>1</max>
      <type>string</type>
      <conformance>Optional</conformance>
      <mustSupport>false</mustSupport>
      <mustUnderstand>false</mustUnderstand>
    </element>
    <element>
      <path>Conformance.rest.resource.create</path>
      <shortDefn>if supported</shortDefn>
      <definition>if supported</definition>
      <min>0</min>
      <max>1</max>
      <type>boolean</type>
      <conformance>Optional</conformance>
      <mustSupport>false</mustSupport>
      <mustUnderstand>false</mustUnderstand>
    </element>
    <element>
      <path>Conformance.rest.resource.updates</path>
      <shortDefn>if supported</shortDefn>
      <definition>if supported</definition>
      <min>0</min>
      <max>1</max>
      <type>boolean</type>
      <conformance>Optional</conformance>
      <mustSupport>false</mustSupport>
      <mustUnderstand>false</mustUnderstand>
    </element>
    <element>
      <path>Conformance.rest.resource.updates.param</path>
      <shortDefn>update filter params supported</shortDefn>
      <definition>update filter params supported</definition>
      <min>0</min>
      <max>*</max>
      <type>string</type>
      <conformance>Mandatory</conformance>
      <mustSupport>false</mustSupport>
      <mustUnderstand>false</mustUnderstand>
    </element>
    <element>
      <path>Conformance.messaging</path>
      <definition>An event supported by the application</definition>
      <min>0</min>
      <max>1</max>
      <conformance>Conditional</conformance>
      <condition>A Conformance profile must have at least one of rest, messages, or document</condition>
      <mustSupport>false</mustSupport>
      <mustUnderstand>false</mustUnderstand>
    </element>
    <element>
      <path>Conformance.messaging.endpoint</path>
      <shortDefn>Actual endpoint being described</shortDefn>
      <definition>Actual endpoint being described</definition>
      <min>0</min>
      <max>1</max>
      <type>uri</type>
      <conformance>Optional</conformance>
      <mustSupport>false</mustSupport>
      <mustUnderstand>false</mustUnderstand>
    </element>
    <element>
      <path>Conformance.messaging.event</path>
      <shortDefn>Declare support for this event</shortDefn>
      <definition>The code for the event</definition>
      <min>1</min>
      <max>*</max>
      <conformance>Mandatory</conformance>
      <mustSupport>false</mustSupport>
      <mustUnderstand>false</mustUnderstand>
    </element>
    <element>
      <path>Conformance.messaging.event.code</path>
      <shortDefn>Which resource if event has multiple</shortDefn>
      <definition>The focal resource for the event</definition>
      <min>1</min>
      <max>1</max>
      <type>code</type>
      <conformance>Mandatory</conformance>
      <mustSupport>false</mustSupport>
      <mustUnderstand>false</mustUnderstand>
      <binding>MessageEvent</binding>
    </element>
    <element>
      <path>Conformance.messaging.event.mode</path>
      <shortDefn>Sender | Receiver</shortDefn>
      <definition>The mode of this event declaration - whether application is sender or receiver</definition>
      <min>1</min>
      <max>1</max>
      <type>code</type>
      <conformance>Mandatory</conformance>
      <mustSupport>false</mustSupport>
      <mustUnderstand>false</mustUnderstand>
      <binding>ConformanceEventMode</binding>
    </element>
    <element>
      <path>Conformance.messaging.event.focus</path>
      <shortDefn>if the event code supports multiple resources</shortDefn>
      <definition>if the event code supports multiple resources</definition>
      <min>0</min>
      <max>1</max>
      <type>code</type>
      <conformance>Conditional</conformance>
      <condition>This must be provided if the event type supports multiple different resource types</condition>
      <mustSupport>false</mustSupport>
      <mustUnderstand>false</mustUnderstand>
      <binding>ResourceType</binding>
    </element>
    <element>
      <path>Conformance.messaging.event.request</path>
      <shortDefn>Profile that describes the request</shortDefn>
      <definition>Information about the request for this event</definition>
      <min>0</min>
      <max>1</max>
      <type>uri</type>
      <conformance>Optional</conformance>
      <mustSupport>false</mustSupport>
      <mustUnderstand>false</mustUnderstand>
    </element>
    <element>
      <path>Conformance.messaging.event.response</path>
      <shortDefn>Profile that describes the response</shortDefn>
      <definition>Information about the response for this event</definition>
      <min>0</min>
      <max>1</max>
      <type>uri</type>
      <conformance>Optional</conformance>
      <mustSupport>false</mustSupport>
      <mustUnderstand>false</mustUnderstand>
    </element>
    <element>
      <path>Conformance.document</path>
      <shortDefn>document definition</shortDefn>
      <definition>A document definition</definition>
      <min>0</min>
      <max>*</max>
      <conformance>Conditional</conformance>
      <condition>A Conformance profile must have at least one of rest, messages, or document</condition>
      <mustSupport>false</mustSupport>
      <mustUnderstand>false</mustUnderstand>
    </element>
    <element>
      <path>Conformance.document.name</path>
      <shortDefn>Name for this particular document profile</shortDefn>
      <definition>Name for this particular document profile</definition>
      <min>1</min>
      <max>1</max>
      <type>string</type>
      <conformance>Mandatory</conformance>
      <mustSupport>false</mustSupport>
      <mustUnderstand>false</mustUnderstand>
    </element>
    <element>
      <path>Conformance.document.purpose</path>
      <shortDefn>Human description of this particular profile</shortDefn>
      <definition>Human description of this particular profile</definition>
      <min>0</min>
      <max>1</max>
      <type>string</type>
      <conformance>Optional</conformance>
      <mustSupport>false</mustSupport>
      <mustUnderstand>false</mustUnderstand>
    </element>
    <element>
      <path>Conformance.document.profile</path>
      <shortDefn>Constraint on a resource used in the document</shortDefn>
      <definition>Constraint on a resource used in the document</definition>
      <comments>The first resource is the document resource</comments>
      <min>1</min>
      <max>1</max>
      <type>uri</type>
      <conformance>Mandatory</conformance>
      <mustSupport>false</mustSupport>
      <mustUnderstand>false</mustUnderstand>
    </element>
    <element>
      <path>Conformance.extensions</path>
      <shortDefn>See Extensions</shortDefn>
      <definition>See Extensions</definition>
      <min>0</min>
      <max>1</max>
      <conformance>Optional</conformance>
      <mustSupport>false</mustSupport>
      <mustUnderstand>false</mustUnderstand>
    </element>
    <element>
      <path>Conformance.text</path>
      <shortDefn>Text summary of conformance profile for human interpretation</shortDefn>
      <definition>Text summary of conformance profile for human interpretation</definition>
      <min>1</min>
      <max>1</max>
      <type>Narrative</type>
      <conformance>Mandatory</conformance>
      <mustSupport>false</mustSupport>
      <mustUnderstand>false</mustUnderstand>
    </element>
  </resource>
</Profile>