<?xml version="1.0" encoding="UTF-8"?>
<resourceDefinitions xmlns="http://www.hl7.org/fhir" xmlns:xsi="http://www.w3.org/2001/XMLSchema-instance" xsi:schemaLocation="http://www.hl7.org/fhir definitions.xsd">
  <author>HL7</author>
  <resourceDefinition>
    <name>Conformance</name>
    <elementDefinitions>
      <elementDefinition>
        <name>Conformance</name>
        <cardinality>
          <minOccurs>1</minOccurs>
          <maxOccurs>1</maxOccurs>
        </cardinality>
        <conformance>Mandatory</conformance>
        <condition></condition>
        <mustUnderstand>false</mustUnderstand>
        <definition>A conformance statement about how an application supports FHIR</definition>
        <requirements></requirements>
        <rim></rim>
      </elementDefinition>
      <elementDefinition>
        <name>Conformance.id</name>
        <cardinality>
          <minOccurs>1</minOccurs>
          <maxOccurs>1</maxOccurs>
        </cardinality>
        <conformance>Mandatory</conformance>
        <condition></condition>
        <types>
          <type>id</type>
        </types>
        <mustUnderstand>false</mustUnderstand>
        <definition>Globally unique Conformance Statement Id (Must be a UUID)</definition>
        <requirements></requirements>
        <rim></rim>
      </elementDefinition>
      <elementDefinition>
        <name>Conformance.date</name>
        <cardinality>
          <minOccurs>1</minOccurs>
          <maxOccurs>1</maxOccurs>
        </cardinality>
        <conformance>Mandatory</conformance>
        <condition></condition>
        <types>
          <type>dateTime</type>
        </types>
        <mustUnderstand>false</mustUnderstand>
        <definition>Date that the conformance statement is published</definition>
        <requirements></requirements>
        <rim></rim>
      </elementDefinition>
      <elementDefinition>
        <name>Conformance.publisher</name>
        <cardinality>
          <minOccurs>1</minOccurs>
          <maxOccurs>1</maxOccurs>
        </cardinality>
        <conformance>Mandatory</conformance>
        <condition></condition>
        <mustUnderstand>false</mustUnderstand>
        <definition>The organization that publishes this conformance statement</definition>
        <requirements></requirements>
        <rim></rim>
      </elementDefinition>
      <elementDefinition>
        <name>Conformance.publisher.name</name>
        <cardinality>
          <minOccurs>1</minOccurs>
          <maxOccurs>1</maxOccurs>
        </cardinality>
        <conformance>Mandatory</conformance>
        <condition></condition>
        <types>
          <type>string</type>
        </types>
        <mustUnderstand>false</mustUnderstand>
        <definition>Name of Organization</definition>
        <requirements></requirements>
        <rim></rim>
      </elementDefinition>
      <elementDefinition>
        <name>Conformance.publisher.address</name>
        <cardinality>
          <minOccurs>0</minOccurs>
          <maxOccurs>unbounded</maxOccurs>
        </cardinality>
        <conformance>Optional</conformance>
        <condition></condition>
        <types>
          <type>Address</type>
        </types>
        <mustUnderstand>false</mustUnderstand>
        <definition>Address of Organization</definition>
        <requirements></requirements>
        <rim></rim>
      </elementDefinition>
      <elementDefinition>
        <name>Conformance.publisher.contact</name>
        <cardinality>
          <minOccurs>0</minOccurs>
          <maxOccurs>unbounded</maxOccurs>
        </cardinality>
        <conformance>Optional</conformance>
        <condition></condition>
        <types>
          <type>Contact</type>
        </types>
        <mustUnderstand>false</mustUnderstand>
        <definition>Contacts for Organization</definition>
        <requirements></requirements>
        <rim></rim>
      </elementDefinition>
      <elementDefinition>
        <name>Conformance.software</name>
        <cardinality>
          <minOccurs>1</minOccurs>
          <maxOccurs>1</maxOccurs>
        </cardinality>
        <conformance>Mandatory</conformance>
        <condition></condition>
        <mustUnderstand>false</mustUnderstand>
        <definition>The software that is covered by this conformance statement</definition>
        <requirements></requirements>
        <rim></rim>
      </elementDefinition>
      <elementDefinition>
        <name>Conformance.software.name</name>
        <cardinality>
          <minOccurs>1</minOccurs>
          <maxOccurs>1</maxOccurs>
        </cardinality>
        <conformance>Mandatory</conformance>
        <condition></condition>
        <types>
          <type>string</type>
        </types>
        <mustUnderstand>false</mustUnderstand>
        <definition>Name software is known by</definition>
        <requirements></requirements>
        <rim></rim>
      </elementDefinition>
      <elementDefinition>
        <name>Conformance.software.version</name>
        <cardinality>
          <minOccurs>1</minOccurs>
          <maxOccurs>1</maxOccurs>
        </cardinality>
        <conformance>Mandatory</conformance>
        <condition></condition>
        <types>
          <type>string</type>
        </types>
        <mustUnderstand>false</mustUnderstand>
        <definition>Version covered by this statement</definition>
        <requirements></requirements>
        <rim></rim>
      </elementDefinition>
      <elementDefinition>
        <name>Conformance.software.releaseDate</name>
        <cardinality>
          <minOccurs>0</minOccurs>
          <maxOccurs>1</maxOccurs>
        </cardinality>
        <conformance>Optional</conformance>
        <condition></condition>
        <types>
          <type>dateTime</type>
        </types>
        <mustUnderstand>false</mustUnderstand>
        <definition>Date this version released</definition>
        <requirements></requirements>
        <rim></rim>
      </elementDefinition>
      <elementDefinition>
        <name>Conformance.version</name>
        <cardinality>
          <minOccurs>1</minOccurs>
          <maxOccurs>1</maxOccurs>
        </cardinality>
        <conformance>Mandatory</conformance>
        <condition></condition>
        <types>
          <type>id</type>
        </types>
        <mustUnderstand>false</mustUnderstand>
        <definition>The version of the FHIR specification on which this conformance profile is based</definition>
        <requirements></requirements>
        <rim></rim>
      </elementDefinition>
      <elementDefinition>
        <name>Conformance.acceptUnknown</name>
        <cardinality>
          <minOccurs>1</minOccurs>
          <maxOccurs>1</maxOccurs>
        </cardinality>
        <conformance>Mandatory</conformance>
        <condition></condition>
        <types>
          <type>boolean</type>
        </types>
        <mustUnderstand>false</mustUnderstand>
        <definition>Whether the application accepts unknown elements as part of a resource. This does not include extensions, but genuine new additions to a resource</definition>
        <requirements></requirements>
        <comments>Note that </comments>
        <rim></rim>
      </elementDefinition>
      <elementDefinition>
        <name>Conformance.rest</name>
        <cardinality>
          <minOccurs>0</minOccurs>
          <maxOccurs>1</maxOccurs>
        </cardinality>
        <conformance>Conditional</conformance>
        <condition>A Conformance profile must have at least one of rest, messages, or document</condition>
        <mustUnderstand>false</mustUnderstand>
        <definition></definition>
        <requirements></requirements>
        <rim></rim>
      </elementDefinition>
      <elementDefinition>
        <name>Conformance.rest.mode</name>
        <cardinality>
          <minOccurs>1</minOccurs>
          <maxOccurs>1</maxOccurs>
        </cardinality>
        <conformance>Mandatory</conformance>
        <condition></condition>
        <types>
          <type>code</type>
        </types>
        <conceptDomain>RestfulConformanceMode</conceptDomain>
        <mustUnderstand>false</mustUnderstand>
        <definition>client | server</definition>
        <requirements></requirements>
        <rim></rim>
      </elementDefinition>
      <elementDefinition>
        <name>Conformance.rest.resource</name>
        <cardinality>
          <minOccurs>1</minOccurs>
          <maxOccurs>unbounded</maxOccurs>
        </cardinality>
        <conformance></conformance>
        <condition></condition>
        <mustUnderstand>false</mustUnderstand>
        <definition></definition>
        <requirements></requirements>
        <rim></rim>
      </elementDefinition>
      <elementDefinition>
        <name>Conformance.rest.resource.type</name>
        <cardinality>
          <minOccurs>1</minOccurs>
          <maxOccurs>1</maxOccurs>
        </cardinality>
        <conformance>Mandatory</conformance>
        <condition></condition>
        <types>
          <type>code</type>
        </types>
        <conceptDomain>ResourceType</conceptDomain>
        <mustUnderstand>false</mustUnderstand>
        <definition>resource type</definition>
        <requirements></requirements>
        <rim></rim>
      </elementDefinition>
      <elementDefinition>
        <name>Conformance.rest.resource.profile</name>
        <cardinality>
          <minOccurs>0</minOccurs>
          <maxOccurs>1</maxOccurs>
        </cardinality>
        <conformance>Optional</conformance>
        <condition></condition>
        <types>
          <type>uri</type>
        </types>
        <mustUnderstand>false</mustUnderstand>
        <definition>Additional other profiles that apply to this conformance statement.</definition>
        <requirements></requirements>
        <comments> Generally these profiles make  constraints on the bindings of concept domains / value sets</comments>
        <rim></rim>
      </elementDefinition>
      <elementDefinition>
        <name>Conformance.rest.resource.update</name>
        <cardinality>
          <minOccurs>0</minOccurs>
          <maxOccurs>1</maxOccurs>
        </cardinality>
        <conformance>Optional</conformance>
        <condition></condition>
        <types>
          <type>boolean</type>
        </types>
        <mustUnderstand>false</mustUnderstand>
        <definition>if supported</definition>
        <requirements></requirements>
        <rim></rim>
      </elementDefinition>
      <elementDefinition>
        <name>Conformance.rest.resource.delete</name>
        <cardinality>
          <minOccurs>0</minOccurs>
          <maxOccurs>1</maxOccurs>
        </cardinality>
        <conformance>Optional</conformance>
        <condition></condition>
        <types>
          <type>boolean</type>
        </types>
        <mustUnderstand>false</mustUnderstand>
        <definition>if supported</definition>
        <requirements></requirements>
        <rim></rim>
      </elementDefinition>
      <elementDefinition>
        <name>Conformance.rest.resource.validate</name>
        <cardinality>
          <minOccurs>0</minOccurs>
          <maxOccurs>1</maxOccurs>
        </cardinality>
        <conformance>Optional</conformance>
        <condition></condition>
        <types>
          <type>boolean</type>
        </types>
        <mustUnderstand>false</mustUnderstand>
        <definition>if supported</definition>
        <requirements></requirements>
        <rim></rim>
      </elementDefinition>
      <elementDefinition>
        <name>Conformance.rest.resource.history</name>
        <cardinality>
          <minOccurs>0</minOccurs>
          <maxOccurs>1</maxOccurs>
        </cardinality>
        <conformance>Optional</conformance>
        <condition></condition>
        <types>
          <type>boolean</type>
        </types>
        <mustUnderstand>false</mustUnderstand>
        <definition>if supported</definition>
        <requirements></requirements>
        <rim></rim>
      </elementDefinition>
      <elementDefinition>
        <name>Conformance.rest.resource.search</name>
        <cardinality>
          <minOccurs>0</minOccurs>
          <maxOccurs>1</maxOccurs>
        </cardinality>
        <conformance>Optional</conformance>
        <condition></condition>
        <mustUnderstand>false</mustUnderstand>
        <definition>only if supported</definition>
        <requirements></requirements>
        <rim></rim>
      </elementDefinition>
      <elementDefinition>
        <name>Conformance.rest.resource.search.param</name>
        <cardinality>
          <minOccurs>1</minOccurs>
          <maxOccurs>unbounded</maxOccurs>
        </cardinality>
        <conformance>Mandatory</conformance>
        <condition></condition>
        <mustUnderstand>false</mustUnderstand>
        <definition>search params supported</definition>
        <requirements></requirements>
        <rim></rim>
      </elementDefinition>
      <elementDefinition>
        <name>Conformance.rest.resource.search.param.name</name>
        <cardinality>
          <minOccurs>1</minOccurs>
          <maxOccurs>1</maxOccurs>
        </cardinality>
        <conformance>Mandatory</conformance>
        <condition></condition>
        <types>
          <type>string</type>
        </types>
        <mustUnderstand>false</mustUnderstand>
        <definition>name of search parameter</definition>
        <requirements></requirements>
        <rim></rim>
      </elementDefinition>
      <elementDefinition>
        <name>Conformance.rest.resource.search.param.documentation</name>
        <cardinality>
          <minOccurs>0</minOccurs>
          <maxOccurs>1</maxOccurs>
        </cardinality>
        <conformance>Optional</conformance>
        <condition></condition>
        <types>
          <type>string</type>
        </types>
        <mustUnderstand>false</mustUnderstand>
        <definition>contents and meaning of search parameter</definition>
        <requirements></requirements>
        <rim></rim>
      </elementDefinition>
      <elementDefinition>
        <name>Conformance.rest.resource.create</name>
        <cardinality>
          <minOccurs>0</minOccurs>
          <maxOccurs>1</maxOccurs>
        </cardinality>
        <conformance>Optional</conformance>
        <condition></condition>
        <types>
          <type>boolean</type>
        </types>
        <mustUnderstand>false</mustUnderstand>
        <definition>if supported</definition>
        <requirements></requirements>
        <rim></rim>
      </elementDefinition>
      <elementDefinition>
        <name>Conformance.rest.resource.updates</name>
        <cardinality>
          <minOccurs>0</minOccurs>
          <maxOccurs>1</maxOccurs>
        </cardinality>
        <conformance>Optional</conformance>
        <condition></condition>
        <types>
          <type>boolean</type>
        </types>
        <mustUnderstand>false</mustUnderstand>
        <definition>if supported</definition>
        <requirements></requirements>
        <rim></rim>
      </elementDefinition>
      <elementDefinition>
        <name>Conformance.rest.resource.updates.param</name>
        <cardinality>
          <minOccurs>0</minOccurs>
          <maxOccurs>unbounded</maxOccurs>
        </cardinality>
        <conformance>Mandatory</conformance>
        <condition></condition>
        <types>
          <type>string</type>
        </types>
        <mustUnderstand>false</mustUnderstand>
        <definition>update filter params supported</definition>
        <requirements></requirements>
        <rim></rim>
      </elementDefinition>
      <elementDefinition>
        <name>Conformance.messaging</name>
        <cardinality>
          <minOccurs>0</minOccurs>
          <maxOccurs>1</maxOccurs>
        </cardinality>
        <conformance>Conditional</conformance>
        <condition>A Conformance profile must have at least one of rest, messages, or document</condition>
        <mustUnderstand>false</mustUnderstand>
        <definition>An event supported by the application</definition>
        <requirements></requirements>
        <rim></rim>
      </elementDefinition>
      <elementDefinition>
        <name>Conformance.messaging.endpoint</name>
        <cardinality>
          <minOccurs>0</minOccurs>
          <maxOccurs>1</maxOccurs>
        </cardinality>
        <conformance>Optional</conformance>
        <condition></condition>
        <types>
          <type>uri</type>
        </types>
        <mustUnderstand>false</mustUnderstand>
        <definition>Actual endpoint being described</definition>
        <requirements></requirements>
        <rim></rim>
      </elementDefinition>
      <elementDefinition>
        <name>Conformance.messaging.event</name>
        <cardinality>
          <minOccurs>1</minOccurs>
          <maxOccurs>unbounded</maxOccurs>
        </cardinality>
        <conformance>Mandatory</conformance>
        <condition></condition>
        <mustUnderstand>false</mustUnderstand>
        <definition>The code for the event</definition>
        <requirements></requirements>
        <rim></rim>
      </elementDefinition>
      <elementDefinition>
        <name>Conformance.messaging.event.code</name>
        <cardinality>
          <minOccurs>1</minOccurs>
          <maxOccurs>1</maxOccurs>
        </cardinality>
        <conformance>Mandatory</conformance>
        <condition></condition>
        <types>
          <type>code</type>
        </types>
        <conceptDomain>MessageEvent</conceptDomain>
        <mustUnderstand>false</mustUnderstand>
        <definition>The focal resource for the event</definition>
        <requirements></requirements>
        <rim></rim>
      </elementDefinition>
      <elementDefinition>
        <name>Conformance.messaging.event.mode</name>
        <cardinality>
          <minOccurs>1</minOccurs>
          <maxOccurs>1</maxOccurs>
        </cardinality>
        <conformance>Mandatory</conformance>
        <condition></condition>
        <types>
          <type>code</type>
        </types>
        <conceptDomain>ConformanceEventMode</conceptDomain>
        <mustUnderstand>false</mustUnderstand>
        <definition>The mode of this event declaration - whether application is sender or receiver</definition>
        <requirements></requirements>
        <rim></rim>
      </elementDefinition>
      <elementDefinition>
        <name>Conformance.messaging.event.focus</name>
        <cardinality>
          <minOccurs>0</minOccurs>
          <maxOccurs>1</maxOccurs>
        </cardinality>
        <conformance>Conditional</conformance>
        <condition>This must be provided if the event type supports multiple different resource types</condition>
        <types>
          <type>code</type>
        </types>
        <conceptDomain>ResourceType</conceptDomain>
        <mustUnderstand>false</mustUnderstand>
        <definition>if the event code supports multiple resources</definition>
        <requirements></requirements>
        <rim></rim>
      </elementDefinition>
      <elementDefinition>
        <name>Conformance.messaging.event.request</name>
        <cardinality>
          <minOccurs>0</minOccurs>
          <maxOccurs>1</maxOccurs>
        </cardinality>
        <conformance>Optional</conformance>
        <condition></condition>
        <types>
          <type>uri</type>
        </types>
        <mustUnderstand>false</mustUnderstand>
        <definition>Information about the request for this event</definition>
        <requirements></requirements>
        <rim></rim>
      </elementDefinition>
      <elementDefinition>
        <name>Conformance.messaging.event.response</name>
        <cardinality>
          <minOccurs>0</minOccurs>
          <maxOccurs>1</maxOccurs>
        </cardinality>
        <conformance>Optional</conformance>
        <condition></condition>
        <types>
          <type>uri</type>
        </types>
        <mustUnderstand>false</mustUnderstand>
        <definition>Information about the response for this event</definition>
        <requirements></requirements>
        <rim></rim>
      </elementDefinition>
      <elementDefinition>
        <name>Conformance.document</name>
        <cardinality>
          <minOccurs>0</minOccurs>
          <maxOccurs>unbounded</maxOccurs>
        </cardinality>
        <conformance>Conditional</conformance>
        <condition>A Conformance profile must have at least one of rest, messages, or document</condition>
        <mustUnderstand>false</mustUnderstand>
        <definition>A document definition</definition>
        <requirements></requirements>
        <rim></rim>
      </elementDefinition>
      <elementDefinition>
        <name>Conformance.document.name</name>
        <cardinality>
          <minOccurs>1</minOccurs>
          <maxOccurs>1</maxOccurs>
        </cardinality>
        <conformance>Mandatory</conformance>
        <condition></condition>
        <types>
          <type>string</type>
        </types>
        <mustUnderstand>false</mustUnderstand>
        <definition>Name for this particular document profile</definition>
        <requirements></requirements>
        <rim></rim>
      </elementDefinition>
      <elementDefinition>
        <name>Conformance.document.purpose</name>
        <cardinality>
          <minOccurs>0</minOccurs>
          <maxOccurs>1</maxOccurs>
        </cardinality>
        <conformance>Optional</conformance>
        <condition></condition>
        <types>
          <type>string</type>
        </types>
        <mustUnderstand>false</mustUnderstand>
        <definition>Human description of this particular profile</definition>
        <requirements></requirements>
        <rim></rim>
      </elementDefinition>
      <elementDefinition>
        <name>Conformance.document.profile</name>
        <cardinality>
          <minOccurs>1</minOccurs>
          <maxOccurs>1</maxOccurs>
        </cardinality>
        <conformance>Mandatory</conformance>
        <condition></condition>
        <types>
          <type>uri</type>
        </types>
        <mustUnderstand>false</mustUnderstand>
        <definition>Constraint on a resource used in the document</definition>
        <requirements></requirements>
        <comments>The first resource is the document resource</comments>
        <rim></rim>
      </elementDefinition>
      <elementDefinition>
        <name>Conformance.extensions</name>
        <cardinality>
          <minOccurs>0</minOccurs>
          <maxOccurs>1</maxOccurs>
        </cardinality>
        <conformance>Optional</conformance>
        <condition></condition>
        <mustUnderstand>false</mustUnderstand>
        <definition>See Extensions</definition>
        <requirements></requirements>
        <rim></rim>
      </elementDefinition>
      <elementDefinition>
        <name>Conformance.text</name>
        <cardinality>
          <minOccurs>1</minOccurs>
          <maxOccurs>1</maxOccurs>
        </cardinality>
        <conformance>Mandatory</conformance>
        <condition></condition>
        <types>
          <type>Narrative</type>
        </types>
        <mustUnderstand>false</mustUnderstand>
        <definition>Text summary of conformance profile for human interpretation</definition>
        <requirements></requirements>
        <rim></rim>
      </elementDefinition>
    </elementDefinitions>
  </resourceDefinition>
</resourceDefinitions>

