{"Conformance":{"id":"6cb96d2f-cfa5-4da9-a5a6-d1a087da0baf","acceptUnknown":true,"text":{"status":"generated","div":{"p":["The EHR Server supports the following transactions for the resource \"Person\": read, vread, update, history, search(name,gender), create, and updates.","The EHR System supports the following message: admin-notify::Person.",{"content":["The EHR Application has a","."],"a":{"content":"general document profile","href":"http://fhir.hl7.org/base/profile/@bc054d23-75e1-4dc6-aca5-838b6b1ac81d/history/@b5fdd9fc-b021-4ea1-911a-721a60663796"}}],"xmlns":"http://www.w3.org/1999/xhtml"}},"document":{"name":"General","purpose":"Basic rules for all documents in the EHR system","profile":"http://fhir.hl7.org/base/profile/@bc054d23-75e1-4dc6-aca5-838b6b1ac81d/history/@b5fdd9fc-b021-4ea1-911a-721a60663796"},"software":{"name":"EHR","version":"0.00.020.2134"},"messaging":{"event":{"request":"http://fhir.hl7.org/base/profile/@7896271d-57f6-4231-89dc-dcc91eab2416","focus":"Person","code":"admin-notify","mode":"receiver"},"endpoint":"llp:acme-1:2345"},"rest":{"resource":{"history":true,"update":true,"updates":true,"search":{"param":{"name":"name","documentation":"Search for a person by name (any part of their name)"}},"delete":false,"type":"Person","create":true,"validate":false,"profile":"http://fhir.hl7.org/base/profile/@7896271d-57f6-4231-89dc-dcc91eab2416"},"mode":"server"},"xmlns":"http://www.hl7.org/fhir","date":"2012-01-04","version":0.02,"publisher":{"name":"ACME Corporation","contact":{"system":"email","value":"wile@acme.org"}}}}