<?xml version="1.0" encoding="UTF-8"?>

<Profile xmlns="http://www.hl7.org/fhir">
  <id>1</id>
  <name>document</name>
  <author>
    <name>todo (committee)</name>
  </author>
  <description>A documentation of clinical observations and services that are aggregated together into a single statement of clinical meaning that establishes it&#39;s own context. A clinical document is composed of a set of resources that include both human and computer readable portions. A human must attest to the accuracy of the human readable portion, and may authenticate and/or sign the entire whole</description>
  <comments>Basic Profile for </comments>
  <status>testing</status>
  <date>20123328</date>
  <endorser>
    <name>HL7</name>
  </endorser>
  <resource>
    <type>Resource</type>
    <element>
      <path>Document</path>
      <shortDefn>A document that contains resources</shortDefn>
      <definition>A documentation of clinical observations and services that are aggregated together into a single statement of clinical meaning that establishes it&#39;s own context. A clinical document is composed of a set of resources that include both human and computer readable portions. A human must attest to the accuracy of the human readable portion, and may authenticate and/or sign the entire whole</definition>
      <min>1</min>
      <max>1</max>
      <type>Resource</type>
      <conformance>Mandatory</conformance>
      <mustSupport>false</mustSupport>
      <mustUnderstand>true</mustUnderstand>
    </element>
    <element>
      <path>Document.id</path>
      <shortDefn>Master Resource Id = document Id</shortDefn>
      <definition>the unique id of a clinical document</definition>
      <comments>must be globally unique. UUIDs are recommended</comments>
      <min>1</min>
      <max>1</max>
      <type>id</type>
      <conformance>Mandatory</conformance>
      <mustSupport>false</mustSupport>
      <mustUnderstand>true</mustUnderstand>
    </element>
    <element>
      <path>Document.instant</path>
      <shortDefn>Document Creation Time</shortDefn>
      <definition>the document creation time, when the document first came into being. Where the CDA document is a transform from an original document in some other format, the ClinicalDocument.effectiveTime is the time the original document is created.</definition>
      <min>1</min>
      <max>1</max>
      <type>instant</type>
      <conformance>Mandatory</conformance>
      <mustSupport>false</mustSupport>
      <mustUnderstand>true</mustUnderstand>
    </element>
    <element>
      <path>Document.type</path>
      <shortDefn>Document Type (LOINC if possible)</shortDefn>
      <definition>specifying the particular kind of document (e.g. History and Physical, Discharge Summary, Progress Note)</definition>
      <min>1</min>
      <max>1</max>
      <type>CodeableConcept</type>
      <conformance>Mandatory</conformance>
      <mustSupport>false</mustSupport>
      <mustUnderstand>true</mustUnderstand>
      <binding>DocumentType</binding>
    </element>
    <element>
      <path>Document.title</path>
      <shortDefn>Document Title</shortDefn>
      <definition>the title of the document</definition>
      <comments>It&#39;s commonly the case that clinical documents do not have a title, and are collectively referred to by the display name of Document.type (e.g. a &quot;consultation&quot; or &quot;progress note&quot;). Where these display names are rendered to the clinician, or where the document has a unique title, the Document.title value should be used</comments>
      <min>0</min>
      <max>1</max>
      <type>string</type>
      <conformance>Optional</conformance>
      <mustSupport>false</mustSupport>
      <mustUnderstand>false</mustUnderstand>
    </element>
    <element>
      <path>Document.setId</path>
      <shortDefn>Id fixed across all document revisions</shortDefn>
      <definition>Represents an identifier that is common across all document revisions</definition>
      <min>0</min>
      <max>1</max>
      <type>id</type>
      <conformance>Conditional</conformance>
      <condition>cannot have both setId and replaces</condition>
      <mustSupport>false</mustSupport>
      <mustUnderstand>true</mustUnderstand>
    </element>
    <element>
      <path>Document.version</path>
      <shortDefn>used to version successive replacement documents</shortDefn>
      <definition>used to version successive replacement documents</definition>
      <comments>An integer value is recommended</comments>
      <min>0</min>
      <max>1</max>
      <type>integer</type>
      <conformance>Optional</conformance>
      <mustSupport>false</mustSupport>
      <mustUnderstand>true</mustUnderstand>
    </element>
    <element>
      <path>Document.replaces</path>
      <shortDefn>If this document replaces another</shortDefn>
      <definition>If this document replaces another</definition>
      <min>0</min>
      <max>1</max>
      <type>id</type>
      <conformance>Conditional</conformance>
      <condition>cannot have both setId and replaces</condition>
      <mustSupport>false</mustSupport>
      <mustUnderstand>true</mustUnderstand>
    </element>
    <element>
      <path>Document.subject</path>
      <shortDefn>who the document is about</shortDefn>
      <definition>who the document is about</definition>
      <min>1</min>
      <max>1</max>
      <type>Resource(Patient|Group|Device)</type>
      <conformance>Mandatory</conformance>
      <mustSupport>false</mustSupport>
      <mustUnderstand>true</mustUnderstand>
    </element>
    <element>
      <path>Document.author</path>
      <shortDefn>Author (contributed content to document)</shortDefn>
      <definition>Author (contributed content to document)</definition>
      <min>1</min>
      <max>*</max>
      <conformance>Mandatory</conformance>
      <mustSupport>false</mustSupport>
      <mustUnderstand>false</mustUnderstand>
    </element>
    <element>
      <path>Document.author.time</path>
      <shortDefn>When authoring happened</shortDefn>
      <definition>When authoring happened</definition>
      <min>0</min>
      <max>1</max>
      <type>dateTime</type>
      <conformance>Optional</conformance>
      <mustSupport>false</mustSupport>
      <mustUnderstand>false</mustUnderstand>
    </element>
    <element>
      <path>Document.author.party</path>
      <shortDefn>who/what authored the final document</shortDefn>
      <definition>who/what authored the final document</definition>
      <min>1</min>
      <max>1</max>
      <type>Resource(Person|Device)</type>
      <conformance>Mandatory</conformance>
      <mustSupport>false</mustSupport>
      <mustUnderstand>false</mustUnderstand>
    </element>
    <element>
      <path>Document.attestor</path>
      <shortDefn>attests to accuracy of document</shortDefn>
      <definition>a participant who has attested to the accuracy of the document</definition>
      <min>0</min>
      <max>*</max>
      <conformance>Optional</conformance>
      <mustSupport>false</mustSupport>
      <mustUnderstand>false</mustUnderstand>
    </element>
    <element>
      <path>Document.attestor.mode</path>
      <shortDefn>personal | professional | legal | official</shortDefn>
      <definition>The type of attestation the authenticator offers</definition>
      <min>1</min>
      <max>1</max>
      <type>code</type>
      <conformance>Mandatory</conformance>
      <mustSupport>false</mustSupport>
      <mustUnderstand>false</mustUnderstand>
      <binding>DocumentAuthenticationMode</binding>
    </element>
    <element>
      <path>Document.attestor.time</path>
      <shortDefn>When document attested</shortDefn>
      <definition>When document attested</definition>
      <min>0</min>
      <max>1</max>
      <type>dateTime</type>
      <conformance>Optional</conformance>
      <mustSupport>false</mustSupport>
      <mustUnderstand>false</mustUnderstand>
    </element>
    <element>
      <path>Document.attestor.party</path>
      <shortDefn>who attested the document</shortDefn>
      <definition>who attested the document</definition>
      <min>0</min>
      <max>1</max>
      <type>Resource(Person|Organization)</type>
      <conformance>Optional</conformance>
      <mustSupport>false</mustSupport>
      <mustUnderstand>false</mustUnderstand>
    </element>
    <element>
      <path>Document.recipient</path>
      <shortDefn>expected to receive a copy </shortDefn>
      <definition>expected to receive a copy </definition>
      <min>0</min>
      <max>*</max>
      <type>Resource(Person|Organization)</type>
      <conformance>Optional</conformance>
      <mustSupport>false</mustSupport>
      <mustUnderstand>false</mustUnderstand>
    </element>
    <element>
      <path>Document.custodian</path>
      <shortDefn>org which maintains the document.</shortDefn>
      <definition>org which maintains the document.</definition>
      <min>1</min>
      <max>1</max>
      <type>Resource(Organization)</type>
      <conformance>Mandatory</conformance>
      <mustSupport>false</mustSupport>
      <mustUnderstand>false</mustUnderstand>
    </element>
    <element>
      <path>Document.event</path>
      <shortDefn>the clinical item being documented</shortDefn>
      <definition>the main Act, such as a colonoscopy or an appendectomy, being documented</definition>
      <comments>The event needs to be consistent with the type element, though can provide further information if desired</comments>
      <min>0</min>
      <max>1</max>
      <type>Resource(Any)</type>
      <conformance>Optional</conformance>
      <mustSupport>false</mustSupport>
      <mustUnderstand>false</mustUnderstand>
    </element>
    <element>
      <path>Document.encounter</path>
      <shortDefn>context of the document</shortDefn>
      <definition>context of the document</definition>
      <min>0</min>
      <max>1</max>
      <type>Resource(Admission|InterestOfCare)</type>
      <conformance>Optional</conformance>
      <mustSupport>false</mustSupport>
      <mustUnderstand>false</mustUnderstand>
    </element>
    <element>
      <path>Document.section</path>
      <shortDefn>Document is broken into sections</shortDefn>
      <definition>Document is broken into sections</definition>
      <min>1</min>
      <max>*</max>
      <conformance>Mandatory</conformance>
      <mustSupport>false</mustSupport>
      <mustUnderstand>false</mustUnderstand>
    </element>
    <element>
      <path>Document.section.type</path>
      <shortDefn>type of section (recommended)</shortDefn>
      <definition>type of section (recommended)</definition>
      <min>0</min>
      <max>1</max>
      <type>CodeableConcept</type>
      <conformance>Optional</conformance>
      <mustSupport>false</mustSupport>
      <mustUnderstand>false</mustUnderstand>
      <binding>DocumentSectionType</binding>
    </element>
    <element>
      <path>Document.section.instant</path>
      <shortDefn>Section Creation Time</shortDefn>
      <definition>the section creation time (sections are often re-used in several documents).</definition>
      <min>0</min>
      <max>1</max>
      <type>instant</type>
      <conformance>Optional</conformance>
      <mustSupport>false</mustSupport>
      <mustUnderstand>false</mustUnderstand>
    </element>
    <element>
      <path>Document.section.author</path>
      <shortDefn>if section author different to document</shortDefn>
      <definition>if section author different to document</definition>
      <min>0</min>
      <max>1</max>
      <conformance>Optional</conformance>
      <mustSupport>false</mustSupport>
      <mustUnderstand>false</mustUnderstand>
    </element>
    <element>
      <path>Document.section.author.time</path>
      <shortDefn>When authoring happened</shortDefn>
      <definition>When authoring happened</definition>
      <min>0</min>
      <max>1</max>
      <type>dateTime</type>
      <conformance>Optional</conformance>
      <mustSupport>false</mustSupport>
      <mustUnderstand>false</mustUnderstand>
    </element>
    <element>
      <path>Document.section.author.party</path>
      <shortDefn>who/what authored the section</shortDefn>
      <definition>who/what authored the section</definition>
      <min>1</min>
      <max>1</max>
      <type>Resource(Person|Device)</type>
      <conformance>Mandatory</conformance>
      <mustSupport>false</mustSupport>
      <mustUnderstand>false</mustUnderstand>
    </element>
    <element>
      <path>Document.section.enterer</path>
      <shortDefn>The source of the data entry</shortDefn>
      <definition>The person or device that performed the data entry leading to this section. Where there is more than one candidate, pick the most proximal to the message. Can provide other enterers in extensions</definition>
      <min>0</min>
      <max>1</max>
      <type>Resource(Person|Device)</type>
      <conformance>Optional</conformance>
      <mustSupport>false</mustSupport>
      <mustUnderstand>false</mustUnderstand>
    </element>
    <element>
      <path>Document.section.subject</path>
      <shortDefn>if section different to document</shortDefn>
      <definition>if section different to document</definition>
      <min>0</min>
      <max>1</max>
      <type>Resource(Patient|Group|Device)</type>
      <conformance>Optional</conformance>
      <mustSupport>false</mustSupport>
      <mustUnderstand>true</mustUnderstand>
    </element>
    <element>
      <path>Document.section.informant</path>
      <shortDefn>provided information in section</shortDefn>
      <definition>provided information in section</definition>
      <min>0</min>
      <max>1</max>
      <type>Resource(Person)</type>
      <conformance>Optional</conformance>
      <mustSupport>false</mustSupport>
      <mustUnderstand>false</mustUnderstand>
    </element>
    <element>
      <path>Document.section.content</path>
      <shortDefn>the actual content of the section</shortDefn>
      <definition>the actual content of the section</definition>
      <min>0</min>
      <max>1</max>
      <type>Resource(Any)</type>
      <conformance>Conditional</conformance>
      <condition>a section must have content or one or more sections</condition>
      <mustSupport>false</mustSupport>
      <mustUnderstand>true</mustUnderstand>
    </element>
    <element>
      <path>Document.section.section</path>
      <shortDefn>nested Section</shortDefn>
      <definition>nested Section</definition>
      <min>0</min>
      <max>*</max>
      <conformance>Conditional</conformance>
      <condition>a section must have content or one or more sections</condition>
      <mustSupport>false</mustSupport>
      <mustUnderstand>false</mustUnderstand>
    </element>
    <element>
      <path>Document.section.section.#</path>
      <shortDefn>contents as for a section</shortDefn>
      <definition>contents as for a section</definition>
      <min>1</min>
      <max>1</max>
      <type>@Document.Section</type>
      <conformance>Mandatory</conformance>
      <mustSupport>false</mustSupport>
      <mustUnderstand>false</mustUnderstand>
    </element>
    <element>
      <path>Document.extensions</path>
      <shortDefn>See Extensions</shortDefn>
      <definition>See Extensions</definition>
      <min>0</min>
      <max>1</max>
      <conformance>Optional</conformance>
      <mustSupport>false</mustSupport>
      <mustUnderstand>false</mustUnderstand>
    </element>
    <element>
      <path>Document.text</path>
      <shortDefn>Text summary of message, for human interpretation</shortDefn>
      <definition> </definition>
      <min>1</min>
      <max>1</max>
      <type>Narrative</type>
      <conformance>Mandatory</conformance>
      <mustSupport>false</mustSupport>
      <mustUnderstand>false</mustUnderstand>
    </element>
  </resource>
</Profile>