<?xml version="1.0" encoding="UTF-8"?>

<Profile xmlns="http://www.hl7.org/fhir">
  <id>1</id>
  <name>labreport</name>
  <author>
    <name>todo (committee)</name>
  </author>
  <description>The findings and interpretation of pathology tests performed on tissues and body fluids. This is typically done in a laboratory but may be done in other environments such as at the point of care</description>
  <comments>Basic Profile for </comments>
  <status>testing</status>
  <date>20123328</date>
  <endorser>
    <name>HL7</name>
  </endorser>
  <resource>
    <type>Resource</type>
    <element>
      <path>LabReport</path>
      <definition>The findings and interpretation of pathology tests performed on tissues and body fluids. This is typically done in a laboratory but may be done in other environments such as at the point of care</definition>
      <comments>Not to be used for reporting on non-pathology test results e.g. diagnostic imaging, ECG or respiratory function tests. Not to be used to represent an entire cumulative report. This Pathology test result archetype represents only one of the result sets that is usually viewed as a vertical in a cumulative test report. A cumulative report is a view that is constructed from the results represented by multiple OBSERVATION archetypes. This archetype is suitable for representation of general pathology test results, but not intended to cover full synoptic reports. For these, additional resources are required to represent the data properly</comments>
      <min>1</min>
      <max>1</max>
      <type>Resource</type>
      <conformance>Mandatory</conformance>
      <mustSupport>false</mustSupport>
      <mustUnderstand>false</mustUnderstand>
    </element>
    <element>
      <path>LabReport.id</path>
      <shortDefn>Master Resource Id, always first in all resources</shortDefn>
      <definition>Master Resource Id, always first in all resources</definition>
      <min>1</min>
      <max>1</max>
      <type>id</type>
      <conformance>Mandatory</conformance>
      <mustSupport>false</mustSupport>
      <mustUnderstand>false</mustUnderstand>
    </element>
    <element>
      <path>LabReport.status</path>
      <shortDefn>Registered|Interim|Final|Amended|Cancelled|Withdrawn</shortDefn>
      <definition>The status of the pathology test result as a whole</definition>
      <min>1</min>
      <max>1</max>
      <type>code</type>
      <conformance>Mandatory</conformance>
      <mustSupport>false</mustSupport>
      <mustUnderstand>true</mustUnderstand>
      <binding>LabReportStatus</binding>
    </element>
    <element>
      <path>LabReport.issued</path>
      <shortDefn>date issed for current status</shortDefn>
      <definition>The date and/or time that the result was issued from the source for the recorded ‘Test result status</definition>
      <comments>May be different from LabReport.updated, because that is the status of this record, not the report the record is about</comments>
      <min>1</min>
      <max>1</max>
      <type>instant</type>
      <conformance>Mandatory</conformance>
      <mustSupport>false</mustSupport>
      <mustUnderstand>true</mustUnderstand>
    </element>
    <element>
      <path>LabReport.patient</path>
      <shortDefn>The patient the report is about</shortDefn>
      <definition>The patient about who the report is about</definition>
      <min>1</min>
      <max>1</max>
      <type>Resource(Patient)</type>
      <conformance>Mandatory</conformance>
      <mustSupport>false</mustSupport>
      <mustUnderstand>true</mustUnderstand>
    </element>
    <element>
      <path>LabReport.admission</path>
      <shortDefn>Admission Context</shortDefn>
      <definition>The admission that this diagnostic investigation is associated with</definition>
      <min>0</min>
      <max>1</max>
      <type>Resource(Admission)</type>
      <conformance>Optional</conformance>
      <mustSupport>false</mustSupport>
      <mustUnderstand>false</mustUnderstand>
    </element>
    <element>
      <path>LabReport.laboratory</path>
      <shortDefn>Responsible Laboratory</shortDefn>
      <definition>The laboratory service that issued the report</definition>
      <comments>This is not necessarily the source of the atomic reports - it&#39;s the lab that takes responsibility for the clinical report</comments>
      <min>1</min>
      <max>1</max>
      <type>Resource(Organization)</type>
      <conformance>Mandatory</conformance>
      <mustSupport>false</mustSupport>
      <mustUnderstand>false</mustUnderstand>
    </element>
    <element>
      <path>LabReport.reportId</path>
      <shortDefn>Id for external references to this report</shortDefn>
      <definition>The local ID assigned to the report by the order filler, usually by the Laboratory Information System (LIS).</definition>
      <min>0</min>
      <max>1</max>
      <type>Identifier</type>
      <conformance>Optional</conformance>
      <mustSupport>false</mustSupport>
      <mustUnderstand>false</mustUnderstand>
    </element>
    <element>
      <path>LabReport.requestDetail</path>
      <definition>Details concerning a single pathology test requested.</definition>
      <comments>Note: Usually there is one test request for each result, however in some circumstances multiple test requests may be represented using a single Pathology test result resource</comments>
      <min>0</min>
      <max>*</max>
      <conformance>Optional</conformance>
      <mustSupport>false</mustSupport>
      <mustUnderstand>false</mustUnderstand>
    </element>
    <element>
      <path>LabReport.requestDetail.requestOrderId</path>
      <shortDefn>Id assigned by requester</shortDefn>
      <definition>The local ID assigned to the order by the order requester.</definition>
      <comments>Equivalent to the Placer Order Identifier</comments>
      <min>0</min>
      <max>1</max>
      <type>Identifier</type>
      <conformance>Optional</conformance>
      <mustSupport>false</mustSupport>
      <mustUnderstand>false</mustUnderstand>
    </element>
    <element>
      <path>LabReport.requestDetail.receiverOrderId</path>
      <shortDefn>Receiver&#39;s Id for the request</shortDefn>
      <definition>The local ID assigned to the test order by the order filler, usually by the Laboratory Information System (LIS).</definition>
      <comments>Usually equivalent to the DICOM Accession Number and the Filler Order Identifier.</comments>
      <min>0</min>
      <max>1</max>
      <type>Identifier</type>
      <conformance>Optional</conformance>
      <mustSupport>false</mustSupport>
      <mustUnderstand>false</mustUnderstand>
    </element>
    <element>
      <path>LabReport.requestDetail.requestTest</path>
      <shortDefn>Test Requested</shortDefn>
      <definition>Identification of pathology test requested,</definition>
      <comments>Useful where the test requested differs from the test actually performed.</comments>
      <min>0</min>
      <max>*</max>
      <type>CodeableConcept</type>
      <conformance>Optional</conformance>
      <mustSupport>false</mustSupport>
      <mustUnderstand>false</mustUnderstand>
      <binding>LabRequests</binding>
    </element>
    <element>
      <path>LabReport.requestDetail.requester</path>
      <shortDefn>Responsible for request</shortDefn>
      <definition>Details of the clinician or organisation requesting the laboratory test.</definition>
      <min>0</min>
      <max>1</max>
      <type>Resource(Agent|Organization)</type>
      <conformance>Optional</conformance>
      <mustSupport>false</mustSupport>
      <mustUnderstand>false</mustUnderstand>
    </element>
    <element>
      <path>LabReport.requestDetail.clinicalInfo</path>
      <shortDefn>Clinical information provided</shortDefn>
      <definition>Details of the clinical information provided to the laboratory along with the original request</definition>
      <min>0</min>
      <max>1</max>
      <type>Resource(Any)</type>
      <conformance>Optional</conformance>
      <mustSupport>false</mustSupport>
      <mustUnderstand>false</mustUnderstand>
    </element>
    <element>
      <path>LabReport.reportName</path>
      <shortDefn>Name for the entire report</shortDefn>
      <definition>Identification of the pathology test performed, sometimes including specimen type.</definition>
      <comments>A test result may be for a single analyte, or a group of items, including panel tests.</comments>
      <min>1</min>
      <max>1</max>
      <type>CodeableConcept</type>
      <conformance>Mandatory</conformance>
      <mustSupport>false</mustSupport>
      <mustUnderstand>true</mustUnderstand>
      <binding>LabReportNames</binding>
    </element>
    <element>
      <path>LabReport.service</path>
      <shortDefn>Biochemistry, Haematology etc</shortDefn>
      <definition>The diagnostic service that performs the examination e.g. biochemistry, haematology.</definition>
      <min>0</min>
      <max>1</max>
      <type>CodeableConcept</type>
      <conformance>Optional</conformance>
      <mustSupport>false</mustSupport>
      <mustUnderstand>false</mustUnderstand>
      <binding>LabServices</binding>
    </element>
    <element>
      <path>LabReport.diagnosticTime</path>
      <shortDefn>Effective time of diagnostic report</shortDefn>
      <definition>The diagnostically relevant time for this report</definition>
      <comments>The diagnostically relevant time can be derived from the specimen collection times, but the specimen information is not always available, and the exact relationship is not always automatic</comments>
      <min>1</min>
      <max>1</max>
      <type>dateTime</type>
      <conformance>Mandatory</conformance>
      <mustSupport>false</mustSupport>
      <mustUnderstand>true</mustUnderstand>
    </element>
    <element>
      <path>LabReport.specimen</path>
      <shortDefn>Specimen (incl. time of collection)</shortDefn>
      <definition>Details about the specimen if all individual test results are derived from the same specimen</definition>
      <comments>If the specimen is sufficiently specified with a code in the Test result name, then this additional data may be redundant. If there are multiple specimens, these may be represented per &#39;Result group&#39;</comments>
      <min>0</min>
      <max>*</max>
      <type>Resource(Specimen)</type>
      <conformance>Optional</conformance>
      <mustSupport>false</mustSupport>
      <mustUnderstand>false</mustUnderstand>
    </element>
    <element>
      <path>LabReport.resultGroup</path>
      <definition>A group of results. Results may be grouped by specimen, or by some value in LabReport.resultGroup.name to describe what binds all the results together.</definition>
      <comments>Many (most) lab reports don&#39;t really have a meaningful group. In these cases, just create a single group with no specimen or name</comments>
      <min>1</min>
      <max>*</max>
      <conformance>Optional</conformance>
      <mustSupport>false</mustSupport>
      <mustUnderstand>true</mustUnderstand>
    </element>
    <element>
      <path>LabReport.resultGroup.name</path>
      <shortDefn>What defines the group</shortDefn>
      <definition>A code or name that describes the group of results</definition>
      <comments>For example, the antibody code for a goup of antibody related test, or the organism code for a group of isolate/sensitivities. Leave blank if there is no particular meaning associated with the group</comments>
      <min>0</min>
      <max>1</max>
      <type>CodeableConcept</type>
      <conformance>Optional</conformance>
      <mustSupport>false</mustSupport>
      <mustUnderstand>true</mustUnderstand>
      <binding>LabResultGroupNames</binding>
    </element>
    <element>
      <path>LabReport.resultGroup.specimen</path>
      <shortDefn>Specimen details</shortDefn>
      <definition>Details about the individual specimen to which these ‘Result group’ test results refer, where testing of multiple specimens is required.</definition>
      <min>0</min>
      <max>1</max>
      <type>Resource(Specimen)</type>
      <conformance>Optional</conformance>
      <mustSupport>false</mustSupport>
      <mustUnderstand>false</mustUnderstand>
    </element>
    <element>
      <path>LabReport.resultGroup.result</path>
      <definition>Specific detailed result, including both the value of the result item, and additional information that may be useful for clinical interpretation. Results include whatever specific data items pathology labs report as part of the clinical service; it is not confined to measurements.</definition>
      <min>1</min>
      <max>*</max>
      <conformance>Optional</conformance>
      <mustSupport>false</mustSupport>
      <mustUnderstand>true</mustUnderstand>
    </element>
    <element>
      <path>LabReport.resultGroup.result.name</path>
      <shortDefn>Name or code of the result</shortDefn>
      <definition>Identifies the meaning of the value</definition>
      <comments>results are fundamentally a name - value pair with additional clarifying information</comments>
      <min>0</min>
      <max>1</max>
      <type>CodeableConcept</type>
      <conformance>Optional</conformance>
      <mustSupport>false</mustSupport>
      <mustUnderstand>true</mustUnderstand>
      <binding>LabResultNames</binding>
    </element>
    <element>
      <path>LabReport.resultGroup.result.value[x]</path>
      <shortDefn>Result. [x] = type name</shortDefn>
      <definition>Actual value of the result. Most result values will be numerical measurements, but others may be coded concepts, free text, or multimedia images</definition>
      <min>0</min>
      <max>1</max>
      <type>Quantity</type>
      <type>CodeableConcept</type>
      <type>Attachment</type>
      <type>Ratio</type>
      <type>Choice</type>
      <type>Interval(dateTime)</type>
      <type>string</type>
      <conformance>Optional</conformance>
      <mustSupport>false</mustSupport>
      <mustUnderstand>true</mustUnderstand>
      <binding>*unbound*</binding>
    </element>
    <element>
      <path>LabReport.resultGroup.result.flag</path>
      <shortDefn>+ | ++ | +++ | - | -- | --- </shortDefn>
      <definition>Flag indicating the abnormal status of the result</definition>
      <min>0</min>
      <max>1</max>
      <type>code</type>
      <conformance>Optional</conformance>
      <mustSupport>false</mustSupport>
      <mustUnderstand>true</mustUnderstand>
      <binding>LabResultFlag</binding>
    </element>
    <element>
      <path>LabReport.resultGroup.result.status</path>
      <shortDefn>Registered|Interim|Final|Amended|Cancelled|Withdrawn</shortDefn>
      <definition>The status of the result value</definition>
      <min>1</min>
      <max>1</max>
      <type>code</type>
      <conformance>Mandatory</conformance>
      <mustSupport>false</mustSupport>
      <mustUnderstand>true</mustUnderstand>
      <binding>LabReportStatus</binding>
    </element>
    <element>
      <path>LabReport.resultGroup.result.comments</path>
      <shortDefn>Comments about result</shortDefn>
      <definition>May include statements about significant, unexpected or unreliable. values, or information about the source of the value where this may be relevant to the interpretation of the result.</definition>
      <min>0</min>
      <max>1</max>
      <type>string</type>
      <conformance>Optional</conformance>
      <mustSupport>false</mustSupport>
      <mustUnderstand>true</mustUnderstand>
    </element>
    <element>
      <path>LabReport.resultGroup.result.referenceRange</path>
      <definition>Guidance on how to interpret the value by comparison to a normal or recommended range</definition>
      <comments>Most results only have one reference range. Some non-numerical results don&#39;t have a reference range</comments>
      <min>0</min>
      <max>*</max>
      <conformance>Optional</conformance>
      <mustSupport>false</mustSupport>
      <mustUnderstand>true</mustUnderstand>
    </element>
    <element>
      <path>LabReport.resultGroup.result.referenceRange.meaning</path>
      <shortDefn>The meaning of this range</shortDefn>
      <definition>Code for the meaning of the reference range</definition>
      <min>0</min>
      <max>1</max>
      <type>CodeableConcept</type>
      <conformance>Optional</conformance>
      <mustSupport>false</mustSupport>
      <mustUnderstand>false</mustUnderstand>
      <binding>LabReferenceRanges</binding>
    </element>
    <element>
      <path>LabReport.resultGroup.result.referenceRange.range[x]</path>
      <shortDefn>Reference</shortDefn>
      <definition>Actual value of the reference range.  May be a quantity (&lt;20mg/L), an interval (10-20 umol/L), or some text</definition>
      <comments>Text reference ranges are typically used in endocrinology, or for legacy data with string reference ranges</comments>
      <min>1</min>
      <max>1</max>
      <type>Quantity</type>
      <type>Interval(Quantity)</type>
      <type>string</type>
      <conformance>Mandatory</conformance>
      <mustSupport>false</mustSupport>
      <mustUnderstand>false</mustUnderstand>
    </element>
    <element>
      <path>LabReport.conclusion</path>
      <shortDefn>Clinical Interpretation of test results</shortDefn>
      <definition>Concise and clinically contextualised narrative interpretation of the pathology test results.</definition>
      <comments>common reports don&#39;t have a conclusion, but some do</comments>
      <min>0</min>
      <max>1</max>
      <type>Narrative</type>
      <conformance>Optional</conformance>
      <mustSupport>false</mustSupport>
      <mustUnderstand>true</mustUnderstand>
    </element>
    <element>
      <path>LabReport.codedDiagnosis</path>
      <shortDefn>Codes for the conclusion</shortDefn>
      <definition>Codes for the conclusion</definition>
      <min>0</min>
      <max>*</max>
      <type>CodeableConcept</type>
      <conformance>Optional</conformance>
      <mustSupport>false</mustSupport>
      <mustUnderstand>false</mustUnderstand>
      <binding>LabDiagnosisCodes</binding>
    </element>
    <element>
      <path>LabReport.representation</path>
      <shortDefn>Entire Report as issued</shortDefn>
      <definition>Rich text representation of the entire result as issued by the diagnostic service. Multiple formats are allowed but they must be semantically equivalent.</definition>
      <comments>Possible formats: text/html, text/plain, text/rtf, application/msword, application/pdf, application/rtf, application/vnd.oasis.opendocument.text, application/vnd.openxmlformats-officedocument.wordprocessingml.document</comments>
      <min>1</min>
      <max>*</max>
      <type>Attachment</type>
      <conformance>Optional</conformance>
      <mustSupport>false</mustSupport>
      <mustUnderstand>true</mustUnderstand>
    </element>
    <element>
      <path>LabReport.extensions</path>
      <shortDefn>See Extensions</shortDefn>
      <definition>See Extensions</definition>
      <min>0</min>
      <max>1</max>
      <conformance>Optional</conformance>
      <mustSupport>false</mustSupport>
      <mustUnderstand>false</mustUnderstand>
    </element>
    <element>
      <path>LabReport.text</path>
      <shortDefn>Text summary of report, for human interpretation</shortDefn>
      <definition>Text summary of report, for human interpretation</definition>
      <min>1</min>
      <max>1</max>
      <type>Narrative</type>
      <conformance>Mandatory</conformance>
      <mustSupport>false</mustSupport>
      <mustUnderstand>false</mustUnderstand>
    </element>
  </resource>
</Profile>