<?xml version="1.0" encoding="UTF-8"?>

<Profile xmlns="http://www.hl7.org/fhir">
  <id>1</id>
  <name>message</name>
  <author>
    <name>todo (committee)</name>
  </author>
  <description>A message that contains FHIR resources</description>
  <comments>Basic Profile for </comments>
  <status>testing</status>
  <date>20123328</date>
  <endorser>
    <name>HL7</name>
  </endorser>
  <resource>
    <type>Resource</type>
    <element>
      <path>Message</path>
      <shortDefn>A message that contains resources</shortDefn>
      <definition>A message that contains FHIR resources</definition>
      <min>1</min>
      <max>1</max>
      <type>Resource</type>
      <conformance>Mandatory</conformance>
      <mustSupport>false</mustSupport>
      <mustUnderstand>false</mustUnderstand>
    </element>
    <element>
      <path>Message.id</path>
      <shortDefn>Master Resource Id = Message Id</shortDefn>
      <definition>Unique Id for this message</definition>
      <comments>must be unique within a channel, but should be globally unique. UUIDs are recommended</comments>
      <min>1</min>
      <max>1</max>
      <type>id</type>
      <conformance>Mandatory</conformance>
      <mustSupport>false</mustSupport>
      <mustUnderstand>true</mustUnderstand>
    </element>
    <element>
      <path>Message.threadId</path>
      <shortDefn>Id of thread of conversation</shortDefn>
      <definition>Id of the thread - a series of messages that pertain to the same logical sequence, and are all identified by the same thread identifier</definition>
      <min>0</min>
      <max>1</max>
      <type>id</type>
      <conformance>Optional</conformance>
      <mustSupport>false</mustSupport>
      <mustUnderstand>false</mustUnderstand>
    </element>
    <element>
      <path>Message.instant</path>
      <shortDefn>Instant the message was sent</shortDefn>
      <definition>Instant the message was sent</definition>
      <min>1</min>
      <max>1</max>
      <type>instant</type>
      <conformance>Mandatory</conformance>
      <mustSupport>false</mustSupport>
      <mustUnderstand>true</mustUnderstand>
    </element>
    <element>
      <path>Message.event</path>
      <shortDefn>Code for the event his message represents</shortDefn>
      <definition>Code that identifies the event this message represents, and connects it with the event definition in the FHIR specification</definition>
      <min>1</min>
      <max>1</max>
      <type>code</type>
      <conformance>Mandatory</conformance>
      <mustSupport>false</mustSupport>
      <mustUnderstand>true</mustUnderstand>
      <binding>MessageEvent</binding>
    </element>
    <element>
      <path>Message.response</path>
      <shortDefn>If this is a response</shortDefn>
      <definition>Information about the the message that this message is a response to - if it is a response</definition>
      <min>0</min>
      <max>1</max>
      <conformance>Optional</conformance>
      <mustSupport>false</mustSupport>
      <mustUnderstand>true</mustUnderstand>
    </element>
    <element>
      <path>Message.response.id</path>
      <shortDefn>Id of original message</shortDefn>
      <definition>The id of the message that this a response to</definition>
      <comments>this message must have the same threadId as the original message (including missing if the original message threadId was missing)</comments>
      <min>1</min>
      <max>1</max>
      <type>id</type>
      <conformance>Mandatory</conformance>
      <mustSupport>false</mustSupport>
      <mustUnderstand>true</mustUnderstand>
    </element>
    <element>
      <path>Message.response.code</path>
      <shortDefn>Type of response to the message</shortDefn>
      <definition>Code that identifies the type of response to the message - whether it was successful or not, and whether it should be resent or not</definition>
      <comments>This is a generic response to the request message. Specific data for the response will be found in Message.data</comments>
      <min>1</min>
      <max>1</max>
      <type>code</type>
      <conformance>Mandatory</conformance>
      <mustSupport>false</mustSupport>
      <mustUnderstand>true</mustUnderstand>
      <binding>ResponseCode</binding>
    </element>
    <element>
      <path>Message.response.duplicate</path>
      <shortDefn>if this is not the first response</shortDefn>
      <definition>True if this is not the first response, because the request message has been received more than once</definition>
      <comments>The request shouldn&#39;t be received more than once if reliable message delivery applies, but mostly it doesn&#39;t</comments>
      <min>1</min>
      <max>1</max>
      <type>boolean</type>
      <conformance>Mandatory</conformance>
      <mustSupport>false</mustSupport>
      <mustUnderstand>true</mustUnderstand>
    </element>
    <element>
      <path>Message.source</path>
      <shortDefn>Message Source Application</shortDefn>
      <definition>The source application from which this message originated</definition>
      <min>1</min>
      <max>1</max>
      <conformance>Mandatory</conformance>
      <mustSupport>false</mustSupport>
      <mustUnderstand>false</mustUnderstand>
    </element>
    <element>
      <path>Message.source.name</path>
      <shortDefn>Name of system</shortDefn>
      <definition>Name of system</definition>
      <min>1</min>
      <max>1</max>
      <type>string</type>
      <conformance>Mandatory</conformance>
      <mustSupport>false</mustSupport>
      <mustUnderstand>false</mustUnderstand>
    </element>
    <element>
      <path>Message.source.software</path>
      <shortDefn>Name of software running the system</shortDefn>
      <definition>Name of software running the system</definition>
      <min>1</min>
      <max>1</max>
      <type>string</type>
      <conformance>Mandatory</conformance>
      <mustSupport>false</mustSupport>
      <mustUnderstand>false</mustUnderstand>
    </element>
    <element>
      <path>Message.source.version</path>
      <shortDefn>Version of software running</shortDefn>
      <definition>Version of software running</definition>
      <min>1</min>
      <max>1</max>
      <type>string</type>
      <conformance>Mandatory</conformance>
      <mustSupport>false</mustSupport>
      <mustUnderstand>false</mustUnderstand>
    </element>
    <element>
      <path>Message.source.contact</path>
      <shortDefn>Human contact for problems</shortDefn>
      <definition>Human contact for problems</definition>
      <min>1</min>
      <max>1</max>
      <type>Contact</type>
      <conformance>Mandatory</conformance>
      <mustSupport>false</mustSupport>
      <mustUnderstand>false</mustUnderstand>
    </element>
    <element>
      <path>Message.source.endpoint</path>
      <shortDefn>Actual message source address (if applicable)</shortDefn>
      <definition>Actual message source address (if applicable)</definition>
      <min>0</min>
      <max>1</max>
      <type>uri</type>
      <conformance>Optional</conformance>
      <mustSupport>false</mustSupport>
      <mustUnderstand>false</mustUnderstand>
    </element>
    <element>
      <path>Message.destination</path>
      <shortDefn>Message Destination Application</shortDefn>
      <definition>The destination application which the message is intended for</definition>
      <min>1</min>
      <max>1</max>
      <conformance>Mandatory</conformance>
      <mustSupport>false</mustSupport>
      <mustUnderstand>false</mustUnderstand>
    </element>
    <element>
      <path>Message.destination.name</path>
      <shortDefn>Name of system</shortDefn>
      <definition>Name of system</definition>
      <min>1</min>
      <max>1</max>
      <type>string</type>
      <conformance>Mandatory</conformance>
      <mustSupport>false</mustSupport>
      <mustUnderstand>false</mustUnderstand>
    </element>
    <element>
      <path>Message.destination.target</path>
      <shortDefn>particular delivery destination within the destination</shortDefn>
      <definition>particular delivery destination within the destination</definition>
      <min>0</min>
      <max>1</max>
      <type>Resource(Device|Person|Organization)</type>
      <conformance>Optional</conformance>
      <mustSupport>false</mustSupport>
      <mustUnderstand>false</mustUnderstand>
    </element>
    <element>
      <path>Message.destination.endpoint</path>
      <shortDefn>Actual destination address (if applicable)</shortDefn>
      <definition>Actual destination address (if applicable)</definition>
      <min>0</min>
      <max>1</max>
      <type>uri</type>
      <conformance>Optional</conformance>
      <mustSupport>false</mustSupport>
      <mustUnderstand>false</mustUnderstand>
    </element>
    <element>
      <path>Message.enterer</path>
      <shortDefn>The source of the data entry</shortDefn>
      <definition>The person or device that performd the data entry leading to this message. Where there is more than one candidate, pick the most proximal to the message. Can provide other enterers in extensions</definition>
      <comments>Usually only for the request, but can be used in a response</comments>
      <min>0</min>
      <max>1</max>
      <type>Resource(Person|Device)</type>
      <conformance>Optional</conformance>
      <mustSupport>false</mustSupport>
      <mustUnderstand>false</mustUnderstand>
    </element>
    <element>
      <path>Message.author</path>
      <shortDefn>The source of the decision</shortDefn>
      <definition>The logical author of the message - the person or device that decided it should happen. Where there is more than one candidate, pick the most proximal to the message. Can provide other enterers in extensions</definition>
      <comments>Usually only for the request, but can be used in a response</comments>
      <min>0</min>
      <max>1</max>
      <type>Resource(Person|Device)</type>
      <conformance>Optional</conformance>
      <mustSupport>false</mustSupport>
      <mustUnderstand>false</mustUnderstand>
    </element>
    <element>
      <path>Message.responsible</path>
      <shortDefn>final responsibility for event</shortDefn>
      <definition>The person or organization that accepts overall responsbility for the contents of the message. The implication is that the message event happened under the policies of the responsible party</definition>
      <comments>Usually only for the request, but can be used in a response</comments>
      <min>0</min>
      <max>1</max>
      <type>Resource(Person|Organization)</type>
      <conformance>Optional</conformance>
      <mustSupport>false</mustSupport>
      <mustUnderstand>false</mustUnderstand>
    </element>
    <element>
      <path>Message.effective</path>
      <shortDefn>time of effect</shortDefn>
      <definition>The effective time - the real world time of the even that the message represents. Usually this is just a starting time, but some message events also have an end time (do x for period y)</definition>
      <comments>Usually only for the request, but can be used in a response</comments>
      <min>0</min>
      <max>1</max>
      <type>Interval(dateTime)</type>
      <conformance>Optional</conformance>
      <mustSupport>false</mustSupport>
      <mustUnderstand>false</mustUnderstand>
    </element>
    <element>
      <path>Message.reason</path>
      <shortDefn>Cause of event</shortDefn>
      <definition>The cause of the event - a reason for why this message is being sent</definition>
      <min>0</min>
      <max>1</max>
      <type>CodeableConcept</type>
      <conformance>Optional</conformance>
      <mustSupport>false</mustSupport>
      <mustUnderstand>false</mustUnderstand>
      <binding>EventReason</binding>
    </element>
    <element>
      <path>Message.data</path>
      <shortDefn>The actual content of the message</shortDefn>
      <definition>The actual data of the message - a reference to the focus class of the message. </definition>
      <comments>The data is defined where the transaction type is defined. The transaction data is always aggregated with the transaction resource</comments>
      <min>0</min>
      <max>*</max>
      <type>Resource(Any)</type>
      <conformance>Conditional</conformance>
      <condition>Mandatory unless the message is a response, in which case the element is optional</condition>
      <mustSupport>false</mustSupport>
      <mustUnderstand>true</mustUnderstand>
    </element>
    <element>
      <path>Message.extensions</path>
      <shortDefn>See Extensions</shortDefn>
      <definition>See Extensions</definition>
      <min>0</min>
      <max>1</max>
      <conformance>Optional</conformance>
      <mustSupport>false</mustSupport>
      <mustUnderstand>false</mustUnderstand>
    </element>
    <element>
      <path>Message.text</path>
      <shortDefn>Text summary of message, for human interpretation</shortDefn>
      <definition> </definition>
      <min>1</min>
      <max>1</max>
      <type>Narrative</type>
      <conformance>Mandatory</conformance>
      <mustSupport>false</mustSupport>
      <mustUnderstand>false</mustUnderstand>
    </element>
  </resource>
</Profile>