{"Message":{"response":{"id":"5015fe84-8e76-4526-89d8-44b322e8d4fb","duplicate":false,"code":"ok"},"id":"1cbdfb97-5859-48a4-8301-d54eab818d68","author":{"id":"3455bc23","type":"Person"},"text":{"status":"generated","div":{"p":"Update Person resource for Peter James CHALMERS (\"Jim\"), MRN: 12345 (Acme Healthcare)","xmlns":"http://www.w3.org/1999/xhtml"}},"source":{"software":"FooBar Patient Manager","name":"Acme Central Patient Registry","contact":{"system":"phone","value":"+1 (555) 123 4567"},"version":"3.1.45.AABB"},"event":"admin-update","data":{"id":342356,"type":"Person"},"xmlns":"http://www.hl7.org/fhir","instant":"2012-01-04T09:10:14Z","destination":{"name":"Acme Message Gateway","target":{"id":34,"type":"Person"}}}}