<?xml version="1.0" encoding="UTF-8"?>

<Profile xmlns="http://www.hl7.org/fhir">
  <id>1</id>
  <name>organization</name>
  <author>
    <name>todo (committee)</name>
  </author>
  <description>For any organization/institution/government department that has relevance to the care process</description>
  <comments>Basic Profile for </comments>
  <status>testing</status>
  <date>20123328</date>
  <endorser>
    <name>HL7</name>
  </endorser>
  <resource>
    <type>Resource</type>
    <element>
      <path>Organization</path>
      <definition>For any organization/institution/government department that has relevance to the care process</definition>
      <min>1</min>
      <max>1</max>
      <type>Resource</type>
      <conformance>Mandatory</conformance>
      <mustSupport>false</mustSupport>
      <mustUnderstand>false</mustUnderstand>
    </element>
    <element>
      <path>Organization.id</path>
      <shortDefn>Master Resource Id, always first in all resources</shortDefn>
      <definition>Master Resource Id, always first in all resources</definition>
      <min>1</min>
      <max>1</max>
      <type>id</type>
      <conformance>Mandatory</conformance>
      <mustSupport>false</mustSupport>
      <mustUnderstand>false</mustUnderstand>
    </element>
    <element>
      <path>Organization.identifier</path>
      <shortDefn>Identifier for this organization</shortDefn>
      <definition>Identifier for the organization that is used to identify the organization across multiple disparate systems</definition>
      <min>0</min>
      <max>*</max>
      <type>HumanId</type>
      <conformance>Optional</conformance>
      <mustSupport>false</mustSupport>
      <mustUnderstand>true</mustUnderstand>
    </element>
    <element>
      <path>Organization.name</path>
      <definition>A name associated with the organization</definition>
      <comments>Don&#39;t use HumanName since that has many non-organization things in it</comments>
      <min>0</min>
      <max>*</max>
      <conformance>Optional</conformance>
      <mustSupport>false</mustSupport>
      <mustUnderstand>true</mustUnderstand>
    </element>
    <element>
      <path>Organization.name.value</path>
      <shortDefn>A name associated with the organization</shortDefn>
      <definition>The actual name of the organization</definition>
      <min>1</min>
      <max>1</max>
      <type>string</type>
      <conformance>Mandatory</conformance>
      <mustSupport>false</mustSupport>
      <mustUnderstand>true</mustUnderstand>
    </element>
    <element>
      <path>Organization.name.period</path>
      <shortDefn>When this name is/was in use</shortDefn>
      <definition>The period that this name was in use by the organization</definition>
      <min>0</min>
      <max>1</max>
      <type>Interval(date)</type>
      <conformance>Optional</conformance>
      <mustSupport>false</mustSupport>
      <mustUnderstand>false</mustUnderstand>
    </element>
    <element>
      <path>Organization.address</path>
      <shortDefn>An address for the organization</shortDefn>
      <definition>An address for the organization</definition>
      <comments>Organization may have multiple addresses with different uses or applicable periods. The use code home is not to be used</comments>
      <min>0</min>
      <max>*</max>
      <type>Address</type>
      <conformance>Optional</conformance>
      <mustSupport>false</mustSupport>
      <mustUnderstand>false</mustUnderstand>
    </element>
    <element>
      <path>Organization.contact</path>
      <shortDefn>A contact detail for the organization</shortDefn>
      <definition>A contact detail for the organization</definition>
      <comments>The use code home is not to be used. Note that these contacts are not the contact details of people who are employed by or represent the organization, but official contacts for the organization itself</comments>
      <min>0</min>
      <max>*</max>
      <type>Contact</type>
      <conformance>Optional</conformance>
      <mustSupport>false</mustSupport>
      <mustUnderstand>false</mustUnderstand>
    </element>
    <element>
      <path>Organization.code</path>
      <shortDefn>kind of organisation</shortDefn>
      <definition>The kind of organization that this is</definition>
      <comments>Organizations can be corporations, wards, sections, clinical teams, government departments, etc. Note that code is generally a classifier of the type of organization; in many applications, codes are used to identity a particular organization (say, ward) as opposed to another of the same type - these are identifiers, not codes</comments>
      <min>0</min>
      <max>1</max>
      <type>CodeableConcept</type>
      <conformance>Optional</conformance>
      <mustSupport>false</mustSupport>
      <mustUnderstand>false</mustUnderstand>
      <binding>OrganisationType</binding>
    </element>
    <element>
      <path>Organization.industryCode</path>
      <shortDefn>kind of industry</shortDefn>
      <definition>The industry that this organization is involved in</definition>
      <min>0</min>
      <max>1</max>
      <type>CodeableConcept</type>
      <conformance>Optional</conformance>
      <mustSupport>false</mustSupport>
      <mustUnderstand>false</mustUnderstand>
      <binding>Industry</binding>
    </element>
    <element>
      <path>Organization.accreditation</path>
      <definition>The qualifications a person has, including format educational achievements, accreditations, and current certifications. All these qualifications may be used to determine what roles a person may play in a healthcare environment</definition>
      <min>0</min>
      <max>*</max>
      <conformance>Optional</conformance>
      <mustSupport>false</mustSupport>
      <mustUnderstand>false</mustUnderstand>
    </element>
    <element>
      <path>Organization.accreditation.id</path>
      <shortDefn>Identifier for the accreditation</shortDefn>
      <definition>The identifier of the accreditation</definition>
      <min>0</min>
      <max>1</max>
      <type>Identifier</type>
      <conformance>Optional</conformance>
      <mustSupport>false</mustSupport>
      <mustUnderstand>false</mustUnderstand>
    </element>
    <element>
      <path>Organization.accreditation.code</path>
      <shortDefn>What kind of accreditation</shortDefn>
      <definition>The type of the accreditation</definition>
      <min>0</min>
      <max>1</max>
      <type>CodeableConcept</type>
      <conformance>Optional</conformance>
      <mustSupport>false</mustSupport>
      <mustUnderstand>false</mustUnderstand>
      <binding>Accreditation</binding>
    </element>
    <element>
      <path>Organization.accreditation.institution</path>
      <shortDefn>Who conferred it</shortDefn>
      <definition>The organization that confered/confers the accreditation</definition>
      <min>0</min>
      <max>1</max>
      <type>Resource(Organization)</type>
      <conformance>Optional</conformance>
      <mustSupport>false</mustSupport>
      <mustUnderstand>false</mustUnderstand>
    </element>
    <element>
      <path>Organization.accreditation.period</path>
      <shortDefn>When the accreditation is valid</shortDefn>
      <definition>The period for which the accreditation is held</definition>
      <min>0</min>
      <max>1</max>
      <type>Interval(date)</type>
      <conformance>Optional</conformance>
      <mustSupport>false</mustSupport>
      <mustUnderstand>false</mustUnderstand>
    </element>
    <element>
      <path>Organization.relatedOrganization</path>
      <shortDefn>sub-, super-, and partner organisations</shortDefn>
      <definition>Other organizations who are related to this person. The relationship might be one of several types: sub- or super- orgnizations (i.e. ward in a hospital, owning corporation of a hospital) or partner organizations (i.e. the operating corporation for a hospital)</definition>
      <min>0</min>
      <max>*</max>
      <conformance>Optional</conformance>
      <mustSupport>false</mustSupport>
      <mustUnderstand>false</mustUnderstand>
    </element>
    <element>
      <path>Organization.relatedOrganization.id</path>
      <shortDefn>Identifier for the organization</shortDefn>
      <definition>Identifier the related organization - may be a full link to an Organization resource, or some other kind of identifier</definition>
      <min>0</min>
      <max>1</max>
      <type>HumanId</type>
      <conformance>Optional</conformance>
      <mustSupport>false</mustSupport>
      <mustUnderstand>false</mustUnderstand>
    </element>
    <element>
      <path>Organization.relatedOrganization.code</path>
      <shortDefn>How the organizations are related</shortDefn>
      <definition>Code that specifies how this organization is related to the subject. A code is required.</definition>
      <min>1</min>
      <max>1</max>
      <type>CodeableConcept</type>
      <conformance>Mandatory</conformance>
      <mustSupport>false</mustSupport>
      <mustUnderstand>false</mustUnderstand>
      <binding>OrganizationRelationship</binding>
    </element>
    <element>
      <path>Organization.relatedOrganization.name</path>
      <shortDefn>Name of the organization</shortDefn>
      <definition>A name should be specified for the related organization</definition>
      <min>0</min>
      <max>1</max>
      <type>string</type>
      <conformance>Optional</conformance>
      <mustSupport>false</mustSupport>
      <mustUnderstand>false</mustUnderstand>
    </element>
    <element>
      <path>Organization.relatedOrganization.address</path>
      <shortDefn>An address for the organization</shortDefn>
      <definition>Postal addresses may be provided for the related organization</definition>
      <min>0</min>
      <max>*</max>
      <type>Address</type>
      <conformance>Optional</conformance>
      <mustSupport>false</mustSupport>
      <mustUnderstand>false</mustUnderstand>
    </element>
    <element>
      <path>Organization.relatedOrganization.contact</path>
      <shortDefn>General contact details for the organization</shortDefn>
      <definition>Contact details (phone, email etc) may be provided for the related organization</definition>
      <min>0</min>
      <max>*</max>
      <type>Contact</type>
      <conformance>Optional</conformance>
      <mustSupport>false</mustSupport>
      <mustUnderstand>false</mustUnderstand>
    </element>
    <element>
      <path>Organization.relatedOrganization.period</path>
      <shortDefn>When the organizations were related</shortDefn>
      <definition>The period during which the organizations were related in this fashion</definition>
      <min>0</min>
      <max>1</max>
      <type>Interval(date)</type>
      <conformance>Optional</conformance>
      <mustSupport>false</mustSupport>
      <mustUnderstand>false</mustUnderstand>
    </element>
    <element>
      <path>Organization.extensions</path>
      <shortDefn>See Extensions</shortDefn>
      <definition>See Extensions</definition>
      <min>0</min>
      <max>1</max>
      <conformance>Optional</conformance>
      <mustSupport>false</mustSupport>
      <mustUnderstand>false</mustUnderstand>
    </element>
    <element>
      <path>Organization.text</path>
      <shortDefn>Text summary of organization, fall back for human interpretation</shortDefn>
      <definition>Text summary of organization, fall back for human interpretation</definition>
      <min>1</min>
      <max>1</max>
      <type>Narrative</type>
      <conformance>Optional</conformance>
      <mustSupport>false</mustSupport>
      <mustUnderstand>false</mustUnderstand>
    </element>
  </resource>
</Profile>