<?xml version="1.0" encoding="UTF-8"?>

<Profile xmlns="http://www.hl7.org/fhir">
  <id>1</id>
  <name>patient</name>
  <author>
    <name>todo (committee)</name>
  </author>
  <description>A patient is a person or animal that is receiving care</description>
  <comments>Basic Profile for </comments>
  <status>testing</status>
  <date>20123328</date>
  <endorser>
    <name>HL7</name>
  </endorser>
  <resource>
    <type>Resource</type>
    <element>
      <path>Patient</path>
      <definition>A patient is a person or animal that is receiving care</definition>
      <min>1</min>
      <max>1</max>
      <type>Resource</type>
      <conformance>Mandatory</conformance>
      <mustSupport>false</mustSupport>
      <mustUnderstand>false</mustUnderstand>
    </element>
    <element>
      <path>Patient.id</path>
      <shortDefn>Master Resource Id, always first in all resources</shortDefn>
      <definition>Master Resource Id, always first in all resources</definition>
      <min>1</min>
      <max>1</max>
      <type>id</type>
      <conformance>Mandatory</conformance>
      <mustSupport>false</mustSupport>
      <mustUnderstand>false</mustUnderstand>
    </element>
    <element>
      <path>Patient.link</path>
      <shortDefn>Other patients linked to this resource</shortDefn>
      <definition>A linked patient record is a record that concerns the same patient. Records are linked after it is realised that at least one was created in error.</definition>
      <comments>More then two patient records may be linked. Note that there is a special transaction for linking patient records in the RESTful context, as record linking consistency must be maintained</comments>
      <min>0</min>
      <max>*</max>
      <type>Resource(Patient)</type>
      <conformance>Mandatory</conformance>
      <mustSupport>false</mustSupport>
      <mustUnderstand>true</mustUnderstand>
    </element>
    <element>
      <path>Patient.active</path>
      <shortDefn>Whether this patient record is active (in use)</shortDefn>
      <definition>Whether the patient record is in use, or has been removed from active use</definition>
      <comments>If a record is inactive, and linked to an active record, then future patient/person/record updates should occur on the other patient</comments>
      <min>1</min>
      <max>1</max>
      <type>boolean</type>
      <conformance>Mandatory</conformance>
      <mustSupport>false</mustSupport>
      <mustUnderstand>true</mustUnderstand>
    </element>
    <element>
      <path>Patient.person</path>
      <shortDefn>The person who is the patient</shortDefn>
      <definition>The person that this patient record is about</definition>
      <min>0</min>
      <max>1</max>
      <type>Resource(Person)</type>
      <conformance>Conditional</conformance>
      <condition>Either an animal or a person must be provided, but not both</condition>
      <mustSupport>false</mustSupport>
      <mustUnderstand>true</mustUnderstand>
    </element>
    <element>
      <path>Patient.animal</path>
      <shortDefn>The animal which is the patient</shortDefn>
      <definition>The animal that this patient record is about</definition>
      <min>0</min>
      <max>1</max>
      <type>Resource(Animal)</type>
      <conformance>Conditional</conformance>
      <condition>Either an animal or a person must be provided, but not both</condition>
      <mustSupport>false</mustSupport>
      <mustUnderstand>false</mustUnderstand>
    </element>
    <element>
      <path>Patient.provider</path>
      <shortDefn>Organization managing the patient</shortDefn>
      <definition>The provider for whom this is a patient record</definition>
      <min>1</min>
      <max>1</max>
      <type>Resource(Organization)</type>
      <conformance>Mandatory</conformance>
      <mustSupport>false</mustSupport>
      <mustUnderstand>true</mustUnderstand>
    </element>
    <element>
      <path>Patient.identifier</path>
      <shortDefn>An identifier for the person as this patient</shortDefn>
      <definition>An identifier that applies to this person as a patient</definition>
      <min>0</min>
      <max>*</max>
      <type>HumanId</type>
      <conformance>Optional</conformance>
      <mustSupport>false</mustSupport>
      <mustUnderstand>true</mustUnderstand>
    </element>
    <element>
      <path>Patient.diet</path>
      <shortDefn>Dietary restrictions for the patient</shortDefn>
      <definition>Dietary restrictions for the patient</definition>
      <comments>not for specifying medical diets, but for casual dietary restrictions such as vegetarian, diary-free, nut-free, etc</comments>
      <min>0</min>
      <max>1</max>
      <type>CodeableConcept</type>
      <conformance>Optional</conformance>
      <mustSupport>false</mustSupport>
      <mustUnderstand>false</mustUnderstand>
      <binding>PatientDiet</binding>
    </element>
    <element>
      <path>Patient.confidentiality</path>
      <shortDefn>Confidentiality of the patient records</shortDefn>
      <definition>Confidentiality of the patient records</definition>
      <comments>Confidentiality tracking also occurs at more detailed points in the medical record</comments>
      <min>0</min>
      <max>1</max>
      <type>CodeableConcept</type>
      <conformance>Optional</conformance>
      <mustSupport>false</mustSupport>
      <mustUnderstand>false</mustUnderstand>
      <binding>PatientConfidentiality</binding>
    </element>
    <element>
      <path>Patient.recordLocation</path>
      <shortDefn>Where the paper record is</shortDefn>
      <definition>The location of the paper record for the patient, if there is one</definition>
      <min>0</min>
      <max>1</max>
      <type>CodeableConcept</type>
      <conformance>Optional</conformance>
      <mustSupport>false</mustSupport>
      <mustUnderstand>false</mustUnderstand>
      <binding>PaperRecordLocation</binding>
    </element>
    <element>
      <path>Patient.extensions</path>
      <shortDefn>See Extensions</shortDefn>
      <definition>See Extensions</definition>
      <min>0</min>
      <max>1</max>
      <conformance>Optional</conformance>
      <mustSupport>false</mustSupport>
      <mustUnderstand>false</mustUnderstand>
    </element>
    <element>
      <path>Patient.text</path>
      <shortDefn>Text summary of person, for human interpretation</shortDefn>
      <definition>Text summary of person, for human interpretation</definition>
      <min>1</min>
      <max>1</max>
      <type>Narrative</type>
      <conformance>Mandatory</conformance>
      <mustSupport>false</mustSupport>
      <mustUnderstand>false</mustUnderstand>
    </element>
  </resource>
</Profile>