<?xml version="1.0" encoding="UTF-8"?>

<Profile xmlns="http://www.hl7.org/fhir">
  <id>1</id>
  <name>person</name>
  <author>
    <name>todo (committee)</name>
  </author>
  <description>A person who is involved in the healthcare process</description>
  <comments>Basic Profile for </comments>
  <status>testing</status>
  <date>20123328</date>
  <endorser>
    <name>HL7</name>
  </endorser>
  <resource>
    <type>Resource</type>
    <element>
      <path>Person</path>
      <definition>A person who is involved in the healthcare process</definition>
      <min>1</min>
      <max>1</max>
      <type>Resource</type>
      <conformance>Mandatory</conformance>
      <mustSupport>false</mustSupport>
      <mustUnderstand>false</mustUnderstand>
    </element>
    <element>
      <path>Person.id</path>
      <shortDefn>Master Resource Id, always first in all resources</shortDefn>
      <definition>Master Resource Id, always first in all resources</definition>
      <min>1</min>
      <max>1</max>
      <type>id</type>
      <conformance>Mandatory</conformance>
      <mustSupport>false</mustSupport>
      <mustUnderstand>false</mustUnderstand>
    </element>
    <element>
      <path>Person.identifier</path>
      <shortDefn>A Human identifier for this person</shortDefn>
      <definition>Identifier for the person that is used to identify the person across multiple disparate systems and also for face to face identification of the person</definition>
      <min>0</min>
      <max>*</max>
      <type>HumanId</type>
      <conformance>Optional</conformance>
      <mustSupport>false</mustSupport>
      <mustUnderstand>true</mustUnderstand>
    </element>
    <element>
      <path>Person.name</path>
      <shortDefn>A name associated with the person</shortDefn>
      <definition>A name associated with the person</definition>
      <comments>Person may have multiple names with different uses or applicable periods</comments>
      <min>0</min>
      <max>*</max>
      <type>HumanName</type>
      <conformance>Optional</conformance>
      <mustSupport>false</mustSupport>
      <mustUnderstand>true</mustUnderstand>
    </element>
    <element>
      <path>Person.address</path>
      <shortDefn>An address for the person</shortDefn>
      <definition>An address for the person</definition>
      <comments>Person may have multiple addresses with different uses or applicable periods</comments>
      <min>0</min>
      <max>*</max>
      <type>Address</type>
      <conformance>Optional</conformance>
      <mustSupport>false</mustSupport>
      <mustUnderstand>false</mustUnderstand>
    </element>
    <element>
      <path>Person.contact</path>
      <shortDefn>A contact detail for the person</shortDefn>
      <definition>A contact detail for the person</definition>
      <comments>Person may have multiple contacts with different uses or applicable periods</comments>
      <min>0</min>
      <max>*</max>
      <type>Contact</type>
      <conformance>Optional</conformance>
      <mustSupport>false</mustSupport>
      <mustUnderstand>false</mustUnderstand>
    </element>
    <element>
      <path>Person.dob</path>
      <shortDefn>The birth date for the person</shortDefn>
      <definition>The birth date for the person</definition>
      <comments>At least a estimated year should be provided as a guess if the real dob is unknown</comments>
      <min>0</min>
      <max>1</max>
      <type>dateTime</type>
      <conformance>Optional</conformance>
      <mustSupport>false</mustSupport>
      <mustUnderstand>true</mustUnderstand>
    </element>
    <element>
      <path>Person.gender</path>
      <shortDefn>Administrative Gender</shortDefn>
      <definition>Administrative Gender</definition>
      <min>0</min>
      <max>1</max>
      <type>CodeableConcept</type>
      <conformance>Optional</conformance>
      <mustSupport>false</mustSupport>
      <mustUnderstand>true</mustUnderstand>
      <binding>AdministrativeGender</binding>
    </element>
    <element>
      <path>Person.religion</path>
      <shortDefn>Religion of the person</shortDefn>
      <definition>The religious denomination to which a person professes affiliation</definition>
      <comments>Not all people have a formal religious affiliation</comments>
      <min>0</min>
      <max>1</max>
      <type>CodeableConcept</type>
      <conformance>Optional</conformance>
      <mustSupport>false</mustSupport>
      <mustUnderstand>false</mustUnderstand>
      <binding>Religion</binding>
    </element>
    <element>
      <path>Person.race</path>
      <shortDefn>The race of a person</shortDefn>
      <definition>blah balh</definition>
      <comments>Some places do not use this!</comments>
      <min>0</min>
      <max>*</max>
      <type>CodeableConcept</type>
      <conformance>Optional</conformance>
      <mustSupport>false</mustSupport>
      <mustUnderstand>false</mustUnderstand>
      <binding>Race</binding>
    </element>
    <element>
      <path>Person.qualification</path>
      <shortDefn>Qualifications, Accreditations, Certifications</shortDefn>
      <definition>The qualifications a person has, including formal educational achievements, accreditations, and current certifications. All these qualifications may be used to determine what roles a person may play in a healthcare environment</definition>
      <min>0</min>
      <max>*</max>
      <conformance>Optional</conformance>
      <mustSupport>false</mustSupport>
      <mustUnderstand>false</mustUnderstand>
    </element>
    <element>
      <path>Person.qualification.id</path>
      <shortDefn>Identifier for the qualification</shortDefn>
      <definition>The identifier of a qualification</definition>
      <min>0</min>
      <max>1</max>
      <type>Identifier</type>
      <conformance>Optional</conformance>
      <mustSupport>false</mustSupport>
      <mustUnderstand>false</mustUnderstand>
    </element>
    <element>
      <path>Person.qualification.code</path>
      <shortDefn>A code for the qualification</shortDefn>
      <definition>The type of the qualification</definition>
      <min>0</min>
      <max>1</max>
      <type>CodeableConcept</type>
      <conformance>Optional</conformance>
      <mustSupport>false</mustSupport>
      <mustUnderstand>false</mustUnderstand>
      <binding>Qualifications</binding>
    </element>
    <element>
      <path>Person.qualification.institution</path>
      <shortDefn>Who conferred it</shortDefn>
      <definition>The organisation that confered/confers the qualification</definition>
      <min>0</min>
      <max>1</max>
      <type>Resource(Organization)</type>
      <conformance>Optional</conformance>
      <mustSupport>false</mustSupport>
      <mustUnderstand>false</mustUnderstand>
    </element>
    <element>
      <path>Person.qualification.period</path>
      <shortDefn>When the qualification is valid</shortDefn>
      <definition>The period for which a qualification is held</definition>
      <comments>Formal degrees may have a known start date, but no end date</comments>
      <min>0</min>
      <max>1</max>
      <type>Interval(date)</type>
      <conformance>Optional</conformance>
      <mustSupport>false</mustSupport>
      <mustUnderstand>false</mustUnderstand>
    </element>
    <element>
      <path>Person.language</path>
      <definition>A language spoken by the person, with proficiency</definition>
      <comments>If no language is specified, this *implies* that the default local language is spoken</comments>
      <min>0</min>
      <max>*</max>
      <conformance>Optional</conformance>
      <mustSupport>false</mustSupport>
      <mustUnderstand>false</mustUnderstand>
    </element>
    <element>
      <path>Person.language.code</path>
      <shortDefn>ISO 639-3 code for language</shortDefn>
      <definition>A code that identifies the language</definition>
      <comments>So just ISO 639-3?  Not allowing ENG-CA or something?</comments>
      <min>1</min>
      <max>1</max>
      <type>code</type>
      <conformance>Mandatory</conformance>
      <mustSupport>false</mustSupport>
      <mustUnderstand>false</mustUnderstand>
      <binding>Language</binding>
    </element>
    <element>
      <path>Person.language.use</path>
      <shortDefn>How well the language is used</shortDefn>
      <definition>A code the describes how well the language is spoken</definition>
      <comments>No differentiation is made between spoken and written functionality here</comments>
      <min>0</min>
      <max>1</max>
      <type>code</type>
      <conformance>Optional</conformance>
      <mustSupport>false</mustSupport>
      <mustUnderstand>false</mustUnderstand>
      <binding>LanguageUse</binding>
    </element>
    <element>
      <path>Person.relatedPerson</path>
      <shortDefn>Kin, Guardians, Agents, Caregivers</shortDefn>
      <definition>Other persons who are related to this person. The relationship might be one of several types: kin (familial or marital), financial or legal (such as guardian), biological (e.g. donor, donation-recipient) or casual (i.e. friend).</definition>
      <min>0</min>
      <max>*</max>
      <conformance>Optional</conformance>
      <mustSupport>false</mustSupport>
      <mustUnderstand>false</mustUnderstand>
    </element>
    <element>
      <path>Person.relatedPerson.id</path>
      <shortDefn>Identifier for the person</shortDefn>
      <definition>Identifier the related person - may be a full link to a Person resource, or some other kind of identifier</definition>
      <min>0</min>
      <max>1</max>
      <type>HumanId</type>
      <conformance>Optional</conformance>
      <mustSupport>false</mustSupport>
      <mustUnderstand>false</mustUnderstand>
    </element>
    <element>
      <path>Person.relatedPerson.role</path>
      <shortDefn>Type of relationship</shortDefn>
      <definition>Code that specifies how this person is related to the subject. A code is required.</definition>
      <min>1</min>
      <max>1</max>
      <type>CodeableConcept</type>
      <conformance>Mandatory</conformance>
      <mustSupport>false</mustSupport>
      <mustUnderstand>false</mustUnderstand>
      <binding>PersonRelationship</binding>
    </element>
    <element>
      <path>Person.relatedPerson.name</path>
      <shortDefn>Name of the person</shortDefn>
      <definition>A name should be specified for the related person</definition>
      <min>0</min>
      <max>1</max>
      <type>HumanName</type>
      <conformance>Optional</conformance>
      <mustSupport>false</mustSupport>
      <mustUnderstand>false</mustUnderstand>
    </element>
    <element>
      <path>Person.relatedPerson.contact</path>
      <shortDefn>Contact details for the person</shortDefn>
      <definition>Contact details (phone, email etc) should be provided for the person</definition>
      <min>0</min>
      <max>*</max>
      <type>Contact</type>
      <conformance>Optional</conformance>
      <mustSupport>false</mustSupport>
      <mustUnderstand>false</mustUnderstand>
    </element>
    <element>
      <path>Person.extensions</path>
      <shortDefn>See Extensions</shortDefn>
      <definition>See Extensions</definition>
      <min>0</min>
      <max>1</max>
      <conformance>Optional</conformance>
      <mustSupport>false</mustSupport>
      <mustUnderstand>false</mustUnderstand>
    </element>
    <element>
      <path>Person.text</path>
      <shortDefn>Text summary of person, for human interpretation</shortDefn>
      <definition>Text summary of person, for human interpretation</definition>
      <min>1</min>
      <max>1</max>
      <type>Narrative</type>
      <conformance>Mandatory</conformance>
      <mustSupport>false</mustSupport>
      <mustUnderstand>false</mustUnderstand>
    </element>
  </resource>
</Profile>