<?xml version="1.0" encoding="UTF-8"?>

<Profile xmlns="http://www.hl7.org/fhir">
  <id>1</id>
  <name>prescription</name>
  <author>
    <name>todo (committee)</name>
  </author>
  <description>Directions provided by a prescribing practitioner for a specific medication to be administered to an individual</description>
  <comments>Basic Profile for </comments>
  <status>testing</status>
  <date>20123328</date>
  <endorser>
    <name>HL7</name>
  </endorser>
  <resource>
    <type>Resource</type>
    <element>
      <path>Prescription</path>
      <definition>Directions provided by a prescribing practitioner for a specific medication to be administered to an individual</definition>
      <min>1</min>
      <max>1</max>
      <type>Resource</type>
      <conformance>Mandatory</conformance>
      <mustSupport>false</mustSupport>
      <mustUnderstand>false</mustUnderstand>
    </element>
    <element>
      <path>Prescription.id</path>
      <shortDefn>Master Resource Id, always first in all resources</shortDefn>
      <definition>Master Resource Id, always first in all resources</definition>
      <min>1</min>
      <max>1</max>
      <type>id</type>
      <conformance>Mandatory</conformance>
      <mustSupport>false</mustSupport>
      <mustUnderstand>false</mustUnderstand>
    </element>
    <element>
      <path>Prescription.identifier</path>
      <shortDefn>Prescription identification</shortDefn>
      <definition>A identifier used in an external system and associated with this medication</definition>
      <min>0</min>
      <max>*</max>
      <type>HumanId</type>
      <conformance>Mandatory</conformance>
      <mustSupport>false</mustSupport>
      <mustUnderstand>true</mustUnderstand>
    </element>
    <element>
      <path>Prescription.status</path>
      <shortDefn>Status: Active|Completed</shortDefn>
      <definition>Actual status of the prescription</definition>
      <min>1</min>
      <max>1</max>
      <type>code</type>
      <conformance>Mandatory</conformance>
      <mustSupport>false</mustSupport>
      <mustUnderstand>true</mustUnderstand>
      <binding>PrescriptionStatus</binding>
    </element>
    <element>
      <path>Prescription.patient</path>
      <shortDefn>Patient receiving medicine</shortDefn>
      <definition>The patient the prescription is prescribing medicine for</definition>
      <min>1</min>
      <max>1</max>
      <type>Resource(Patient)</type>
      <conformance>Mandatory</conformance>
      <mustSupport>false</mustSupport>
      <mustUnderstand>true</mustUnderstand>
    </element>
    <element>
      <path>Prescription.prescriber</path>
      <shortDefn>Prescribing doctor</shortDefn>
      <definition>The clinician or doctor prescribing the medication</definition>
      <min>1</min>
      <max>1</max>
      <type>Resource(Agent)</type>
      <conformance>Mandatory</conformance>
      <mustSupport>false</mustSupport>
      <mustUnderstand>false</mustUnderstand>
    </element>
    <element>
      <path>Prescription.prescribed</path>
      <shortDefn>Date/time prescribed</shortDefn>
      <definition>Date/time on which the prescription was written</definition>
      <min>1</min>
      <max>1</max>
      <type>dateTime</type>
      <conformance>Mandatory</conformance>
      <mustSupport>false</mustSupport>
      <mustUnderstand>false</mustUnderstand>
    </element>
    <element>
      <path>Prescription.dispense</path>
      <shortDefn>Details of included dispense request</shortDefn>
      <definition>Details of the dispense as requested by the prescriber</definition>
      <min>0</min>
      <max>1</max>
      <conformance>Optional</conformance>
      <mustSupport>false</mustSupport>
      <mustUnderstand>false</mustUnderstand>
    </element>
    <element>
      <path>Prescription.dispense.repeats</path>
      <shortDefn>Number of repeats</shortDefn>
      <definition>Requested number of repeats</definition>
      <comments>Default is &quot;1&quot;</comments>
      <min>0</min>
      <max>1</max>
      <type>integer</type>
      <conformance>Optional</conformance>
      <mustSupport>false</mustSupport>
      <mustUnderstand>false</mustUnderstand>
    </element>
    <element>
      <path>Prescription.dispense.quantity</path>
      <shortDefn>Quantity per repeat</shortDefn>
      <definition>Requested quantity per repeat</definition>
      <min>1</min>
      <max>1</max>
      <type>Quantity</type>
      <conformance>Mandatory</conformance>
      <mustSupport>false</mustSupport>
      <mustUnderstand>false</mustUnderstand>
    </element>
    <element>
      <path>Prescription.dispense.dispenser</path>
      <shortDefn>Person to fullfil the requested dispense</shortDefn>
      <definition>Person to fullfil the requested dispense</definition>
      <min>0</min>
      <max>1</max>
      <type>Resource(Agent|Organization)</type>
      <conformance>Optional</conformance>
      <mustSupport>false</mustSupport>
      <mustUnderstand>false</mustUnderstand>
    </element>
    <element>
      <path>Prescription.medicine</path>
      <shortDefn>Prescribed medicine</shortDefn>
      <definition>The one single medicatine, vaccine or therapeutic good prescribed in this prescription.</definition>
      <min>1</min>
      <max>1</max>
      <conformance>Mandatory</conformance>
      <mustSupport>false</mustSupport>
      <mustUnderstand>false</mustUnderstand>
    </element>
    <element>
      <path>Prescription.medicine.productCode</path>
      <shortDefn>Coded representation of medicine</shortDefn>
      <definition>Coded representation of medicine</definition>
      <min>0</min>
      <max>1</max>
      <type>Coding</type>
      <conformance>Conditional</conformance>
      <condition>Can only be left empty if it cannot be coded</condition>
      <mustSupport>false</mustSupport>
      <mustUnderstand>true</mustUnderstand>
      <binding>MedicationKind</binding>
    </element>
    <element>
      <path>Prescription.medicine.description</path>
      <shortDefn>Textual description of medicine</shortDefn>
      <definition>Textual description of medicine, including strength and ingredients</definition>
      <min>0</min>
      <max>1</max>
      <type>string</type>
      <conformance>Conditional</conformance>
      <condition>Mandatory when medication cannot be coded</condition>
      <mustSupport>false</mustSupport>
      <mustUnderstand>false</mustUnderstand>
    </element>
    <element>
      <path>Prescription.medicine.activeIngredient</path>
      <shortDefn>Active substance</shortDefn>
      <definition>The substance in the medication formulation that is pharmaceutically active and is responsible for the medication&#39;s therapeutic effect</definition>
      <min>0</min>
      <max>*</max>
      <conformance>Optional</conformance>
      <mustSupport>false</mustSupport>
      <mustUnderstand>false</mustUnderstand>
    </element>
    <element>
      <path>Prescription.medicine.activeIngredient.productCode</path>
      <shortDefn>Coded representation of active ingredient</shortDefn>
      <definition>Coded representation of active ingredient</definition>
      <min>1</min>
      <max>1</max>
      <type>Coding</type>
      <conformance>Mandatory</conformance>
      <mustSupport>false</mustSupport>
      <mustUnderstand>false</mustUnderstand>
      <binding>MedicationKind</binding>
    </element>
    <element>
      <path>Prescription.medicine.activeIngredient.quantity</path>
      <shortDefn>Relative quantity of active ingredient</shortDefn>
      <definition>Quantity of active ingredient expressed in relation to the whole of the prepared medicine</definition>
      <min>0</min>
      <max>1</max>
      <type>Ratio</type>
      <conformance>Optional</conformance>
      <mustSupport>false</mustSupport>
      <mustUnderstand>false</mustUnderstand>
    </element>
    <element>
      <path>Prescription.medicine.inactiveIngredient</path>
      <shortDefn>Inactive substance</shortDefn>
      <definition>Ingredients in the medication that are not active</definition>
      <min>0</min>
      <max>*</max>
      <conformance>Optional</conformance>
      <mustSupport>false</mustSupport>
      <mustUnderstand>false</mustUnderstand>
    </element>
    <element>
      <path>Prescription.medicine.inactiveIngredient.productCode</path>
      <shortDefn>Coded representation of inactive ingredient</shortDefn>
      <definition>Coded representation of the inactive ingredient</definition>
      <min>1</min>
      <max>1</max>
      <type>Coding</type>
      <conformance>Mandatory</conformance>
      <mustSupport>false</mustSupport>
      <mustUnderstand>false</mustUnderstand>
      <binding>MedicationKind</binding>
    </element>
    <element>
      <path>Prescription.medicine.inactiveIngredient.quantity</path>
      <shortDefn>Relative quantity of inactive ingredient</shortDefn>
      <definition>Quantity of inactive ingredient expressed in relation to the whole of the prepared medicine</definition>
      <min>0</min>
      <max>1</max>
      <type>Ratio</type>
      <conformance>Optional</conformance>
      <mustSupport>false</mustSupport>
      <mustUnderstand>false</mustUnderstand>
    </element>
    <element>
      <path>Prescription.administrationRequest</path>
      <shortDefn>Instructions for use</shortDefn>
      <definition>Instructions for the use of the medication. Includes details about the timing schedule, dosis amounts and additional usage instructions.</definition>
      <min>1</min>
      <max>1</max>
      <conformance>Mandatory</conformance>
      <mustSupport>false</mustSupport>
      <mustUnderstand>false</mustUnderstand>
    </element>
    <element>
      <path>Prescription.administrationRequest.description</path>
      <shortDefn>Textual instructions for use</shortDefn>
      <definition>Textual description of the use of the medication.</definition>
      <comments>Can contain more details than the structured information under this element, but must be in accordance with it. May not contain information about the medicine itself.</comments>
      <min>0</min>
      <max>1</max>
      <type>string</type>
      <conformance>Optional</conformance>
      <mustSupport>false</mustSupport>
      <mustUnderstand>false</mustUnderstand>
    </element>
    <element>
      <path>Prescription.administrationRequest.totalPeriodicDosis</path>
      <shortDefn>Total periodic dosis</shortDefn>
      <definition>Total dose per day/week or other period when more specific information is missing or cannot be expressed using the timing specifications.</definition>
      <min>0</min>
      <max>1</max>
      <type>Ratio</type>
      <conformance>Optional</conformance>
      <mustSupport>false</mustSupport>
      <mustUnderstand>false</mustUnderstand>
    </element>
    <element>
      <path>Prescription.administrationRequest.start</path>
      <shortDefn>Startdate for administration</shortDefn>
      <definition>First moment on which medication should be taken</definition>
      <min>0</min>
      <max>1</max>
      <type>dateTime</type>
      <conformance>Conditional</conformance>
      <condition>Duration is given OR (Start is given AND (Duration OR End is given)) OR (Duration, Start and End are not given)</condition>
      <mustSupport>false</mustSupport>
      <mustUnderstand>false</mustUnderstand>
    </element>
    <element>
      <path>Prescription.administrationRequest.end</path>
      <shortDefn>Enddate for administration</shortDefn>
      <definition>Last moment on which medication should be taken</definition>
      <min>0</min>
      <max>1</max>
      <type>dateTime</type>
      <conformance>Conditional</conformance>
      <condition>Duration is given OR (Start is given AND (Duration OR End is given)) OR (Duration, Start and End are not given)</condition>
      <mustSupport>false</mustSupport>
      <mustUnderstand>false</mustUnderstand>
    </element>
    <element>
      <path>Prescription.administrationRequest.duration</path>
      <shortDefn>Total duration of administration</shortDefn>
      <definition>Total duration of administration</definition>
      <min>0</min>
      <max>1</max>
      <type>Quantity</type>
      <conformance>Conditional</conformance>
      <condition>Duration is given OR (Start is given AND (Duration OR End is given)) OR (Duration, Start and End are not given)</condition>
      <mustSupport>false</mustSupport>
      <mustUnderstand>false</mustUnderstand>
    </element>
    <element>
      <path>Prescription.administrationRequest.numberOfAdministrations</path>
      <shortDefn>Maximum number of separate administrations</shortDefn>
      <definition>Maximum number of separate administrations before the instruction ends.</definition>
      <min>0</min>
      <max>1</max>
      <type>integer</type>
      <conformance>Conditional</conformance>
      <condition>Can be given instead of Duration, as specified above</condition>
      <mustSupport>false</mustSupport>
      <mustUnderstand>false</mustUnderstand>
    </element>
    <element>
      <path>Prescription.administrationRequest.dosageInstruction</path>
      <shortDefn>Dosage instruction</shortDefn>
      <definition>Specification of dose and schedule for administration</definition>
      <comments>The can be &gt;1 dosage instruction to support administration of varying doses, resulting in 1 instruction per fixed dose.</comments>
      <min>1</min>
      <max>*</max>
      <conformance>Mandatory</conformance>
      <mustSupport>false</mustSupport>
      <mustUnderstand>false</mustUnderstand>
    </element>
    <element>
      <path>Prescription.administrationRequest.dosageInstruction.precondition</path>
      <shortDefn>Precondition for starting administration</shortDefn>
      <definition>Precondition for starting the administration specified in this instruction</definition>
      <min>0</min>
      <max>*</max>
      <type>CodeableConcept</type>
      <conformance>Optional</conformance>
      <mustSupport>false</mustSupport>
      <mustUnderstand>false</mustUnderstand>
      <binding>AdministrationPrecondition</binding>
    </element>
    <element>
      <path>Prescription.administrationRequest.dosageInstruction.prn</path>
      <shortDefn>Pro re nate: Yes|No</shortDefn>
      <definition>Pro re nate, &quot;If necessary&quot;: Specifies whether administration depens on the state and symptoms of the patient</definition>
      <comments>Default is &quot;false&quot;</comments>
      <min>0</min>
      <max>1</max>
      <type>code</type>
      <conformance>Optional</conformance>
      <mustSupport>false</mustSupport>
      <mustUnderstand>false</mustUnderstand>
      <binding>BooleanYesNo</binding>
    </element>
    <element>
      <path>Prescription.administrationRequest.dosageInstruction.additionalInstruction</path>
      <shortDefn>Additional instructions</shortDefn>
      <definition>Additional details to guide administration. Especially relevant for medicine administered by patient</definition>
      <min>0</min>
      <max>*</max>
      <type>CodeableConcept</type>
      <conformance>Optional</conformance>
      <mustSupport>false</mustSupport>
      <mustUnderstand>false</mustUnderstand>
      <binding>AdministrationInstruction</binding>
    </element>
    <element>
      <path>Prescription.administrationRequest.dosageInstruction.route</path>
      <shortDefn>Route of administration</shortDefn>
      <definition>Route of administration (oral, nasal, intravenous)</definition>
      <comments>Since the route of administration is generally determined by the choice of medication, it is not necessary to provide a value in route</comments>
      <min>0</min>
      <max>1</max>
      <type>CodeableConcept</type>
      <conformance>Optional</conformance>
      <mustSupport>false</mustSupport>
      <mustUnderstand>false</mustUnderstand>
      <binding>AdministrationRoute</binding>
    </element>
    <element>
      <path>Prescription.administrationRequest.dosageInstruction.dose[x]</path>
      <shortDefn>Dose per administration</shortDefn>
      <definition>Dose per administration, expressed in units of the (prepared) product</definition>
      <comments>Dose may be an interval, &quot;2-3 tablets per 4 hours&quot;</comments>
      <min>1</min>
      <max>1</max>
      <type>Quantity</type>
      <type>Interval(Quantity)</type>
      <conformance>Mandatory</conformance>
      <mustSupport>false</mustSupport>
      <mustUnderstand>false</mustUnderstand>
    </element>
    <element>
      <path>Prescription.administrationRequest.dosageInstruction.rate</path>
      <shortDefn>Flow-rate for IV</shortDefn>
      <definition>Flow-rate for IV</definition>
      <min>0</min>
      <max>1</max>
      <type>Quantity</type>
      <conformance>Optional</conformance>
      <mustSupport>false</mustSupport>
      <mustUnderstand>false</mustUnderstand>
    </element>
    <element>
      <path>Prescription.administrationRequest.dosageInstruction.schedule</path>
      <shortDefn>Schedule for administration</shortDefn>
      <definition>Schedule for administration. If multiple are given, they are considered to be active in parrallel</definition>
      <comments>Will submit proposal to change Schedule type.</comments>
      <min>1</min>
      <max>*</max>
      <type>Schedule</type>
      <conformance>Mandatory</conformance>
      <mustSupport>false</mustSupport>
      <mustUnderstand>false</mustUnderstand>
    </element>
    <element>
      <path>Prescription.reason</path>
      <shortDefn>Reason for prescription</shortDefn>
      <definition>Diagnosis which is the reason for prescribing this medicine</definition>
      <min>0</min>
      <max>1</max>
      <type>CodeableConcept</type>
      <conformance>Optional</conformance>
      <mustSupport>false</mustSupport>
      <mustUnderstand>false</mustUnderstand>
      <binding>PrescriptionReason</binding>
    </element>
    <element>
      <path>Prescription.extensions</path>
      <shortDefn>See Extensions</shortDefn>
      <definition>See Extensions</definition>
      <min>0</min>
      <max>1</max>
      <conformance>Optional</conformance>
      <mustSupport>false</mustSupport>
      <mustUnderstand>false</mustUnderstand>
    </element>
    <element>
      <path>Prescription.text</path>
      <shortDefn>Text summary of the prescription, for human interpretation</shortDefn>
      <definition>Text summary of the prescription, for human interpretation</definition>
      <min>1</min>
      <max>1</max>
      <type>Narrative</type>
      <conformance>Mandatory</conformance>
      <mustSupport>false</mustSupport>
      <mustUnderstand>false</mustUnderstand>
    </element>
  </resource>
</Profile>