<?xml version="1.0" encoding="UTF-8"?>
<resourceDefinitions xmlns="http://www.hl7.org/fhir" xmlns:xsi="http://www.w3.org/2001/XMLSchema-instance" xsi:schemaLocation="http://www.hl7.org/fhir definitions.xsd">
  <author>HL7</author>
  <resourceDefinition>
    <name>Profile</name>
    <elementDefinitions>
      <elementDefinition>
        <name>Profile</name>
        <cardinality>
          <minOccurs>1</minOccurs>
          <maxOccurs>1</maxOccurs>
        </cardinality>
        <conformance>Mandatory</conformance>
        <condition></condition>
        <mustUnderstand>false</mustUnderstand>
        <definition>A Resource Profile - a statement of constraint on one or more Resources and/or Concept Domains</definition>
        <requirements></requirements>
        <comments>Often called a clinical template</comments>
        <rim></rim>
      </elementDefinition>
      <elementDefinition>
        <name>Profile.id</name>
        <cardinality>
          <minOccurs>1</minOccurs>
          <maxOccurs>1</maxOccurs>
        </cardinality>
        <conformance>Mandatory</conformance>
        <condition></condition>
        <types>
          <type>id</type>
        </types>
        <mustUnderstand>true</mustUnderstand>
        <definition>Globally unique Profile Id (Must be a UUID)</definition>
        <requirements></requirements>
        <rim></rim>
      </elementDefinition>
      <elementDefinition>
        <name>Profile.name</name>
        <cardinality>
          <minOccurs>1</minOccurs>
          <maxOccurs>1</maxOccurs>
        </cardinality>
        <conformance>Mandatory</conformance>
        <condition></condition>
        <types>
          <type>string</type>
        </types>
        <mustUnderstand>false</mustUnderstand>
        <definition>A free text natural language name identifying the Template.</definition>
        <requirements></requirements>
        <comments>Not expected to be unique</comments>
        <rim></rim>
      </elementDefinition>
      <elementDefinition>
        <name>Profile.author</name>
        <cardinality>
          <minOccurs>1</minOccurs>
          <maxOccurs>1</maxOccurs>
        </cardinality>
        <conformance>Mandatory</conformance>
        <condition></condition>
        <mustUnderstand>false</mustUnderstand>
        <definition>Details of the author who accepts responsibility for publishing the profile</definition>
        <requirements></requirements>
        <comments>Usually an organisation, but may be an individual</comments>
        <rim></rim>
      </elementDefinition>
      <elementDefinition>
        <name>Profile.author.name</name>
        <cardinality>
          <minOccurs>1</minOccurs>
          <maxOccurs>1</maxOccurs>
        </cardinality>
        <conformance>Mandatory</conformance>
        <condition></condition>
        <types>
          <type>string</type>
        </types>
        <mustUnderstand>false</mustUnderstand>
        <definition>The name of the author</definition>
        <requirements></requirements>
        <rim></rim>
      </elementDefinition>
      <elementDefinition>
        <name>Profile.author.reference</name>
        <cardinality>
          <minOccurs>0</minOccurs>
          <maxOccurs>1</maxOccurs>
        </cardinality>
        <conformance>Optional</conformance>
        <condition></condition>
        <types>
          <type>uri</type>
        </types>
        <mustUnderstand>false</mustUnderstand>
        <definition>Reference to the author to assist a user in finding and communicating with the author</definition>
        <requirements></requirements>
        <comments>may be a web site, an email address, a telephone number</comments>
        <rim></rim>
      </elementDefinition>
      <elementDefinition>
        <name>Profile.intention</name>
        <cardinality>
          <minOccurs>0</minOccurs>
          <maxOccurs>1</maxOccurs>
        </cardinality>
        <conformance>Optional</conformance>
        <condition></condition>
        <types>
          <type>string</type>
        </types>
        <mustUnderstand>false</mustUnderstand>
        <definition>A free text natural language description of the intent and scope of the Template. The purpose is to provide the author’s initial intent for the Template in the language specified below.</definition>
        <requirements></requirements>
        <rim></rim>
      </elementDefinition>
      <elementDefinition>
        <name>Profile.code</name>
        <cardinality>
          <minOccurs>0</minOccurs>
          <maxOccurs>unbounded</maxOccurs>
        </cardinality>
        <conformance>Optional</conformance>
        <condition></condition>
        <types>
          <type>Coding</type>
        </types>
        <mustUnderstand>false</mustUnderstand>
        <definition>A set of terms from a controlled reference terminology that may be used to assist with indexing and searching of templates</definition>
        <requirements></requirements>
        <rim></rim>
      </elementDefinition>
      <elementDefinition>
        <name>Profile.description</name>
        <cardinality>
          <minOccurs>1</minOccurs>
          <maxOccurs>1</maxOccurs>
        </cardinality>
        <conformance>Mandatory</conformance>
        <condition></condition>
        <types>
          <type>string</type>
        </types>
        <mustUnderstand>false</mustUnderstand>
        <definition>A free text natural language description of the Template. Generally, this field should be used for things such as goals, variable lists, instructions for clinical use and interpretation, literature, examples from paper world, mapping from natural language to HL7 and the model itself, etc</definition>
        <requirements></requirements>
        <rim></rim>
      </elementDefinition>
      <elementDefinition>
        <name>Profile.evidence</name>
        <cardinality>
          <minOccurs>0</minOccurs>
          <maxOccurs>unbounded</maxOccurs>
        </cardinality>
        <conformance>Optional</conformance>
        <condition></condition>
        <types>
          <type>uri</type>
        </types>
        <mustUnderstand>false</mustUnderstand>
        <definition>A description, reference or link to a published medical knowledge that was used in the definition of this Template</definition>
        <requirements></requirements>
        <rim></rim>
      </elementDefinition>
      <elementDefinition>
        <name>Profile.comments</name>
        <cardinality>
          <minOccurs>0</minOccurs>
          <maxOccurs>1</maxOccurs>
        </cardinality>
        <conformance>Optional</conformance>
        <condition></condition>
        <types>
          <type>string</type>
        </types>
        <mustUnderstand>false</mustUnderstand>
        <definition>A statement regarding when this Template should not be used, or may be used erroneously. To define roles where the Template should not be used, or should be used with care. This field is used to expand in detail on the iIntention</definition>
        <requirements></requirements>
        <rim></rim>
      </elementDefinition>
      <elementDefinition>
        <name>Profile.status</name>
        <cardinality>
          <minOccurs>1</minOccurs>
          <maxOccurs>1</maxOccurs>
        </cardinality>
        <conformance>Mandatory</conformance>
        <condition></condition>
        <types>
          <type>code</type>
        </types>
        <mustUnderstand>true</mustUnderstand>
        <definition>draft | testing | production | withdrawn | superceded</definition>
        <requirements></requirements>
        <rim></rim>
      </elementDefinition>
      <elementDefinition>
        <name>Profile.date</name>
        <cardinality>
          <minOccurs>1</minOccurs>
          <maxOccurs>1</maxOccurs>
        </cardinality>
        <conformance>Mandatory</conformance>
        <condition></condition>
        <types>
          <type>dateTime</type>
        </types>
        <mustUnderstand>false</mustUnderstand>
        <definition>The date that the current value for publicationStatus was applied to the Template</definition>
        <requirements></requirements>
        <rim></rim>
      </elementDefinition>
      <elementDefinition>
        <name>Profile.endorser</name>
        <cardinality>
          <minOccurs>0</minOccurs>
          <maxOccurs>unbounded</maxOccurs>
        </cardinality>
        <conformance>Optional</conformance>
        <condition></condition>
        <mustUnderstand>false</mustUnderstand>
        <definition>A list of bodies who have reviewed the Template for clinical accuracy and relevance, and endorsed it for use.</definition>
        <requirements></requirements>
        <rim></rim>
      </elementDefinition>
      <elementDefinition>
        <name>Profile.endorser.name</name>
        <cardinality>
          <minOccurs>1</minOccurs>
          <maxOccurs>1</maxOccurs>
        </cardinality>
        <conformance>Mandatory</conformance>
        <condition></condition>
        <types>
          <type>string</type>
        </types>
        <mustUnderstand>false</mustUnderstand>
        <definition>The name of the endorsing body</definition>
        <requirements></requirements>
        <rim></rim>
      </elementDefinition>
      <elementDefinition>
        <name>Profile.endorser.reference</name>
        <cardinality>
          <minOccurs>0</minOccurs>
          <maxOccurs>1</maxOccurs>
        </cardinality>
        <conformance>Optional</conformance>
        <condition></condition>
        <types>
          <type>uri</type>
        </types>
        <mustUnderstand>false</mustUnderstand>
        <definition>Reference to the author to assist a user in finding and communicating with the endorsing body</definition>
        <requirements></requirements>
        <rim></rim>
      </elementDefinition>
      <elementDefinition>
        <name>Profile.changes</name>
        <cardinality>
          <minOccurs>0</minOccurs>
          <maxOccurs>1</maxOccurs>
        </cardinality>
        <conformance>Conditional</conformance>
        <condition>This field must be populated if the template is not the first version.</condition>
        <types>
          <type>string</type>
        </types>
        <mustUnderstand>false</mustUnderstand>
        <definition>A free text description describing the changes in this version of the profile as compared to the previous version. </definition>
        <requirements></requirements>
        <rim></rim>
      </elementDefinition>
      <elementDefinition>
        <name>Profile.supercedes</name>
        <cardinality>
          <minOccurs>0</minOccurs>
          <maxOccurs>unbounded</maxOccurs>
        </cardinality>
        <conformance>Optional</conformance>
        <condition></condition>
        <types>
          <type>uri</type>
        </types>
        <mustUnderstand>false</mustUnderstand>
        <definition>A template that is superceded by this template (may be a  previous version)</definition>
        <requirements></requirements>
        <rim></rim>
      </elementDefinition>
      <elementDefinition>
        <name>Profile.profile</name>
        <cardinality>
          <minOccurs>0</minOccurs>
          <maxOccurs>unbounded</maxOccurs>
        </cardinality>
        <conformance>Optional</conformance>
        <condition></condition>
        <types>
          <type>uri</type>
        </types>
        <mustUnderstand>false</mustUnderstand>
        <definition>Additional other profiles that apply to this conformance statement.</definition>
        <requirements></requirements>
        <comments> Generally these profiles make  constraints on the bindings of concept domains / value sets</comments>
        <rim></rim>
      </elementDefinition>
      <elementDefinition>
        <name>Profile.resource</name>
        <cardinality>
          <minOccurs>0</minOccurs>
          <maxOccurs>unbounded</maxOccurs>
        </cardinality>
        <conformance>Mandatory</conformance>
        <condition></condition>
        <mustUnderstand>false</mustUnderstand>
        <definition>Resource Type with constraints</definition>
        <requirements></requirements>
        <rim></rim>
      </elementDefinition>
      <elementDefinition>
        <name>Profile.resource.type</name>
        <cardinality>
          <minOccurs>1</minOccurs>
          <maxOccurs>1</maxOccurs>
        </cardinality>
        <conformance>Mandatory</conformance>
        <condition></condition>
        <types>
          <type>code</type>
        </types>
        <mustUnderstand>false</mustUnderstand>
        <definition>The Type of the resource being described</definition>
        <requirements></requirements>
        <rim></rim>
      </elementDefinition>
      <elementDefinition>
        <name>Profile.resource.profile</name>
        <cardinality>
          <minOccurs>0</minOccurs>
          <maxOccurs>1</maxOccurs>
        </cardinality>
        <conformance>Conditional</conformance>
        <condition>Provide either a profile reference or constraints on the resource elements</condition>
        <types>
          <type>uri</type>
        </types>
        <mustUnderstand>false</mustUnderstand>
        <definition>Reference to a resource profile which includes the constraint statement that applies to this resource</definition>
        <requirements></requirements>
        <rim></rim>
      </elementDefinition>
      <elementDefinition>
        <name>Profile.resource.name</name>
        <cardinality>
          <minOccurs>0</minOccurs>
          <maxOccurs>1</maxOccurs>
        </cardinality>
        <conformance>Optional</conformance>
        <condition></condition>
        <types>
          <type>string</type>
        </types>
        <mustUnderstand>false</mustUnderstand>
        <definition>The name of this aggregation profile</definition>
        <requirements></requirements>
        <comments>This field is the target for a named aggregation definition (aggregation.name)</comments>
        <rim></rim>
      </elementDefinition>
      <elementDefinition>
        <name>Profile.resource.purpose</name>
        <cardinality>
          <minOccurs>0</minOccurs>
          <maxOccurs>1</maxOccurs>
        </cardinality>
        <conformance>Optional</conformance>
        <condition></condition>
        <types>
          <type>string</type>
        </types>
        <mustUnderstand>false</mustUnderstand>
        <definition>Human summary: why describe this resource?</definition>
        <requirements></requirements>
        <rim></rim>
      </elementDefinition>
      <elementDefinition>
        <name>Profile.resource.element</name>
        <cardinality>
          <minOccurs>0</minOccurs>
          <maxOccurs>unbounded</maxOccurs>
        </cardinality>
        <conformance>Conditional</conformance>
        <condition>Provide either a profile reference or constraints on the resource elements</condition>
        <mustUnderstand>false</mustUnderstand>
        <definition></definition>
        <requirements></requirements>
        <rim></rim>
      </elementDefinition>
      <elementDefinition>
        <name>Profile.resource.element.path</name>
        <cardinality>
          <minOccurs>1</minOccurs>
          <maxOccurs>1</maxOccurs>
        </cardinality>
        <conformance>Mandatory</conformance>
        <condition></condition>
        <types>
          <type>string</type>
        </types>
        <mustUnderstand>false</mustUnderstand>
        <definition>The path identifies the element</definition>
        <requirements></requirements>
        <rim></rim>
      </elementDefinition>
      <elementDefinition>
        <name>Profile.resource.element.name</name>
        <cardinality>
          <minOccurs>0</minOccurs>
          <maxOccurs>1</maxOccurs>
        </cardinality>
        <conformance>Optional</conformance>
        <condition></condition>
        <types>
          <type>string</type>
        </types>
        <mustUnderstand>false</mustUnderstand>
        <definition>Name of constraint for slicing - see above</definition>
        <requirements></requirements>
        <rim></rim>
      </elementDefinition>
      <elementDefinition>
        <name>Profile.resource.element.shortDefn</name>
        <cardinality>
          <minOccurs>0</minOccurs>
          <maxOccurs>1</maxOccurs>
        </cardinality>
        <conformance>Optional</conformance>
        <condition></condition>
        <types>
          <type>string</type>
        </types>
        <mustUnderstand>false</mustUnderstand>
        <definition>A concise definition that  is shown in the concise XML format that summarises profiles</definition>
        <requirements></requirements>
        <rim></rim>
      </elementDefinition>
      <elementDefinition>
        <name>Profile.resource.element.definition</name>
        <cardinality>
          <minOccurs>0</minOccurs>
          <maxOccurs>1</maxOccurs>
        </cardinality>
        <conformance>Optional</conformance>
        <condition></condition>
        <types>
          <type>string</type>
        </types>
        <mustUnderstand>false</mustUnderstand>
        <definition>a more specific definition than the definition for the same element in the base resource. The definition must be consistent with the base definition, but convey the meaning of the element in the particular context of use of the resource</definition>
        <requirements>To allow a user to clarify the usageof an element in a particular context</requirements>
        <comments>It is easy for a different definition to change the meaning of an element, and this can have nasty downstream consequences. Please be careful when providing definitions</comments>
        <rim></rim>
      </elementDefinition>
      <elementDefinition>
        <name>Profile.resource.element.comments</name>
        <cardinality>
          <minOccurs>0</minOccurs>
          <maxOccurs>1</maxOccurs>
        </cardinality>
        <conformance>Optional</conformance>
        <condition></condition>
        <types>
          <type>string</type>
        </types>
        <mustUnderstand>false</mustUnderstand>
        <definition>Comments about the use of the element, including notes about how to use the data properly, exceptions to proper use, etc</definition>
        <requirements></requirements>
        <rim></rim>
      </elementDefinition>
      <elementDefinition>
        <name>Profile.resource.element.min</name>
        <cardinality>
          <minOccurs>1</minOccurs>
          <maxOccurs>1</maxOccurs>
        </cardinality>
        <conformance>Mandatory</conformance>
        <condition></condition>
        <types>
          <type>integer</type>
        </types>
        <mustUnderstand>false</mustUnderstand>
        <definition>Minimum Cardinality</definition>
        <requirements></requirements>
        <rim></rim>
      </elementDefinition>
      <elementDefinition>
        <name>Profile.resource.element.max</name>
        <cardinality>
          <minOccurs>1</minOccurs>
          <maxOccurs>1</maxOccurs>
        </cardinality>
        <conformance>Mandatory</conformance>
        <condition></condition>
        <types>
          <type>code</type>
        </types>
        <mustUnderstand>false</mustUnderstand>
        <definition>Maximum Cardinality (a number or *)</definition>
        <requirements></requirements>
        <rim></rim>
      </elementDefinition>
      <elementDefinition>
        <name>Profile.resource.element.type</name>
        <cardinality>
          <minOccurs>0</minOccurs>
          <maxOccurs>unbounded</maxOccurs>
        </cardinality>
        <conformance>Optional</conformance>
        <condition></condition>
        <types>
          <type>code</type>
        </types>
        <mustUnderstand>false</mustUnderstand>
        <definition>Type of the element</definition>
        <requirements>The Type of the element can be left blank, in which case the type is inherited from the resource. The type can only be listed in this field if it is an allowed option in the base resource.</requirements>
        <rim></rim>
      </elementDefinition>
      <elementDefinition>
        <name>Profile.resource.element.conformance</name>
        <cardinality>
          <minOccurs>1</minOccurs>
          <maxOccurs>1</maxOccurs>
        </cardinality>
        <conformance>Mandatory</conformance>
        <condition></condition>
        <types>
          <type>code</type>
        </types>
        <mustUnderstand>false</mustUnderstand>
        <definition>Mandatory|Conditional|Optional|Prohibited</definition>
        <requirements></requirements>
        <rim></rim>
      </elementDefinition>
      <elementDefinition>
        <name>Profile.resource.element.condition</name>
        <cardinality>
          <minOccurs>0</minOccurs>
          <maxOccurs>1</maxOccurs>
        </cardinality>
        <conformance>Conditional</conformance>
        <condition>Required if conformance = conditional</condition>
        <types>
          <type>string</type>
        </types>
        <mustUnderstand>false</mustUnderstand>
        <definition>Condition if conformance=Conditional</definition>
        <requirements></requirements>
        <rim></rim>
      </elementDefinition>
      <elementDefinition>
        <name>Profile.resource.element.xpath</name>
        <cardinality>
          <minOccurs>0</minOccurs>
          <maxOccurs>unbounded</maxOccurs>
        </cardinality>
        <conformance>Optional</conformance>
        <condition></condition>
        <types>
          <type>string</type>
        </types>
        <mustUnderstand>false</mustUnderstand>
        <definition>Xpath condition that must evaluate to true</definition>
        <requirements></requirements>
        <comments>The rules expressed in the xpath statements should be described in the definition or comments, or in the conditions on the children elements</comments>
        <rim></rim>
      </elementDefinition>
      <elementDefinition>
        <name>Profile.resource.element.mustSupport</name>
        <cardinality>
          <minOccurs>0</minOccurs>
          <maxOccurs>1</maxOccurs>
        </cardinality>
        <conformance>Optional</conformance>
        <condition></condition>
        <types>
          <type>boolean</type>
        </types>
        <mustUnderstand>false</mustUnderstand>
        <definition>If the element must be usable</definition>
        <requirements></requirements>
        <rim></rim>
      </elementDefinition>
      <elementDefinition>
        <name>Profile.resource.element.mustUnderstand</name>
        <cardinality>
          <minOccurs>0</minOccurs>
          <maxOccurs>1</maxOccurs>
        </cardinality>
        <conformance>Optional</conformance>
        <condition></condition>
        <types>
          <type>boolean</type>
        </types>
        <mustUnderstand>false</mustUnderstand>
        <definition>If the element must be understood</definition>
        <requirements></requirements>
        <rim></rim>
      </elementDefinition>
      <elementDefinition>
        <name>Profile.resource.element.mapping</name>
        <cardinality>
          <minOccurs>0</minOccurs>
          <maxOccurs>unbounded</maxOccurs>
        </cardinality>
        <conformance>Optional</conformance>
        <condition></condition>
        <mustUnderstand>false</mustUnderstand>
        <definition></definition>
        <requirements></requirements>
        <rim></rim>
      </elementDefinition>
      <elementDefinition>
        <name>Profile.resource.element.mapping.target</name>
        <cardinality>
          <minOccurs>1</minOccurs>
          <maxOccurs>1</maxOccurs>
        </cardinality>
        <conformance>Mandatory</conformance>
        <condition></condition>
        <types>
          <type>string</type>
        </types>
        <mustUnderstand>false</mustUnderstand>
        <definition>Which mapping this is (v2, CDA, openEHR, etc)</definition>
        <requirements></requirements>
        <rim></rim>
      </elementDefinition>
      <elementDefinition>
        <name>Profile.resource.element.mapping.map</name>
        <cardinality>
          <minOccurs>0</minOccurs>
          <maxOccurs>1</maxOccurs>
        </cardinality>
        <conformance>Optional</conformance>
        <condition></condition>
        <types>
          <type>string</type>
        </types>
        <mustUnderstand>false</mustUnderstand>
        <definition>Details of the mapping</definition>
        <requirements></requirements>
        <rim></rim>
      </elementDefinition>
      <elementDefinition>
        <name>Profile.resource.element.resource</name>
        <cardinality>
          <minOccurs>0</minOccurs>
          <maxOccurs>1</maxOccurs>
        </cardinality>
        <conformance>Conditional</conformance>
        <condition>If context includes aggregation and type=Resource()</condition>
        <mustUnderstand>false</mustUnderstand>
        <definition>If context includes aggregation and type=Resource()</definition>
        <requirements></requirements>
        <rim></rim>
      </elementDefinition>
      <elementDefinition>
        <name>Profile.resource.element.resource.aggregated</name>
        <cardinality>
          <minOccurs>1</minOccurs>
          <maxOccurs>1</maxOccurs>
        </cardinality>
        <conformance>Mandatory</conformance>
        <condition></condition>
        <types>
          <type>boolean</type>
        </types>
        <mustUnderstand>false</mustUnderstand>
        <definition>Whether this resource is aggregated</definition>
        <requirements></requirements>
        <rim></rim>
      </elementDefinition>
      <elementDefinition>
        <name>Profile.resource.element.resource.profile</name>
        <cardinality>
          <minOccurs>0</minOccurs>
          <maxOccurs>1</maxOccurs>
        </cardinality>
        <conformance>Optional</conformance>
        <condition></condition>
        <types>
          <type>uri</type>
        </types>
        <mustUnderstand>false</mustUnderstand>
        <definition>Reference to a Resource Profile</definition>
        <requirements></requirements>
        <comments>The reference might be a simple name in the form #[name], which is a reference to another named constraint in a resource - where the resource contains more than one constraint, or a RUL which is a reference to a resource Profile</comments>
        <rim></rim>
      </elementDefinition>
      <elementDefinition>
        <name>Profile.resource.element.binding</name>
        <cardinality>
          <minOccurs>0</minOccurs>
          <maxOccurs>1</maxOccurs>
        </cardinality>
        <conformance>Optional</conformance>
        <condition></condition>
        <types>
          <type>string</type>
        </types>
        <mustUnderstand>false</mustUnderstand>
        <definition>Value set id (only if coded)</definition>
        <requirements></requirements>
        <rim></rim>
      </elementDefinition>
      <elementDefinition>
        <name>Profile.resource.element.content</name>
        <cardinality>
          <minOccurs>0</minOccurs>
          <maxOccurs>unbounded</maxOccurs>
        </cardinality>
        <conformance>Optional</conformance>
        <condition></condition>
        <mustUnderstand>false</mustUnderstand>
        <definition>Name (internal ref) or fixed value but not both</definition>
        <requirements></requirements>
        <rim></rim>
      </elementDefinition>
      <elementDefinition>
        <name>Profile.resource.element.content.nameReference</name>
        <cardinality>
          <minOccurs>0</minOccurs>
          <maxOccurs>1</maxOccurs>
        </cardinality>
        <conformance>Conditional</conformance>
        <condition>Either a name or a fixed value is required</condition>
        <types>
          <type>string</type>
        </types>
        <mustUnderstand>false</mustUnderstand>
        <definition>to another element constraint (by element.name)</definition>
        <requirements></requirements>
        <rim></rim>
      </elementDefinition>
      <elementDefinition>
        <name>Profile.resource.element.content.value[x]</name>
        <cardinality>
          <minOccurs>0</minOccurs>
          <maxOccurs>1</maxOccurs>
        </cardinality>
        <conformance>Conditional</conformance>
        <condition>Either a name or a fixed value is required</condition>
        <types>
          <type>*</type>
        </types>
        <mustUnderstand>false</mustUnderstand>
        <definition>Fixed value: [as defined for type]</definition>
        <requirements></requirements>
        <rim></rim>
      </elementDefinition>
      <elementDefinition>
        <name>Profile.resource.element.closed</name>
        <cardinality>
          <minOccurs>0</minOccurs>
          <maxOccurs>1</maxOccurs>
        </cardinality>
        <conformance>Optional</conformance>
        <condition></condition>
        <types>
          <type>boolean</type>
        </types>
        <mustUnderstand>false</mustUnderstand>
        <definition>if list, whether derived profiles can slice more</definition>
        <requirements></requirements>
        <rim></rim>
      </elementDefinition>
      <elementDefinition>
        <name>Profile.extensionDefn</name>
        <cardinality>
          <minOccurs>0</minOccurs>
          <maxOccurs>unbounded</maxOccurs>
        </cardinality>
        <conformance>Optional</conformance>
        <condition></condition>
        <mustUnderstand>false</mustUnderstand>
        <definition>Definition of an extension</definition>
        <requirements></requirements>
        <rim></rim>
      </elementDefinition>
      <elementDefinition>
        <name>Profile.extensionDefn.contextType</name>
        <cardinality>
          <minOccurs>1</minOccurs>
          <maxOccurs>1</maxOccurs>
        </cardinality>
        <conformance>Mandatory</conformance>
        <condition></condition>
        <types>
          <type>code</type>
        </types>
        <mustUnderstand>false</mustUnderstand>
        <definition>How the path of the extension is understood</definition>
        <requirements></requirements>
        <rim></rim>
      </elementDefinition>
      <elementDefinition>
        <name>Profile.extensionDefn.element</name>
        <cardinality>
          <minOccurs>1</minOccurs>
          <maxOccurs>1</maxOccurs>
        </cardinality>
        <conformance>Mandatory</conformance>
        <condition></condition>
        <mustUnderstand>false</mustUnderstand>
        <definition>Details of the extension</definition>
        <requirements></requirements>
        <rim></rim>
      </elementDefinition>
      <elementDefinition>
        <name>Profile.extensionDefn.element.#</name>
        <cardinality>
          <minOccurs>1</minOccurs>
          <maxOccurs>1</maxOccurs>
        </cardinality>
        <conformance>Mandatory</conformance>
        <condition></condition>
        <types>
          <type>@Profile.resource.element</type>
        </types>
        <mustUnderstand>false</mustUnderstand>
        <definition></definition>
        <requirements></requirements>
        <rim></rim>
      </elementDefinition>
      <elementDefinition>
        <name>Profile.binding</name>
        <cardinality>
          <minOccurs>0</minOccurs>
          <maxOccurs>unbounded</maxOccurs>
        </cardinality>
        <conformance>Mandatory</conformance>
        <condition></condition>
        <mustUnderstand>false</mustUnderstand>
        <definition></definition>
        <requirements></requirements>
        <rim></rim>
      </elementDefinition>
      <elementDefinition>
        <name>Profile.binding.name</name>
        <cardinality>
          <minOccurs>1</minOccurs>
          <maxOccurs>1</maxOccurs>
        </cardinality>
        <conformance>Mandatory</conformance>
        <condition></condition>
        <types>
          <type>string</type>
        </types>
        <mustUnderstand>false</mustUnderstand>
        <definition>The name of the concept domain that this profile is declaring a constraint on</definition>
        <requirements></requirements>
        <rim></rim>
      </elementDefinition>
      <elementDefinition>
        <name>Profile.binding.type</name>
        <cardinality>
          <minOccurs>1</minOccurs>
          <maxOccurs>1</maxOccurs>
        </cardinality>
        <conformance>Mandatory</conformance>
        <condition></condition>
        <types>
          <type>code</type>
        </types>
        <mustUnderstand>false</mustUnderstand>
        <definition>The form of the binding</definition>
        <requirements></requirements>
        <rim></rim>
      </elementDefinition>
      <elementDefinition>
        <name>Profile.binding.details</name>
        <cardinality>
          <minOccurs>0</minOccurs>
          <maxOccurs>1</maxOccurs>
        </cardinality>
        <conformance>Conditional</conformance>
        <condition>May be required depending on the value of binding.type</condition>
        <types>
          <type>string</type>
        </types>
        <mustUnderstand>false</mustUnderstand>
        <definition>extra details - see notes</definition>
        <requirements></requirements>
        <rim></rim>
      </elementDefinition>
      <elementDefinition>
        <name>Profile.binding.reference</name>
        <cardinality>
          <minOccurs>0</minOccurs>
          <maxOccurs>1</maxOccurs>
        </cardinality>
        <conformance>Conditional</conformance>
        <condition>May be required depending on the value of binding.type</condition>
        <types>
          <type>uri</type>
        </types>
        <mustUnderstand>false</mustUnderstand>
        <definition>source of binding content</definition>
        <requirements></requirements>
        <rim></rim>
      </elementDefinition>
      <elementDefinition>
        <name>Profile.binding.code</name>
        <cardinality>
          <minOccurs>0</minOccurs>
          <maxOccurs>unbounded</maxOccurs>
        </cardinality>
        <conformance>Conditional</conformance>
        <condition>May be required depending on the value of binding.type</condition>
        <types>
          <type>Coding</type>
        </types>
        <mustUnderstand>false</mustUnderstand>
        <definition>enumerated codes that are the binding</definition>
        <requirements></requirements>
        <rim></rim>
      </elementDefinition>
      <elementDefinition>
        <name>Profile.extensions</name>
        <cardinality>
          <minOccurs>0</minOccurs>
          <maxOccurs>1</maxOccurs>
        </cardinality>
        <conformance>Optional</conformance>
        <condition></condition>
        <mustUnderstand>false</mustUnderstand>
        <definition>See Extensions</definition>
        <requirements></requirements>
        <rim></rim>
      </elementDefinition>
      <elementDefinition>
        <name>Profile.text</name>
        <cardinality>
          <minOccurs>1</minOccurs>
          <maxOccurs>1</maxOccurs>
        </cardinality>
        <conformance>Mandatory</conformance>
        <condition></condition>
        <types>
          <type>Narrative</type>
        </types>
        <mustUnderstand>false</mustUnderstand>
        <definition>Text summary of resource profile for human interpretation</definition>
        <requirements></requirements>
        <rim></rim>
      </elementDefinition>
    </elementDefinitions>
  </resourceDefinition>
</resourceDefinitions>

