<?xml version="1.0" encoding="UTF-8"?>

<Profile xmlns="http://www.hl7.org/fhir">
  <id>1</id>
  <name>profile</name>
  <author>
    <name>todo (committee)</name>
  </author>
  <description>A Resource Profile - a statement of constraint on one or more Resources and/or Concept Domains</description>
  <comments>Basic Profile for </comments>
  <status>testing</status>
  <date>20123328</date>
  <endorser>
    <name>HL7</name>
  </endorser>
  <resource>
    <type>Resource</type>
    <element>
      <path>Profile</path>
      <shortDefn>Resource Profile</shortDefn>
      <definition>A Resource Profile - a statement of constraint on one or more Resources and/or Concept Domains</definition>
      <comments>Often called a clinical template</comments>
      <min>1</min>
      <max>1</max>
      <type>Resource</type>
      <conformance>Mandatory</conformance>
      <mustSupport>false</mustSupport>
      <mustUnderstand>false</mustUnderstand>
    </element>
    <element>
      <path>Profile.id</path>
      <shortDefn>fixed identifier for this profile (UUID)</shortDefn>
      <definition>Globally unique Profile Id (Must be a UUID)</definition>
      <min>1</min>
      <max>1</max>
      <type>id</type>
      <conformance>Mandatory</conformance>
      <mustSupport>false</mustSupport>
      <mustUnderstand>true</mustUnderstand>
    </element>
    <element>
      <path>Profile.name</path>
      <shortDefn>Informal name for this profile</shortDefn>
      <definition>A free text natural language name identifying the Template.</definition>
      <comments>Not expected to be unique</comments>
      <min>1</min>
      <max>1</max>
      <type>string</type>
      <conformance>Mandatory</conformance>
      <mustSupport>false</mustSupport>
      <mustUnderstand>false</mustUnderstand>
    </element>
    <element>
      <path>Profile.author</path>
      <shortDefn>(Organisation or individual)</shortDefn>
      <definition>Details of the author who accepts responsibility for publishing the profile</definition>
      <comments>Usually an organisation, but may be an individual</comments>
      <min>1</min>
      <max>1</max>
      <conformance>Mandatory</conformance>
      <mustSupport>false</mustSupport>
      <mustUnderstand>false</mustUnderstand>
    </element>
    <element>
      <path>Profile.author.name</path>
      <shortDefn>Name of the recognised author</shortDefn>
      <definition>The name of the author</definition>
      <min>1</min>
      <max>1</max>
      <type>string</type>
      <conformance>Mandatory</conformance>
      <mustSupport>false</mustSupport>
      <mustUnderstand>false</mustUnderstand>
    </element>
    <element>
      <path>Profile.author.reference</path>
      <shortDefn>Web reference to the author</shortDefn>
      <definition>Reference to the author to assist a user in finding and communicating with the author</definition>
      <comments>may be a web site, an email address, a telephone number</comments>
      <min>0</min>
      <max>1</max>
      <type>uri</type>
      <conformance>Optional</conformance>
      <mustSupport>false</mustSupport>
      <mustUnderstand>false</mustUnderstand>
    </element>
    <element>
      <path>Profile.intention</path>
      <shortDefn>Why this profile was written</shortDefn>
      <definition>A free text natural language description of the intent and scope of the Template. The purpose is to provide the author’s initial intent for the Template in the language specified below.</definition>
      <min>0</min>
      <max>1</max>
      <type>string</type>
      <conformance>Optional</conformance>
      <mustSupport>false</mustSupport>
      <mustUnderstand>false</mustUnderstand>
    </element>
    <element>
      <path>Profile.code</path>
      <shortDefn>assist with indexing and finding</shortDefn>
      <definition>A set of terms from a controlled reference terminology that may be used to assist with indexing and searching of templates</definition>
      <min>0</min>
      <max>*</max>
      <type>Coding</type>
      <conformance>Optional</conformance>
      <mustSupport>false</mustSupport>
      <mustUnderstand>false</mustUnderstand>
    </element>
    <element>
      <path>Profile.description</path>
      <shortDefn>natural language description of the Template</shortDefn>
      <definition>A free text natural language description of the Template. Generally, this field should be used for things such as goals, variable lists, instructions for clinical use and interpretation, literature, examples from paper world, mapping from natural language to HL7 and the model itself, etc</definition>
      <min>1</min>
      <max>1</max>
      <type>string</type>
      <conformance>Mandatory</conformance>
      <mustSupport>false</mustSupport>
      <mustUnderstand>false</mustUnderstand>
    </element>
    <element>
      <path>Profile.evidence</path>
      <shortDefn>Supporting evidence for the design</shortDefn>
      <definition>A description, reference or link to a published medical knowledge that was used in the definition of this Template</definition>
      <min>0</min>
      <max>*</max>
      <type>uri</type>
      <conformance>Optional</conformance>
      <mustSupport>false</mustSupport>
      <mustUnderstand>false</mustUnderstand>
    </element>
    <element>
      <path>Profile.comments</path>
      <shortDefn>Guidance for use, usage notes, etc</shortDefn>
      <definition>A statement regarding when this Template should not be used, or may be used erroneously. To define roles where the Template should not be used, or should be used with care. This field is used to expand in detail on the iIntention</definition>
      <min>0</min>
      <max>1</max>
      <type>string</type>
      <conformance>Optional</conformance>
      <mustSupport>false</mustSupport>
      <mustUnderstand>false</mustUnderstand>
    </element>
    <element>
      <path>Profile.status</path>
      <shortDefn>draft | testing | production | withdrawn | superceded</shortDefn>
      <definition>draft | testing | production | withdrawn | superceded</definition>
      <min>1</min>
      <max>1</max>
      <type>code</type>
      <conformance>Mandatory</conformance>
      <mustSupport>false</mustSupport>
      <mustUnderstand>true</mustUnderstand>
    </element>
    <element>
      <path>Profile.date</path>
      <shortDefn>date for given status</shortDefn>
      <definition>The date that the current value for publicationStatus was applied to the Template</definition>
      <min>1</min>
      <max>1</max>
      <type>dateTime</type>
      <conformance>Mandatory</conformance>
      <mustSupport>false</mustSupport>
      <mustUnderstand>false</mustUnderstand>
    </element>
    <element>
      <path>Profile.endorser</path>
      <shortDefn>(Organisation or individual)</shortDefn>
      <definition>A list of bodies who have reviewed the Template for clinical accuracy and relevance, and endorsed it for use.</definition>
      <min>0</min>
      <max>*</max>
      <conformance>Optional</conformance>
      <mustSupport>false</mustSupport>
      <mustUnderstand>false</mustUnderstand>
    </element>
    <element>
      <path>Profile.endorser.name</path>
      <shortDefn>Name of the recognised endorser</shortDefn>
      <definition>The name of the endorsing body</definition>
      <min>1</min>
      <max>1</max>
      <type>string</type>
      <conformance>Mandatory</conformance>
      <mustSupport>false</mustSupport>
      <mustUnderstand>false</mustUnderstand>
    </element>
    <element>
      <path>Profile.endorser.reference</path>
      <shortDefn>Web reference to the endorser</shortDefn>
      <definition>Reference to the author to assist a user in finding and communicating with the endorsing body</definition>
      <min>0</min>
      <max>1</max>
      <type>uri</type>
      <conformance>Optional</conformance>
      <mustSupport>false</mustSupport>
      <mustUnderstand>false</mustUnderstand>
    </element>
    <element>
      <path>Profile.changes</path>
      <shortDefn>notes about changes since last version</shortDefn>
      <definition>A free text description describing the changes in this version of the profile as compared to the previous version. </definition>
      <min>0</min>
      <max>1</max>
      <type>string</type>
      <conformance>Conditional</conformance>
      <condition>This field must be populated if the template is not the first version.</condition>
      <mustSupport>false</mustSupport>
      <mustUnderstand>false</mustUnderstand>
    </element>
    <element>
      <path>Profile.supercedes</path>
      <shortDefn>references to previous versions</shortDefn>
      <definition>A template that is superceded by this template (may be a  previous version)</definition>
      <min>0</min>
      <max>*</max>
      <type>uri</type>
      <conformance>Optional</conformance>
      <mustSupport>false</mustSupport>
      <mustUnderstand>false</mustUnderstand>
    </element>
    <element>
      <path>Profile.profile</path>
      <shortDefn>other profiles that apply (i.e. code binding rules)</shortDefn>
      <definition>Additional other profiles that apply to this conformance statement.</definition>
      <comments> Generally these profiles make  constraints on the bindings of concept domains / value sets</comments>
      <min>0</min>
      <max>*</max>
      <type>uri</type>
      <conformance>Optional</conformance>
      <mustSupport>false</mustSupport>
      <mustUnderstand>false</mustUnderstand>
    </element>
    <element>
      <path>Profile.resource</path>
      <shortDefn>Resource Type with constraints</shortDefn>
      <definition>Resource Type with constraints</definition>
      <min>0</min>
      <max>*</max>
      <conformance>Mandatory</conformance>
      <mustSupport>false</mustSupport>
      <mustUnderstand>false</mustUnderstand>
    </element>
    <element>
      <path>Profile.resource.type</path>
      <shortDefn>The Type of the resource being described</shortDefn>
      <definition>The Type of the resource being described</definition>
      <min>1</min>
      <max>1</max>
      <type>code</type>
      <conformance>Mandatory</conformance>
      <mustSupport>false</mustSupport>
      <mustUnderstand>false</mustUnderstand>
    </element>
    <element>
      <path>Profile.resource.profile</path>
      <shortDefn>Resource Profile that supplies the constraints</shortDefn>
      <definition>Reference to a resource profile which includes the constraint statement that applies to this resource</definition>
      <min>0</min>
      <max>1</max>
      <type>uri</type>
      <conformance>Conditional</conformance>
      <condition>Provide either a profile reference or constraints on the resource elements</condition>
      <mustSupport>false</mustSupport>
      <mustUnderstand>false</mustUnderstand>
    </element>
    <element>
      <path>Profile.resource.name</path>
      <shortDefn>Name for this Constraint Statement</shortDefn>
      <definition>The name of this aggregation profile</definition>
      <comments>This field is the target for a named aggregation definition (aggregation.name)</comments>
      <min>0</min>
      <max>1</max>
      <type>string</type>
      <conformance>Optional</conformance>
      <mustSupport>false</mustSupport>
      <mustUnderstand>false</mustUnderstand>
    </element>
    <element>
      <path>Profile.resource.purpose</path>
      <shortDefn>Human summary: why describe this resource?</shortDefn>
      <definition>Human summary: why describe this resource?</definition>
      <min>0</min>
      <max>1</max>
      <type>string</type>
      <conformance>Optional</conformance>
      <mustSupport>false</mustSupport>
      <mustUnderstand>false</mustUnderstand>
    </element>
    <element>
      <path>Profile.resource.element</path>
      <min>0</min>
      <max>*</max>
      <conformance>Conditional</conformance>
      <condition>Provide either a profile reference or constraints on the resource elements</condition>
      <mustSupport>false</mustSupport>
      <mustUnderstand>false</mustUnderstand>
    </element>
    <element>
      <path>Profile.resource.element.path</path>
      <shortDefn>The path of the element (see the formal definitions)</shortDefn>
      <definition>The path identifies the element</definition>
      <min>1</min>
      <max>1</max>
      <type>string</type>
      <conformance>Mandatory</conformance>
      <mustSupport>false</mustSupport>
      <mustUnderstand>false</mustUnderstand>
    </element>
    <element>
      <path>Profile.resource.element.name</path>
      <shortDefn>Name of constraint for slicing - see above</shortDefn>
      <definition>Name of constraint for slicing - see above</definition>
      <min>0</min>
      <max>1</max>
      <type>string</type>
      <conformance>Optional</conformance>
      <mustSupport>false</mustSupport>
      <mustUnderstand>false</mustUnderstand>
    </element>
    <element>
      <path>Profile.resource.element.shortDefn</path>
      <shortDefn>Concise definition (for use in this slice)</shortDefn>
      <definition>A concise definition that  is shown in the concise XML format that summarises profiles</definition>
      <min>0</min>
      <max>1</max>
      <type>string</type>
      <conformance>Optional</conformance>
      <mustSupport>false</mustSupport>
      <mustUnderstand>false</mustUnderstand>
    </element>
    <element>
      <path>Profile.resource.element.definition</path>
      <shortDefn>More specific definition</shortDefn>
      <definition>a more specific definition than the definition for the same element in the base resource. The definition must be consistent with the base definition, but convey the meaning of the element in the particular context of use of the resource</definition>
      <comments>It is easy for a different definition to change the meaning of an element, and this can have nasty downstream consequences. Please be careful when providing definitions</comments>
      <min>0</min>
      <max>1</max>
      <type>string</type>
      <conformance>Optional</conformance>
      <mustSupport>false</mustSupport>
      <mustUnderstand>false</mustUnderstand>
    </element>
    <element>
      <path>Profile.resource.element.comments</path>
      <shortDefn>Comments about the use of this element</shortDefn>
      <definition>Comments about the use of the element, including notes about how to use the data properly, exceptions to proper use, etc</definition>
      <min>0</min>
      <max>1</max>
      <type>string</type>
      <conformance>Optional</conformance>
      <mustSupport>false</mustSupport>
      <mustUnderstand>false</mustUnderstand>
    </element>
    <element>
      <path>Profile.resource.element.min</path>
      <shortDefn>Minimum Cardinality</shortDefn>
      <definition>Minimum Cardinality</definition>
      <min>1</min>
      <max>1</max>
      <type>integer</type>
      <conformance>Mandatory</conformance>
      <mustSupport>false</mustSupport>
      <mustUnderstand>false</mustUnderstand>
    </element>
    <element>
      <path>Profile.resource.element.max</path>
      <shortDefn>Maximum Cardinality (a number or *)</shortDefn>
      <definition>Maximum Cardinality (a number or *)</definition>
      <min>1</min>
      <max>1</max>
      <type>code</type>
      <conformance>Mandatory</conformance>
      <mustSupport>false</mustSupport>
      <mustUnderstand>false</mustUnderstand>
    </element>
    <element>
      <path>Profile.resource.element.type</path>
      <shortDefn>Type of the element</shortDefn>
      <definition>Type of the element</definition>
      <min>0</min>
      <max>*</max>
      <type>code</type>
      <conformance>Optional</conformance>
      <mustSupport>false</mustSupport>
      <mustUnderstand>false</mustUnderstand>
    </element>
    <element>
      <path>Profile.resource.element.conformance</path>
      <shortDefn>Mandatory|Conditional|Optional|Prohibited</shortDefn>
      <definition>Mandatory|Conditional|Optional|Prohibited</definition>
      <min>1</min>
      <max>1</max>
      <type>code</type>
      <conformance>Mandatory</conformance>
      <mustSupport>false</mustSupport>
      <mustUnderstand>false</mustUnderstand>
    </element>
    <element>
      <path>Profile.resource.element.condition</path>
      <shortDefn>Condition if conformance=Conditional</shortDefn>
      <definition>Condition if conformance=Conditional</definition>
      <min>0</min>
      <max>1</max>
      <type>string</type>
      <conformance>Conditional</conformance>
      <condition>Required if conformance = conditional</condition>
      <mustSupport>false</mustSupport>
      <mustUnderstand>false</mustUnderstand>
    </element>
    <element>
      <path>Profile.resource.element.xpath</path>
      <shortDefn>Xpath condition that must evaluate to true</shortDefn>
      <definition>Xpath condition that must evaluate to true</definition>
      <comments>The rules expressed in the xpath statements should be described in the definition or comments, or in the conditions on the children elements</comments>
      <min>0</min>
      <max>*</max>
      <type>string</type>
      <conformance>Optional</conformance>
      <mustSupport>false</mustSupport>
      <mustUnderstand>false</mustUnderstand>
    </element>
    <element>
      <path>Profile.resource.element.mustSupport</path>
      <shortDefn>If the element must be usable</shortDefn>
      <definition>If the element must be usable</definition>
      <min>0</min>
      <max>1</max>
      <type>boolean</type>
      <conformance>Optional</conformance>
      <mustSupport>false</mustSupport>
      <mustUnderstand>false</mustUnderstand>
    </element>
    <element>
      <path>Profile.resource.element.mustUnderstand</path>
      <shortDefn>If the element must be understood</shortDefn>
      <definition>If the element must be understood</definition>
      <min>0</min>
      <max>1</max>
      <type>boolean</type>
      <conformance>Optional</conformance>
      <mustSupport>false</mustSupport>
      <mustUnderstand>false</mustUnderstand>
    </element>
    <element>
      <path>Profile.resource.element.mapping</path>
      <min>0</min>
      <max>*</max>
      <conformance>Optional</conformance>
      <mustSupport>false</mustSupport>
      <mustUnderstand>false</mustUnderstand>
    </element>
    <element>
      <path>Profile.resource.element.mapping.target</path>
      <shortDefn>Which mapping this is (v2, CDA, openEHR, etc)</shortDefn>
      <definition>Which mapping this is (v2, CDA, openEHR, etc)</definition>
      <min>1</min>
      <max>1</max>
      <type>string</type>
      <conformance>Mandatory</conformance>
      <mustSupport>false</mustSupport>
      <mustUnderstand>false</mustUnderstand>
    </element>
    <element>
      <path>Profile.resource.element.mapping.map</path>
      <shortDefn>Details of the mapping</shortDefn>
      <definition>Details of the mapping</definition>
      <min>0</min>
      <max>1</max>
      <type>string</type>
      <conformance>Optional</conformance>
      <mustSupport>false</mustSupport>
      <mustUnderstand>false</mustUnderstand>
    </element>
    <element>
      <path>Profile.resource.element.resource</path>
      <shortDefn>If context includes aggregation and type=Resource()</shortDefn>
      <definition>If context includes aggregation and type=Resource()</definition>
      <min>0</min>
      <max>1</max>
      <conformance>Conditional</conformance>
      <condition>If context includes aggregation and type=Resource()</condition>
      <mustSupport>false</mustSupport>
      <mustUnderstand>false</mustUnderstand>
    </element>
    <element>
      <path>Profile.resource.element.resource.aggregated</path>
      <shortDefn>Whether this resource is aggregated</shortDefn>
      <definition>Whether this resource is aggregated</definition>
      <min>1</min>
      <max>1</max>
      <type>boolean</type>
      <conformance>Mandatory</conformance>
      <mustSupport>false</mustSupport>
      <mustUnderstand>false</mustUnderstand>
    </element>
    <element>
      <path>Profile.resource.element.resource.profile</path>
      <shortDefn>Reference to a Resource Profile</shortDefn>
      <definition>Reference to a Resource Profile</definition>
      <comments>The reference might be a simple name in the form #[name], which is a reference to another named constraint in a resource - where the resource contains more than one constraint, or a RUL which is a reference to a resource Profile</comments>
      <min>0</min>
      <max>1</max>
      <type>uri</type>
      <conformance>Optional</conformance>
      <mustSupport>false</mustSupport>
      <mustUnderstand>false</mustUnderstand>
    </element>
    <element>
      <path>Profile.resource.element.binding</path>
      <shortDefn>Value set id (only if coded)</shortDefn>
      <definition>Value set id (only if coded)</definition>
      <min>0</min>
      <max>1</max>
      <type>string</type>
      <conformance>Optional</conformance>
      <mustSupport>false</mustSupport>
      <mustUnderstand>false</mustUnderstand>
    </element>
    <element>
      <path>Profile.resource.element.content</path>
      <shortDefn>Name (internal ref) or fixed value but not both</shortDefn>
      <definition>Name (internal ref) or fixed value but not both</definition>
      <min>0</min>
      <max>*</max>
      <conformance>Optional</conformance>
      <mustSupport>false</mustSupport>
      <mustUnderstand>false</mustUnderstand>
    </element>
    <element>
      <path>Profile.resource.element.content.nameReference</path>
      <shortDefn>to another element constraint (by element.name)</shortDefn>
      <definition>to another element constraint (by element.name)</definition>
      <min>0</min>
      <max>1</max>
      <type>string</type>
      <conformance>Conditional</conformance>
      <condition>Either a name or a fixed value is required</condition>
      <mustSupport>false</mustSupport>
      <mustUnderstand>false</mustUnderstand>
    </element>
    <element>
      <path>Profile.resource.element.content.value[x]</path>
      <shortDefn>Fixed value: [as defined for type]</shortDefn>
      <definition>Fixed value: [as defined for type]</definition>
      <min>0</min>
      <max>1</max>
      <type>*</type>
      <conformance>Conditional</conformance>
      <condition>Either a name or a fixed value is required</condition>
      <mustSupport>false</mustSupport>
      <mustUnderstand>false</mustUnderstand>
    </element>
    <element>
      <path>Profile.resource.element.closed</path>
      <shortDefn>if list, whether derived profiles can slice more</shortDefn>
      <definition>if list, whether derived profiles can slice more</definition>
      <min>0</min>
      <max>1</max>
      <type>boolean</type>
      <conformance>Optional</conformance>
      <mustSupport>false</mustSupport>
      <mustUnderstand>false</mustUnderstand>
    </element>
    <element>
      <path>Profile.extensionDefn</path>
      <shortDefn>Definition of an extension</shortDefn>
      <definition>Definition of an extension</definition>
      <min>0</min>
      <max>*</max>
      <conformance>Optional</conformance>
      <mustSupport>false</mustSupport>
      <mustUnderstand>false</mustUnderstand>
    </element>
    <element>
      <path>Profile.extensionDefn.contextType</path>
      <shortDefn>How the path of the extension is understood</shortDefn>
      <definition>How the path of the extension is understood</definition>
      <min>1</min>
      <max>1</max>
      <type>code</type>
      <conformance>Mandatory</conformance>
      <mustSupport>false</mustSupport>
      <mustUnderstand>false</mustUnderstand>
    </element>
    <element>
      <path>Profile.extensionDefn.element</path>
      <shortDefn>Details of the extension</shortDefn>
      <definition>Details of the extension</definition>
      <min>1</min>
      <max>1</max>
      <conformance>Mandatory</conformance>
      <mustSupport>false</mustSupport>
      <mustUnderstand>false</mustUnderstand>
    </element>
    <element>
      <path>Profile.extensionDefn.element.#</path>
      <min>1</min>
      <max>1</max>
      <type>@Profile.resource.element</type>
      <conformance>Mandatory</conformance>
      <mustSupport>false</mustSupport>
      <mustUnderstand>false</mustUnderstand>
    </element>
    <element>
      <path>Profile.binding</path>
      <min>0</min>
      <max>*</max>
      <conformance>Mandatory</conformance>
      <mustSupport>false</mustSupport>
      <mustUnderstand>false</mustUnderstand>
    </element>
    <element>
      <path>Profile.binding.name</path>
      <shortDefn>concept domain name</shortDefn>
      <definition>The name of the concept domain that this profile is declaring a constraint on</definition>
      <min>1</min>
      <max>1</max>
      <type>string</type>
      <conformance>Mandatory</conformance>
      <mustSupport>false</mustSupport>
      <mustUnderstand>false</mustUnderstand>
    </element>
    <element>
      <path>Profile.binding.type</path>
      <shortDefn>binding type</shortDefn>
      <definition>The form of the binding</definition>
      <min>1</min>
      <max>1</max>
      <type>code</type>
      <conformance>Mandatory</conformance>
      <mustSupport>false</mustSupport>
      <mustUnderstand>false</mustUnderstand>
    </element>
    <element>
      <path>Profile.binding.details</path>
      <shortDefn>extra details - see notes</shortDefn>
      <definition>extra details - see notes</definition>
      <min>0</min>
      <max>1</max>
      <type>string</type>
      <conformance>Conditional</conformance>
      <condition>May be required depending on the value of binding.type</condition>
      <mustSupport>false</mustSupport>
      <mustUnderstand>false</mustUnderstand>
    </element>
    <element>
      <path>Profile.binding.reference</path>
      <shortDefn>source of binding content</shortDefn>
      <definition>source of binding content</definition>
      <min>0</min>
      <max>1</max>
      <type>uri</type>
      <conformance>Conditional</conformance>
      <condition>May be required depending on the value of binding.type</condition>
      <mustSupport>false</mustSupport>
      <mustUnderstand>false</mustUnderstand>
    </element>
    <element>
      <path>Profile.binding.code</path>
      <shortDefn>enumerated codes that are the binding</shortDefn>
      <definition>enumerated codes that are the binding</definition>
      <min>0</min>
      <max>*</max>
      <type>Coding</type>
      <conformance>Conditional</conformance>
      <condition>May be required depending on the value of binding.type</condition>
      <mustSupport>false</mustSupport>
      <mustUnderstand>false</mustUnderstand>
    </element>
    <element>
      <path>Profile.extensions</path>
      <shortDefn>See Extensions</shortDefn>
      <definition>See Extensions</definition>
      <min>0</min>
      <max>1</max>
      <conformance>Optional</conformance>
      <mustSupport>false</mustSupport>
      <mustUnderstand>false</mustUnderstand>
    </element>
    <element>
      <path>Profile.text</path>
      <shortDefn>Text summary of resource profile for human interpretation</shortDefn>
      <definition>Text summary of resource profile for human interpretation</definition>
      <min>1</min>
      <max>1</max>
      <type>Narrative</type>
      <conformance>Mandatory</conformance>
      <mustSupport>false</mustSupport>
      <mustUnderstand>false</mustUnderstand>
    </element>
  </resource>
</Profile>