{"AdverseReaction":{"text":{"status":{"value":"generated"},"div":"<div>Anaphylaxis Reaction to a bee sting<\/div>"},"reactionDate":{"value":"2012-09-17"},"subject":{"type":{"value":"Patient"},"reference":{"value":"patient/@example"}},"didNotOccurFlag":{"value":"false"},"recorder":{"type":{"value":"Practitioner"},"reference":{"value":"practitioner/@example"}},"symptom":[{"code":{"coding":[{"system":{"value":"http://hl7.org/fhir/sid/icd-10"},"code":{"value":"T78.2"},"display":{"value":"Anaphylactic shock, unspecified"}}],"text":{"value":"Anaphylaxis reaction"}},"severity":{"value":"moderate"}}],"exposure":[{"exposureDate":{"value":"2012-09-17"},"exposureType":{"value":"coincidental"},"substance":{"type":{"value":"Substance"},"reference":{"value":"substance/@example"}}}]}}