{"ValueSet":{"text":{"status":{"value":"generated"},"div":"<div><h2>BindingType<\/h2><p>How this binding is mapped to a set of codes<\/p><p>This value set defines it's own terms in the system http://hl7.org/fhir/binding-type<\/p><table><tr><td><b>Code<\/b><\/td><td><b>Display<\/b><\/td><td><b>Definition<\/b><\/td><\/tr><tr><td>valueset<\/td><td/><td>The binding name has an associated URL which is a reference to a Value Set Resource that provides a formal definition of the set of possible codes<\/td><\/tr><tr><td>codelist<\/td><td/><td>The binding name is associated with a simple list of codes, and definitions from some identified code system (SID, URI, OID, UUID). In resource definitions, the system reference may be omitted, and a list of custom codes with definitions supplied (this is for status and workflow fields that applications need to know)<\/td><\/tr><tr><td>reference<\/td><td/><td>The binding name has an associated URL which refers to some external standard or specification that defines the possible codes<\/td><\/tr><tr><td>special<\/td><td/><td>The binding points to a list of concepts defined as part of FHIR itself (see below for possible values)<\/td><\/tr><tr><td>unbound<\/td><td/><td>The binding does not indicae any particular set of codes<\/td><\/tr><\/table><\/div>"},"identifier":{"value":"http://hl7.org/fhir/vs/binding-type"},"name":{"value":"BindingType"},"publisher":{"value":"HL7 (FHIR Project)"},"telecom":[{"system":{"value":"url"},"value":{"value":"http://hl7.org/fhir"}},{"system":{"value":"email"},"value":{"value":"fhir@lists.hl7.org"}}],"description":{"value":"How this binding is mapped to a set of codes"},"status":{"value":"draft"},"date":{"value":"2023-05-12T00:10:00"},"define":{"system":{"value":"http://hl7.org/fhir/binding-type"},"concept":[{"code":{"value":"valueset"},"definition":{"value":"The binding name has an associated URL which is a reference to a Value Set Resource that provides a formal definition of the set of possible codes"}},{"code":{"value":"codelist"},"definition":{"value":"The binding name is associated with a simple list of codes, and definitions from some identified code system (SID, URI, OID, UUID). In resource definitions, the system reference may be omitted, and a list of custom codes with definitions supplied (this is for status and workflow fields that applications need to know)"}},{"code":{"value":"reference"},"definition":{"value":"The binding name has an associated URL which refers to some external standard or specification that defines the possible codes"}},{"code":{"value":"special"},"definition":{"value":"The binding points to a list of concepts defined as part of FHIR itself (see below for possible values)"}},{"code":{"value":"unbound"},"definition":{"value":"The binding does not indicae any particular set of codes"}}]}}}