{"ValueSet":{"text":{"status":{"value":"generated"},"div":"<div><h2>BooleanYesNo<\/h2><p>Either yes or no, true or false<\/p><p>This value set defines it's own terms in the system http://hl7.org/fhir/boolean-yes-no<\/p><table><tr><td><b>Code<\/b><\/td><td><b>Display<\/b><\/td><td><b>Definition<\/b><\/td><\/tr><tr><td>yes<\/td><td/><td>TRUE<\/td><\/tr><tr><td>no<\/td><td/><td>FALSE<\/td><\/tr><\/table><\/div>"},"identifier":{"value":"http://hl7.org/fhir/vs/boolean-yes-no"},"name":{"value":"BooleanYesNo"},"publisher":{"value":"HL7 (FHIR Project)"},"telecom":[{"system":{"value":"url"},"value":{"value":"http://hl7.org/fhir"}},{"system":{"value":"email"},"value":{"value":"fhir@lists.hl7.org"}}],"description":{"value":"Either yes or no, true or false"},"status":{"value":"draft"},"date":{"value":"2023-05-12T00:10:00"},"define":{"system":{"value":"http://hl7.org/fhir/boolean-yes-no"},"concept":[{"code":{"value":"yes"},"definition":{"value":"TRUE"}},{"code":{"value":"no"},"definition":{"value":"FALSE"}}]}}}