{"ValueSet":{"text":{"status":{"value":"generated"},"div":"<div><h2>CausalityExpectation<\/h2><p>How likely is it that the given exposure caused a reaction<\/p><p>This value set defines it's own terms in the system http://hl7.org/fhir/causalityExpectation<\/p><table><tr><td><b>Code<\/b><\/td><td><b>Display<\/b><\/td><td><b>Definition<\/b><\/td><\/tr><tr><td>likely<\/td><td/><td>Likely that this specific exposure caused the reaction<\/td><\/tr><tr><td>unlikely<\/td><td/><td>Unlikely that this specific exposure caused the reaction - the exposure is being linked to for information purposes<\/td><\/tr><tr><td>confirmed<\/td><td/><td>It has been confirmed that this exposure was one of the causes of the reaction<\/td><\/tr><tr><td>unknown<\/td><td/><td>It is unknown whether this exposure had anything to do with the reaction<\/td><\/tr><\/table><\/div>"},"identifier":{"value":"http://hl7.org/fhir/vs/causalityExpectation"},"name":{"value":"CausalityExpectation"},"publisher":{"value":"HL7 (FHIR Project)"},"telecom":[{"system":{"value":"url"},"value":{"value":"http://hl7.org/fhir"}},{"system":{"value":"email"},"value":{"value":"fhir@lists.hl7.org"}}],"description":{"value":"How likely is it that the given exposure caused a reaction"},"status":{"value":"draft"},"date":{"value":"2023-05-12T00:10:00"},"define":{"system":{"value":"http://hl7.org/fhir/causalityExpectation"},"concept":[{"code":{"value":"likely"},"definition":{"value":"Likely that this specific exposure caused the reaction"}},{"code":{"value":"unlikely"},"definition":{"value":"Unlikely that this specific exposure caused the reaction - the exposure is being linked to for information purposes"}},{"code":{"value":"confirmed"},"definition":{"value":"It has been confirmed that this exposure was one of the causes of the reaction"}},{"code":{"value":"unknown"},"definition":{"value":"It is unknown whether this exposure had anything to do with the reaction"}}]}}}