<?xml version="1.0" encoding="UTF-8"?>

<ValueSet xmlns="http://hl7.org/fhir">
  <text>
    <status value="generated"/>
    <div xmlns="http://www.w3.org/1999/xhtml">
      <h2>CodeSelectionMode</h2>
      <p>The way in which the code is selected</p>
      <p>This value set defines it&#39;s own terms in the system http://hl7.org/fhir/code-selection-mode</p>
      <table>
        <tr>
          <td>
            <b>Code</b>
          </td>
          <td>
            <b>Display</b>
          </td>
          <td>
            <b>Definition</b>
          </td>
        </tr>
        <tr>
          <td>code</td>
          <td/>
          <td>Only this code is selected</td>
        </tr>
        <tr>
          <td>children</td>
          <td/>
          <td>Only the immediate children (codes with a is_a relationship) are selected, but not this code itself</td>
        </tr>
        <tr>
          <td>descendants</td>
          <td/>
          <td>All descendants of this code are selected, but not this code itself</td>
        </tr>
        <tr>
          <td>all</td>
          <td/>
          <td>This code and any descendants are selected</td>
        </tr>
        <tr>
          <td>system</td>
          <td/>
          <td>All codes from the specified code system</td>
        </tr>
      </table>
    </div>
  </text>
  <identifier value="http://hl7.org/fhir/vs/code-selection-mode"/>
  <name value="CodeSelectionMode"/>
  <publisher value="HL7 (FHIR Project)"/>
  <telecom>
    <system value="url"/>
    <value value="http://hl7.org/fhir"/>
  </telecom>
  <telecom>
    <system value="email"/>
    <value value="fhir@lists.hl7.org"/>
  </telecom>
  <description value="The way in which the code is selected"/>
  <status value="draft"/>
  <date value="2023-05-12T00:10:00"/>
  <define>
    <system value="http://hl7.org/fhir/code-selection-mode"/>
    <concept>
      <code value="code"/>
      <definition value="Only this code is selected"/>
    </concept>
    <concept>
      <code value="children"/>
      <definition value="Only the immediate children (codes with a is_a relationship) are selected, but not this code itself"/>
    </concept>
    <concept>
      <code value="descendants"/>
      <definition value="All descendants of this code are selected, but not this code itself"/>
    </concept>
    <concept>
      <code value="all"/>
      <definition value="This code and any descendants are selected"/>
    </concept>
    <concept>
      <code value="system"/>
      <definition value="All codes from the specified code system"/>
    </concept>
  </define>
</ValueSet>