{"ValueSet":{"text":{"status":{"value":"generated"},"div":"<div><h2>ContactRelationship<\/h2><p>The nature of the relationship between a patient and a contactperson for that patient<\/p><p>This value set defines it's own terms in the system http://hl7.org/fhir/contact-relationship<\/p><table><tr><td><b>Code<\/b><\/td><td><b>Display<\/b><\/td><td><b>Definition<\/b><\/td><\/tr><tr><td>emergency<\/td><td/><td>Contact in case of emergency<\/td><\/tr><tr><td>family<\/td><td/><td>Family member of patient<\/td><\/tr><tr><td>guardian<\/td><td/><td>Guardian of patient<\/td><\/tr><tr><td>friend<\/td><td/><td>Friend of patient<\/td><\/tr><tr><td>partner<\/td><td/><td>Partner/spouse<\/td><\/tr><tr><td>work<\/td><td/><td>Contact for work-related matters<\/td><\/tr><tr><td>caregiver<\/td><td/><td>(Non)professional caregiver<\/td><\/tr><tr><td>agent<\/td><td/><td>Contact that acts on behalf of the patient<\/td><\/tr><tr><td>guarantor<\/td><td/><td>Contact for financial matters<\/td><\/tr><tr><td>owner<\/td><td/><td>For animals, the owner of the animal<\/td><\/tr><tr><td>parent<\/td><td/><td>Parent of the patient<\/td><\/tr><tr><td>other<\/td><td/><td>Other kind of relationship, or unkown<\/td><\/tr><\/table><\/div>"},"identifier":{"value":"http://hl7.org/fhir/vs/contact-relationship"},"name":{"value":"ContactRelationship"},"publisher":{"value":"HL7 (FHIR Project)"},"telecom":[{"system":{"value":"url"},"value":{"value":"http://hl7.org/fhir"}},{"system":{"value":"email"},"value":{"value":"fhir@lists.hl7.org"}}],"description":{"value":"The nature of the relationship between a patient and a contactperson for that patient"},"status":{"value":"draft"},"date":{"value":"2023-05-12T00:10:00"},"define":{"system":{"value":"http://hl7.org/fhir/contact-relationship"},"concept":[{"code":{"value":"emergency"},"definition":{"value":"Contact in case of emergency"}},{"code":{"value":"family"},"definition":{"value":"Family member of patient"}},{"code":{"value":"guardian"},"definition":{"value":"Guardian of patient"}},{"code":{"value":"friend"},"definition":{"value":"Friend of patient"}},{"code":{"value":"partner"},"definition":{"value":"Partner/spouse"}},{"code":{"value":"work"},"definition":{"value":"Contact for work-related matters"}},{"code":{"value":"caregiver"},"definition":{"value":"(Non)professional caregiver"}},{"code":{"value":"agent"},"definition":{"value":"Contact that acts on behalf of the patient"}},{"code":{"value":"guarantor"},"definition":{"value":"Contact for financial matters"}},{"code":{"value":"owner"},"definition":{"value":"For animals, the owner of the animal"}},{"code":{"value":"parent"},"definition":{"value":"Parent of the patient"}},{"code":{"value":"other"},"definition":{"value":"Other kind of relationship, or unkown"}}]}}}