<?xml version="1.0" encoding="UTF-8"?>

<ValueSet xmlns="http://hl7.org/fhir">
  <text>
    <status value="generated"/>
    <div xmlns="http://www.w3.org/1999/xhtml">
      <h2>ContactSystem</h2>
      <p>What kind of contact this is</p>
      <p>This value set defines it&#39;s own terms in the system http://hl7.org/fhir/contact-system</p>
      <table>
        <tr>
          <td>
            <b>Code</b>
          </td>
          <td>
            <b>Display</b>
          </td>
          <td>
            <b>Definition</b>
          </td>
        </tr>
        <tr>
          <td>phone</td>
          <td/>
          <td>The value is a telephone number used for voice calls. Use of full international numbers starting with + is recommended to enable automatic dialing support but not required.</td>
        </tr>
        <tr>
          <td>fax</td>
          <td/>
          <td>The value is a fax machine. Use of full international numbers starting with + is recommended to enable automatic dialing support but not required.</td>
        </tr>
        <tr>
          <td>email</td>
          <td/>
          <td>The value is an email address</td>
        </tr>
        <tr>
          <td>url</td>
          <td/>
          <td>The value is a url. This is intended for various personal contacts including blogs, Twitter, Facebook, etc. Do not use for email addresses</td>
        </tr>
      </table>
    </div>
  </text>
  <identifier value="http://hl7.org/fhir/vs/contact-system"/>
  <name value="ContactSystem"/>
  <publisher value="HL7 (FHIR Project)"/>
  <telecom>
    <system value="url"/>
    <value value="http://hl7.org/fhir"/>
  </telecom>
  <telecom>
    <system value="email"/>
    <value value="fhir@lists.hl7.org"/>
  </telecom>
  <description value="What kind of contact this is"/>
  <status value="draft"/>
  <date value="2023-05-12T00:10:00"/>
  <define>
    <system value="http://hl7.org/fhir/contact-system"/>
    <concept>
      <code value="phone"/>
      <definition value="The value is a telephone number used for voice calls. Use of full international numbers starting with + is recommended to enable automatic dialing support but not required."/>
    </concept>
    <concept>
      <code value="fax"/>
      <definition value="The value is a fax machine. Use of full international numbers starting with + is recommended to enable automatic dialing support but not required."/>
    </concept>
    <concept>
      <code value="email"/>
      <definition value="The value is an email address"/>
    </concept>
    <concept>
      <code value="url"/>
      <definition value="The value is a url. This is intended for various personal contacts including blogs, Twitter, Facebook, etc. Do not use for email addresses"/>
    </concept>
  </define>
</ValueSet>