{"ValueSet":{"text":{"status":{"value":"generated"},"div":"<div><h2>DataAbsentReason<\/h2><p>Used to specify why the normally expected content of the data element is missing<\/p><p>This value set defines it's own terms in the system http://hl7.org/fhir/data-absent-reason<\/p><table><tr><td><b>Code<\/b><\/td><td><b>Display<\/b><\/td><td><b>Definition<\/b><\/td><\/tr><tr><td>unknown<\/td><td/><td>The value is not known<\/td><\/tr><tr><td>asked<\/td><td/><td>The source human does not know the value<\/td><\/tr><tr><td>temp<\/td><td/><td>There is reason to expect (from the workflow) that the value may become known<\/td><\/tr><tr><td>notasked<\/td><td/><td>The workflow didn't lead to this value being known<\/td><\/tr><tr><td>masked<\/td><td/><td>The information is not available due to security, privacy or related reasons<\/td><\/tr><tr><td>unsupported<\/td><td/><td>The source system wasn't capable of supporting this element<\/td><\/tr><tr><td>astext<\/td><td/><td>The content of the data is represented as text<\/td><\/tr><tr><td>error<\/td><td/><td>Some system or workflow process error means that the information is not available<\/td><\/tr><\/table><\/div>"},"identifier":{"value":"http://hl7.org/fhir/vs/data-absent-reason"},"name":{"value":"DataAbsentReason"},"publisher":{"value":"HL7 (FHIR Project)"},"telecom":[{"system":{"value":"url"},"value":{"value":"http://hl7.org/fhir"}},{"system":{"value":"email"},"value":{"value":"fhir@lists.hl7.org"}}],"description":{"value":"Used to specify why the normally expected content of the data element is missing"},"status":{"value":"draft"},"date":{"value":"2023-05-12T00:10:00"},"define":{"system":{"value":"http://hl7.org/fhir/data-absent-reason"},"concept":[{"code":{"value":"unknown"},"definition":{"value":"The value is not known"}},{"code":{"value":"asked"},"definition":{"value":"The source human does not know the value"}},{"code":{"value":"temp"},"definition":{"value":"There is reason to expect (from the workflow) that the value may become known"}},{"code":{"value":"notasked"},"definition":{"value":"The workflow didn't lead to this value being known"}},{"code":{"value":"masked"},"definition":{"value":"The information is not available due to security, privacy or related reasons"}},{"code":{"value":"unsupported"},"definition":{"value":"The source system wasn't capable of supporting this element"}},{"code":{"value":"astext"},"definition":{"value":"The content of the data is represented as text"}},{"code":{"value":"error"},"definition":{"value":"Some system or workflow process error means that the information is not available"}}]}}}