{"ValueSet":{"text":{"status":{"value":"generated"},"div":"<div><h2>DeviceValueFlag<\/h2><p>Flags that supply information about the status of a device reading<\/p><p>This value set defines it's own terms in the system http://hl7.org/fhir/device-value-flag<\/p><table><tr><td><b>Code<\/b><\/td><td><b>Display<\/b><\/td><td><b>Definition<\/b><\/td><\/tr><tr><td>ok<\/td><td/><td>the value is valid<\/td><\/tr><tr><td>ongoing<\/td><td/><td>An early estimate of value; measurement is still occurring<\/td><\/tr><tr><td>early<\/td><td/><td>An early estimate of value; processing is still occurring<\/td><\/tr><tr><td>questionable<\/td><td/><td>The observation value should be treated with care (there are reasons for doubting the accuracy of the current value)<\/td><\/tr><tr><td>calibrating<\/td><td/><td>The value has been generated while calibration is occurring<\/td><\/tr><tr><td>error<\/td><td/><td>the current conditions are invalid, and the value should not be used<\/td><\/tr><tr><td>unknown<\/td><td/><td>No observation value was available<\/td><\/tr><tr><td>test<\/td><td/><td>this is test data<\/td><\/tr><tr><td>demo<\/td><td/><td>this is demo data<\/td><\/tr><tr><td>under<\/td><td/><td>the value is under accurate measurement limits<\/td><\/tr><tr><td>over<\/td><td/><td>the value is over accurate measurement limits<\/td><\/tr><tr><td>alarm<\/td><td/><td>the value is associated with an active alarm condition<\/td><\/tr><tr><td>alarm-off<\/td><td/><td>the value would be associated with an active alarm, but alarms are turned off<\/td><\/tr><\/table><\/div>"},"identifier":{"value":"http://hl7.org/fhir/vs/device-value-flag"},"name":{"value":"DeviceValueFlag"},"publisher":{"value":"HL7 (FHIR Project)"},"telecom":[{"system":{"value":"url"},"value":{"value":"http://hl7.org/fhir"}},{"system":{"value":"email"},"value":{"value":"fhir@lists.hl7.org"}}],"description":{"value":"Flags that supply information about the status of a device reading"},"status":{"value":"draft"},"date":{"value":"2023-05-12T00:10:00"},"define":{"system":{"value":"http://hl7.org/fhir/device-value-flag"},"concept":[{"code":{"value":"ok"},"definition":{"value":"the value is valid"}},{"code":{"value":"ongoing"},"definition":{"value":"An early estimate of value; measurement is still occurring"}},{"code":{"value":"early"},"definition":{"value":"An early estimate of value; processing is still occurring"}},{"code":{"value":"questionable"},"definition":{"value":"The observation value should be treated with care (there are reasons for doubting the accuracy of the current value)"}},{"code":{"value":"calibrating"},"definition":{"value":"The value has been generated while calibration is occurring"}},{"code":{"value":"error"},"definition":{"value":"the current conditions are invalid, and the value should not be used"}},{"code":{"value":"unknown"},"definition":{"value":"No observation value was available"}},{"code":{"value":"test"},"definition":{"value":"this is test data"}},{"code":{"value":"demo"},"definition":{"value":"this is demo data"}},{"code":{"value":"under"},"definition":{"value":"the value is under accurate measurement limits"}},{"code":{"value":"over"},"definition":{"value":"the value is over accurate measurement limits"}},{"code":{"value":"alarm"},"definition":{"value":"the value is associated with an active alarm condition"}},{"code":{"value":"alarm-off"},"definition":{"value":"the value would be associated with an active alarm, but alarms are turned off"}}]}}}