{"DiagnosticOrder":{"text":{"status":{"value":"generated"},"div":"<div> \n        Example Diagnostic Order\n        <\/div>"},"subject":{"type":{"value":"Patient"},"reference":{"value":"patient/@1"}},"orderer":{"type":{"value":"Practitioner"},"reference":{"value":"practitioner/@example"}},"identifier":[{"label":{"value":"Placer"},"system":{"value":"urn:oid:1.3.4.5.6.7"},"key":{"value":"2345234234234"}}],"status":{"value":"received"},"event":[{"status":{"value":"requested"},"date":{"value":"2013-05-02T16:16:00"}}],"item":[{"code":{"coding":[{"system":{"value":"http://acme.org/tests"},"code":{"value":"LIPID"}}],"text":{"value":"Lipid Panel"}}}]}}