<?xml version="1.0" encoding="UTF-8"?>

<ValueSet xmlns="http://hl7.org/fhir">
  <text>
    <status value="generated"/>
    <div xmlns="http://www.w3.org/1999/xhtml">
      <h2>DocumentAttestationMode</h2>
      <p>The way in which a person authenticated a document</p>
      <p>This value set defines it&#39;s own terms in the system http://hl7.org/fhir/document-attestation-mode</p>
      <table>
        <tr>
          <td>
            <b>Code</b>
          </td>
          <td>
            <b>Display</b>
          </td>
          <td>
            <b>Definition</b>
          </td>
        </tr>
        <tr>
          <td>personal</td>
          <td/>
          <td>The person authenticated the document in their personal capacity</td>
        </tr>
        <tr>
          <td>professional</td>
          <td/>
          <td>The person authenticated the document in their professional capacity</td>
        </tr>
        <tr>
          <td>legal</td>
          <td/>
          <td>The person authenticated the document and accepted legal responsibility for its content</td>
        </tr>
        <tr>
          <td>official</td>
          <td/>
          <td>The organization authenticated the document as consistent with their policies and procedures</td>
        </tr>
      </table>
    </div>
  </text>
  <identifier value="http://hl7.org/fhir/vs/document-attestation-mode"/>
  <name value="DocumentAttestationMode"/>
  <publisher value="HL7 (FHIR Project)"/>
  <telecom>
    <system value="url"/>
    <value value="http://hl7.org/fhir"/>
  </telecom>
  <telecom>
    <system value="email"/>
    <value value="fhir@lists.hl7.org"/>
  </telecom>
  <description value="The way in which a person authenticated a document"/>
  <status value="draft"/>
  <date value="2023-05-12T00:10:00"/>
  <define>
    <system value="http://hl7.org/fhir/document-attestation-mode"/>
    <concept>
      <code value="personal"/>
      <definition value="The person authenticated the document in their personal capacity"/>
    </concept>
    <concept>
      <code value="professional"/>
      <definition value="The person authenticated the document in their professional capacity"/>
    </concept>
    <concept>
      <code value="legal"/>
      <definition value="The person authenticated the document and accepted legal responsibility for its content"/>
    </concept>
    <concept>
      <code value="official"/>
      <definition value="The organization authenticated the document as consistent with their policies and procedures"/>
    </concept>
  </define>
</ValueSet>