<?xml version="1.0" encoding="UTF-8"?><DocumentReference xmlns="http://hl7.org/fhir">
  <text>
    <status value="generated"/>
    <div xmlns="http://www.w3.org/1999/xhtml">Text</div>
  </text>
  <contained>
    <!--  Many XDS systems do not trak any id for the author. When systems don't do this, 
    the only option is for the author information to be contained in the Document Reference  -->
    <Practitioner id="a1">    
      <details>
        <name>
          <family value="Dopplemeyer"/>
          <given value="Sherry"/>
        </name>
        <telecom>
          <system value="email"/>
          <value value="john.doe@healthcare.example.org"/>
        </telecom>
      </details>
      <organization>
        <display value="Cleveland Clinic"/>
      </organization>
<!-- 
      <organization>
        <display value="Berea Community"/>
      </organization>      
 -->
      <role><text value="Primary Surgon"/></role>
      <specialty><text value="Orthopedic"/></specialty>
    </Practitioner>
  </contained>
  <contained>
    <Practitioner id="a2">    
      <details>
        <name>
          <family value="Smitty"/>
          <given value="Gerald"/>
        </name>
        <telecom>
          <system value="email"/>
          <value value="john.doe@healthcare.example.org"/>
        </telecom>
      </details>
      <organization>
        <display value="Cleveland Clinic"/>
      </organization>
<!-- 
      <organization>
        <display value="Parma Community"/>
      </organization>      
 -->
      <role><text value="Attending"/></role>
      <specialty><text value="Orthopedic"/></specialty>
    </Practitioner>
  </contained>
  <masterIdentifier>
    <system value="urn:ietf:rfc:3986"/>
    <key value="urn:oid:1.3.6.1.4.1.21367.2005.3.7"/>
  </masterIdentifier>
  <subject>
    <type value="Patient"/>
    <reference value="patient/@xcda"/>
  </subject>
	<type>
	  <coding>
		<system value="http://loinc.org"/>
		<code value="34108-1"/>
		<display value="Outpatient Evaluation And Management"/>
	  </coding>
	</type>
  <author>
    <type value="Practitioner"/>
    <reference value="#a1"/>
  </author>
  <author>
    <type value="Practitioner"/>
    <reference value="#a2"/>
  </author>
  <created value="2005-12-24T09:35:00+11:00"/>
  <indexed value="2005-12-24T09:43:41+11:00"/>
  <status value="current"/>
  
  <description value="Physical"/>
  <confidentiality>
    <coding>
      <system value="http://ihe.net/xds/connectathon/confidentialityCodes"/>
      <code value="1.3.6.1.4.1.21367.2006.7.101"/>
      <display value="Clinical-Staff"/>
    </coding>
  </confidentiality>
  <primaryLanguage value="en-US"/>
  <mimeType value="application/hl7-v3+xml"/>
  <size value="3654"/>
  <hash value="da39a3ee5e6b4b0d3255bfef95601890afd80709"/>
  <location value="http://example.org/xds/mhd/binary/@07a6483f-732b-461e-86b6-edb665c45510"/>
  <context>
    <code>
      <coding>
        <system value="http://ihe.net/xds/connectathon/eventCodes"/>
        <code value="todo"/>
        <display value="to do"/>
      </coding>
    </code>
    <period>
      <start value="2004-12-23T08:00:00"/>
      <end value="2004-12-23T08:01:00"/>
    </period>
    <facilityType>
      <coding>
        <system value="http://www.ihe.net/xds/connectathon/healthcareFacilityTypeCodes"/>
        <code value="Outpatient"/>
        <display value="Outpatient"/>
      </coding>
    </facilityType>
  </context>    

<!-- 
    <class>
      <system value="http://ihe.net/xds/connectathon/classCodes"/>
      <code value="History and Physical"/>
      <display value="History and Physical"/>
    </class>

    <practiceSetting>
      <coding>
        <system value="http://www.ihe.net/xds/connectathon/practiceSettingCodes"/>
        <code value="General Medicine"/>
        <display value="General Medicine"/>
      </coding>
    </practiceSetting>

  <currentSubject>
    <type value="Patient"/>
    <reference value="patient/@xcda"/>
  </currentSubject>
 -->

</DocumentReference>