{"ValueSet":{"text":{"status":{"value":"generated"},"div":"<div><h2>EncounterState<\/h2><p>Current state of the encounter<\/p><p>This value set defines it's own terms in the system http://hl7.org/fhir/encounter-state<\/p><table><tr><td><b>Code<\/b><\/td><td><b>Display<\/b><\/td><td><b>Definition<\/b><\/td><\/tr><tr><td>planned<\/td><td/><td/><\/tr><tr><td>current<\/td><td/><td/><\/tr><tr><td>onleave<\/td><td/><td/><\/tr><tr><td>finished<\/td><td/><td/><\/tr><tr><td>cancelled<\/td><td/><td/><\/tr><\/table><\/div>"},"identifier":{"value":"http://hl7.org/fhir/vs/encounter-state"},"name":{"value":"EncounterState"},"publisher":{"value":"HL7 (FHIR Project)"},"telecom":[{"system":{"value":"url"},"value":{"value":"http://hl7.org/fhir"}},{"system":{"value":"email"},"value":{"value":"fhir@lists.hl7.org"}}],"description":{"value":"Current state of the encounter"},"status":{"value":"draft"},"date":{"value":"2023-05-12T00:10:00"},"define":{"system":{"value":"http://hl7.org/fhir/encounter-state"},"concept":[{"code":{"value":"planned"}},{"code":{"value":"current"}},{"code":{"value":"onleave"}},{"code":{"value":"finished"}},{"code":{"value":"cancelled"}}]}}}