{"ValueSet":{"text":{"status":{"value":"generated"},"div":"<div><h2>EncounterClass<\/h2><p>Classification of the encounter<\/p><p>This value set defines it's own terms in the system http://hl7.org/fhir/encounter-class<\/p><table><tr><td><b>Code<\/b><\/td><td><b>Display<\/b><\/td><td><b>Definition<\/b><\/td><\/tr><tr><td>inpatient<\/td><td/><td>A patient that stays overnight<\/td><\/tr><tr><td>outpatient<\/td><td/><td/><\/tr><tr><td>ambulatory<\/td><td/><td/><\/tr><tr><td>emergency<\/td><td/><td/><\/tr><tr><td>home<\/td><td/><td/><\/tr><tr><td>field<\/td><td/><td/><\/tr><tr><td>acute<\/td><td/><td/><\/tr><tr><td>non-acute<\/td><td/><td/><\/tr><tr><td>daytime<\/td><td/><td/><\/tr><tr><td>virtual<\/td><td/><td/><\/tr><\/table><\/div>"},"identifier":{"value":"http://hl7.org/fhir/vs/encounter-class"},"name":{"value":"EncounterClass"},"publisher":{"value":"HL7 (FHIR Project)"},"telecom":[{"system":{"value":"url"},"value":{"value":"http://hl7.org/fhir"}},{"system":{"value":"email"},"value":{"value":"fhir@lists.hl7.org"}}],"description":{"value":"Classification of the encounter"},"status":{"value":"draft"},"date":{"value":"2023-05-12T00:10:00"},"define":{"system":{"value":"http://hl7.org/fhir/encounter-class"},"concept":[{"code":{"value":"inpatient"},"definition":{"value":"A patient that stays overnight"}},{"code":{"value":"outpatient"}},{"code":{"value":"ambulatory"}},{"code":{"value":"emergency"}},{"code":{"value":"home"}},{"code":{"value":"field"}},{"code":{"value":"acute"}},{"code":{"value":"non-acute"}},{"code":{"value":"daytime"}},{"code":{"value":"virtual"}}]}}}