{"ValueSet":{"text":{"status":{"value":"generated"},"div":"<div><h2>EventTiming<\/h2><p>A real world event that a schedule is related to<\/p><p>This value set includes terms defined in other code systems, using the following rules:<\/p><ul><li>Include these codes as defined in http://hl7.org/fhir/v3//timingevent<table><tr><td><b>Code<\/b><\/td><td><b>Display<\/b><\/td><td><b>Definition<\/b><\/td><\/tr><tr><td>HS<\/td><\/tr><tr><td>WAKE<\/td><\/tr><tr><td>AC<\/td><\/tr><tr><td>ACM<\/td><\/tr><tr><td>ACD<\/td><\/tr><tr><td>ACV<\/td><\/tr><tr><td>PC<\/td><\/tr><tr><td>PCM<\/td><\/tr><tr><td>PCD<\/td><\/tr><tr><td>PCV<\/td><\/tr><\/table><\/li><\/ul><\/div>"},"identifier":{"value":"http://hl7.org/fhir/vs/event-timing"},"name":{"value":"EventTiming"},"publisher":{"value":"HL7 (FHIR Project)"},"telecom":[{"system":{"value":"url"},"value":{"value":"http://hl7.org/fhir"}},{"system":{"value":"email"},"value":{"value":"fhir@lists.hl7.org"}}],"description":{"value":"A real world event that a schedule is related to"},"status":{"value":"draft"},"date":{"value":"2023-05-12T00:10:00"},"compose":{"include":[{"system":{"value":"http://hl7.org/fhir/v3//timingevent"},"code":[{"value":"HS"},{"value":"WAKE"},{"value":"AC"},{"value":"ACM"},{"value":"ACD"},{"value":"ACV"},{"value":"PC"},{"value":"PCM"},{"value":"PCD"},{"value":"PCV"}]}]}}}