<?xml version="1.0" encoding="UTF-8"?>

<ValueSet xmlns="http://hl7.org/fhir">
  <text>
    <status value="generated"/>
    <div xmlns="http://www.w3.org/1999/xhtml">
      <h2>ExposureType</h2>
      <p>The type of exposure that resulted in an adverse reaction</p>
      <p>This value set defines it&#39;s own terms in the system http://hl7.org/fhir/exposureType</p>
      <table>
        <tr>
          <td>
            <b>Code</b>
          </td>
          <td>
            <b>Display</b>
          </td>
          <td>
            <b>Definition</b>
          </td>
        </tr>
        <tr>
          <td>drugadmin</td>
          <td/>
          <td>Drug Administration</td>
        </tr>
        <tr>
          <td>immuniz</td>
          <td/>
          <td>Immunization</td>
        </tr>
        <tr>
          <td>coincidental</td>
          <td/>
          <td>In the same area as the substance</td>
        </tr>
      </table>
    </div>
  </text>
  <identifier value="http://hl7.org/fhir/vs/exposureType"/>
  <name value="ExposureType"/>
  <publisher value="HL7 (FHIR Project)"/>
  <telecom>
    <system value="url"/>
    <value value="http://hl7.org/fhir"/>
  </telecom>
  <telecom>
    <system value="email"/>
    <value value="fhir@lists.hl7.org"/>
  </telecom>
  <description value="The type of exposure that resulted in an adverse reaction"/>
  <status value="draft"/>
  <date value="2023-05-12T00:10:00"/>
  <define>
    <system value="http://hl7.org/fhir/exposureType"/>
    <concept>
      <code value="drugadmin"/>
      <definition value="Drug Administration"/>
    </concept>
    <concept>
      <code value="immuniz"/>
      <definition value="Immunization"/>
    </concept>
    <concept>
      <code value="coincidental"/>
      <definition value="In the same area as the substance"/>
    </concept>
  </define>
</ValueSet>