<?xml version="1.0" encoding="UTF-8"?>

<ValueSet xmlns="http://hl7.org/fhir">
  <text>
    <status value="generated"/>
    <div xmlns="http://www.w3.org/1999/xhtml">
      <h2>FamilialRelationship</h2>
      <p>The nature of the relationship between the patient and the person with the condition. Based on the HL7v3 RoleCode: OID: 2.16.840.1.113883.5.111 with some inappropriate items removed</p>
      <p>This value set includes terms defined in other code systems, using the following rules:</p>
      <ul>
        <li>Include these codes as defined in http://hl7.org/fhir/v3//familyrelationship
          <table>
            <tr>
              <td>
                <b>Code</b>
              </td>
              <td>
                <b>Display</b>
              </td>
              <td>
                <b>Definition</b>
              </td>
            </tr>
            <tr>
              <td>AUNT</td>
            </tr>
            <tr>
              <td>BRO</td>
            </tr>
            <tr>
              <td>BROINLAW</td>
            </tr>
            <tr>
              <td>CHLDADOPT</td>
            </tr>
            <tr>
              <td>CHLDFOST</td>
            </tr>
            <tr>
              <td>CHLDINLAW</td>
            </tr>
            <tr>
              <td>COUSN</td>
            </tr>
            <tr>
              <td>DAU</td>
            </tr>
            <tr>
              <td>DAUADOPT</td>
            </tr>
            <tr>
              <td>DAUC</td>
            </tr>
            <tr>
              <td>DAUFOST</td>
            </tr>
            <tr>
              <td>DAUINLAW</td>
            </tr>
            <tr>
              <td>CHILD</td>
            </tr>
            <tr>
              <td>EXT</td>
            </tr>
            <tr>
              <td>IMED</td>
            </tr>
            <tr>
              <td>PRN</td>
            </tr>
            <tr>
              <td>SIB</td>
            </tr>
            <tr>
              <td>SIGOTHR</td>
            </tr>
            <tr>
              <td>DOMPART</td>
            </tr>
            <tr>
              <td>SPS</td>
            </tr>
            <tr>
              <td>FTH</td>
            </tr>
            <tr>
              <td>FTHINLAW</td>
            </tr>
            <tr>
              <td>GGRFTH</td>
            </tr>
            <tr>
              <td>GGRMTH</td>
            </tr>
            <tr>
              <td>GGRPRN</td>
            </tr>
            <tr>
              <td>GRFTH</td>
            </tr>
            <tr>
              <td>GRMTH</td>
            </tr>
            <tr>
              <td>GRNDCHILD</td>
            </tr>
            <tr>
              <td>GRNDDAU</td>
            </tr>
            <tr>
              <td>GRNDSON</td>
            </tr>
            <tr>
              <td>GRPRN</td>
            </tr>
            <tr>
              <td>HBRO</td>
            </tr>
            <tr>
              <td>HSIB</td>
            </tr>
            <tr>
              <td>HSIS</td>
            </tr>
            <tr>
              <td>HUSB</td>
            </tr>
            <tr>
              <td>MTH</td>
            </tr>
            <tr>
              <td>MTHINLAW</td>
            </tr>
            <tr>
              <td>NBOR</td>
            </tr>
            <tr>
              <td>NBRO</td>
            </tr>
            <tr>
              <td>NCHILD</td>
            </tr>
            <tr>
              <td>NEPHEW</td>
            </tr>
            <tr>
              <td>NFTH</td>
            </tr>
            <tr>
              <td>NFTHF</td>
            </tr>
            <tr>
              <td>NIECE</td>
            </tr>
            <tr>
              <td>NIENEPH</td>
            </tr>
            <tr>
              <td>NMTH</td>
            </tr>
            <tr>
              <td>NOK</td>
            </tr>
            <tr>
              <td>NPRN</td>
            </tr>
            <tr>
              <td>NSIB</td>
            </tr>
            <tr>
              <td>NSIS</td>
            </tr>
            <tr>
              <td>PRNINLAW</td>
            </tr>
            <tr>
              <td>ROOM</td>
            </tr>
            <tr>
              <td>SIBINLAW</td>
            </tr>
            <tr>
              <td>SIS</td>
            </tr>
            <tr>
              <td>SISINLAW</td>
            </tr>
            <tr>
              <td>SON</td>
            </tr>
            <tr>
              <td>SONADOPT</td>
            </tr>
            <tr>
              <td>SONC</td>
            </tr>
            <tr>
              <td>SONFOST</td>
            </tr>
            <tr>
              <td>SONINLAW</td>
            </tr>
            <tr>
              <td>STPBRO</td>
            </tr>
            <tr>
              <td>STPCHLD</td>
            </tr>
            <tr>
              <td>STPDAU</td>
            </tr>
            <tr>
              <td>STPFTH</td>
            </tr>
            <tr>
              <td>STPMTH</td>
            </tr>
            <tr>
              <td>STPPRN</td>
            </tr>
            <tr>
              <td>STPSIB</td>
            </tr>
            <tr>
              <td>STPSIS</td>
            </tr>
            <tr>
              <td>STPSON</td>
            </tr>
            <tr>
              <td>UNCLE</td>
            </tr>
            <tr>
              <td>WIFE</td>
            </tr>
          </table>
        </li>
      </ul>
    </div>
  </text>
  <identifier value="http://hl7.org/fhir/vs/familial-relationship"/>
  <name value="FamilialRelationship"/>
  <publisher value="HL7 (FHIR Project)"/>
  <telecom>
    <system value="url"/>
    <value value="http://hl7.org/fhir"/>
  </telecom>
  <telecom>
    <system value="email"/>
    <value value="fhir@lists.hl7.org"/>
  </telecom>
  <description value="The nature of the relationship between the patient and the person with the condition. Based on the HL7v3 RoleCode: OID: 2.16.840.1.113883.5.111 with some inappropriate items removed"/>
  <status value="draft"/>
  <date value="2023-05-12T00:10:00"/>
  <compose>
    <include>
      <system value="http://hl7.org/fhir/v3//familyrelationship"/>
      <code value="AUNT"/>
      <code value="BRO"/>
      <code value="BROINLAW"/>
      <code value="CHLDADOPT"/>
      <code value="CHLDFOST"/>
      <code value="CHLDINLAW"/>
      <code value="COUSN"/>
      <code value="DAU"/>
      <code value="DAUADOPT"/>
      <code value="DAUC"/>
      <code value="DAUFOST"/>
      <code value="DAUINLAW"/>
      <code value="CHILD"/>
      <code value="EXT"/>
      <code value="IMED"/>
      <code value="PRN"/>
      <code value="SIB"/>
      <code value="SIGOTHR"/>
      <code value="DOMPART"/>
      <code value="SPS"/>
      <code value="FTH"/>
      <code value="FTHINLAW"/>
      <code value="GGRFTH"/>
      <code value="GGRMTH"/>
      <code value="GGRPRN"/>
      <code value="GRFTH"/>
      <code value="GRMTH"/>
      <code value="GRNDCHILD"/>
      <code value="GRNDDAU"/>
      <code value="GRNDSON"/>
      <code value="GRPRN"/>
      <code value="HBRO"/>
      <code value="HSIB"/>
      <code value="HSIS"/>
      <code value="HUSB"/>
      <code value="MTH"/>
      <code value="MTHINLAW"/>
      <code value="NBOR"/>
      <code value="NBRO"/>
      <code value="NCHILD"/>
      <code value="NEPHEW"/>
      <code value="NFTH"/>
      <code value="NFTHF"/>
      <code value="NIECE"/>
      <code value="NIENEPH"/>
      <code value="NMTH"/>
      <code value="NOK"/>
      <code value="NPRN"/>
      <code value="NSIB"/>
      <code value="NSIS"/>
      <code value="PRNINLAW"/>
      <code value="ROOM"/>
      <code value="SIBINLAW"/>
      <code value="SIS"/>
      <code value="SISINLAW"/>
      <code value="SON"/>
      <code value="SONADOPT"/>
      <code value="SONC"/>
      <code value="SONFOST"/>
      <code value="SONINLAW"/>
      <code value="STPBRO"/>
      <code value="STPCHLD"/>
      <code value="STPDAU"/>
      <code value="STPFTH"/>
      <code value="STPMTH"/>
      <code value="STPPRN"/>
      <code value="STPSIB"/>
      <code value="STPSIS"/>
      <code value="STPSON"/>
      <code value="UNCLE"/>
      <code value="WIFE"/>
    </include>
  </compose>
</ValueSet>