{"ValueSet":{"text":{"status":{"value":"generated"},"div":"<div><h2>FilterOperator<\/h2><p>The kind of operation to perform as part of a property based filter<\/p><p>This value set defines it's own terms in the system http://hl7.org/fhir/filter-operator<\/p><table><tr><td><b>Code<\/b><\/td><td><b>Display<\/b><\/td><td><b>Definition<\/b><\/td><\/tr><tr><td>=<\/td><td/><td>The property value has the concept specified by the value<\/td><\/tr><tr><td>is_a<\/td><td/><td>The property value has a concept that has an is_a relationship with the value<\/td><\/tr><tr><td>is_not_a<\/td><td/><td>The property value has a concept that does not have an is_a relationship with the value<\/td><\/tr><tr><td>regex<\/td><td/><td>The property value representation matches the regex specified in the value<\/td><\/tr><\/table><\/div>"},"identifier":{"value":"http://hl7.org/fhir/vs/filter-operator"},"name":{"value":"FilterOperator"},"publisher":{"value":"HL7 (FHIR Project)"},"telecom":[{"system":{"value":"url"},"value":{"value":"http://hl7.org/fhir"}},{"system":{"value":"email"},"value":{"value":"fhir@lists.hl7.org"}}],"description":{"value":"The kind of operation to perform as part of a property based filter"},"status":{"value":"draft"},"date":{"value":"2023-05-12T00:10:00"},"define":{"system":{"value":"http://hl7.org/fhir/filter-operator"},"concept":[{"code":{"value":"="},"definition":{"value":"The property value has the concept specified by the value"}},{"code":{"value":"is_a"},"definition":{"value":"The property value has a concept that has an is_a relationship with the value"}},{"code":{"value":"is_not_a"},"definition":{"value":"The property value has a concept that does not have an is_a relationship with the value"}},{"code":{"value":"regex"},"definition":{"value":"The property value representation matches the regex specified in the value"}}]}}}