{"ValueSet":{"text":{"status":{"value":"generated"},"div":"<div><h2>IdentifierUse<\/h2><p>Identifies the use for this identifier, if known<\/p><p>This value set defines it's own terms in the system http://hl7.org/fhir/identifier-use<\/p><table><tr><td><b>Code<\/b><\/td><td><b>Display<\/b><\/td><td><b>Definition<\/b><\/td><\/tr><tr><td>usual<\/td><td/><td>the identifier recommended for display and use in real-world interactions<\/td><\/tr><tr><td>official<\/td><td/><td>the identifier considered to be most trusted for the identification of this item<\/td><\/tr><tr><td>temp<\/td><td/><td>A temporary identifier<\/td><\/tr><\/table><\/div>"},"identifier":{"value":"http://hl7.org/fhir/vs/identifier-use"},"name":{"value":"IdentifierUse"},"publisher":{"value":"HL7 (FHIR Project)"},"telecom":[{"system":{"value":"url"},"value":{"value":"http://hl7.org/fhir"}},{"system":{"value":"email"},"value":{"value":"fhir@lists.hl7.org"}}],"description":{"value":"Identifies the use for this identifier, if known"},"status":{"value":"draft"},"date":{"value":"2023-05-12T00:10:00"},"define":{"system":{"value":"http://hl7.org/fhir/identifier-use"},"concept":[{"code":{"value":"usual"},"definition":{"value":"the identifier recommended for display and use in real-world interactions"}},{"code":{"value":"official"},"definition":{"value":"the identifier considered to be most trusted for the identification of this item"}},{"code":{"value":"temp"},"definition":{"value":"A temporary identifier"}}]}}}