{"ValueSet":{"text":{"status":{"value":"generated"},"div":"<div><h2>ImageModality<\/h2><p>Type of the image capturing machinery<\/p><p>This value set defines it's own terms in the system http://hl7.org/fhir/image-modality<\/p><table><tr><td><b>Code<\/b><\/td><td><b>Display<\/b><\/td><td><b>Definition<\/b><\/td><\/tr><tr><td>AR<\/td><td/><td>Autorefraction<\/td><\/tr><tr><td>AU<\/td><td/><td>Audio<\/td><\/tr><tr><td>BDUS<\/td><td/><td>Bone Densitometry (Ultrasound)<\/td><\/tr><tr><td>BI<\/td><td/><td>Biomagnetic Imaging<\/td><\/tr><tr><td>BMD<\/td><td/><td>Bone Densitometry (X-Ray)<\/td><\/tr><tr><td>CR<\/td><td/><td>Computed Radiography<\/td><\/tr><tr><td>CT<\/td><td/><td>Computed Tomography<\/td><\/tr><tr><td>DG<\/td><td/><td>Diaphanography<\/td><\/tr><tr><td>DIA<\/td><td/><td>Diagram / Hand drawn image<\/td><\/tr><tr><td>DOC<\/td><td/><td>Document<\/td><\/tr><tr><td>DX<\/td><td/><td>Digital Radiography<\/td><\/tr><tr><td>ECG<\/td><td/><td>Electrocardiograms<\/td><\/tr><tr><td>EM<\/td><td/><td>Electron Microscope<\/td><\/tr><tr><td>EPS<\/td><td/><td>Cardiac Electrophysiology<\/td><\/tr><tr><td>ES<\/td><td/><td>Endoscopy<\/td><\/tr><tr><td>FID<\/td><td/><td>Fiducials<\/td><\/tr><tr><td>GM<\/td><td/><td>General Microscopy<\/td><\/tr><tr><td>HC<\/td><td/><td>Hard Copy<\/td><\/tr><tr><td>HD<\/td><td/><td>Hemodynamic Waveform<\/td><\/tr><tr><td>IO<\/td><td/><td>Intra-oral Radiography<\/td><\/tr><tr><td>IOL<\/td><td/><td>Intraocular Lens Data<\/td><\/tr><tr><td>IVOCT<\/td><td/><td>Intravascular Optical Coherence Tomography<\/td><\/tr><tr><td>IVUS<\/td><td/><td>Intravascular Ultrasound<\/td><\/tr><tr><td>KO<\/td><td/><td>Key Object Selection<\/td><\/tr><tr><td>KER<\/td><td/><td>Keratometry<\/td><\/tr><tr><td>LEN<\/td><td/><td>Lensometry<\/td><\/tr><tr><td>LS<\/td><td/><td>Laser Surface Scan<\/td><\/tr><tr><td>MG<\/td><td/><td>Mammography<\/td><\/tr><tr><td>MR<\/td><td/><td>Magnetic Resonance<\/td><\/tr><tr><td>NM<\/td><td/><td>Nuclear Medicine<\/td><\/tr><tr><td>OAM<\/td><td/><td>Opthalmic Axial Measurements<\/td><\/tr><tr><td>OCT<\/td><td/><td>Optical Coherence Tomography<\/td><\/tr><tr><td>OPM<\/td><td/><td>Ophthalmic Mapping<\/td><\/tr><tr><td>OPT<\/td><td/><td>Opthalmic Tomography<\/td><\/tr><tr><td>OPV<\/td><td/><td>Ophthalmic Visual Field<\/td><\/tr><tr><td>OT<\/td><td/><td>Other<\/td><\/tr><tr><td>PLAN<\/td><td/><td>Plan<\/td><\/tr><tr><td>PR<\/td><td/><td>Presentation State<\/td><\/tr><tr><td>PT<\/td><td/><td>Positron Emission Tomography (PET)<\/td><\/tr><tr><td>PX<\/td><td/><td>Panoramic X-Ray<\/td><\/tr><tr><td>REG<\/td><td/><td>Registration<\/td><\/tr><tr><td>RESP<\/td><td/><td>Respiratory Waveform<\/td><\/tr><tr><td>RF<\/td><td/><td>Radio Fluoroscopy<\/td><\/tr><tr><td>RG<\/td><td/><td>Radiographic Imaging (conventional film screen)<\/td><\/tr><tr><td>RTDOSE<\/td><td/><td>Radiotherapy Dose<\/td><\/tr><tr><td>RTIMAGE<\/td><td/><td>Radiotherapy Image<\/td><\/tr><tr><td>RTPLAN<\/td><td/><td>Radiotherapy Plan (a.k.a. RTPLAN)<\/td><\/tr><tr><td>RTRECORD<\/td><td/><td>RT Treatment Record<\/td><\/tr><tr><td>RTSTRUCT<\/td><td/><td>Radiotherapy Structure Set (a.k.a. RTSTRUCT)<\/td><\/tr><tr><td>SC<\/td><td/><td>Secondary Capture<\/td><\/tr><tr><td>SEG<\/td><td/><td>Segmentation<\/td><\/tr><tr><td>SM<\/td><td/><td>Slide Microscopy<\/td><\/tr><tr><td>SMR<\/td><td/><td>Stereometric Relationship<\/td><\/tr><tr><td>SR<\/td><td/><td>SR Document<\/td><\/tr><tr><td>SRF<\/td><td/><td>Subjective Refraction<\/td><\/tr><tr><td>TG<\/td><td/><td>Thermography<\/td><\/tr><tr><td>US<\/td><td/><td>Ultrasound<\/td><\/tr><tr><td>VA<\/td><td/><td>Visual Acuity<\/td><\/tr><tr><td>VL<\/td><td/><td>Visible Light<\/td><\/tr><tr><td>XA<\/td><td/><td>X-Ray Angiography<\/td><\/tr><tr><td>XC<\/td><td/><td>External Camera (Photography)<\/td><\/tr><\/table><\/div>"},"identifier":{"value":"http://hl7.org/fhir/vs/image-modality"},"name":{"value":"ImageModality"},"publisher":{"value":"HL7 (FHIR Project)"},"telecom":[{"system":{"value":"url"},"value":{"value":"http://hl7.org/fhir"}},{"system":{"value":"email"},"value":{"value":"fhir@lists.hl7.org"}}],"description":{"value":"Type of the image capturing machinery"},"status":{"value":"draft"},"date":{"value":"2023-05-12T00:10:00"},"define":{"system":{"value":"http://hl7.org/fhir/image-modality"},"concept":[{"code":{"value":"AR"},"definition":{"value":"Autorefraction"}},{"code":{"value":"AU"},"definition":{"value":"Audio"}},{"code":{"value":"BDUS"},"definition":{"value":"Bone Densitometry (Ultrasound)"}},{"code":{"value":"BI"},"definition":{"value":"Biomagnetic Imaging"}},{"code":{"value":"BMD"},"definition":{"value":"Bone Densitometry (X-Ray)"}},{"code":{"value":"CR"},"definition":{"value":"Computed Radiography"}},{"code":{"value":"CT"},"definition":{"value":"Computed Tomography"}},{"code":{"value":"DG"},"definition":{"value":"Diaphanography"}},{"code":{"value":"DIA"},"definition":{"value":"Diagram / Hand drawn image"}},{"code":{"value":"DOC"},"definition":{"value":"Document"}},{"code":{"value":"DX"},"definition":{"value":"Digital Radiography"}},{"code":{"value":"ECG"},"definition":{"value":"Electrocardiograms"}},{"code":{"value":"EM"},"definition":{"value":"Electron Microscope"}},{"code":{"value":"EPS"},"definition":{"value":"Cardiac Electrophysiology"}},{"code":{"value":"ES"},"definition":{"value":"Endoscopy"}},{"code":{"value":"FID"},"definition":{"value":"Fiducials"}},{"code":{"value":"GM"},"definition":{"value":"General Microscopy"}},{"code":{"value":"HC"},"definition":{"value":"Hard Copy"}},{"code":{"value":"HD"},"definition":{"value":"Hemodynamic Waveform"}},{"code":{"value":"IO"},"definition":{"value":"Intra-oral Radiography"}},{"code":{"value":"IOL"},"definition":{"value":"Intraocular Lens Data"}},{"code":{"value":"IVOCT"},"definition":{"value":"Intravascular Optical Coherence Tomography"}},{"code":{"value":"IVUS"},"definition":{"value":"Intravascular Ultrasound"}},{"code":{"value":"KO"},"definition":{"value":"Key Object Selection"}},{"code":{"value":"KER"},"definition":{"value":"Keratometry"}},{"code":{"value":"LEN"},"definition":{"value":"Lensometry"}},{"code":{"value":"LS"},"definition":{"value":"Laser Surface Scan"}},{"code":{"value":"MG"},"definition":{"value":"Mammography"}},{"code":{"value":"MR"},"definition":{"value":"Magnetic Resonance"}},{"code":{"value":"NM"},"definition":{"value":"Nuclear Medicine"}},{"code":{"value":"OAM"},"definition":{"value":"Opthalmic Axial Measurements"}},{"code":{"value":"OCT"},"definition":{"value":"Optical Coherence Tomography"}},{"code":{"value":"OPM"},"definition":{"value":"Ophthalmic Mapping"}},{"code":{"value":"OPT"},"definition":{"value":"Opthalmic Tomography"}},{"code":{"value":"OPV"},"definition":{"value":"Ophthalmic Visual Field"}},{"code":{"value":"OT"},"definition":{"value":"Other"}},{"code":{"value":"PLAN"},"definition":{"value":"Plan"}},{"code":{"value":"PR"},"definition":{"value":"Presentation State"}},{"code":{"value":"PT"},"definition":{"value":"Positron Emission Tomography (PET)"}},{"code":{"value":"PX"},"definition":{"value":"Panoramic X-Ray"}},{"code":{"value":"REG"},"definition":{"value":"Registration"}},{"code":{"value":"RESP"},"definition":{"value":"Respiratory Waveform"}},{"code":{"value":"RF"},"definition":{"value":"Radio Fluoroscopy"}},{"code":{"value":"RG"},"definition":{"value":"Radiographic Imaging (conventional film screen)"}},{"code":{"value":"RTDOSE"},"definition":{"value":"Radiotherapy Dose"}},{"code":{"value":"RTIMAGE"},"definition":{"value":"Radiotherapy Image"}},{"code":{"value":"RTPLAN"},"definition":{"value":"Radiotherapy Plan (a.k.a. RTPLAN)"}},{"code":{"value":"RTRECORD"},"definition":{"value":"RT Treatment Record"}},{"code":{"value":"RTSTRUCT"},"definition":{"value":"Radiotherapy Structure Set (a.k.a. RTSTRUCT)"}},{"code":{"value":"SC"},"definition":{"value":"Secondary Capture"}},{"code":{"value":"SEG"},"definition":{"value":"Segmentation"}},{"code":{"value":"SM"},"definition":{"value":"Slide Microscopy"}},{"code":{"value":"SMR"},"definition":{"value":"Stereometric Relationship"}},{"code":{"value":"SR"},"definition":{"value":"SR Document"}},{"code":{"value":"SRF"},"definition":{"value":"Subjective Refraction"}},{"code":{"value":"TG"},"definition":{"value":"Thermography"}},{"code":{"value":"US"},"definition":{"value":"Ultrasound"}},{"code":{"value":"VA"},"definition":{"value":"Visual Acuity"}},{"code":{"value":"VL"},"definition":{"value":"Visible Light"}},{"code":{"value":"XA"},"definition":{"value":"X-Ray Angiography"}},{"code":{"value":"XC"},"definition":{"value":"External Camera (Photography)"}}]}}}