<?xml version="1.0" encoding="UTF-8"?>

<ValueSet xmlns="http://hl7.org/fhir">
  <text>
    <status value="generated"/>
    <div xmlns="http://www.w3.org/1999/xhtml">
      <h2>ImageModality</h2>
      <p>Type of the image capturing machinery</p>
      <p>This value set defines it&#39;s own terms in the system http://hl7.org/fhir/image-modality</p>
      <table>
        <tr>
          <td>
            <b>Code</b>
          </td>
          <td>
            <b>Display</b>
          </td>
          <td>
            <b>Definition</b>
          </td>
        </tr>
        <tr>
          <td>AR</td>
          <td/>
          <td>Autorefraction</td>
        </tr>
        <tr>
          <td>AU</td>
          <td/>
          <td>Audio</td>
        </tr>
        <tr>
          <td>BDUS</td>
          <td/>
          <td>Bone Densitometry (Ultrasound)</td>
        </tr>
        <tr>
          <td>BI</td>
          <td/>
          <td>Biomagnetic Imaging</td>
        </tr>
        <tr>
          <td>BMD</td>
          <td/>
          <td>Bone Densitometry (X-Ray)</td>
        </tr>
        <tr>
          <td>CR</td>
          <td/>
          <td>Computed Radiography</td>
        </tr>
        <tr>
          <td>CT</td>
          <td/>
          <td>Computed Tomography</td>
        </tr>
        <tr>
          <td>DG</td>
          <td/>
          <td>Diaphanography</td>
        </tr>
        <tr>
          <td>DIA</td>
          <td/>
          <td>Diagram / Hand drawn image</td>
        </tr>
        <tr>
          <td>DOC</td>
          <td/>
          <td>Document</td>
        </tr>
        <tr>
          <td>DX</td>
          <td/>
          <td>Digital Radiography</td>
        </tr>
        <tr>
          <td>ECG</td>
          <td/>
          <td>Electrocardiograms</td>
        </tr>
        <tr>
          <td>EM</td>
          <td/>
          <td>Electron Microscope</td>
        </tr>
        <tr>
          <td>EPS</td>
          <td/>
          <td>Cardiac Electrophysiology</td>
        </tr>
        <tr>
          <td>ES</td>
          <td/>
          <td>Endoscopy</td>
        </tr>
        <tr>
          <td>FID</td>
          <td/>
          <td>Fiducials</td>
        </tr>
        <tr>
          <td>GM</td>
          <td/>
          <td>General Microscopy</td>
        </tr>
        <tr>
          <td>HC</td>
          <td/>
          <td>Hard Copy</td>
        </tr>
        <tr>
          <td>HD</td>
          <td/>
          <td>Hemodynamic Waveform</td>
        </tr>
        <tr>
          <td>IO</td>
          <td/>
          <td>Intra-oral Radiography</td>
        </tr>
        <tr>
          <td>IOL</td>
          <td/>
          <td>Intraocular Lens Data</td>
        </tr>
        <tr>
          <td>IVOCT</td>
          <td/>
          <td>Intravascular Optical Coherence Tomography</td>
        </tr>
        <tr>
          <td>IVUS</td>
          <td/>
          <td>Intravascular Ultrasound</td>
        </tr>
        <tr>
          <td>KO</td>
          <td/>
          <td>Key Object Selection</td>
        </tr>
        <tr>
          <td>KER</td>
          <td/>
          <td>Keratometry</td>
        </tr>
        <tr>
          <td>LEN</td>
          <td/>
          <td>Lensometry</td>
        </tr>
        <tr>
          <td>LS</td>
          <td/>
          <td>Laser Surface Scan</td>
        </tr>
        <tr>
          <td>MG</td>
          <td/>
          <td>Mammography</td>
        </tr>
        <tr>
          <td>MR</td>
          <td/>
          <td>Magnetic Resonance</td>
        </tr>
        <tr>
          <td>NM</td>
          <td/>
          <td>Nuclear Medicine</td>
        </tr>
        <tr>
          <td>OAM</td>
          <td/>
          <td>Opthalmic Axial Measurements</td>
        </tr>
        <tr>
          <td>OCT</td>
          <td/>
          <td>Optical Coherence Tomography</td>
        </tr>
        <tr>
          <td>OPM</td>
          <td/>
          <td>Ophthalmic Mapping</td>
        </tr>
        <tr>
          <td>OPT</td>
          <td/>
          <td>Opthalmic Tomography</td>
        </tr>
        <tr>
          <td>OPV</td>
          <td/>
          <td>Ophthalmic Visual Field</td>
        </tr>
        <tr>
          <td>OT</td>
          <td/>
          <td>Other</td>
        </tr>
        <tr>
          <td>PLAN</td>
          <td/>
          <td>Plan</td>
        </tr>
        <tr>
          <td>PR</td>
          <td/>
          <td>Presentation State</td>
        </tr>
        <tr>
          <td>PT</td>
          <td/>
          <td>Positron Emission Tomography (PET)</td>
        </tr>
        <tr>
          <td>PX</td>
          <td/>
          <td>Panoramic X-Ray</td>
        </tr>
        <tr>
          <td>REG</td>
          <td/>
          <td>Registration</td>
        </tr>
        <tr>
          <td>RESP</td>
          <td/>
          <td>Respiratory Waveform</td>
        </tr>
        <tr>
          <td>RF</td>
          <td/>
          <td>Radio Fluoroscopy</td>
        </tr>
        <tr>
          <td>RG</td>
          <td/>
          <td>Radiographic Imaging (conventional film screen)</td>
        </tr>
        <tr>
          <td>RTDOSE</td>
          <td/>
          <td>Radiotherapy Dose</td>
        </tr>
        <tr>
          <td>RTIMAGE</td>
          <td/>
          <td>Radiotherapy Image</td>
        </tr>
        <tr>
          <td>RTPLAN</td>
          <td/>
          <td>Radiotherapy Plan (a.k.a. RTPLAN)</td>
        </tr>
        <tr>
          <td>RTRECORD</td>
          <td/>
          <td>RT Treatment Record</td>
        </tr>
        <tr>
          <td>RTSTRUCT</td>
          <td/>
          <td>Radiotherapy Structure Set (a.k.a. RTSTRUCT)</td>
        </tr>
        <tr>
          <td>SC</td>
          <td/>
          <td>Secondary Capture</td>
        </tr>
        <tr>
          <td>SEG</td>
          <td/>
          <td>Segmentation</td>
        </tr>
        <tr>
          <td>SM</td>
          <td/>
          <td>Slide Microscopy</td>
        </tr>
        <tr>
          <td>SMR</td>
          <td/>
          <td>Stereometric Relationship</td>
        </tr>
        <tr>
          <td>SR</td>
          <td/>
          <td>SR Document</td>
        </tr>
        <tr>
          <td>SRF</td>
          <td/>
          <td>Subjective Refraction</td>
        </tr>
        <tr>
          <td>TG</td>
          <td/>
          <td>Thermography</td>
        </tr>
        <tr>
          <td>US</td>
          <td/>
          <td>Ultrasound</td>
        </tr>
        <tr>
          <td>VA</td>
          <td/>
          <td>Visual Acuity</td>
        </tr>
        <tr>
          <td>VL</td>
          <td/>
          <td>Visible Light</td>
        </tr>
        <tr>
          <td>XA</td>
          <td/>
          <td>X-Ray Angiography</td>
        </tr>
        <tr>
          <td>XC</td>
          <td/>
          <td>External Camera (Photography)</td>
        </tr>
      </table>
    </div>
  </text>
  <identifier value="http://hl7.org/fhir/vs/image-modality"/>
  <name value="ImageModality"/>
  <publisher value="HL7 (FHIR Project)"/>
  <telecom>
    <system value="url"/>
    <value value="http://hl7.org/fhir"/>
  </telecom>
  <telecom>
    <system value="email"/>
    <value value="fhir@lists.hl7.org"/>
  </telecom>
  <description value="Type of the image capturing machinery"/>
  <status value="draft"/>
  <date value="2023-05-12T00:10:00"/>
  <define>
    <system value="http://hl7.org/fhir/image-modality"/>
    <concept>
      <code value="AR"/>
      <definition value="Autorefraction"/>
    </concept>
    <concept>
      <code value="AU"/>
      <definition value="Audio"/>
    </concept>
    <concept>
      <code value="BDUS"/>
      <definition value="Bone Densitometry (Ultrasound)"/>
    </concept>
    <concept>
      <code value="BI"/>
      <definition value="Biomagnetic Imaging"/>
    </concept>
    <concept>
      <code value="BMD"/>
      <definition value="Bone Densitometry (X-Ray)"/>
    </concept>
    <concept>
      <code value="CR"/>
      <definition value="Computed Radiography"/>
    </concept>
    <concept>
      <code value="CT"/>
      <definition value="Computed Tomography"/>
    </concept>
    <concept>
      <code value="DG"/>
      <definition value="Diaphanography"/>
    </concept>
    <concept>
      <code value="DIA"/>
      <definition value="Diagram / Hand drawn image"/>
    </concept>
    <concept>
      <code value="DOC"/>
      <definition value="Document"/>
    </concept>
    <concept>
      <code value="DX"/>
      <definition value="Digital Radiography"/>
    </concept>
    <concept>
      <code value="ECG"/>
      <definition value="Electrocardiograms"/>
    </concept>
    <concept>
      <code value="EM"/>
      <definition value="Electron Microscope"/>
    </concept>
    <concept>
      <code value="EPS"/>
      <definition value="Cardiac Electrophysiology"/>
    </concept>
    <concept>
      <code value="ES"/>
      <definition value="Endoscopy"/>
    </concept>
    <concept>
      <code value="FID"/>
      <definition value="Fiducials"/>
    </concept>
    <concept>
      <code value="GM"/>
      <definition value="General Microscopy"/>
    </concept>
    <concept>
      <code value="HC"/>
      <definition value="Hard Copy"/>
    </concept>
    <concept>
      <code value="HD"/>
      <definition value="Hemodynamic Waveform"/>
    </concept>
    <concept>
      <code value="IO"/>
      <definition value="Intra-oral Radiography"/>
    </concept>
    <concept>
      <code value="IOL"/>
      <definition value="Intraocular Lens Data"/>
    </concept>
    <concept>
      <code value="IVOCT"/>
      <definition value="Intravascular Optical Coherence Tomography"/>
    </concept>
    <concept>
      <code value="IVUS"/>
      <definition value="Intravascular Ultrasound"/>
    </concept>
    <concept>
      <code value="KO"/>
      <definition value="Key Object Selection"/>
    </concept>
    <concept>
      <code value="KER"/>
      <definition value="Keratometry"/>
    </concept>
    <concept>
      <code value="LEN"/>
      <definition value="Lensometry"/>
    </concept>
    <concept>
      <code value="LS"/>
      <definition value="Laser Surface Scan"/>
    </concept>
    <concept>
      <code value="MG"/>
      <definition value="Mammography"/>
    </concept>
    <concept>
      <code value="MR"/>
      <definition value="Magnetic Resonance"/>
    </concept>
    <concept>
      <code value="NM"/>
      <definition value="Nuclear Medicine"/>
    </concept>
    <concept>
      <code value="OAM"/>
      <definition value="Opthalmic Axial Measurements"/>
    </concept>
    <concept>
      <code value="OCT"/>
      <definition value="Optical Coherence Tomography"/>
    </concept>
    <concept>
      <code value="OPM"/>
      <definition value="Ophthalmic Mapping"/>
    </concept>
    <concept>
      <code value="OPT"/>
      <definition value="Opthalmic Tomography"/>
    </concept>
    <concept>
      <code value="OPV"/>
      <definition value="Ophthalmic Visual Field"/>
    </concept>
    <concept>
      <code value="OT"/>
      <definition value="Other"/>
    </concept>
    <concept>
      <code value="PLAN"/>
      <definition value="Plan"/>
    </concept>
    <concept>
      <code value="PR"/>
      <definition value="Presentation State"/>
    </concept>
    <concept>
      <code value="PT"/>
      <definition value="Positron Emission Tomography (PET)"/>
    </concept>
    <concept>
      <code value="PX"/>
      <definition value="Panoramic X-Ray"/>
    </concept>
    <concept>
      <code value="REG"/>
      <definition value="Registration"/>
    </concept>
    <concept>
      <code value="RESP"/>
      <definition value="Respiratory Waveform"/>
    </concept>
    <concept>
      <code value="RF"/>
      <definition value="Radio Fluoroscopy"/>
    </concept>
    <concept>
      <code value="RG"/>
      <definition value="Radiographic Imaging (conventional film screen)"/>
    </concept>
    <concept>
      <code value="RTDOSE"/>
      <definition value="Radiotherapy Dose"/>
    </concept>
    <concept>
      <code value="RTIMAGE"/>
      <definition value="Radiotherapy Image"/>
    </concept>
    <concept>
      <code value="RTPLAN"/>
      <definition value="Radiotherapy Plan (a.k.a. RTPLAN)"/>
    </concept>
    <concept>
      <code value="RTRECORD"/>
      <definition value="RT Treatment Record"/>
    </concept>
    <concept>
      <code value="RTSTRUCT"/>
      <definition value="Radiotherapy Structure Set (a.k.a. RTSTRUCT)"/>
    </concept>
    <concept>
      <code value="SC"/>
      <definition value="Secondary Capture"/>
    </concept>
    <concept>
      <code value="SEG"/>
      <definition value="Segmentation"/>
    </concept>
    <concept>
      <code value="SM"/>
      <definition value="Slide Microscopy"/>
    </concept>
    <concept>
      <code value="SMR"/>
      <definition value="Stereometric Relationship"/>
    </concept>
    <concept>
      <code value="SR"/>
      <definition value="SR Document"/>
    </concept>
    <concept>
      <code value="SRF"/>
      <definition value="Subjective Refraction"/>
    </concept>
    <concept>
      <code value="TG"/>
      <definition value="Thermography"/>
    </concept>
    <concept>
      <code value="US"/>
      <definition value="Ultrasound"/>
    </concept>
    <concept>
      <code value="VA"/>
      <definition value="Visual Acuity"/>
    </concept>
    <concept>
      <code value="VL"/>
      <definition value="Visible Light"/>
    </concept>
    <concept>
      <code value="XA"/>
      <definition value="X-Ray Angiography"/>
    </concept>
    <concept>
      <code value="XC"/>
      <definition value="External Camera (Photography)"/>
    </concept>
  </define>
</ValueSet>