<?xml version="1.0" encoding="UTF-8"?>

<Profile xmlns="http://hl7.org/fhir">
  <text>
    <status value="generated"/><div xmlns="http://www.w3.org/1999/xhtml"><pre>
&lt;<a title="Manifest of a set of images produced in study. The set of images may include every image in the study, or it may be an incomplete sample, such as a list of key images" class="dict" href="imagingstudy-definitions.htm#ImagingStudy"><b>ImagingStudy</b></a> xmlns=&quot;http://hl7.org/fhir&quot;&gt;
 &lt;<a title="Date and Time the study took place" class="dict" href="imagingstudy-definitions.htm#ImagingStudy.dateTime"><b>dateTime</b></a> value=&quot;[<span style="color: darkgreen"><a href="datatypes.htm#dateTime">dateTime</a></span>]&quot;/&gt;<span style="color: Gray">&lt;!--</span> <span style="color: brown"><b>0..1</b></span> <span style="color: navy">Shortname</span><span style="color: Gray"> --&gt;</span>
 &lt;<a title="Who the images are of" class="dict" href="imagingstudy-definitions.htm#ImagingStudy.subject"><b>subject</b></a>&gt;<span style="color: Gray">&lt;!--</span> <span style="color: brown"><b>1..1</b></span> <span style="color: darkgreen"><a href="resources.htm#Resource">Resource</a>(<a href="patient.htm#Patient">Patient</a>)</span> <span style="color: navy">Who the images are of</span><span style="color: Gray"> --&gt;</span>&lt;/subject&gt;
 &lt;<a title="Formal identifier for the study" class="dict" href="imagingstudy-definitions.htm#ImagingStudy.uid"><b>uid</b></a> value=&quot;[<span style="color: darkgreen"><a href="datatypes.htm#oid">oid</a></span>]&quot;/&gt;<span style="color: Gray">&lt;!--</span> <span style="color: brown"><b>1..1</b></span> <span style="color: navy">Formal identifier for the study (0020,000D)</span><span style="color: Gray"> --&gt;</span>
 &lt;<a title="Accession Number" class="dict" href="imagingstudy-definitions.htm#ImagingStudy.accessionNo"><b>accessionNo</b></a>&gt;<span style="color: Gray">&lt;!--</span> <span style="color: brown"><b>0..1</b></span> <span style="color: darkgreen"><a href="datatypes.htm#Identifier">Identifier</a></span> <span style="color: navy">Accession Number (0008,0050)</span><span style="color: Gray"> --&gt;</span>&lt;/accessionNo&gt;
 &lt;<a title="Other identifiers for the study" class="dict" href="imagingstudy-definitions.htm#ImagingStudy.identifier"><b>identifier</b></a>&gt;<span style="color: Gray">&lt;!--</span> <span style="color: brown"><b>0..*</b></span> <span style="color: darkgreen"><a href="datatypes.htm#Identifier">Identifier</a></span> <span style="color: navy">Other identifiers for the study (0020,0010)</span><span style="color: Gray"> --&gt;</span>&lt;/identifier&gt;
 &lt;<a title="The requesting/referring physician" class="dict" href="imagingstudy-definitions.htm#ImagingStudy.referrer"><b>referrer</b></a>&gt;<span style="color: Gray">&lt;!--</span> <span style="color: brown"><b>0..1</b></span> <span style="color: darkgreen"><a href="resources.htm#Resource">Resource</a>(<a href="practitioner.htm#Practitioner">Practitioner</a>)</span> <span style="color: navy">Referring physician (0008,0090)</span><span style="color: Gray"> --&gt;</span>&lt;/referrer&gt;
 &lt;<a title="Availability of study (online, offline or nearlnie)" class="dict" href="imagingstudy-definitions.htm#ImagingStudy.availability"><b>availability</b></a> value=&quot;[<span style="color: darkgreen"><a href="datatypes.htm#code">code</a></span>]&quot;/&gt;<span style="color: Gray">&lt;!--</span> <span style="color: brown"><b>0..1</b></span> <span style="color: navy"><a style="color: navy" href="instance-availability.htm">Instance Availability (0008,0056)</a></span><span style="color: Gray"> --&gt;</span>
 &lt;<a title="WADO-RS URI where Study is available" class="dict" href="imagingstudy-definitions.htm#ImagingStudy.url"><b>url</b></a> value=&quot;[<span style="color: darkgreen"><a href="datatypes.htm#uri">uri</a></span>]&quot;/&gt;<span style="color: Gray">&lt;!--</span> <span style="color: brown"><b>0..1</b></span> <span style="color: navy">Retrieve URI (0040,E010)</span><span style="color: Gray"> --&gt;</span>
 &lt;<a title="Number of Series in Study" class="dict" href="imagingstudy-definitions.htm#ImagingStudy.numberOfSeries"><b>numberOfSeries</b></a> value=&quot;[<span style="color: darkgreen"><a href="datatypes.htm#integer">integer</a></span>]&quot;/&gt;<span style="color: Gray">&lt;!--</span> <span style="color: brown"><b>1..1</b></span> <span style="color: navy">Number of Study Related Series (0020,1206)</span><span style="color: Gray"> --&gt;</span>
 &lt;<a title="Number of SOP Instances in Study" class="dict" href="imagingstudy-definitions.htm#ImagingStudy.numberOfInstances"><b>numberOfInstances</b></a> value=&quot;[<span style="color: darkgreen"><a href="datatypes.htm#integer">integer</a></span>]&quot;/&gt;<span style="color: Gray">&lt;!--</span> <span style="color: brown"><b>1..1</b></span> <span style="color: navy">Number of Study Related Instances (0020,1208)</span><span style="color: Gray"> --&gt;</span>
 &lt;<a title="Diagnoses etc provided with request" class="dict" href="imagingstudy-definitions.htm#ImagingStudy.clinicalInformation"><b>clinicalInformation</b></a> value=&quot;[<span style="color: darkgreen"><a href="datatypes.htm#string">string</a></span>]&quot;/&gt;<span style="color: Gray">&lt;!--</span> <span style="color: brown"><b>0..1</b></span> <span style="color: navy">Diagnoses etc with request (0008,1080)</span><span style="color: Gray"> --&gt;</span>
 &lt;<a title="Type of procedure performed" class="dict" href="imagingstudy-definitions.htm#ImagingStudy.procedure"><b>procedure</b></a>&gt;<span style="color: Gray">&lt;!--</span> <span style="color: brown"><b>0..*</b></span> <span style="color: darkgreen"><a href="datatypes.htm#Coding">Coding</a></span> <span style="color: navy">Type of procedure performed (0008,1032)</span><span style="color: Gray"> --&gt;</span>&lt;/procedure&gt;
 &lt;<a title="Who read study and interpreted the images" class="dict" href="imagingstudy-definitions.htm#ImagingStudy.interpreter"><b>interpreter</b></a>&gt;<span style="color: Gray">&lt;!--</span> <span style="color: brown"><b>0..1</b></span> <span style="color: darkgreen"><a href="resources.htm#Resource">Resource</a>(<a href="practitioner.htm#Practitioner">Practitioner</a>)</span> <span style="color: navy">Who interpreted images (0008,1060)</span><span style="color: Gray"> --&gt;</span>&lt;/interpreter&gt;
 &lt;<a title="Institution-generated description or classification of the Study (component) performed" class="dict" href="imagingstudy-definitions.htm#ImagingStudy.description"><b>description</b></a> value=&quot;[<span style="color: darkgreen"><a href="datatypes.htm#string">string</a></span>]&quot;/&gt;<span style="color: Gray">&lt;!--</span> <span style="color: brown"><b>0..1</b></span> <span style="color: navy">Institution-generated description (0008,1030)</span><span style="color: Gray"> --&gt;</span>
 &lt;<a title="Each study has one or more series of image instances" class="dict" href="imagingstudy-definitions.htm#ImagingStudy.series"><b>series</b></a>&gt;  <span style="color: Gray">&lt;!-- <span style="color: brown"><b>0..*</b></span> Each study has one or more series of instances --&gt;</span>
  &lt;<a title="The number of this series in the overall sequence" class="dict" href="imagingstudy-definitions.htm#ImagingStudy.series.number"><b>number</b></a> value=&quot;[<span style="color: darkgreen"><a href="datatypes.htm#integer">integer</a></span>]&quot;/&gt;<span style="color: Gray">&lt;!--</span> <span style="color: brown"><b>0..1</b></span> <span style="color: navy">Number of this series in overall sequence (0020,0011)</span><span style="color: Gray"> --&gt;</span>
  &lt;<a title="The modality of this sequence" class="dict" href="imagingstudy-definitions.htm#ImagingStudy.series.modality"><b>modality</b></a> value=&quot;[<span style="color: darkgreen"><a href="datatypes.htm#code">code</a></span>]&quot;/&gt;<span style="color: Gray">&lt;!--</span> <span style="color: brown"><b>1..1</b></span> <span style="color: navy"><a style="color: navy" href="image-modality.htm">The modality of this sequence (0008,0060)</a></span><span style="color: Gray"> --&gt;</span>
  &lt;<a title="Formal identifier for this series" class="dict" href="imagingstudy-definitions.htm#ImagingStudy.series.uid"><b>uid</b></a> value=&quot;[<span style="color: darkgreen"><a href="datatypes.htm#oid">oid</a></span>]&quot;/&gt;<span style="color: Gray">&lt;!--</span> <span style="color: brown"><b>1..1</b></span> <span style="color: navy">Formal identifier for this series (0020,000E)</span><span style="color: Gray"> --&gt;</span>
  &lt;<a title="A description of the series" class="dict" href="imagingstudy-definitions.htm#ImagingStudy.series.description"><b>description</b></a> value=&quot;[<span style="color: darkgreen"><a href="datatypes.htm#string">string</a></span>]&quot;/&gt;<span style="color: Gray">&lt;!--</span> <span style="color: brown"><b>0..1</b></span> <span style="color: navy">A description of the series (0008,103E)</span><span style="color: Gray"> --&gt;</span>
  &lt;<a title="Sequence that contains attributes from the" class="dict" href="imagingstudy-definitions.htm#ImagingStudy.series.numberOfInstances"><b>numberOfInstances</b></a> value=&quot;[<span style="color: darkgreen"><a href="datatypes.htm#integer">integer</a></span>]&quot;/&gt;<span style="color: Gray">&lt;!--</span> <span style="color: brown"><b>1..1</b></span> <span style="color: navy">Number of Series Related Instances (0020,1209)</span><span style="color: Gray"> --&gt;</span>
  &lt;<a title="Availability of series (online, offline or nearlnie)" class="dict" href="imagingstudy-definitions.htm#ImagingStudy.series.availability"><b>availability</b></a> value=&quot;[<span style="color: darkgreen"><a href="datatypes.htm#code">code</a></span>]&quot;/&gt;<span style="color: Gray">&lt;!--</span> <span style="color: brown"><b>0..1</b></span> <span style="color: navy"><a style="color: navy" href="instance-availability.htm">Instance Availability (0008,0056)</a></span><span style="color: Gray"> --&gt;</span>
  &lt;<a title="WADO-RS URI where Series is available" class="dict" href="imagingstudy-definitions.htm#ImagingStudy.series.url"><b>url</b></a> value=&quot;[<span style="color: darkgreen"><a href="datatypes.htm#uri">uri</a></span>]&quot;/&gt;<span style="color: Gray">&lt;!--</span> <span style="color: brown"><b>0..1</b></span> <span style="color: navy">Retrieve URI (0040,E010)</span><span style="color: Gray"> --&gt;</span>
  &lt;<a title="WADO-RS URI where Series is available" class="dict" href="imagingstudy-definitions.htm#ImagingStudy.series.locationUID"><b>locationUID</b></a> value=&quot;[<span style="color: darkgreen"><a href="datatypes.htm#oid">oid</a></span>]&quot;/&gt;<span style="color: Gray">&lt;!--</span> <span style="color: brown"><b>0..1</b></span> <span style="color: navy">Retrieve Location UID (0040,E011)</span><span style="color: Gray"> --&gt;</span>
  &lt;<a title="Body part examined" class="dict" href="imagingstudy-definitions.htm#ImagingStudy.series.bodySite"><b>bodySite</b></a>&gt;<span style="color: Gray">&lt;!--</span> <span style="color: brown"><b>0..1</b></span> <span style="color: darkgreen"><a href="datatypes.htm#Coding">Coding</a></span> <span style="color: navy">Body part examined (0018,0015)</span><span style="color: Gray"> --&gt;</span>&lt;/bodySite&gt;
  &lt;<a title="When the series started" class="dict" href="imagingstudy-definitions.htm#ImagingStudy.series.dateTime"><b>dateTime</b></a> value=&quot;[<span style="color: darkgreen"><a href="datatypes.htm#dateTime">dateTime</a></span>]&quot;/&gt;<span style="color: Gray">&lt;!--</span> <span style="color: brown"><b>0..1</b></span> <span style="color: navy">When the series started</span><span style="color: Gray"> --&gt;</span>
  &lt;<a title="A single image taken from a patient" class="dict" href="imagingstudy-definitions.htm#ImagingStudy.series.instance"><b>instance</b></a>&gt;  <span style="color: Gray">&lt;!-- <span style="color: brown"><b>1..*</b></span> A single instance taken from a patient (image or other) --&gt;</span>
   &lt;<a title="The number of this image in the series" class="dict" href="imagingstudy-definitions.htm#ImagingStudy.series.instance.number"><b>number</b></a> value=&quot;[<span style="color: darkgreen"><a href="datatypes.htm#integer">integer</a></span>]&quot;/&gt;<span style="color: Gray">&lt;!--</span> <span style="color: brown"><b>0..1</b></span> <span style="color: navy">The number of this instance in the series (0020,0013)</span><span style="color: Gray"> --&gt;</span>
   &lt;<a title="Formal identifier for this image" class="dict" href="imagingstudy-definitions.htm#ImagingStudy.series.instance.uid"><b>uid</b></a> value=&quot;[<span style="color: darkgreen"><a href="datatypes.htm#oid">oid</a></span>]&quot;/&gt;<span style="color: Gray">&lt;!--</span> <span style="color: brown"><b>1..1</b></span> <span style="color: navy">Formal identifier for this instance (0008,0018)</span><span style="color: Gray"> --&gt;</span>
   &lt;<a title="DICOM Image type" class="dict" href="imagingstudy-definitions.htm#ImagingStudy.series.instance.sopclass"><b>sopclass</b></a> value=&quot;[<span style="color: darkgreen"><a href="datatypes.htm#oid">oid</a></span>]&quot;/&gt;<span style="color: Gray">&lt;!--</span> <span style="color: brown"><b>1..1</b></span> <span style="color: navy">DICOM class type (0008,0016)</span><span style="color: Gray"> --&gt;</span>
   &lt;<a title="Type of instance (0004,1430)" class="dict" href="imagingstudy-definitions.htm#ImagingStudy.series.instance.type"><b>type</b></a> value=&quot;[<span style="color: darkgreen"><a href="datatypes.htm#string">string</a></span>]&quot;/&gt;<span style="color: Gray">&lt;!--</span> <span style="color: brown"><b>0..1</b></span> <span style="color: navy">Type of instance (0004,1430)</span><span style="color: Gray"> --&gt;</span>
   &lt;<a title="Description to be provided" class="dict" href="imagingstudy-definitions.htm#ImagingStudy.series.instance.title"><b>title</b></a> value=&quot;[<span style="color: darkgreen"><a href="datatypes.htm#string">string</a></span>]&quot;/&gt;<span style="color: Gray">&lt;!--</span> <span style="color: brown"><b>0..1</b></span> <span style="color: navy">Description to be provided</span><span style="color: Gray"> --&gt;</span>
   &lt;<a title="Availability of instance (online, offline or nearlnie)" class="dict" href="imagingstudy-definitions.htm#ImagingStudy.series.instance.availability"><b>availability</b></a> value=&quot;[<span style="color: darkgreen"><a href="datatypes.htm#code">code</a></span>]&quot;/&gt;<span style="color: Gray">&lt;!--</span> <span style="color: brown"><b>0..1</b></span> <span style="color: navy"><a style="color: navy" href="instance-availability.htm">Instance Availability (0008,0056)</a></span><span style="color: Gray"> --&gt;</span>
   &lt;<a title="When this image was taken" class="dict" href="imagingstudy-definitions.htm#ImagingStudy.series.instance.dateTime"><b>dateTime</b></a> value=&quot;[<span style="color: darkgreen"><a href="datatypes.htm#dateTime">dateTime</a></span>]&quot;/&gt;<span style="color: Gray">&lt;!--</span> <span style="color: brown"><b>0..1</b></span> <span style="color: navy">When this image was taken</span><span style="color: Gray"> --&gt;</span>
   &lt;<a title="When instance is an image" class="dict" href="imagingstudy-definitions.htm#ImagingStudy.series.instance.image"><b>image</b></a>&gt;  <span style="color: Gray">&lt;!-- <span style="color: brown"><b>0..1</b></span> When instance is an image --&gt;</span>
    &lt;<a title="Rows (0028,0010)" class="dict" href="imagingstudy-definitions.htm#ImagingStudy.series.instance.image.rows"><b>rows</b></a> value=&quot;[<span style="color: darkgreen"><a href="datatypes.htm#integer">integer</a></span>]&quot;/&gt;<span style="color: Gray">&lt;!--</span> <span style="color: brown"><b>0..1</b></span> <span style="color: navy">Rows (0028,0010)</span><span style="color: Gray"> --&gt;</span>
    &lt;<a title="Columns (0028,0011)" class="dict" href="imagingstudy-definitions.htm#ImagingStudy.series.instance.image.columns"><b>columns</b></a> value=&quot;[<span style="color: darkgreen"><a href="datatypes.htm#integer">integer</a></span>]&quot;/&gt;<span style="color: Gray">&lt;!--</span> <span style="color: brown"><b>0..1</b></span> <span style="color: navy">Columns (0028,0011)</span><span style="color: Gray"> --&gt;</span>
    &lt;<a title="Bits Allocated (0028,0100)" class="dict" href="imagingstudy-definitions.htm#ImagingStudy.series.instance.image.bitsAllocated"><b>bitsAllocated</b></a> value=&quot;[<span style="color: darkgreen"><a href="datatypes.htm#integer">integer</a></span>]&quot;/&gt;<span style="color: Gray">&lt;!--</span> <span style="color: brown"><b>0..1</b></span> <span style="color: navy">Bits Allocated (0028,0100)</span><span style="color: Gray"> --&gt;</span>
    &lt;<a title="Number of Frames (0028,0008)" class="dict" href="imagingstudy-definitions.htm#ImagingStudy.series.instance.image.numberOfFrames"><b>numberOfFrames</b></a> value=&quot;[<span style="color: darkgreen"><a href="datatypes.htm#integer">integer</a></span>]&quot;/&gt;<span style="color: Gray">&lt;!--</span> <span style="color: brown"><b>0..1</b></span> <span style="color: navy">Number of Frames (0028,0008)</span><span style="color: Gray"> --&gt;</span>
   &lt;/image&gt;
   &lt;<a title="WADO url where image is available" class="dict" href="imagingstudy-definitions.htm#ImagingStudy.series.instance.url"><b>url</b></a> value=&quot;[<span style="color: darkgreen"><a href="datatypes.htm#uri">uri</a></span>]&quot;/&gt;<span style="color: Gray">&lt;!--</span> <span style="color: brown"><b>0..1</b></span> <span style="color: navy">WADO / WADO-RS service where instance is available</span><span style="color: Gray"> --&gt;</span>
   &lt;<a title="A FHIR resource with content for this instance" class="dict" href="imagingstudy-definitions.htm#ImagingStudy.series.instance.attachment"><b>attachment</b></a>&gt;<span style="color: Gray">&lt;!--</span> <span style="color: brown"><b>0..1</b></span> <span style="color: darkgreen"><a href="resources.htm#Resource">Resource</a>(<a href="resources.htm">Any</a>)</span> <span style="color: navy">A FHIR resource with content for this instance</span><span style="color: Gray"> --&gt;</span>&lt;/attachment&gt;
  &lt;/instance&gt;
 &lt;/series&gt;
&lt;/ImagingStudy&gt;
</pre></div>
  </text>
  <name value="imagingstudy"/>
  <publisher value="todo (committee)"/>
  <description value="Basic Profile. Manifest of a set of images produced in study. The set of images may include every image in the study, or it may be an incomplete sample, such as a list of key images"/>
  <status>
    <code value="testing"/>
    <date value="2013-06-08"/>
  </status>
  <structure>
    <type value="ImagingStudy"/>
    <element>
      <path value="ImagingStudy"/>
      <definition>
        <short value="Manifest of a set of images produced in study"/>
        <formal value="Manifest of a set of images produced in study. The set of images may include every image in the study, or it may be an incomplete sample, such as a list of key images"/>
        <min value="1"/>
        <max value="1"/>
        <type>
          <code value="Resource"/>
        </type>
        <mustUnderstand value="false"/>
      </definition>
    </element>
    <element>
      <path value="ImagingStudy.extension"/>
      <definition>
        <short value="Additional Content defined by implementations"/>
        <formal value="May be used to represent additional information that is not part of the basic definition of the resource. In order to make the use of extensions safe and manageable, there is a strict governance applied to the definition and use of extensions. Though any implementer is allowed to define an extension, there is a set of requirements that must be met as part of the definition of the extension"/>
        <comments value="there can be no stigma
associated with the use of extensions by any application, project, or standard - regardless of the institution or jurisdiction that uses or defines the extensions.  The use of extensions is what allows the FHIR specification to retain a core simplicity for everyone"/>
        <synonym value="extensions"/>
        <synonym value="user content"/>
        <min value="0"/>
        <max value="*"/>
        <type>
          <code value="Extension"/>
        </type>
      </definition>
    </element>
    <element>
      <path value="ImagingStudy.text"/>
      <definition>
        <short value="Text summary of the resource, for human interpretation"/>
        <formal value="A human readable narrative that contains a summary of the resource, and may be used to represent the content of the resource to a human. The narrative need not encode all the structured data, but is required to contain sufficient detail to make it &quot;clinically safe&quot; for a human to just read the narrative. Resource definitions may define what content should be represented in the narrative to ensure clinical safety"/>
        <comments value="Contained resources do not have narrative. Resources that are not contained SHOULD have a narrative"/>
        <synonym value="narrative"/>
        <synonym value="html"/>
        <synonym value="xhtml"/>
        <synonym value="display"/>
        <min value="0"/>
        <max value="1"/>
        <type>
          <code value="Narrative"/>
        </type>
      </definition>
    </element>
    <element>
      <path value="ImagingStudy.contained"/>
      <definition>
        <short value="Contained, inline Resources"/>
        <formal value="These resources do not have an independent existence apart from the resource that contains them - they cannot be identified independently, and nor can they have their own independent transaction scope"/>
        <comments value="This should never be done when the content can be identified properly, as once identification is lost, it is extremely difficult (and context dependent) to restore it again"/>
        <synonym value="inline resources"/>
        <synonym value="anonymous resources"/>
        <synonym value="contained resources"/>
        <min value="0"/>
        <max value="*"/>
        <type>
          <code value="Resource"/>
        </type>
      </definition>
    </element>
    <element>
      <path value="ImagingStudy.dateTime"/>
      <definition>
        <short value="Shortname"/>
        <formal value="Date and Time the study took place"/>
        <min value="0"/>
        <max value="1"/>
        <type>
          <code value="dateTime"/>
        </type>
        <mustUnderstand value="false"/>
      </definition>
    </element>
    <element>
      <path value="ImagingStudy.subject"/>
      <definition>
        <short value="Who the images are of"/>
        <formal value="Who the images are of"/>
        <min value="1"/>
        <max value="1"/>
        <type>
          <code value="Resource(Patient)"/>
        </type>
        <mustUnderstand value="false"/>
      </definition>
    </element>
    <element>
      <path value="ImagingStudy.uid"/>
      <definition>
        <short value="Formal identifier for the study (0020,000D)"/>
        <formal value="Formal identifier for the study"/>
        <min value="1"/>
        <max value="1"/>
        <type>
          <code value="oid"/>
        </type>
        <mustUnderstand value="false"/>
      </definition>
    </element>
    <element>
      <path value="ImagingStudy.accessionNo"/>
      <definition>
        <short value="Accession Number (0008,0050)"/>
        <formal value="Accession Number"/>
        <min value="0"/>
        <max value="1"/>
        <type>
          <code value="Identifier"/>
        </type>
        <mustUnderstand value="false"/>
      </definition>
    </element>
    <element>
      <path value="ImagingStudy.identifier"/>
      <definition>
        <short value="Other identifiers for the study (0020,0010)"/>
        <formal value="Other identifiers for the study"/>
        <min value="0"/>
        <max value="*"/>
        <type>
          <code value="Identifier"/>
        </type>
        <mustUnderstand value="false"/>
      </definition>
    </element>
    <element>
      <path value="ImagingStudy.referrer"/>
      <definition>
        <short value="Referring physician (0008,0090)"/>
        <formal value="The requesting/referring physician"/>
        <min value="0"/>
        <max value="1"/>
        <type>
          <code value="Resource(Practitioner)"/>
        </type>
        <mustUnderstand value="false"/>
      </definition>
    </element>
    <element>
      <path value="ImagingStudy.availability"/>
      <definition>
        <short value="Instance Availability (0008,0056)"/>
        <formal value="Availability of study (online, offline or nearlnie)"/>
        <min value="0"/>
        <max value="1"/>
        <type>
          <code value="code"/>
        </type>
        <mustUnderstand value="false"/>
        <binding value="InstanceAvailability"/>
      </definition>
    </element>
    <element>
      <path value="ImagingStudy.url"/>
      <definition>
        <short value="Retrieve URI (0040,E010)"/>
        <formal value="WADO-RS URI where Study is available"/>
        <min value="0"/>
        <max value="1"/>
        <type>
          <code value="uri"/>
        </type>
        <mustUnderstand value="false"/>
      </definition>
    </element>
    <element>
      <path value="ImagingStudy.numberOfSeries"/>
      <definition>
        <short value="Number of Study Related Series (0020,1206)"/>
        <formal value="Number of Series in Study"/>
        <min value="1"/>
        <max value="1"/>
        <type>
          <code value="integer"/>
        </type>
        <mustUnderstand value="false"/>
      </definition>
    </element>
    <element>
      <path value="ImagingStudy.numberOfInstances"/>
      <definition>
        <short value="Number of Study Related Instances (0020,1208)"/>
        <formal value="Number of SOP Instances in Study"/>
        <min value="1"/>
        <max value="1"/>
        <type>
          <code value="integer"/>
        </type>
        <mustUnderstand value="false"/>
      </definition>
    </element>
    <element>
      <path value="ImagingStudy.clinicalInformation"/>
      <definition>
        <short value="Diagnoses etc with request (0008,1080)"/>
        <formal value="Diagnoses etc provided with request"/>
        <min value="0"/>
        <max value="1"/>
        <type>
          <code value="string"/>
        </type>
        <mustUnderstand value="false"/>
      </definition>
    </element>
    <element>
      <path value="ImagingStudy.procedure"/>
      <definition>
        <short value="Type of procedure performed (0008,1032)"/>
        <formal value="Type of procedure performed"/>
        <min value="0"/>
        <max value="*"/>
        <type>
          <code value="Coding"/>
        </type>
        <mustUnderstand value="false"/>
      </definition>
    </element>
    <element>
      <path value="ImagingStudy.interpreter"/>
      <definition>
        <short value="Who interpreted images (0008,1060)"/>
        <formal value="Who read study and interpreted the images"/>
        <comments value="or is this 4008,010C?"/>
        <min value="0"/>
        <max value="1"/>
        <type>
          <code value="Resource(Practitioner)"/>
        </type>
        <mustUnderstand value="false"/>
      </definition>
    </element>
    <element>
      <path value="ImagingStudy.description"/>
      <definition>
        <short value="Institution-generated description (0008,1030)"/>
        <formal value="Institution-generated description or classification of the Study (component) performed"/>
        <min value="0"/>
        <max value="1"/>
        <type>
          <code value="string"/>
        </type>
        <mustUnderstand value="false"/>
      </definition>
    </element>
    <element>
      <path value="ImagingStudy.series"/>
      <definition>
        <short value="Each study has one or more series of instances"/>
        <formal value="Each study has one or more series of image instances"/>
        <min value="0"/>
        <max value="*"/>
        <mustUnderstand value="false"/>
      </definition>
    </element>
    <element>
      <path value="ImagingStudy.series.number"/>
      <definition>
        <short value="Number of this series in overall sequence (0020,0011)"/>
        <formal value="The number of this series in the overall sequence"/>
        <min value="0"/>
        <max value="1"/>
        <type>
          <code value="integer"/>
        </type>
        <mustUnderstand value="false"/>
      </definition>
    </element>
    <element>
      <path value="ImagingStudy.series.modality"/>
      <definition>
        <short value="The modality of this sequence (0008,0060)"/>
        <formal value="The modality of this sequence"/>
        <min value="1"/>
        <max value="1"/>
        <type>
          <code value="code"/>
        </type>
        <mustUnderstand value="false"/>
        <binding value="ImageModality"/>
      </definition>
    </element>
    <element>
      <path value="ImagingStudy.series.uid"/>
      <definition>
        <short value="Formal identifier for this series (0020,000E)"/>
        <formal value="Formal identifier for this series"/>
        <min value="1"/>
        <max value="1"/>
        <type>
          <code value="oid"/>
        </type>
        <mustUnderstand value="false"/>
      </definition>
    </element>
    <element>
      <path value="ImagingStudy.series.description"/>
      <definition>
        <short value="A description of the series (0008,103E)"/>
        <formal value="A description of the series"/>
        <min value="0"/>
        <max value="1"/>
        <type>
          <code value="string"/>
        </type>
        <mustUnderstand value="false"/>
      </definition>
    </element>
    <element>
      <path value="ImagingStudy.series.numberOfInstances"/>
      <definition>
        <short value="Number of Series Related Instances (0020,1209)"/>
        <formal value="Sequence that contains attributes from the"/>
        <min value="1"/>
        <max value="1"/>
        <type>
          <code value="integer"/>
        </type>
        <mustUnderstand value="false"/>
      </definition>
    </element>
    <element>
      <path value="ImagingStudy.series.availability"/>
      <definition>
        <short value="Instance Availability (0008,0056)"/>
        <formal value="Availability of series (online, offline or nearlnie)"/>
        <min value="0"/>
        <max value="1"/>
        <type>
          <code value="code"/>
        </type>
        <mustUnderstand value="false"/>
        <binding value="InstanceAvailability"/>
      </definition>
    </element>
    <element>
      <path value="ImagingStudy.series.url"/>
      <definition>
        <short value="Retrieve URI (0040,E010)"/>
        <formal value="WADO-RS URI where Series is available"/>
        <min value="0"/>
        <max value="1"/>
        <type>
          <code value="uri"/>
        </type>
        <mustUnderstand value="false"/>
      </definition>
    </element>
    <element>
      <path value="ImagingStudy.series.locationUID"/>
      <definition>
        <short value="Retrieve Location UID (0040,E011)"/>
        <formal value="WADO-RS URI where Series is available"/>
        <min value="0"/>
        <max value="1"/>
        <type>
          <code value="oid"/>
        </type>
        <mustUnderstand value="false"/>
      </definition>
    </element>
    <element>
      <path value="ImagingStudy.series.bodySite"/>
      <definition>
        <short value="Body part examined (0018,0015)"/>
        <formal value="Body part examined"/>
        <min value="0"/>
        <max value="1"/>
        <type>
          <code value="Coding"/>
        </type>
        <mustUnderstand value="false"/>
        <binding value="ObservationBodySite"/>
      </definition>
    </element>
    <element>
      <path value="ImagingStudy.series.dateTime"/>
      <definition>
        <short value="When the series started"/>
        <formal value="When the series started"/>
        <min value="0"/>
        <max value="1"/>
        <type>
          <code value="dateTime"/>
        </type>
        <mustUnderstand value="false"/>
      </definition>
    </element>
    <element>
      <path value="ImagingStudy.series.instance"/>
      <definition>
        <short value="A single instance taken from a patient (image or other)"/>
        <formal value="A single image taken from a patient"/>
        <min value="1"/>
        <max value="*"/>
        <mustUnderstand value="false"/>
      </definition>
    </element>
    <element>
      <path value="ImagingStudy.series.instance.number"/>
      <definition>
        <short value="The number of this instance in the series (0020,0013)"/>
        <formal value="The number of this image in the series"/>
        <min value="0"/>
        <max value="1"/>
        <type>
          <code value="integer"/>
        </type>
        <mustUnderstand value="false"/>
      </definition>
    </element>
    <element>
      <path value="ImagingStudy.series.instance.uid"/>
      <definition>
        <short value="Formal identifier for this instance (0008,0018)"/>
        <formal value="Formal identifier for this image"/>
        <min value="1"/>
        <max value="1"/>
        <type>
          <code value="oid"/>
        </type>
        <mustUnderstand value="false"/>
      </definition>
    </element>
    <element>
      <path value="ImagingStudy.series.instance.sopclass"/>
      <definition>
        <short value="DICOM class type (0008,0016)"/>
        <formal value="DICOM Image type"/>
        <min value="1"/>
        <max value="1"/>
        <type>
          <code value="oid"/>
        </type>
        <mustUnderstand value="false"/>
      </definition>
    </element>
    <element>
      <path value="ImagingStudy.series.instance.type"/>
      <definition>
        <short value="Type of instance (0004,1430)"/>
        <formal value="Type of instance (0004,1430)"/>
        <min value="0"/>
        <max value="1"/>
        <type>
          <code value="string"/>
        </type>
        <mustUnderstand value="false"/>
      </definition>
    </element>
    <element>
      <path value="ImagingStudy.series.instance.title"/>
      <definition>
        <short value="Description to be provided"/>
        <formal value="Description to be provided"/>
        <min value="0"/>
        <max value="1"/>
        <type>
          <code value="string"/>
        </type>
        <mustUnderstand value="false"/>
      </definition>
    </element>
    <element>
      <path value="ImagingStudy.series.instance.availability"/>
      <definition>
        <short value="Instance Availability (0008,0056)"/>
        <formal value="Availability of instance (online, offline or nearlnie)"/>
        <min value="0"/>
        <max value="1"/>
        <type>
          <code value="code"/>
        </type>
        <mustUnderstand value="false"/>
        <binding value="InstanceAvailability"/>
      </definition>
    </element>
    <element>
      <path value="ImagingStudy.series.instance.dateTime"/>
      <definition>
        <short value="When this image was taken"/>
        <formal value="When this image was taken"/>
        <min value="0"/>
        <max value="1"/>
        <type>
          <code value="dateTime"/>
        </type>
        <mustUnderstand value="false"/>
      </definition>
    </element>
    <element>
      <path value="ImagingStudy.series.instance.image"/>
      <definition>
        <short value="When instance is an image"/>
        <formal value="When instance is an image"/>
        <min value="0"/>
        <max value="1"/>
        <mustUnderstand value="false"/>
      </definition>
    </element>
    <element>
      <path value="ImagingStudy.series.instance.image.rows"/>
      <definition>
        <short value="Rows (0028,0010)"/>
        <formal value="Rows (0028,0010)"/>
        <min value="0"/>
        <max value="1"/>
        <type>
          <code value="integer"/>
        </type>
        <mustUnderstand value="false"/>
      </definition>
    </element>
    <element>
      <path value="ImagingStudy.series.instance.image.columns"/>
      <definition>
        <short value="Columns (0028,0011)"/>
        <formal value="Columns (0028,0011)"/>
        <min value="0"/>
        <max value="1"/>
        <type>
          <code value="integer"/>
        </type>
        <mustUnderstand value="false"/>
      </definition>
    </element>
    <element>
      <path value="ImagingStudy.series.instance.image.bitsAllocated"/>
      <definition>
        <short value="Bits Allocated (0028,0100)"/>
        <formal value="Bits Allocated (0028,0100)"/>
        <min value="0"/>
        <max value="1"/>
        <type>
          <code value="integer"/>
        </type>
        <mustUnderstand value="false"/>
      </definition>
    </element>
    <element>
      <path value="ImagingStudy.series.instance.image.numberOfFrames"/>
      <definition>
        <short value="Number of Frames (0028,0008)"/>
        <formal value="Number of Frames (0028,0008)"/>
        <min value="0"/>
        <max value="1"/>
        <type>
          <code value="integer"/>
        </type>
        <mustUnderstand value="false"/>
      </definition>
    </element>
    <element>
      <path value="ImagingStudy.series.instance.url"/>
      <definition>
        <short value="WADO / WADO-RS service where instance is available"/>
        <formal value="WADO url where image is available"/>
        <min value="0"/>
        <max value="1"/>
        <type>
          <code value="uri"/>
        </type>
        <mustUnderstand value="false"/>
      </definition>
    </element>
    <element>
      <path value="ImagingStudy.series.instance.attachment"/>
      <definition>
        <short value="A FHIR resource with content for this instance"/>
        <formal value="A FHIR resource with content for this instance"/>
        <min value="0"/>
        <max value="1"/>
        <type>
          <code value="Resource(Any)"/>
        </type>
        <mustUnderstand value="false"/>
      </definition>
    </element>
    <searchParam>
      <name value="uid"/>
      <type value="token"/>
      <documentation value="Formal identifier for this instance (0008,0018)"/>
    </searchParam>
    <searchParam>
      <name value="series"/>
      <type value="token"/>
      <documentation value="the series id for the image"/>
    </searchParam>
    <searchParam>
      <name value="_id"/>
      <type value="token"/>
      <documentation value="The logical resource id associated with the resource (must be supported by all servers)"/>
    </searchParam>
    <searchParam>
      <name value="bodysite"/>
      <type value="token"/>
      <documentation value="Body part examined (0018,0015)"/>
    </searchParam>
    <searchParam>
      <name value="dicomClass"/>
      <type value="token"/>
      <documentation value="DICOM class type (0008,0016)"/>
    </searchParam>
    <searchParam>
      <name value="subject"/>
      <type value="reference"/>
      <documentation value="Who the study is about"/>
    </searchParam>
    <searchParam>
      <name value="accession"/>
      <type value="token"/>
      <documentation value="the accession id for the image"/>
    </searchParam>
    <searchParam>
      <name value="study"/>
      <type value="token"/>
      <documentation value="the study id for the image"/>
    </searchParam>
    <searchParam>
      <name value="modality"/>
      <type value="token"/>
      <documentation value="the modality of the image"/>
    </searchParam>
    <searchParam>
      <name value="date"/>
      <type value="date"/>
      <documentation value="the date the study was done was taken"/>
    </searchParam>
    <searchParam>
      <name value="size"/>
      <type value="integer"/>
      <documentation value="the size of the image in MB - may include &gt; or &lt; in the value"/>
    </searchParam>
  </structure>
  <binding>
    <name value="ObservationBodySite"/>
    <definition value="Codes for human and animal body sites"/>
    <type value="valueset"/>
    <isExtensible value="true"/>
    <conformance value="preferred"/>
  </binding>
  <binding>
    <name value="InstanceAvailability"/>
    <definition value="Availability of the resource"/>
    <type value="codelist"/>
    <conformance value="required"/>
    <referenceResource>
      <type value="ValueSet"/>
      <reference value="http://hl7.org/fhir/valueset/instance-availability"/>
    </referenceResource>
  </binding>
  <binding>
    <name value="ImageModality"/>
    <definition value="Type of the image capturing machinery"/>
    <type value="codelist"/>
    <conformance value="required"/>
    <referenceResource>
      <type value="ValueSet"/>
      <reference value="http://hl7.org/fhir/valueset/image-modality"/>
    </referenceResource>
  </binding>
</Profile>