<?xml version="1.0" encoding="UTF-8"?>

<Profile xmlns="http://hl7.org/fhir">
  <text>
    <status value="generated"/><div xmlns="http://www.w3.org/1999/xhtml"><pre>
&lt;<a title="An administered immunization" class="dict" href="immunization-definitions.htm#Immunization"><b>Immunization</b></a> xmlns=&quot;http://hl7.org/fhir&quot;&gt;
 &lt;<a title="Who this immunization was adminstered to" class="dict" href="immunization-definitions.htm#Immunization.subject"><b>subject</b></a>&gt;<span style="color: Gray">&lt;!--</span> <span style="color: brown"><b>0..1</b></span> <span style="color: darkgreen"><a href="resources.htm#Resource">Resource</a>(<a href="patient.htm#Patient">Patient</a>)</span> <span style="color: navy">Who this immunization was adminstered to</span><span style="color: Gray"> --&gt;</span>&lt;/subject&gt;
 &lt;<a title="Clinician who ordered the vaccine" class="dict" href="immunization-definitions.htm#Immunization.requester"><b>requester</b></a>&gt;<span style="color: Gray">&lt;!--</span> <span style="color: brown"><b>0..1</b></span> <span style="color: darkgreen"><a href="resources.htm#Resource">Resource</a>(<a href="practitioner.htm#Practitioner">Practitioner</a>)</span> <span style="color: navy">Vaccine Ordering Provider Name</span><span style="color: Gray"> --&gt;</span>&lt;/requester&gt;
 &lt;<a title="Clinician that administered the vaccine" class="dict" href="immunization-definitions.htm#Immunization.performer"><b>performer</b></a>&gt;<span style="color: Gray">&lt;!--</span> <span style="color: brown"><b>0..1</b></span> <span style="color: darkgreen"><a href="resources.htm#Resource">Resource</a>(<a href="practitioner.htm#Practitioner">Practitioner</a>)</span> <span style="color: navy">Vaccine Administering Provider Name</span><span style="color: Gray"> --&gt;</span>&lt;/performer&gt;
 &lt;<a title="Name of manufacturer" class="dict" href="immunization-definitions.htm#Immunization.manufacturer"><b>manufacturer</b></a>&gt;<span style="color: Gray">&lt;!--</span> <span style="color: brown"><b>0..1</b></span> <span style="color: darkgreen"><a href="resources.htm#Resource">Resource</a>(<a href="organization.htm#Organization">Organization</a>)</span> <span style="color: navy">Vaccine Manufacturer</span><span style="color: Gray"> --&gt;</span>&lt;/manufacturer&gt;
 &lt;<a title="The service delivery location where the administration occurred." class="dict" href="immunization-definitions.htm#Immunization.location"><b>location</b></a>&gt;<span style="color: Gray">&lt;!--</span> <span style="color: brown"><b>0..1</b></span> <span style="color: darkgreen"><a href="resources.htm#Resource">Resource</a>(<a href="location.htm#Location">Location</a>)</span> <span style="color: navy">Vaccine Administration Facility</span><span style="color: Gray"> --&gt;</span>&lt;/location&gt;
 &lt;<a title="Date vaccine administered" class="dict" href="immunization-definitions.htm#Immunization.date"><b>date</b></a> value=&quot;[<span style="color: darkgreen"><a href="datatypes.htm#dateTime">dateTime</a></span>]&quot;/&gt;<span style="color: Gray">&lt;!--</span> <span style="color: brown"><b>0..1</b></span> <span style="color: navy">Vaccination  Administration Date</span><span style="color: Gray"> --&gt;</span>
 &lt;<a title="True if this administration was reported rather than observed" class="dict" href="immunization-definitions.htm#Immunization.reported"><b>reported</b></a> value=&quot;[<span style="color: darkgreen"><a href="datatypes.htm#boolean">boolean</a></span>]&quot;/&gt;<span style="color: Gray">&lt;!--</span> <span style="color: brown"><b>1..1</b></span> <span style="color: navy">If self-reported</span><span style="color: Gray"> --&gt;</span>
 &lt;<a title="Vaccine administered" class="dict" href="immunization-definitions.htm#Immunization.vaccineType"><b>vaccineType</b></a>&gt;<span style="color: Gray">&lt;!--</span> <span style="color: brown"><b>0..1</b></span> <span style="color: darkgreen"><a href="datatypes.htm#CodeableConcept">CodeableConcept</a></span> <span style="color: navy">Vaccine Product Administered</span><span style="color: Gray"> --&gt;</span>&lt;/vaccineType&gt;
 &lt;<a title="Lot number for vaccine" class="dict" href="immunization-definitions.htm#Immunization.lotNumber"><b>lotNumber</b></a> value=&quot;[<span style="color: darkgreen"><a href="datatypes.htm#string">string</a></span>]&quot;/&gt;<span style="color: Gray">&lt;!--</span> <span style="color: brown"><b>0..1</b></span> <span style="color: navy">Vaccine Lot Number</span><span style="color: Gray"> --&gt;</span>
 &lt;<a title="Date vaccine batch expires" class="dict" href="immunization-definitions.htm#Immunization.expirationDate"><b>expirationDate</b></a> value=&quot;[<span style="color: darkgreen"><a href="datatypes.htm#date">date</a></span>]&quot;/&gt;<span style="color: Gray">&lt;!--</span> <span style="color: brown"><b>0..1</b></span> <span style="color: navy">Vaccine Expiration Date</span><span style="color: Gray"> --&gt;</span>
 &lt;<a title="Body site where vaccine was administered" class="dict" href="immunization-definitions.htm#Immunization.site"><b>site</b></a>&gt;<span style="color: Gray">&lt;!--</span> <span style="color: brown"><b>0..1</b></span> <span style="color: darkgreen"><a href="datatypes.htm#CodeableConcept">CodeableConcept</a></span> <span style="color: navy">Vaccine  Site of Administration</span><span style="color: Gray"> --&gt;</span>&lt;/site&gt;
 &lt;<a title="Route of administration" class="dict" href="immunization-definitions.htm#Immunization.route"><b>route</b></a>&gt;<span style="color: Gray">&lt;!--</span> <span style="color: brown"><b>0..1</b></span> <span style="color: darkgreen"><a href="datatypes.htm#CodeableConcept">CodeableConcept</a></span> <span style="color: navy">Vaccine Route of Administration</span><span style="color: Gray"> --&gt;</span>&lt;/route&gt;
 &lt;<a title="Vaccine dosage" class="dict" href="immunization-definitions.htm#Immunization.doseQuantity"><b>doseQuantity</b></a>&gt;<span style="color: Gray">&lt;!--</span> <span style="color: brown"><b>0..1</b></span> <span style="color: darkgreen"><a href="datatypes.htm#Quantity">Quantity</a></span> <span style="color: navy">Vaccine dosage</span><span style="color: Gray"> --&gt;</span>&lt;/doseQuantity&gt;
 &lt;<a title="Exemption(s)/ Parent Refusal(s) of Vaccine Product Type Administered (this element must be understood)" class="dict" href="immunization-definitions.htm#Immunization.refusal"><span style="text-decoration: underline"><b>refusal</b></span></a>&gt;  <span style="color: Gray">&lt;!-- <span style="color: brown"><b>0..1</b></span> Exemption(s)/ Parent Refusal(s) of Vaccine Product Type Administered --&gt;</span>
  &lt;<a title="Refusal or exemption reason" class="dict" href="immunization-definitions.htm#Immunization.refusal.reason"><b>reason</b></a>&gt;<span style="color: Gray">&lt;!--</span> <span style="color: brown"><b>1..1</b></span> <span style="color: darkgreen"><a href="datatypes.htm#CodeableConcept">CodeableConcept</a></span> <span style="color: navy">Explanation of refusal / exemption</span><span style="color: Gray"> --&gt;</span>&lt;/reason&gt;
 &lt;/refusal&gt;
 &lt;<a title="Categorical data indicating that an adverse event is associated in time to an immunization" class="dict" href="immunization-definitions.htm#Immunization.reaction"><b>reaction</b></a>&gt;  <span style="color: Gray">&lt;!-- <span style="color: brown"><b>0..*</b></span> Details of a reaction that follows immunization --&gt;</span>
  &lt;<a title="Date of reaction to the immunization" class="dict" href="immunization-definitions.htm#Immunization.reaction.date"><b>date</b></a> value=&quot;[<span style="color: darkgreen"><a href="datatypes.htm#dateTime">dateTime</a></span>]&quot;/&gt;<span style="color: Gray">&lt;!--</span> <span style="color: brown"><b>0..1</b></span> <span style="color: navy">Date of reaction to the immunization</span><span style="color: Gray"> --&gt;</span>
  &lt;<a title="Details of the reaction" class="dict" href="immunization-definitions.htm#Immunization.reaction.detail"><b>detail</b></a>&gt;<span style="color: Gray">&lt;!--</span> <span style="color: brown"><b>0..1</b></span> <span style="color: darkgreen"><a href="resources.htm#Resource">Resource</a>(<a href="adversereaction.htm#AdverseReaction">AdverseReaction</a>|<a href="observation.htm#Observation">Observation</a>)</span> <span style="color: navy">Details of the reaction</span><span style="color: Gray"> --&gt;</span>&lt;/detail&gt;
  &lt;<a title="Self-reported indicator" class="dict" href="immunization-definitions.htm#Immunization.reaction.reported"><b>reported</b></a> value=&quot;[<span style="color: darkgreen"><a href="datatypes.htm#boolean">boolean</a></span>]&quot;/&gt;<span style="color: Gray">&lt;!--</span> <span style="color: brown"><b>0..1</b></span> <span style="color: navy">Self-reported indicator</span><span style="color: Gray"> --&gt;</span>
 &lt;/reaction&gt;
 &lt;<a title="Vaccine Administration Protocol" class="dict" href="immunization-definitions.htm#Immunization.vaccinationProtocol"><b>vaccinationProtocol</b></a>&gt;  <span style="color: Gray">&lt;!-- <span style="color: brown"><b>0..1</b></span> Vaccine Administration Protocol --&gt;</span>
  &lt;<a title="Nominal position in a series" class="dict" href="immunization-definitions.htm#Immunization.vaccinationProtocol.doseSequence"><b>doseSequence</b></a> value=&quot;[<span style="color: darkgreen"><a href="datatypes.htm#integer">integer</a></span>]&quot;/&gt;<span style="color: Gray">&lt;!--</span> <span style="color: brown"><b>1..1</b></span> <span style="color: navy">Dose Number</span><span style="color: Gray"> --&gt;</span>
  &lt;<a title="Vaccine Administration Protocol Description" class="dict" href="immunization-definitions.htm#Immunization.vaccinationProtocol.description"><b>description</b></a> value=&quot;[<span style="color: darkgreen"><a href="datatypes.htm#string">string</a></span>]&quot;/&gt;<span style="color: Gray">&lt;!--</span> <span style="color: brown"><b>0..1</b></span> <span style="color: navy">Vaccine Administration Protocol Description</span><span style="color: Gray"> --&gt;</span>
  &lt;<a title="Who published the protocol?  E.g. ACIP" class="dict" href="immunization-definitions.htm#Immunization.vaccinationProtocol.authority"><b>authority</b></a>&gt;<span style="color: Gray">&lt;!--</span> <span style="color: brown"><b>0..1</b></span> <span style="color: darkgreen"><a href="resources.htm#Resource">Resource</a>(<a href="organization.htm#Organization">Organization</a>)</span> <span style="color: navy">Vaccine Administration Protocol Authority</span><span style="color: Gray"> --&gt;</span>&lt;/authority&gt;
  &lt;<a title="One possible path to achieve presumed immunity against a disease - within the context of an authority" class="dict" href="immunization-definitions.htm#Immunization.vaccinationProtocol.series"><b>series</b></a> value=&quot;[<span style="color: darkgreen"><a href="datatypes.htm#string">string</a></span>]&quot;/&gt;<span style="color: Gray">&lt;!--</span> <span style="color: brown"><b>0..1</b></span> <span style="color: navy">Vaccine Series</span><span style="color: Gray"> --&gt;</span>
  &lt;<a title="The recommended number of doses to achieve immunity." class="dict" href="immunization-definitions.htm#Immunization.vaccinationProtocol.seriesDoses"><b>seriesDoses</b></a> value=&quot;[<span style="color: darkgreen"><a href="datatypes.htm#integer">integer</a></span>]&quot;/&gt;<span style="color: Gray">&lt;!--</span> <span style="color: brown"><b>0..1</b></span> <span style="color: navy">Dose Number Recommendation</span><span style="color: Gray"> --&gt;</span>
  &lt;<a title="The targeted disease" class="dict" href="immunization-definitions.htm#Immunization.vaccinationProtocol.doseTarget"><b>doseTarget</b></a>&gt;<span style="color: Gray">&lt;!--</span> <span style="color: brown"><b>0..1</b></span> <span style="color: darkgreen"><a href="datatypes.htm#CodeableConcept">CodeableConcept</a></span> <span style="color: navy">Targeted Disease</span><span style="color: Gray"> --&gt;</span>&lt;/doseTarget&gt;
  &lt;<a title="Should this count??" class="dict" href="immunization-definitions.htm#Immunization.vaccinationProtocol.doseStatus"><b>doseStatus</b></a>&gt;<span style="color: Gray">&lt;!--</span> <span style="color: brown"><b>1..1</b></span> <span style="color: darkgreen"><a href="datatypes.htm#CodeableConcept">CodeableConcept</a></span> <span style="color: navy">Dose Status</span><span style="color: Gray"> --&gt;</span>&lt;/doseStatus&gt;
  &lt;<a title="Dose Status Reason" class="dict" href="immunization-definitions.htm#Immunization.vaccinationProtocol.doseStatusReason"><b>doseStatusReason</b></a>&gt;<span style="color: Gray">&lt;!--</span> <span style="color: brown"><b>0..1</b></span> <span style="color: darkgreen"><a href="datatypes.htm#CodeableConcept">CodeableConcept</a></span> <span style="color: navy">Dose Status Reason</span><span style="color: Gray"> --&gt;</span>&lt;/doseStatusReason&gt;
 &lt;/vaccinationProtocol&gt;
&lt;/Immunization&gt;
</pre></div>
  </text>
  <name value="immunization"/>
  <publisher value="todo (committee)"/>
  <description value="Basic Profile. An administered immunization"/>
  <status>
    <code value="testing"/>
    <date value="2013-06-08"/>
  </status>
  <structure>
    <type value="Immunization"/>
    <element>
      <path value="Immunization"/>
      <definition>
        <short value="An administered immunization"/>
        <formal value="An administered immunization"/>
        <min value="1"/>
        <max value="1"/>
        <type>
          <code value="Resource"/>
        </type>
        <mustUnderstand value="false"/>
      </definition>
    </element>
    <element>
      <path value="Immunization.extension"/>
      <definition>
        <short value="Additional Content defined by implementations"/>
        <formal value="May be used to represent additional information that is not part of the basic definition of the resource. In order to make the use of extensions safe and manageable, there is a strict governance applied to the definition and use of extensions. Though any implementer is allowed to define an extension, there is a set of requirements that must be met as part of the definition of the extension"/>
        <comments value="there can be no stigma
associated with the use of extensions by any application, project, or standard - regardless of the institution or jurisdiction that uses or defines the extensions.  The use of extensions is what allows the FHIR specification to retain a core simplicity for everyone"/>
        <synonym value="extensions"/>
        <synonym value="user content"/>
        <min value="0"/>
        <max value="*"/>
        <type>
          <code value="Extension"/>
        </type>
      </definition>
    </element>
    <element>
      <path value="Immunization.text"/>
      <definition>
        <short value="Text summary of the resource, for human interpretation"/>
        <formal value="A human readable narrative that contains a summary of the resource, and may be used to represent the content of the resource to a human. The narrative need not encode all the structured data, but is required to contain sufficient detail to make it &quot;clinically safe&quot; for a human to just read the narrative. Resource definitions may define what content should be represented in the narrative to ensure clinical safety"/>
        <comments value="Contained resources do not have narrative. Resources that are not contained SHOULD have a narrative"/>
        <synonym value="narrative"/>
        <synonym value="html"/>
        <synonym value="xhtml"/>
        <synonym value="display"/>
        <min value="0"/>
        <max value="1"/>
        <type>
          <code value="Narrative"/>
        </type>
      </definition>
    </element>
    <element>
      <path value="Immunization.contained"/>
      <definition>
        <short value="Contained, inline Resources"/>
        <formal value="These resources do not have an independent existence apart from the resource that contains them - they cannot be identified independently, and nor can they have their own independent transaction scope"/>
        <comments value="This should never be done when the content can be identified properly, as once identification is lost, it is extremely difficult (and context dependent) to restore it again"/>
        <synonym value="inline resources"/>
        <synonym value="anonymous resources"/>
        <synonym value="contained resources"/>
        <min value="0"/>
        <max value="*"/>
        <type>
          <code value="Resource"/>
        </type>
      </definition>
    </element>
    <element>
      <path value="Immunization.subject"/>
      <definition>
        <short value="Who this immunization was adminstered to"/>
        <formal value="Who this immunization was adminstered to"/>
        <min value="0"/>
        <max value="1"/>
        <type>
          <code value="Resource(Patient)"/>
        </type>
        <mustUnderstand value="false"/>
      </definition>
    </element>
    <element>
      <path value="Immunization.requester"/>
      <definition>
        <short value="Vaccine Ordering Provider Name"/>
        <formal value="Clinician who ordered the vaccine"/>
        <comments value="other participants - delegate to Provenance resource"/>
        <min value="0"/>
        <max value="1"/>
        <type>
          <code value="Resource(Practitioner)"/>
        </type>
        <mustUnderstand value="false"/>
      </definition>
    </element>
    <element>
      <path value="Immunization.performer"/>
      <definition>
        <short value="Vaccine Administering Provider Name"/>
        <formal value="Clinician that administered the vaccine"/>
        <min value="0"/>
        <max value="1"/>
        <type>
          <code value="Resource(Practitioner)"/>
        </type>
        <mustUnderstand value="false"/>
      </definition>
    </element>
    <element>
      <path value="Immunization.manufacturer"/>
      <definition>
        <short value="Vaccine Manufacturer"/>
        <formal value="Name of manufacturer"/>
        <min value="0"/>
        <max value="1"/>
        <type>
          <code value="Resource(Organization)"/>
        </type>
        <mustUnderstand value="false"/>
      </definition>
    </element>
    <element>
      <path value="Immunization.location"/>
      <definition>
        <short value="Vaccine Administration Facility"/>
        <formal value="The service delivery location where the administration occurred."/>
        <min value="0"/>
        <max value="1"/>
        <type>
          <code value="Resource(Location)"/>
        </type>
        <mustUnderstand value="false"/>
      </definition>
    </element>
    <element>
      <path value="Immunization.date"/>
      <definition>
        <short value="Vaccination  Administration Date"/>
        <formal value="Date vaccine administered"/>
        <min value="0"/>
        <max value="1"/>
        <type>
          <code value="dateTime"/>
        </type>
        <mustUnderstand value="false"/>
      </definition>
    </element>
    <element>
      <path value="Immunization.reported"/>
      <definition>
        <short value="If self-reported"/>
        <formal value="True if this administration was reported rather than observed"/>
        <comments value="May need source of reported info (e.g. parent), but leave out for now."/>
        <min value="1"/>
        <max value="1"/>
        <type>
          <code value="boolean"/>
        </type>
        <mustUnderstand value="false"/>
      </definition>
    </element>
    <element>
      <path value="Immunization.vaccineType"/>
      <definition>
        <short value="Vaccine Product Administered"/>
        <formal value="Vaccine administered"/>
        <min value="0"/>
        <max value="1"/>
        <type>
          <code value="CodeableConcept"/>
        </type>
        <mustUnderstand value="false"/>
        <binding value="VaccineType"/>
      </definition>
    </element>
    <element>
      <path value="Immunization.lotNumber"/>
      <definition>
        <short value="Vaccine Lot Number"/>
        <formal value="Lot number for vaccine"/>
        <min value="0"/>
        <max value="1"/>
        <type>
          <code value="string"/>
        </type>
        <mustUnderstand value="false"/>
      </definition>
    </element>
    <element>
      <path value="Immunization.expirationDate"/>
      <definition>
        <short value="Vaccine Expiration Date"/>
        <formal value="Date vaccine batch expires"/>
        <min value="0"/>
        <max value="1"/>
        <type>
          <code value="date"/>
        </type>
        <mustUnderstand value="false"/>
      </definition>
    </element>
    <element>
      <path value="Immunization.site"/>
      <definition>
        <short value="Vaccine  Site of Administration"/>
        <formal value="Body site where vaccine was administered"/>
        <min value="0"/>
        <max value="1"/>
        <type>
          <code value="CodeableConcept"/>
        </type>
        <mustUnderstand value="false"/>
        <binding value="ImmunizationSite"/>
      </definition>
    </element>
    <element>
      <path value="Immunization.route"/>
      <definition>
        <short value="Vaccine Route of Administration"/>
        <formal value="Route of administration"/>
        <min value="0"/>
        <max value="1"/>
        <type>
          <code value="CodeableConcept"/>
        </type>
        <mustUnderstand value="false"/>
        <binding value="ImmunizationRoute"/>
      </definition>
    </element>
    <element>
      <path value="Immunization.doseQuantity"/>
      <definition>
        <short value="Vaccine dosage"/>
        <formal value="Vaccine dosage"/>
        <min value="0"/>
        <max value="1"/>
        <type>
          <code value="Quantity"/>
        </type>
        <mustUnderstand value="false"/>
      </definition>
    </element>
    <element>
      <path value="Immunization.refusal"/>
      <definition>
        <short value="Exemption(s)/ Parent Refusal(s) of Vaccine Product Type Administered"/>
        <formal value="Exemption(s)/ Parent Refusal(s) of Vaccine Product Type Administered"/>
        <min value="0"/>
        <max value="1"/>
        <mustUnderstand value="true"/>
      </definition>
    </element>
    <element>
      <path value="Immunization.refusal.reason"/>
      <definition>
        <short value="Explanation of refusal / exemption"/>
        <formal value="Refusal or exemption reason"/>
        <min value="1"/>
        <max value="1"/>
        <type>
          <code value="CodeableConcept"/>
        </type>
        <mustUnderstand value="false"/>
        <binding value="ImmunizationRefusalReason"/>
      </definition>
    </element>
    <element>
      <path value="Immunization.reaction"/>
      <definition>
        <short value="Details of a reaction that follows immunization"/>
        <formal value="Categorical data indicating that an adverse event is associated in time to an immunization"/>
        <min value="0"/>
        <max value="*"/>
        <mustUnderstand value="false"/>
      </definition>
    </element>
    <element>
      <path value="Immunization.reaction.date"/>
      <definition>
        <short value="Date of reaction to the immunization"/>
        <formal value="Date of reaction to the immunization"/>
        <min value="0"/>
        <max value="1"/>
        <type>
          <code value="dateTime"/>
        </type>
        <mustUnderstand value="false"/>
      </definition>
    </element>
    <element>
      <path value="Immunization.reaction.detail"/>
      <definition>
        <short value="Details of the reaction"/>
        <formal value="Details of the reaction"/>
        <min value="0"/>
        <max value="1"/>
        <type>
          <code value="Resource(AdverseReaction|Observation)"/>
        </type>
        <mustUnderstand value="false"/>
      </definition>
    </element>
    <element>
      <path value="Immunization.reaction.reported"/>
      <definition>
        <short value="Self-reported indicator"/>
        <formal value="Self-reported indicator"/>
        <min value="0"/>
        <max value="1"/>
        <type>
          <code value="boolean"/>
        </type>
        <mustUnderstand value="false"/>
      </definition>
    </element>
    <element>
      <path value="Immunization.vaccinationProtocol"/>
      <definition>
        <short value="Vaccine Administration Protocol"/>
        <formal value="Vaccine Administration Protocol"/>
        <min value="0"/>
        <max value="1"/>
        <mustUnderstand value="false"/>
      </definition>
    </element>
    <element>
      <path value="Immunization.vaccinationProtocol.doseSequence"/>
      <definition>
        <short value="Dose Number"/>
        <formal value="Nominal position in a series"/>
        <min value="1"/>
        <max value="1"/>
        <type>
          <code value="integer"/>
        </type>
        <mustUnderstand value="false"/>
      </definition>
    </element>
    <element>
      <path value="Immunization.vaccinationProtocol.description"/>
      <definition>
        <short value="Vaccine Administration Protocol Description"/>
        <formal value="Vaccine Administration Protocol Description"/>
        <min value="0"/>
        <max value="1"/>
        <type>
          <code value="string"/>
        </type>
        <mustUnderstand value="false"/>
      </definition>
    </element>
    <element>
      <path value="Immunization.vaccinationProtocol.authority"/>
      <definition>
        <short value="Vaccine Administration Protocol Authority"/>
        <formal value="Who published the protocol?  E.g. ACIP"/>
        <min value="0"/>
        <max value="1"/>
        <type>
          <code value="Resource(Organization)"/>
        </type>
        <mustUnderstand value="false"/>
      </definition>
    </element>
    <element>
      <path value="Immunization.vaccinationProtocol.series"/>
      <definition>
        <short value="Vaccine Series"/>
        <formal value="One possible path to achieve presumed immunity against a disease - within the context of an authority"/>
        <min value="0"/>
        <max value="1"/>
        <type>
          <code value="string"/>
        </type>
        <mustUnderstand value="false"/>
      </definition>
    </element>
    <element>
      <path value="Immunization.vaccinationProtocol.seriesDoses"/>
      <definition>
        <short value="Dose Number Recommendation"/>
        <formal value="The recommended number of doses to achieve immunity."/>
        <min value="0"/>
        <max value="1"/>
        <type>
          <code value="integer"/>
        </type>
        <mustUnderstand value="false"/>
      </definition>
    </element>
    <element>
      <path value="Immunization.vaccinationProtocol.doseTarget"/>
      <definition>
        <short value="Targeted Disease"/>
        <formal value="The targeted disease"/>
        <min value="0"/>
        <max value="1"/>
        <type>
          <code value="CodeableConcept"/>
        </type>
        <mustUnderstand value="false"/>
        <binding value="VaccinationProtocolDoseTarget"/>
      </definition>
    </element>
    <element>
      <path value="Immunization.vaccinationProtocol.doseStatus"/>
      <definition>
        <short value="Dose Status"/>
        <formal value="Should this count??"/>
        <comments value="May need to differentiate between status declarations by a provider vs. a CDS engine"/>
        <min value="1"/>
        <max value="1"/>
        <type>
          <code value="CodeableConcept"/>
        </type>
        <mustUnderstand value="false"/>
        <binding value="VaccinationProtocolDoseStatus"/>
      </definition>
    </element>
    <element>
      <path value="Immunization.vaccinationProtocol.doseStatusReason"/>
      <definition>
        <short value="Dose Status Reason"/>
        <formal value="Dose Status Reason"/>
        <min value="0"/>
        <max value="1"/>
        <type>
          <code value="CodeableConcept"/>
        </type>
        <mustUnderstand value="false"/>
        <binding value="VaccinationProtocolDoseStatusReason"/>
      </definition>
    </element>
    <searchParam>
      <name value="requester"/>
      <type value="reference"/>
      <documentation value="Vaccine Ordering Provider Name"/>
    </searchParam>
    <searchParam>
      <name value="_id"/>
      <type value="token"/>
      <documentation value="The logical resource id associated with the resource (must be supported by all servers)"/>
    </searchParam>
    <searchParam>
      <name value="location"/>
      <type value="reference"/>
      <documentation value="Vaccine Administration Facility"/>
    </searchParam>
    <searchParam>
      <name value="subject"/>
      <type value="reference"/>
      <documentation value="Who this immunization was adminstered to"/>
    </searchParam>
    <searchParam>
      <name value="manufacturer"/>
      <type value="token"/>
      <documentation value="Vaccine Manufacturer"/>
    </searchParam>
    <searchParam>
      <name value="refusal-date"/>
      <type value="date"/>
      <documentation value="Date of Exemption/Refusal of Vaccine Product Type Administered"/>
    </searchParam>
    <searchParam>
      <name value="performer"/>
      <type value="reference"/>
      <documentation value="Vaccine Administering Provider Name"/>
    </searchParam>
    <searchParam>
      <name value="lot"/>
      <type value="string"/>
      <documentation value="Vaccine Lot Number"/>
    </searchParam>
    <searchParam>
      <name value="date"/>
      <type value="date"/>
      <documentation value="Vaccination  Administration Date"/>
    </searchParam>
    <searchParam>
      <name value="type"/>
      <type value="token"/>
      <documentation value="Vaccine Product Type Administered"/>
    </searchParam>
    <searchParam>
      <name value="refusal"/>
      <type value="string"/>
      <documentation value="Explanation of refusal / exemption"/>
    </searchParam>
  </structure>
  <binding>
    <name value="VaccinationProtocolDoseTarget"/>
    <definition value="The disease target of the vaccination protocol"/>
    <type value="unbound"/>
    <isExtensible value="true"/>
    <conformance value="preferred"/>
  </binding>
  <binding>
    <name value="ImmunizationSite"/>
    <definition value="The site at which the vaccine was administered"/>
    <type value="unbound"/>
    <isExtensible value="true"/>
    <conformance value="preferred"/>
  </binding>
  <binding>
    <name value="ImmunizationRoute"/>
    <definition value="The route by which the vaccine was administered"/>
    <type value="unbound"/>
    <isExtensible value="true"/>
    <conformance value="preferred"/>
  </binding>
  <binding>
    <name value="VaccinationProtocolDoseStatusReason"/>
    <definition value="The reason for the determining if a vaccination should count or why vaccination should not count."/>
    <type value="unbound"/>
    <isExtensible value="true"/>
    <conformance value="preferred"/>
  </binding>
  <binding>
    <name value="VaccineType"/>
    <definition value="The type of vaccine administered"/>
    <type value="unbound"/>
    <isExtensible value="true"/>
    <conformance value="preferred"/>
  </binding>
  <binding>
    <name value="VaccinationProtocolDoseStatus"/>
    <definition value="The status of the vaccination protocol (i.e. should this count)"/>
    <type value="unbound"/>
    <isExtensible value="true"/>
    <conformance value="preferred"/>
  </binding>
  <binding>
    <name value="ImmunizationRefusalReason"/>
    <definition value="The reason why a vaccine administration was refused"/>
    <type value="unbound"/>
    <isExtensible value="true"/>
    <conformance value="preferred"/>
  </binding>
</Profile>