{"ValueSet":{"text":{"status":{"value":"generated"},"div":"<div><h2>ImmunizationForecastStatus<\/h2><p>The patient's status with respect to a vaccintion protocol<\/p><p>This value set defines it's own terms in the system http://hl7.org/fhir/immunization-forecast-status<\/p><table><tr><td><b>Code<\/b><\/td><td><b>Display<\/b><\/td><td><b>Definition<\/b><\/td><\/tr><tr><td>DUE<\/td><td/><td/><\/tr><\/table><\/div>"},"identifier":{"value":"http://hl7.org/fhir/vs/immunization-forecast-status"},"name":{"value":"ImmunizationForecastStatus"},"publisher":{"value":"HL7 (FHIR Project)"},"telecom":[{"system":{"value":"url"},"value":{"value":"http://hl7.org/fhir"}},{"system":{"value":"email"},"value":{"value":"fhir@lists.hl7.org"}}],"description":{"value":"The patient's status with respect to a vaccintion protocol"},"status":{"value":"draft"},"date":{"value":"2023-05-12T00:10:00"},"define":{"system":{"value":"http://hl7.org/fhir/immunization-forecast-status"},"concept":[{"code":{"value":"DUE"}}]}}}