<?xml version="1.0" encoding="UTF-8"?>

<ValueSet xmlns="http://hl7.org/fhir">
  <text>
    <status value="generated"/>
    <div xmlns="http://www.w3.org/1999/xhtml">
      <h2>InstanceAvailability</h2>
      <p>Availability of the resource</p>
      <p>This value set defines it&#39;s own terms in the system http://hl7.org/fhir/instance-availability</p>
      <table>
        <tr>
          <td>
            <b>Code</b>
          </td>
          <td>
            <b>Display</b>
          </td>
          <td>
            <b>Definition</b>
          </td>
        </tr>
        <tr>
          <td>ONLINE</td>
          <td/>
          <td>Resources are immediately available,</td>
        </tr>
        <tr>
          <td>OFFLINE</td>
          <td/>
          <td>Resources need to be retrieved by manual intervention</td>
        </tr>
        <tr>
          <td>NEARLINE</td>
          <td/>
          <td>Resources need to be retrieved from relatively slow media</td>
        </tr>
        <tr>
          <td>UNAVAILABLE</td>
          <td/>
          <td>Resources cannot be retrieved.</td>
        </tr>
      </table>
    </div>
  </text>
  <identifier value="http://hl7.org/fhir/vs/instance-availability"/>
  <name value="InstanceAvailability"/>
  <publisher value="HL7 (FHIR Project)"/>
  <telecom>
    <system value="url"/>
    <value value="http://hl7.org/fhir"/>
  </telecom>
  <telecom>
    <system value="email"/>
    <value value="fhir@lists.hl7.org"/>
  </telecom>
  <description value="Availability of the resource"/>
  <status value="draft"/>
  <date value="2023-05-12T00:10:00"/>
  <define>
    <system value="http://hl7.org/fhir/instance-availability"/>
    <concept>
      <code value="ONLINE"/>
      <definition value="Resources are immediately available,"/>
    </concept>
    <concept>
      <code value="OFFLINE"/>
      <definition value="Resources need to be retrieved by manual intervention"/>
    </concept>
    <concept>
      <code value="NEARLINE"/>
      <definition value="Resources need to be retrieved from relatively slow media"/>
    </concept>
    <concept>
      <code value="UNAVAILABLE"/>
      <definition value="Resources cannot be retrieved."/>
    </concept>
  </define>
</ValueSet>