{"ValueSet":{"text":{"status":{"value":"generated"},"div":"<div><h2>InstanceAvailability<\/h2><p>Availability of the resource<\/p><p>This value set defines it's own terms in the system http://hl7.org/fhir/instance-availability<\/p><table><tr><td><b>Code<\/b><\/td><td><b>Display<\/b><\/td><td><b>Definition<\/b><\/td><\/tr><tr><td>ONLINE<\/td><td/><td>Resources are immediately available,<\/td><\/tr><tr><td>OFFLINE<\/td><td/><td>Resources need to be retrieved by manual intervention<\/td><\/tr><tr><td>NEARLINE<\/td><td/><td>Resources need to be retrieved from relatively slow media<\/td><\/tr><tr><td>UNAVAILABLE<\/td><td/><td>Resources cannot be retrieved.<\/td><\/tr><\/table><\/div>"},"identifier":{"value":"http://hl7.org/fhir/vs/instance-availability"},"name":{"value":"InstanceAvailability"},"publisher":{"value":"HL7 (FHIR Project)"},"telecom":[{"system":{"value":"url"},"value":{"value":"http://hl7.org/fhir"}},{"system":{"value":"email"},"value":{"value":"fhir@lists.hl7.org"}}],"description":{"value":"Availability of the resource"},"status":{"value":"draft"},"date":{"value":"2023-05-12T00:10:00"},"define":{"system":{"value":"http://hl7.org/fhir/instance-availability"},"concept":[{"code":{"value":"ONLINE"},"definition":{"value":"Resources are immediately available,"}},{"code":{"value":"OFFLINE"},"definition":{"value":"Resources need to be retrieved by manual intervention"}},{"code":{"value":"NEARLINE"},"definition":{"value":"Resources need to be retrieved from relatively slow media"}},{"code":{"value":"UNAVAILABLE"},"definition":{"value":"Resources cannot be retrieved."}}]}}}