{"ValueSet":{"text":{"status":{"value":"generated"},"div":"<div><h2>IssueType<\/h2><p>A coded expression of the type of issue<\/p><p>This value set defines it's own terms in the system http://hl7.org/fhir/issue-type<\/p><table><tr><td><b>Code<\/b><\/td><td><b>Display<\/b><\/td><td><b>Definition<\/b><\/td><\/tr><tr><td>invalid<\/td><td/><td>Content invalid against Specification or Profile<\/td><\/tr><tr><td>structure<\/td><td/><td>content structural issue<\/td><\/tr><tr><td>required<\/td><td/><td>required element missing<\/td><\/tr><tr><td>value<\/td><td/><td>element value invalid<\/td><\/tr><tr><td>invariant<\/td><td/><td>schematron rule<\/td><\/tr><tr><td>security<\/td><td/><td>authorization/permissions issue<\/td><\/tr><tr><td>login<\/td><td/><td>the client needs to initiate the authentication process ()<\/td><\/tr><tr><td>unknown<\/td><td/><td>user/system not able to be authenticated<\/td><\/tr><tr><td>expired<\/td><td/><td>user session expired<\/td><\/tr><tr><td>forbidden<\/td><td/><td>user rights failure<\/td><\/tr><tr><td>processing<\/td><td/><td>processing issues<\/td><\/tr><tr><td>not-supported<\/td><td/><td>resource not supported<\/td><\/tr><tr><td>duplicate<\/td><td/><td>duplicate resource<\/td><\/tr><tr><td>not-found<\/td><td/><td>reference not found<\/td><\/tr><tr><td>too-long<\/td><td/><td>existing content too long<\/td><\/tr><tr><td>code-unknown<\/td><td/><td>code could not be understood<\/td><\/tr><tr><td>extension<\/td><td/><td>extension not recognised<\/td><\/tr><tr><td>too-costly<\/td><td/><td>operation denied to protect server resources<\/td><\/tr><tr><td>business-rule<\/td><td/><td>content failed to pass some business rule<\/td><\/tr><tr><td>conflict<\/td><td/><td>content could not be accepted because of an edit conflict (i.e. version aware updates)<\/td><\/tr><tr><td>transient<\/td><td/><td>transient processing issues<\/td><\/tr><tr><td>lock-error<\/td><td/><td>resource/record locking failure<\/td><\/tr><tr><td>no-store<\/td><td/><td>persistent store unavailable<\/td><\/tr><tr><td>exception<\/td><td/><td>unexpected internal error<\/td><\/tr><tr><td>timeout<\/td><td/><td>internal timeout<\/td><\/tr><tr><td>throttled<\/td><td/><td>The system is not prepared to handle this request due to load management<\/td><\/tr><\/table><\/div>"},"identifier":{"value":"http://hl7.org/fhir/vs/issue-type"},"name":{"value":"IssueType"},"publisher":{"value":"HL7 (FHIR Project)"},"telecom":[{"system":{"value":"url"},"value":{"value":"http://hl7.org/fhir"}},{"system":{"value":"email"},"value":{"value":"fhir@lists.hl7.org"}}],"description":{"value":"A coded expression of the type of issue"},"status":{"value":"draft"},"date":{"value":"2023-05-12T00:10:00"},"define":{"system":{"value":"http://hl7.org/fhir/issue-type"},"concept":[{"code":{"value":"invalid"},"definition":{"value":"Content invalid against Specification or Profile"}},{"code":{"value":"structure"},"definition":{"value":"content structural issue"}},{"code":{"value":"required"},"definition":{"value":"required element missing"}},{"code":{"value":"value"},"definition":{"value":"element value invalid"}},{"code":{"value":"invariant"},"definition":{"value":"schematron rule"}},{"code":{"value":"security"},"definition":{"value":"authorization/permissions issue"}},{"code":{"value":"login"},"definition":{"value":"the client needs to initiate the authentication process ()"}},{"code":{"value":"unknown"},"definition":{"value":"user/system not able to be authenticated"}},{"code":{"value":"expired"},"definition":{"value":"user session expired"}},{"code":{"value":"forbidden"},"definition":{"value":"user rights failure"}},{"code":{"value":"processing"},"definition":{"value":"processing issues"}},{"code":{"value":"not-supported"},"definition":{"value":"resource not supported"}},{"code":{"value":"duplicate"},"definition":{"value":"duplicate resource"}},{"code":{"value":"not-found"},"definition":{"value":"reference not found"}},{"code":{"value":"too-long"},"definition":{"value":"existing content too long"}},{"code":{"value":"code-unknown"},"definition":{"value":"code could not be understood"}},{"code":{"value":"extension"},"definition":{"value":"extension not recognised"}},{"code":{"value":"too-costly"},"definition":{"value":"operation denied to protect server resources"}},{"code":{"value":"business-rule"},"definition":{"value":"content failed to pass some business rule"}},{"code":{"value":"conflict"},"definition":{"value":"content could not be accepted because of an edit conflict (i.e. version aware updates)"}},{"code":{"value":"transient"},"definition":{"value":"transient processing issues"}},{"code":{"value":"lock-error"},"definition":{"value":"resource/record locking failure"}},{"code":{"value":"no-store"},"definition":{"value":"persistent store unavailable"}},{"code":{"value":"exception"},"definition":{"value":"unexpected internal error"}},{"code":{"value":"timeout"},"definition":{"value":"internal timeout"}},{"code":{"value":"throttled"},"definition":{"value":"The system is not prepared to handle this request due to load management"}}]}}}