<?xml version="1.0" encoding="UTF-8"?>

<Profile xmlns="http://hl7.org/fhir">
  <text>
    <status value="generated"/><div xmlns="http://www.w3.org/1999/xhtml"><pre>
&lt;<a title="A set of information summarized from a list of other resources" class="dict" href="list-definitions.htm#List"><b>List</b></a> xmlns=&quot;http://hl7.org/fhir&quot;&gt;
 &lt;<a title="This code defines the purpose of the list - why it was created" class="dict" href="list-definitions.htm#List.code"><b>code</b></a>&gt;<span style="color: Gray">&lt;!--</span> <span style="color: brown"><b>0..1</b></span> <span style="color: darkgreen"><a href="datatypes.htm#CodeableConcept">CodeableConcept</a></span> <span style="color: navy">What the purpose of this list is</span><span style="color: Gray"> --&gt;</span>&lt;/code&gt;
 &lt;<a title="The entity responsible for deciding what the contents of the list were" class="dict" href="list-definitions.htm#List.source"><b>source</b></a>&gt;<span style="color: Gray">&lt;!--</span> <span style="color: brown"><b>0..1</b></span> <span style="color: darkgreen"><a href="resources.htm#Resource">Resource</a>(<a href="practitioner.htm#Practitioner">Practitioner</a>|<a href="patient.htm#Patient">Patient</a>|<a href="device.htm#Device">Device</a>)</span> <span style="color: navy">Source of the list</span><span style="color: Gray"> --&gt;</span>&lt;/source&gt;
 &lt;<a title="The date that the list was prepared" class="dict" href="list-definitions.htm#List.date"><b>date</b></a> value=&quot;[<span style="color: darkgreen"><a href="datatypes.htm#dateTime">dateTime</a></span>]&quot;/&gt;<span style="color: Gray">&lt;!--</span> <span style="color: brown"><b>0..1</b></span> <span style="color: navy">When the list was prepared</span><span style="color: Gray"> --&gt;</span>
 &lt;<a title="Whether items in the list have a meaningful order" class="dict" href="list-definitions.htm#List.ordered"><b>ordered</b></a> value=&quot;[<span style="color: darkgreen"><a href="datatypes.htm#boolean">boolean</a></span>]&quot;/&gt;<span style="color: Gray">&lt;!--</span> <span style="color: brown"><b>0..1</b></span> <span style="color: navy">Whether items in the list have a meaningful order</span><span style="color: Gray"> --&gt;</span>
 &lt;<a title="How this list was prepared - whether it is a working list that is suitable for being maintained in an ongoing basis, or if it represents a snapshort of a list of items from another source, or whether it is a prepared list where items may be marked as added, modified or deleted" class="dict" href="list-definitions.htm#List.mode"><b>mode</b></a> value=&quot;[<span style="color: darkgreen"><a href="datatypes.htm#code">code</a></span>]&quot;/&gt;<span style="color: Gray">&lt;!--</span> <span style="color: brown"><b>1..1</b></span> <span style="color: navy"><a style="color: navy" href="list-mode.htm">working | snapshot | changes</a></span><span style="color: Gray"> --&gt;</span>
 &lt;<a title="Entries in this list" class="dict" href="list-definitions.htm#List.entry"><b>entry</b></a>&gt;  <span style="color: Gray">&lt;!-- <span title="Inv-1: A list can only have an emptyReason if it is empty" style="color: deeppink"><b>0..*</b></span> Entries in the list --&gt;</span>
  &lt;<a title="The flag allows the system constructing the list to make one or more statements about the role and significance of the item in the list" class="dict" href="list-definitions.htm#List.entry.flag"><b>flag</b></a>&gt;<span style="color: Gray">&lt;!--</span> <span style="color: brown"><b>0..*</b></span> <span style="color: darkgreen"><a href="datatypes.htm#CodeableConcept">CodeableConcept</a></span> <span style="color: navy">Workflow information about this item</span><span style="color: Gray"> --&gt;</span>&lt;/flag&gt;
  &lt;<a title="True if this item is marked as deleted in the list." class="dict" href="list-definitions.htm#List.entry.deleted"><b>deleted</b></a> value=&quot;[<span style="color: darkgreen"><a href="datatypes.htm#boolean">boolean</a></span>]&quot;/&gt;<span style="color: Gray">&lt;!--</span> <span title="Inv-2: The deleted flag can only be used if the" style="color: deeppink"><b>0..1</b></span> <span style="color: navy">If this item is actually marked as deleted</span><span style="color: Gray"> --&gt;</span>
  &lt;<a title="A reference to the actual resource from which data was derived" class="dict" href="list-definitions.htm#List.entry.item"><b>item</b></a>&gt;<span style="color: Gray">&lt;!--</span> <span style="color: brown"><b>1..1</b></span> <span style="color: darkgreen"><a href="resources.htm#Resource">Resource</a>(<a href="resources.htm">Any</a>)</span> <span style="color: navy">Actual entry</span><span style="color: Gray"> --&gt;</span>&lt;/item&gt;
 &lt;/entry&gt;
 &lt;<a title="If the list is empty, why the list is empty" class="dict" href="list-definitions.htm#List.emptyReason"><b>emptyReason</b></a>&gt;<span style="color: Gray">&lt;!--</span> <span title="Inv-1: A list can only have an emptyReason if it is empty" style="color: deeppink"><b>0..1</b></span> <span style="color: darkgreen"><a href="datatypes.htm#CodeableConcept">CodeableConcept</a></span> <span style="color: navy">Why list is empty</span><span style="color: Gray"> --&gt;</span>&lt;/emptyReason&gt;
&lt;/List&gt;
</pre></div>
  </text>
  <name value="list"/>
  <publisher value="todo (committee)"/>
  <description value="Basic Profile. A set of information summarized from a list of other resources"/>
  <status>
    <code value="testing"/>
    <date value="2013-06-08"/>
  </status>
  <structure>
    <type value="List"/>
    <element>
      <path value="List"/>
      <definition>
        <short value="Information summarized from a list of other resources"/>
        <formal value="A set of information summarized from a list of other resources"/>
        <min value="1"/>
        <max value="1"/>
        <type>
          <code value="Resource"/>
        </type>
        <constraint>
          <key value="2"/>
          <name value="Deleted Rule"/>
          <severity value="error"/>
          <human value="The deleted flag can only be used if the"/>
          <xpath value="(f:mode/@value = &#39;changes&#39;) or not(exists(f:entry/f:item/f:deleted))"/>
        </constraint>
        <constraint>
          <key value="1"/>
          <name value="No emptyReason if list is not empty"/>
          <severity value="error"/>
          <human value="A list can only have an emptyReason if it is empty"/>
          <xpath value="not(exists(f:emptyReason) and exists(f:entry))"/>
        </constraint>
        <mustUnderstand value="false"/>
      </definition>
    </element>
    <element>
      <path value="List.extension"/>
      <definition>
        <short value="Additional Content defined by implementations"/>
        <formal value="May be used to represent additional information that is not part of the basic definition of the resource. In order to make the use of extensions safe and manageable, there is a strict governance applied to the definition and use of extensions. Though any implementer is allowed to define an extension, there is a set of requirements that must be met as part of the definition of the extension"/>
        <comments value="there can be no stigma
associated with the use of extensions by any application, project, or standard - regardless of the institution or jurisdiction that uses or defines the extensions.  The use of extensions is what allows the FHIR specification to retain a core simplicity for everyone"/>
        <synonym value="extensions"/>
        <synonym value="user content"/>
        <min value="0"/>
        <max value="*"/>
        <type>
          <code value="Extension"/>
        </type>
      </definition>
    </element>
    <element>
      <path value="List.text"/>
      <definition>
        <short value="Text summary of the resource, for human interpretation"/>
        <formal value="A human readable narrative that contains a summary of the resource, and may be used to represent the content of the resource to a human. The narrative need not encode all the structured data, but is required to contain sufficient detail to make it &quot;clinically safe&quot; for a human to just read the narrative. Resource definitions may define what content should be represented in the narrative to ensure clinical safety"/>
        <comments value="Contained resources do not have narrative. Resources that are not contained SHOULD have a narrative"/>
        <synonym value="narrative"/>
        <synonym value="html"/>
        <synonym value="xhtml"/>
        <synonym value="display"/>
        <min value="0"/>
        <max value="1"/>
        <type>
          <code value="Narrative"/>
        </type>
      </definition>
    </element>
    <element>
      <path value="List.contained"/>
      <definition>
        <short value="Contained, inline Resources"/>
        <formal value="These resources do not have an independent existence apart from the resource that contains them - they cannot be identified independently, and nor can they have their own independent transaction scope"/>
        <comments value="This should never be done when the content can be identified properly, as once identification is lost, it is extremely difficult (and context dependent) to restore it again"/>
        <synonym value="inline resources"/>
        <synonym value="anonymous resources"/>
        <synonym value="contained resources"/>
        <min value="0"/>
        <max value="*"/>
        <type>
          <code value="Resource"/>
        </type>
      </definition>
    </element>
    <element>
      <path value="List.code"/>
      <definition>
        <short value="What the purpose of this list is"/>
        <formal value="This code defines the purpose of the list - why it was created"/>
        <comments value="If there is no code, the purpose of the list is implied where it is used, such as in a document section using Document.section.code"/>
        <min value="0"/>
        <max value="1"/>
        <type>
          <code value="CodeableConcept"/>
        </type>
        <mustUnderstand value="false"/>
        <binding value="ListCode"/>
      </definition>
    </element>
    <element>
      <path value="List.source"/>
      <definition>
        <short value="Source of the list"/>
        <formal value="The entity responsible for deciding what the contents of the list were"/>
        <comments value="The primary and important source is the entity that made the decisions what items are in the list. This may be software or user"/>
        <min value="0"/>
        <max value="1"/>
        <type>
          <code value="Resource(Practitioner|Patient|Device)"/>
        </type>
        <mustUnderstand value="false"/>
      </definition>
    </element>
    <element>
      <path value="List.date"/>
      <definition>
        <short value="When the list was prepared"/>
        <formal value="The date that the list was prepared"/>
        <comments value="The actual important date is the date of currency of the resources that were summarized, but it is usually assumed that these are current when the preparation occurs"/>
        <min value="0"/>
        <max value="1"/>
        <type>
          <code value="dateTime"/>
        </type>
        <mustUnderstand value="false"/>
      </definition>
    </element>
    <element>
      <path value="List.ordered"/>
      <definition>
        <short value="Whether items in the list have a meaningful order"/>
        <formal value="Whether items in the list have a meaningful order"/>
        <comments value="Applications SHOULD render ordered lists in the order provided, but MAY allow users to re-order based on their own preferences as well"/>
        <min value="0"/>
        <max value="1"/>
        <type>
          <code value="boolean"/>
        </type>
        <mustUnderstand value="false"/>
      </definition>
    </element>
    <element>
      <path value="List.mode"/>
      <definition>
        <short value="working | snapshot | changes"/>
        <formal value="How this list was prepared - whether it is a working list that is suitable for being maintained in an ongoing basis, or if it represents a snapshort of a list of items from another source, or whether it is a prepared list where items may be marked as added, modified or deleted"/>
        <min value="1"/>
        <max value="1"/>
        <type>
          <code value="code"/>
        </type>
        <mustUnderstand value="false"/>
        <binding value="ListMode"/>
      </definition>
    </element>
    <element>
      <path value="List.entry"/>
      <definition>
        <short value="Entries in the list"/>
        <formal value="Entries in this list"/>
        <comments value="If there are no entries in the list, an emptyReason SHOULD be provided"/>
        <min value="0"/>
        <max value="*"/>
        <mustUnderstand value="false"/>
      </definition>
    </element>
    <element>
      <path value="List.entry.flag"/>
      <definition>
        <short value="Workflow information about this item"/>
        <formal value="The flag allows the system constructing the list to make one or more statements about the role and significance of the item in the list"/>
        <comments value="The flag can only be understood in the context of the List.code. If the flag means that the entry has actually been deleted from the list, the deleted element must be true. Deleted can only be used if the List.mode is &quot;changes&quot;"/>
        <min value="0"/>
        <max value="*"/>
        <type>
          <code value="CodeableConcept"/>
        </type>
        <mustUnderstand value="false"/>
        <binding value="ListItemFlag"/>
      </definition>
    </element>
    <element>
      <path value="List.entry.deleted"/>
      <definition>
        <short value="If this item is actually marked as deleted"/>
        <formal value="True if this item is marked as deleted in the list."/>
        <comments value="If the flag means that the entry has actually been deleted from the list, the deleted element must be true. Both flag and deleted can only be used if the List.mode is &quot;changes&quot;. A deleted entry should be displayed in narrative as deleted"/>
        <min value="0"/>
        <max value="1"/>
        <type>
          <code value="boolean"/>
        </type>
        <mustUnderstand value="false"/>
      </definition>
    </element>
    <element>
      <path value="List.entry.item"/>
      <definition>
        <short value="Actual entry"/>
        <formal value="A reference to the actual resource from which data was derived"/>
        <min value="1"/>
        <max value="1"/>
        <type>
          <code value="Resource(Any)"/>
        </type>
        <mustUnderstand value="false"/>
      </definition>
    </element>
    <element>
      <path value="List.emptyReason"/>
      <definition>
        <short value="Why list is empty"/>
        <formal value="If the list is empty, why the list is empty"/>
        <comments value="The various reasons for an empty list make a significant interpretation to its interpretation"/>
        <min value="0"/>
        <max value="1"/>
        <type>
          <code value="CodeableConcept"/>
        </type>
        <mustUnderstand value="false"/>
        <binding value="ListEmptyReason"/>
      </definition>
    </element>
    <searchParam>
      <name value="source"/>
      <type value="reference"/>
      <documentation value="Source of the list"/>
    </searchParam>
    <searchParam>
      <name value="_id"/>
      <type value="token"/>
      <documentation value="The logical resource id associated with the resource (must be supported by all servers)"/>
    </searchParam>
    <searchParam>
      <name value="item"/>
      <type value="reference"/>
      <documentation value="Actual entry"/>
    </searchParam>
    <searchParam>
      <name value="code"/>
      <type value="token"/>
      <documentation value="What the purpose of this list is"/>
    </searchParam>
    <searchParam>
      <name value="emptyReason"/>
      <type value="token"/>
      <documentation value="Why list is empty"/>
    </searchParam>
    <searchParam>
      <name value="date"/>
      <type value="date"/>
      <documentation value="When the list was prepared"/>
    </searchParam>
  </structure>
  <binding>
    <name value="ListItemFlag"/>
    <definition value="Codes that provide further information about the reason and meaning of the item in the list"/>
    <type value="unbound"/>
    <isExtensible value="true"/>
    <conformance value="preferred"/>
  </binding>
  <binding>
    <name value="ListMode"/>
    <definition value="The processing mode that applies to this list"/>
    <type value="codelist"/>
    <conformance value="required"/>
    <referenceResource>
      <type value="ValueSet"/>
      <reference value="http://hl7.org/fhir/valueset/list-mode"/>
    </referenceResource>
  </binding>
  <binding>
    <name value="ListCode"/>
    <definition value="What the purpose of a list is"/>
    <type value="unbound"/>
    <isExtensible value="true"/>
    <conformance value="preferred"/>
  </binding>
  <binding>
    <name value="ListEmptyReason"/>
    <definition value="If a list is empty, why it is empty"/>
    <type value="unbound"/>
    <isExtensible value="true"/>
    <conformance value="preferred"/>
  </binding>
</Profile>