<?xml version="1.0" encoding="UTF-8"?><Location xmlns="http://hl7.org/fhir">
  <text>
    <status value="generated"/>
    <div xmlns="http://www.w3.org/1999/xhtml">UMCU, locatie Stratenum</div>
  </text>
  <name value="UMCU, locatie Stratenum"/>  
  <type>
    <coding>
      <system value="http://www.hl7.nl/locationTypeCodeNL"/>
      <code value="BRNCH"/>
      <display value="Branche"/>
    </coding>
  </type>
  <address>
    <line value="Universiteitsweg 100"/>
    <city value="Utrecht"/>
    <zip value="3584 CG"/>
  </address>
  <provider>
    <type value="Organization"/>
    <reference value="organization/@2.16.840.1.113883.19.5"/>
  </provider>
  <active value="true"/>
</Location>