<?xml version="1.0" encoding="UTF-8"?>

<ValueSet xmlns="http://hl7.org/fhir">
  <text>
    <status value="generated"/>
    <div xmlns="http://www.w3.org/1999/xhtml">
      <h2>MaritalStatus</h2>
      <p>The domestic partnership status of a person</p>
      <p>This value set includes terms defined in other code systems, using the following rules:</p>
      <ul>
        <li>Include these codes as defined in 
          <a href="v3/MaritalStatus/index.htm">http://hl7.org/fhir/v3/MaritalStatus</a>
          <table>
            <tr>
              <td>
                <b>Code</b>
              </td>
              <td>
                <b>Display</b>
              </td>
              <td>
                <b>Definition</b>
              </td>
            </tr>
            <tr>
              <td>A</td>
              <td>Annulled</td>
              <td>Marriage contract has been declared null and to not have existed</td>
            </tr>
            <tr>
              <td>D</td>
              <td>Divorced</td>
              <td>Marriage contract has been declared dissolved and inactive</td>
            </tr>
            <tr>
              <td>I</td>
              <td>Interlocutory</td>
              <td>Subject to an Interlocutory Decree.</td>
            </tr>
            <tr>
              <td>L</td>
              <td>Legally Separated</td>
              <td/>
            </tr>
            <tr>
              <td>M</td>
              <td>Married</td>
              <td>A current marriage contract is active</td>
            </tr>
            <tr>
              <td>P</td>
              <td>Polygamous</td>
              <td>More than 1 current spouse</td>
            </tr>
            <tr>
              <td>S</td>
              <td>Never Married</td>
              <td>No marriage contract has ever been entered</td>
            </tr>
            <tr>
              <td>T</td>
              <td>Domestic partner</td>
              <td>Person declares that a domestic partner relationship exists.</td>
            </tr>
            <tr>
              <td>W</td>
              <td>Widowed</td>
              <td>The spouse has died</td>
            </tr>
          </table>
        </li>
        <li>Include these codes as defined in 
          <a href="v3/NullFlavor/index.htm">http://hl7.org/fhir/v3/NullFlavor</a>
          <table>
            <tr>
              <td>
                <b>Code</b>
              </td>
              <td>
                <b>Display</b>
              </td>
              <td>
                <b>Definition</b>
              </td>
            </tr>
            <tr>
              <td>UNK</td>
              <td>unknown</td>
              <td>Description:A proper value is applicable, but not known.

                        
                           Usage Notes: This means the actual value is not known.  If the only thing that is unknown is how to properly express the value in the necessary constraints (value set, datatype, etc.), then the OTH or UNC flavor should be used.  No properties should be included for a datatype with this property unless:

                        
                           Those properties themselves directly translate to a semantic of &quot;unknown&quot;.  (E.g. a local code sent as a translation that conveys &#39;unknown&#39;)
                           Those properties further qualify the nature of what is unknown.  (E.g. specifying a use code of &quot;H&quot; and a URL prefix of &quot;tel:&quot; to convey that it is the home phone number that is unknown.)</td>
            </tr>
          </table>
        </li>
      </ul>
    </div>
  </text>
  <identifier value="http://hl7.org/fhir/vs/marital-status"/>
  <name value="MaritalStatus"/>
  <publisher value="HL7 (FHIR Project)"/>
  <telecom>
    <system value="url"/>
    <value value="http://hl7.org/fhir"/>
  </telecom>
  <telecom>
    <system value="email"/>
    <value value="fhir@lists.hl7.org"/>
  </telecom>
  <description value="The domestic partnership status of a person"/>
  <status value="draft"/>
  <date value="2023-05-12T00:10:00"/>
  <compose>
    <include>
      <system value="http://hl7.org/fhir/v3/MaritalStatus"/>
      <code value="A"/>
      <code value="D"/>
      <code value="I"/>
      <code value="L"/>
      <code value="M"/>
      <code value="P"/>
      <code value="S"/>
      <code value="T"/>
      <code value="W"/>
    </include>
    <include>
      <system value="http://hl7.org/fhir/v3/NullFlavor"/>
      <code value="UNK"/>
    </include>
  </compose>
</ValueSet>