<?xml version="1.0" encoding="UTF-8"?>

<ValueSet xmlns="http://hl7.org/fhir">
  <text>
    <status value="generated"/>
    <div xmlns="http://www.w3.org/1999/xhtml">
      <h2>MedicationAdministrationStatus</h2>
      <p>A set of codes indicating the current status of a MedicationAdministration

Tie this into the HL7 V3 Event act state model for administration</p>
      <p>This value set defines it&#39;s own terms in the system http://hl7.org/fhir/medication-admin-status</p>
      <table>
        <tr>
          <td>
            <b>Code</b>
          </td>
          <td>
            <b>Display</b>
          </td>
          <td>
            <b>Definition</b>
          </td>
        </tr>
        <tr>
          <td>active</td>
          <td/>
          <td>The administration of the medication has started and is currently in progress.</td>
        </tr>
        <tr>
          <td>paused</td>
          <td/>
          <td>The administration of the medication has started but is currently stopped with a firm intention of restarting.</td>
        </tr>
        <tr>
          <td>completed</td>
          <td/>
          <td>The administration of the medication has finished</td>
        </tr>
        <tr>
          <td>nullified</td>
          <td/>
          <td>The administration of the medication was recorded in error and the record should now be disregarded.</td>
        </tr>
      </table>
    </div>
  </text>
  <identifier value="http://hl7.org/fhir/vs/medication-admin-status"/>
  <name value="MedicationAdministrationStatus"/>
  <publisher value="HL7 (FHIR Project)"/>
  <telecom>
    <system value="url"/>
    <value value="http://hl7.org/fhir"/>
  </telecom>
  <telecom>
    <system value="email"/>
    <value value="fhir@lists.hl7.org"/>
  </telecom>
  <description value="A set of codes indicating the current status of a MedicationAdministration

Tie this into the HL7 V3 Event act state model for administration"/>
  <status value="draft"/>
  <date value="2023-05-12T00:10:00"/>
  <define>
    <system value="http://hl7.org/fhir/medication-admin-status"/>
    <concept>
      <code value="active"/>
      <definition value="The administration of the medication has started and is currently in progress."/>
    </concept>
    <concept>
      <code value="paused"/>
      <definition value="The administration of the medication has started but is currently stopped with a firm intention of restarting."/>
    </concept>
    <concept>
      <code value="completed"/>
      <definition value="The administration of the medication has finished"/>
    </concept>
    <concept>
      <code value="nullified"/>
      <definition value="The administration of the medication was recorded in error and the record should now be disregarded."/>
    </concept>
  </define>
</ValueSet>