{"ValueSet":{"text":{"status":{"value":"generated"},"div":"<div><h2>MedicationAdministrationStatus<\/h2><p>A set of codes indicating the current status of a MedicationAdministration\r\n\r\nTie this into the HL7 V3 Event act state model for administration<\/p><p>This value set defines it's own terms in the system http://hl7.org/fhir/medication-admin-status<\/p><table><tr><td><b>Code<\/b><\/td><td><b>Display<\/b><\/td><td><b>Definition<\/b><\/td><\/tr><tr><td>active<\/td><td/><td>The administration of the medication has started and is currently in progress.<\/td><\/tr><tr><td>paused<\/td><td/><td>The administration of the medication has started but is currently stopped with a firm intention of restarting.<\/td><\/tr><tr><td>completed<\/td><td/><td>The administration of the medication has finished<\/td><\/tr><tr><td>nullified<\/td><td/><td>The administration of the medication was recorded in error and the record should now be disregarded.<\/td><\/tr><\/table><\/div>"},"identifier":{"value":"http://hl7.org/fhir/vs/medication-admin-status"},"name":{"value":"MedicationAdministrationStatus"},"publisher":{"value":"HL7 (FHIR Project)"},"telecom":[{"system":{"value":"url"},"value":{"value":"http://hl7.org/fhir"}},{"system":{"value":"email"},"value":{"value":"fhir@lists.hl7.org"}}],"description":{"value":"A set of codes indicating the current status of a MedicationAdministration\r\n\r\nTie this into the HL7 V3 Event act state model for administration"},"status":{"value":"draft"},"date":{"value":"2023-05-12T00:10:00"},"define":{"system":{"value":"http://hl7.org/fhir/medication-admin-status"},"concept":[{"code":{"value":"active"},"definition":{"value":"The administration of the medication has started and is currently in progress."}},{"code":{"value":"paused"},"definition":{"value":"The administration of the medication has started but is currently stopped with a firm intention of restarting."}},{"code":{"value":"completed"},"definition":{"value":"The administration of the medication has finished"}},{"code":{"value":"nullified"},"definition":{"value":"The administration of the medication was recorded in error and the record should now be disregarded."}}]}}}