<?xml version="1.0" encoding="UTF-8"?><DocumentHeader xmlns="http://hl7.org/fhir">
  <id>1cbdfb97-5859-48a4-8301-d54eab818d68</id>
  <instant>2012-01-04T09:10:14Z</instant>
  <type>
    <coding>
      <code>11488-4</code>
      <system>http://loinc.org</system>
      <display>Consultation note</display>
    </coding>
  </type>
  <subject>
    <type>Patient</type>
    <id>12.123.451.23.1.23</id>
    <text>Henry Levin the 7th</text>
  </subject>
  <author>
    <type>Person</type>
    <id>233123</id>
    <text>Robert Dolin MD</text>
  </author>
  <attester>
    <mode>legal</mode>
    <party>
      <type>Person</type>
      <id>233123</id>
      <text>Robert Dolin MD</text>
    </party>
  </attester>
  <custodian>
    <type>Organization</type>
    <id>2.16.840.1.113883.19.5</id>
    <text>Good Health Clinic</text>
  </custodian>
  <section>
    <type>
      <coding>
        <code>10164-2</code>
        <system>http://loinc.org</system>
      </coding>
    </type>
    <content>
      <!--  we really need a different resource here, but it's not yet defined  -->
      <type>Prescription</type> 
      <id>34124</id>
    </content>
  </section>
  <text>
    <status>generated</status>
    <div xmlns="http://www.w3.org/1999/xhtml">
      <p>Consultation note for Henry Levin the 7th</p>
    </div>
  </text>
</DocumentHeader>