<?xml version="1.0" encoding="UTF-8"?>

<Profile xmlns="http://hl7.org/fhir">
  <id>documentheader</id>
  <name>documentheader</name>
  <author>
    <name>todo (committee)</name>
  </author>
  <description>Basic Profile. A documentation of healthcare-related information that is assembled together into a single statement of meaning that establishes its own context. A document is composed of a set of resources that include both human and computer readable portions. A human may attest to the accuracy of the human readable portion, and may authenticate and/or sign the entire whole. A document may be kept as a set of logically linked resources, or they may be bundled together in an atom feed</description>
  <status>
    <code>testing</code>
    <date>2012-07-16</date>
  </status>
  <resource>
    <type>Resource</type>
    <element>
      <path>DocumentHeader</path>
      <definition>
        <short>A document that contains resources</short>
        <formal>A documentation of healthcare-related information that is assembled together into a single statement of meaning that establishes its own context. A document is composed of a set of resources that include both human and computer readable portions. A human may attest to the accuracy of the human readable portion, and may authenticate and/or sign the entire whole. A document may be kept as a set of logically linked resources, or they may be bundled together in an atom feed</formal>
        <comments>While the focus of this specification is on patient-specific clinical documents, this resource can also apply to other healthcare-related documents such as study protocol designs, healthcare invoices and other activities that are not necessarily patient-specific or clinical</comments>
        <min>1</min>
        <max>1</max>
        <type>
          <code>Resource</code>
        </type>
        <dataAbsentReason>true</dataAbsentReason>
        <mustUnderstand>false</mustUnderstand>
      </definition>
    </element>
    <element>
      <path>DocumentHeader.id</path>
      <definition>
        <short>Master Resource Id = document Id</short>
        <formal>The unique system identifier of the document</formal>
        <comments>Must be globally unique. UUIDs are recommended</comments>
        <min>1</min>
        <max>1</max>
        <type>
          <code>id</code>
        </type>
        <dataAbsentReason>false</dataAbsentReason>
        <mustUnderstand>true</mustUnderstand>
      </definition>
    </element>
    <element>
      <path>DocumentHeader.instant</path>
      <definition>
        <short>Document Creation Time</short>
        <formal>the document creation time, when the document first came into being. Where the CDA document is a transform from an original document in some other format, the ClinicalDocument.effectiveTime is the time the original document is created.</formal>
        <min>1</min>
        <max>1</max>
        <type>
          <code>instant</code>
        </type>
        <dataAbsentReason>false</dataAbsentReason>
        <mustUnderstand>true</mustUnderstand>
      </definition>
    </element>
    <element>
      <path>DocumentHeader.type</path>
      <definition>
        <short>Kind of Document (LOINC if possible)</short>
        <formal>Specifying the particular kind of document (e.g. History and Physical, Discharge Summary, Progress Note)</formal>
        <min>1</min>
        <max>1</max>
        <type>
          <code>CodeableConcept</code>
        </type>
        <dataAbsentReason>false</dataAbsentReason>
        <mustUnderstand>true</mustUnderstand>
        <binding>DocumentType</binding>
      </definition>
    </element>
    <element>
      <path>DocumentHeader.title</path>
      <definition>
        <short>Document Title</short>
        <formal>Official human-readable label for the document</formal>
        <comments>It&#39;s commonly the case that clinical documents do not have a title and are collectively referred to by the display name of Document.type (e.g. a &quot;consultation&quot; or &quot;progress note&quot;). Where these display names are rendered to the clinician or where the document has a unique title, the Document.title value should be used</comments>
        <min>0</min>
        <max>1</max>
        <type>
          <code>string</code>
        </type>
        <dataAbsentReason>true</dataAbsentReason>
        <mustUnderstand>false</mustUnderstand>
      </definition>
    </element>
    <element>
      <path>DocumentHeader.replaces</path>
      <definition>
        <short>If this document replaces another</short>
        <formal>Identifies the document this document supersedes, if any.</formal>
        <min>0</min>
        <max>1</max>
        <type>
          <code>id</code>
        </type>
        <dataAbsentReason>false</dataAbsentReason>
        <mustUnderstand>true</mustUnderstand>
      </definition>
    </element>
    <element>
      <path>DocumentHeader.enterer</path>
      <definition>
        <short>The source of the data entry</short>
        <formal>The person or device that performed the data entry leading to this document. Where there is more than one candidate, pick the most proximal to the document creation or capture on a per-section basis. </formal>
        <comments>Can provide other enterers in extensions</comments>
        <min>0</min>
        <max>1</max>
        <type>
          <code>Resource(Agent)</code>
        </type>
        <dataAbsentReason>true</dataAbsentReason>
        <mustUnderstand>false</mustUnderstand>
      </definition>
    </element>
    <element>
      <path>DocumentHeader.subject</path>
      <definition>
        <short>Who/what the document is about</short>
        <formal>Identifies the primary subject of the document.  </formal>
        <comments>For clinical documents, this is usually the patient.</comments>
        <min>1</min>
        <max>1</max>
        <type>
          <code>Resource(Patient|Group|Device)</code>
        </type>
        <dataAbsentReason>false</dataAbsentReason>
        <mustUnderstand>true</mustUnderstand>
      </definition>
    </element>
    <element>
      <path>DocumentHeader.informant</path>
      <definition>
        <short>Who provided information in document</short>
        <formal>Identifies the source that recounted the information recorded</formal>
        <comments>Generally used if information is sourced from a non-clinician (patient, relative, etc.)</comments>
        <min>0</min>
        <max>1</max>
        <type>
          <code>Resource(Person)</code>
        </type>
        <dataAbsentReason>true</dataAbsentReason>
        <mustUnderstand>false</mustUnderstand>
      </definition>
    </element>
    <element>
      <path>DocumentHeader.author</path>
      <definition>
        <short>Who/what authored the final document</short>
        <formal>Identifies who is responsible for the information in the document.  (Not necessarily who typed it in.)</formal>
        <min>1</min>
        <max>*</max>
        <type>
          <code>Resource(Agent)</code>
        </type>
        <dataAbsentReason>false</dataAbsentReason>
        <mustUnderstand>false</mustUnderstand>
      </definition>
    </element>
    <element>
      <path>DocumentHeader.attester</path>
      <definition>
        <short>Attests to accuracy of document</short>
        <formal>A participant who has attested to the accuracy of the document</formal>
        <min>0</min>
        <max>*</max>
        <dataAbsentReason>false</dataAbsentReason>
        <mustUnderstand>false</mustUnderstand>
      </definition>
    </element>
    <element>
      <path>DocumentHeader.attester.mode</path>
      <definition>
        <short>Personal | professional | legal | official</short>
        <formal>The type of attestation the authenticator offers</formal>
        <min>1</min>
        <max>1</max>
        <type>
          <code>code</code>
        </type>
        <dataAbsentReason>false</dataAbsentReason>
        <mustUnderstand>false</mustUnderstand>
        <binding>DocumentAuthenticationMode</binding>
      </definition>
    </element>
    <element>
      <path>DocumentHeader.attester.time</path>
      <definition>
        <short>When document attested</short>
        <formal>When document was attested by the party</formal>
        <min>0</min>
        <max>1</max>
        <type>
          <code>dateTime</code>
        </type>
        <dataAbsentReason>true</dataAbsentReason>
        <mustUnderstand>false</mustUnderstand>
      </definition>
    </element>
    <element>
      <path>DocumentHeader.attester.party</path>
      <definition>
        <short>Who attested the document</short>
        <formal>Who attested the document in the specified way</formal>
        <min>0</min>
        <max>1</max>
        <type>
          <code>Resource(Agent|Organization)</code>
        </type>
        <dataAbsentReason>true</dataAbsentReason>
        <mustUnderstand>false</mustUnderstand>
      </definition>
    </element>
    <element>
      <path>DocumentHeader.recipient</path>
      <definition>
        <short>Expected to receive a copy </short>
        <formal>Identifies the people and organisations for whom the document is intended</formal>
        <min>0</min>
        <max>*</max>
        <type>
          <code>Resource(Agent|Organization)</code>
        </type>
        <dataAbsentReason>true</dataAbsentReason>
        <mustUnderstand>false</mustUnderstand>
      </definition>
    </element>
    <element>
      <path>DocumentHeader.custodian</path>
      <definition>
        <short>Org which maintains the document</short>
        <formal>Identifies the organization or group who is responsible for ongoing maintenance of and access to the document.</formal>
        <min>1</min>
        <max>1</max>
        <type>
          <code>Resource(Organization)</code>
        </type>
        <dataAbsentReason>false</dataAbsentReason>
        <mustUnderstand>false</mustUnderstand>
      </definition>
    </element>
    <element>
      <path>DocumentHeader.context</path>
      <definition>
        <short>The clinical item being documented</short>
        <formal>The main Act, such as a colonoscopy or an appendectomy, being documented</formal>
        <comments>The event needs to be consistent with the type element, though can provide further information if desired</comments>
        <min>0</min>
        <max>1</max>
        <type>
          <code>Resource(Any)</code>
        </type>
        <dataAbsentReason>true</dataAbsentReason>
        <mustUnderstand>false</mustUnderstand>
      </definition>
    </element>
    <element>
      <path>DocumentHeader.encounter</path>
      <definition>
        <short>Context of the document</short>
        <formal>Describes the clinical encounter or type of care this document is associated with.</formal>
        <min>0</min>
        <max>1</max>
        <type>
          <code>Resource(Admission|InterestOfCare)</code>
        </type>
        <dataAbsentReason>true</dataAbsentReason>
        <mustUnderstand>false</mustUnderstand>
      </definition>
    </element>
    <element>
      <path>DocumentHeader.stylesheet</path>
      <definition>
        <short>Stylesheet to use when rendering the document</short>
        <formal>A fixed stylesheet to use when rendering the documents</formal>
        <min>0</min>
        <max>1</max>
        <type>
          <code>Attachment</code>
        </type>
        <dataAbsentReason>true</dataAbsentReason>
        <mustUnderstand>false</mustUnderstand>
      </definition>
    </element>
    <element>
      <path>DocumentHeader.representation</path>
      <definition>
        <short>Alternative representation of the document</short>
        <formal>An alternative representation of the document that can be used in place of the html based rendering</formal>
        <comments>Typically, this is application/pdf</comments>
        <min>0</min>
        <max>1</max>
        <type>
          <code>Attachment</code>
        </type>
        <dataAbsentReason>false</dataAbsentReason>
        <mustUnderstand>false</mustUnderstand>
      </definition>
    </element>
    <element>
      <path>DocumentHeader.section</path>
      <definition>
        <short>Document is broken into sections</short>
        <formal>Identifies a main topic within the document&#39;s table of contents</formal>
        <min>0</min>
        <max>*</max>
        <dataAbsentReason>false</dataAbsentReason>
        <mustUnderstand>false</mustUnderstand>
      </definition>
    </element>
    <element>
      <path>DocumentHeader.section.type</path>
      <definition>
        <short>Type of section (recommended)</short>
        <formal>A code identifying the kind of content contained within the section</formal>
        <min>0</min>
        <max>1</max>
        <type>
          <code>CodeableConcept</code>
        </type>
        <dataAbsentReason>false</dataAbsentReason>
        <mustUnderstand>false</mustUnderstand>
        <binding>DocumentSectionType</binding>
      </definition>
    </element>
    <element>
      <path>DocumentHeader.section.instant</path>
      <definition>
        <short>Section Creation Time</short>
        <formal>Identifies when the content of the section was created</formal>
        <comments>Sections are often re-used in several documents, thus the creation time of a section may differ from that of the document</comments>
        <min>0</min>
        <max>1</max>
        <type>
          <code>instant</code>
        </type>
        <dataAbsentReason>true</dataAbsentReason>
        <mustUnderstand>false</mustUnderstand>
      </definition>
    </element>
    <element>
      <path>DocumentHeader.section.author</path>
      <definition>
        <short>Who/what authored the section</short>
        <formal>Identifies who is responsible for the information in the section.  (Not necessarily who typed it in.)</formal>
        <min>0</min>
        <max>1</max>
        <type>
          <code>Resource(Agent)</code>
        </type>
        <dataAbsentReason>false</dataAbsentReason>
        <mustUnderstand>false</mustUnderstand>
      </definition>
    </element>
    <element>
      <path>DocumentHeader.section.enterer</path>
      <definition>
        <short>The source of the data entry</short>
        <formal>The person or device that performed the data entry leading to this section. Where there is more than one candidate, pick the most proximal to the document creation. </formal>
        <comments>Can provide other enterers in extensions</comments>
        <min>0</min>
        <max>1</max>
        <type>
          <code>Resource(Agent)</code>
        </type>
        <dataAbsentReason>true</dataAbsentReason>
        <mustUnderstand>false</mustUnderstand>
      </definition>
    </element>
    <element>
      <path>DocumentHeader.section.subject</path>
      <definition>
        <short>If section different to document</short>
        <formal>Identifies the primary subject of the section.  </formal>
        <min>0</min>
        <max>1</max>
        <type>
          <code>Resource(Patient|Group|Device)</code>
        </type>
        <dataAbsentReason>false</dataAbsentReason>
        <mustUnderstand>true</mustUnderstand>
      </definition>
    </element>
    <element>
      <path>DocumentHeader.section.informant</path>
      <definition>
        <short>Who provided information in section</short>
        <formal>Identifies the source that recounted the information recorded</formal>
        <comments>Generally used if information is sourced from a non-clinician (patient, relative, etc.)</comments>
        <min>0</min>
        <max>1</max>
        <type>
          <code>Resource(Person)</code>
        </type>
        <dataAbsentReason>true</dataAbsentReason>
        <mustUnderstand>false</mustUnderstand>
      </definition>
    </element>
    <element>
      <path>DocumentHeader.section.content</path>
      <definition>
        <short>The actual data for the section</short>
        <formal>Identifies the discrete data that provides the content for the section.</formal>
        <comments>Because documents represent point-in-time snapshots, resource references should generally be to a specific version.</comments>
        <min>0</min>
        <max>1</max>
        <type>
          <code>Resource(Any)</code>
        </type>
        <dataAbsentReason>true</dataAbsentReason>
        <mustUnderstand>true</mustUnderstand>
      </definition>
    </element>
    <element>
      <path>DocumentHeader.section.text</path>
      <definition>
        <short>Human Readable Text Summary of the section</short>
        <formal>Provides the text view of the section.</formal>
        <comments>This will most commonly be used when there is no &quot;content&quot; resource or when the content resource does not provide a &quot;text&quot; element.</comments>
        <min>0</min>
        <max>1</max>
        <type>
          <code>Narrative</code>
        </type>
        <dataAbsentReason>true</dataAbsentReason>
        <mustUnderstand>false</mustUnderstand>
      </definition>
    </element>
    <element>
      <path>DocumentHeader.section.section</path>
      <definition>
        <short>Nested Section</short>
        <formal>Identifies a subtopic within the section as part of the document&#39;s table of contents</formal>
        <min>0</min>
        <max>*</max>
        <type>
          <code>@DocumentHeader.Section</code>
        </type>
        <dataAbsentReason>false</dataAbsentReason>
        <mustUnderstand>false</mustUnderstand>
      </definition>
    </element>
    <element>
      <path>DocumentHeader.extension</path>
      <definition>
        <short>See Extensions</short>
        <formal>See Extensions</formal>
        <min>0</min>
        <max>*</max>
        <type>
          <code>Extension</code>
        </type>
        <dataAbsentReason>false</dataAbsentReason>
        <mustUnderstand>false</mustUnderstand>
      </definition>
    </element>
    <element>
      <path>DocumentHeader.text</path>
      <definition>
        <short>Text summary of document, for human interpretation</short>
        <formal> </formal>
        <min>1</min>
        <max>1</max>
        <type>
          <code>Narrative</code>
        </type>
        <dataAbsentReason>false</dataAbsentReason>
        <mustUnderstand>true</mustUnderstand>
      </definition>
    </element>
  </resource>
  <text>
    <status>generated</status><div xmlns="http://www.w3.org/1999/xhtml"><pre>
&lt;<a title="A documentation of healthcare-related information that is assembled together into a single statement of meaning that establishes its own context. A document is composed of a set of resources that include both human and computer readable portions. A human may attest to the accuracy of the human readable portion, and may authenticate and/or sign the entire whole. A document may be kept as a set of logically linked resources, or they may be bundled together in an atom feed" class="dict" href="documentheader-definitions.htm#DocumentHeader"><b>DocumentHeader</b></a> xmlns=&quot;http://hl7.org/fhir&quot;&gt;
 &lt;<a title="The unique system identifier of the document (this element must be supported or understood)" class="dict" href="documentheader-definitions.htm#DocumentHeader.id"><span style="text-decoration: underline"><b>id</b></span></a>&gt;<span style="color: Gray">&lt;!--</span> <span style="color: brown"><b>1..1</b></span> <span style="color: darkgreen"><a href="datatypes.htm#id">id</a></span> <span style="color: navy">Master Resource Id = document Id</span><span style="color: Gray"> --&gt;</span>&lt;/id&gt;
 &lt;<a title="the document creation time, when the document first came into being. Where the CDA document is a transform from an original document in some other format, the ClinicalDocument.effectiveTime is the time the original document is created. (this element must be supported or understood)" class="dict" href="documentheader-definitions.htm#DocumentHeader.instant"><span style="text-decoration: underline"><b>instant</b></span></a>&gt;<span style="color: Gray">&lt;!--</span> <span style="color: brown"><b>1..1</b></span> <span style="color: darkgreen"><a href="datatypes.htm#instant">instant</a></span> <span style="color: navy">Document Creation Time</span><span style="color: Gray"> --&gt;</span>&lt;/instant&gt;
 &lt;<a title="Specifying the particular kind of document (e.g. History and Physical, Discharge Summary, Progress Note) (this element must be supported or understood)" class="dict" href="documentheader-definitions.htm#DocumentHeader.type"><span style="text-decoration: underline"><b>type</b></span></a>&gt;<span style="color: Gray">&lt;!--</span> <span style="color: brown"><b>1..1</b></span> <span style="color: darkgreen"><a href="datatypes.htm#CodeableConcept">CodeableConcept</a></span> <span style="color: navy">Kind of Document (LOINC if possible)</span><span style="color: Gray"> --&gt;</span>&lt;/type&gt;
 &lt;<a title="Official human-readable label for the document" class="dict" href="documentheader-definitions.htm#DocumentHeader.title"><b>title</b></a> <span title="dataAbsentReason attribute is allowed" style="color: red">d?</span>&gt;<span style="color: Gray">&lt;!--</span> <span style="color: brown"><b>0..1</b></span> <span style="color: darkgreen"><a href="datatypes.htm#string">string</a></span> <span style="color: navy">Document Title</span><span style="color: Gray"> --&gt;</span>&lt;/title&gt;
 &lt;<a title="Identifies the document this document supersedes, if any. (this element must be supported or understood)" class="dict" href="documentheader-definitions.htm#DocumentHeader.replaces"><span style="text-decoration: underline"><b>replaces</b></span></a>&gt;<span style="color: Gray">&lt;!--</span> <span style="color: brown"><b>0..1</b></span> <span style="color: darkgreen"><a href="datatypes.htm#id">id</a></span> <span style="color: navy">If this document replaces another</span><span style="color: Gray"> --&gt;</span>&lt;/replaces&gt;
 &lt;<a title="The person or device that performed the data entry leading to this document. Where there is more than one candidate, pick the most proximal to the document creation or capture on a per-section basis. " class="dict" href="documentheader-definitions.htm#DocumentHeader.enterer"><b>enterer</b></a> <span title="dataAbsentReason attribute is allowed" style="color: red">d?</span>&gt;<span style="color: Gray">&lt;!--</span> <span style="color: brown"><b>0..1</b></span> <span style="color: darkgreen"><a href="xml.htm#Resource">Resource</a>(<a href="Agent.htm#Agent">Agent</a>)</span> <span style="color: navy">The source of the data entry</span><span style="color: Gray"> --&gt;</span>&lt;/enterer&gt;
 &lt;<a title="Identifies the primary subject of the document.   (this element must be supported or understood)" class="dict" href="documentheader-definitions.htm#DocumentHeader.subject"><span style="text-decoration: underline"><b>subject</b></span></a>&gt;<span style="color: Gray">&lt;!--</span> <span style="color: brown"><b>1..1</b></span> <span style="color: darkgreen"><a href="xml.htm#Resource">Resource</a>(<a href="Patient.htm#Patient">Patient</a>|<a href="Group.htm#Group">Group</a>|<a href="Device.htm#Device">Device</a>)</span> <span style="color: navy">Who/what the document is about</span><span style="color: Gray"> --&gt;</span>&lt;/subject&gt;
 &lt;<a title="Identifies the source that recounted the information recorded" class="dict" href="documentheader-definitions.htm#DocumentHeader.informant"><b>informant</b></a> <span title="dataAbsentReason attribute is allowed" style="color: red">d?</span>&gt;<span style="color: Gray">&lt;!--</span> <span style="color: brown"><b>0..1</b></span> <span style="color: darkgreen"><a href="xml.htm#Resource">Resource</a>(<a href="Person.htm#Person">Person</a>)</span> <span style="color: navy">Who provided information in document</span><span style="color: Gray"> --&gt;</span>&lt;/informant&gt;
 &lt;<a title="Identifies who is responsible for the information in the document.  (Not necessarily who typed it in.)" class="dict" href="documentheader-definitions.htm#DocumentHeader.author"><b>author</b></a>&gt;<span style="color: Gray">&lt;!--</span> <span style="color: brown"><b>1..*</b></span> <span style="color: darkgreen"><a href="xml.htm#Resource">Resource</a>(<a href="Agent.htm#Agent">Agent</a>)</span> <span style="color: navy">Who/what authored the final document</span><span style="color: Gray"> --&gt;</span>&lt;/author&gt;
 &lt;<a title="A participant who has attested to the accuracy of the document" class="dict" href="documentheader-definitions.htm#DocumentHeader.attester"><b>attester</b></a>&gt;  <span style="color: Gray">&lt;!-- <span style="color: brown"><b>0..*</b></span> Attests to accuracy of document --&gt;</span>
  &lt;<a title="The type of attestation the authenticator offers" class="dict" href="documentheader-definitions.htm#DocumentHeader.attester.mode"><b>mode</b></a>&gt;<span style="color: Gray">&lt;!--</span> <span style="color: brown"><b>1..1</b></span> <span style="color: darkgreen"><a href="datatypes.htm#code">code</a></span> <span style="color: navy">Personal | professional | legal | official</span><span style="color: Gray"> --&gt;</span>&lt;/mode&gt;
  &lt;<a title="When document was attested by the party" class="dict" href="documentheader-definitions.htm#DocumentHeader.attester.time"><b>time</b></a> <span title="dataAbsentReason attribute is allowed" style="color: red">d?</span>&gt;<span style="color: Gray">&lt;!--</span> <span style="color: brown"><b>0..1</b></span> <span style="color: darkgreen"><a href="datatypes.htm#dateTime">dateTime</a></span> <span style="color: navy">When document attested</span><span style="color: Gray"> --&gt;</span>&lt;/time&gt;
  &lt;<a title="Who attested the document in the specified way" class="dict" href="documentheader-definitions.htm#DocumentHeader.attester.party"><b>party</b></a> <span title="dataAbsentReason attribute is allowed" style="color: red">d?</span>&gt;<span style="color: Gray">&lt;!--</span> <span style="color: brown"><b>0..1</b></span> <span style="color: darkgreen"><a href="xml.htm#Resource">Resource</a>(<a href="Agent.htm#Agent">Agent</a>|<a href="Organization.htm#Organization">Organization</a>)</span> <span style="color: navy">Who attested the document</span><span style="color: Gray"> --&gt;</span>&lt;/party&gt;
 &lt;/attester&gt;
 &lt;<a title="Identifies the people and organisations for whom the document is intended" class="dict" href="documentheader-definitions.htm#DocumentHeader.recipient"><b>recipient</b></a> <span title="dataAbsentReason attribute is allowed" style="color: red">d?</span>&gt;<span style="color: Gray">&lt;!--</span> <span style="color: brown"><b>0..*</b></span> <span style="color: darkgreen"><a href="xml.htm#Resource">Resource</a>(<a href="Agent.htm#Agent">Agent</a>|<a href="Organization.htm#Organization">Organization</a>)</span> <span style="color: navy">Expected to receive a copy </span><span style="color: Gray"> --&gt;</span>&lt;/recipient&gt;
 &lt;<a title="Identifies the organization or group who is responsible for ongoing maintenance of and access to the document." class="dict" href="documentheader-definitions.htm#DocumentHeader.custodian"><b>custodian</b></a>&gt;<span style="color: Gray">&lt;!--</span> <span style="color: brown"><b>1..1</b></span> <span style="color: darkgreen"><a href="xml.htm#Resource">Resource</a>(<a href="Organization.htm#Organization">Organization</a>)</span> <span style="color: navy">Org which maintains the document</span><span style="color: Gray"> --&gt;</span>&lt;/custodian&gt;
 &lt;<a title="The main Act, such as a colonoscopy or an appendectomy, being documented" class="dict" href="documentheader-definitions.htm#DocumentHeader.context"><b>context</b></a> <span title="dataAbsentReason attribute is allowed" style="color: red">d?</span>&gt;<span style="color: Gray">&lt;!--</span> <span style="color: brown"><b>0..1</b></span> <span style="color: darkgreen"><a href="xml.htm#Resource">Resource</a>(<a href="Any.htm#Any">Any</a>)</span> <span style="color: navy">The clinical item being documented</span><span style="color: Gray"> --&gt;</span>&lt;/context&gt;
 &lt;<a title="Describes the clinical encounter or type of care this document is associated with." class="dict" href="documentheader-definitions.htm#DocumentHeader.encounter"><b>encounter</b></a> <span title="dataAbsentReason attribute is allowed" style="color: red">d?</span>&gt;<span style="color: Gray">&lt;!--</span> <span style="color: brown"><b>0..1</b></span> <span style="color: darkgreen"><a href="xml.htm#Resource">Resource</a>(<a href="Admission.htm#Admission">Admission</a>|<a href="InterestOfCare.htm#InterestOfCare">InterestOfCare</a>)</span> <span style="color: navy">Context of the document</span><span style="color: Gray"> --&gt;</span>&lt;/encounter&gt;
 &lt;<a title="A fixed stylesheet to use when rendering the documents" class="dict" href="documentheader-definitions.htm#DocumentHeader.stylesheet"><b>stylesheet</b></a> <span title="dataAbsentReason attribute is allowed" style="color: red">d?</span>&gt;<span style="color: Gray">&lt;!--</span> <span title="A document stylesheet must have a mime type of text/css" style="color: deeppink"><b>0..1</b></span> <span style="color: darkgreen"><a href="datatypes.htm#Attachment">Attachment</a></span> <span style="color: navy">Stylesheet to use when rendering the document</span><span style="color: Gray"> --&gt;</span>&lt;/stylesheet&gt;
 &lt;<a title="An alternative representation of the document that can be used in place of the html based rendering" class="dict" href="documentheader-definitions.htm#DocumentHeader.representation"><b>representation</b></a>&gt;<span style="color: Gray">&lt;!--</span> <span title="A document must have a representation, one or more sections or both" style="color: deeppink"><b>0..1</b></span> <span style="color: darkgreen"><a href="datatypes.htm#Attachment">Attachment</a></span> <span style="color: navy">Alternative representation of the document</span><span style="color: Gray"> --&gt;</span>&lt;/representation&gt;
 &lt;<a title="Identifies a main topic within the document&#39;s table of contents" class="dict" href="documentheader-definitions.htm#DocumentHeader.section"><b>section</b></a>&gt;  <span style="color: Gray">&lt;!-- <span title="A document must have a representation, one or more sections or both" style="color: deeppink"><b>0..*</b></span> Document is broken into sections --&gt;</span>
  &lt;<a title="A code identifying the kind of content contained within the section" class="dict" href="documentheader-definitions.htm#DocumentHeader.section.type"><b>type</b></a>&gt;<span style="color: Gray">&lt;!--</span> <span style="color: brown"><b>0..1</b></span> <span style="color: darkgreen"><a href="datatypes.htm#CodeableConcept">CodeableConcept</a></span> <span style="color: navy">Type of section (recommended)</span><span style="color: Gray"> --&gt;</span>&lt;/type&gt;
  &lt;<a title="Identifies when the content of the section was created" class="dict" href="documentheader-definitions.htm#DocumentHeader.section.instant"><b>instant</b></a> <span title="dataAbsentReason attribute is allowed" style="color: red">d?</span>&gt;<span style="color: Gray">&lt;!--</span> <span style="color: brown"><b>0..1</b></span> <span style="color: darkgreen"><a href="datatypes.htm#instant">instant</a></span> <span style="color: navy">Section Creation Time</span><span style="color: Gray"> --&gt;</span>&lt;/instant&gt;
  &lt;<a title="Identifies who is responsible for the information in the section.  (Not necessarily who typed it in.)" class="dict" href="documentheader-definitions.htm#DocumentHeader.section.author"><b>author</b></a>&gt;<span style="color: Gray">&lt;!--</span> <span style="color: brown"><b>0..1</b></span> <span style="color: darkgreen"><a href="xml.htm#Resource">Resource</a>(<a href="Agent.htm#Agent">Agent</a>)</span> <span style="color: navy">Who/what authored the section</span><span style="color: Gray"> --&gt;</span>&lt;/author&gt;
  &lt;<a title="The person or device that performed the data entry leading to this section. Where there is more than one candidate, pick the most proximal to the document creation. " class="dict" href="documentheader-definitions.htm#DocumentHeader.section.enterer"><b>enterer</b></a> <span title="dataAbsentReason attribute is allowed" style="color: red">d?</span>&gt;<span style="color: Gray">&lt;!--</span> <span style="color: brown"><b>0..1</b></span> <span style="color: darkgreen"><a href="xml.htm#Resource">Resource</a>(<a href="Agent.htm#Agent">Agent</a>)</span> <span style="color: navy">The source of the data entry</span><span style="color: Gray"> --&gt;</span>&lt;/enterer&gt;
  &lt;<a title="Identifies the primary subject of the section.   (this element must be supported or understood)" class="dict" href="documentheader-definitions.htm#DocumentHeader.section.subject"><span style="text-decoration: underline"><b>subject</b></span></a>&gt;<span style="color: Gray">&lt;!--</span> <span style="color: brown"><b>0..1</b></span> <span style="color: darkgreen"><a href="xml.htm#Resource">Resource</a>(<a href="Patient.htm#Patient">Patient</a>|<a href="Group.htm#Group">Group</a>|<a href="Device.htm#Device">Device</a>)</span> <span style="color: navy">If section different to document</span><span style="color: Gray"> --&gt;</span>&lt;/subject&gt;
  &lt;<a title="Identifies the source that recounted the information recorded" class="dict" href="documentheader-definitions.htm#DocumentHeader.section.informant"><b>informant</b></a> <span title="dataAbsentReason attribute is allowed" style="color: red">d?</span>&gt;<span style="color: Gray">&lt;!--</span> <span style="color: brown"><b>0..1</b></span> <span style="color: darkgreen"><a href="xml.htm#Resource">Resource</a>(<a href="Person.htm#Person">Person</a>)</span> <span style="color: navy">Who provided information in section</span><span style="color: Gray"> --&gt;</span>&lt;/informant&gt;
  &lt;<a title="Identifies the discrete data that provides the content for the section. (this element must be supported or understood)" class="dict" href="documentheader-definitions.htm#DocumentHeader.section.content"><span style="text-decoration: underline"><b>content</b></span></a> <span title="dataAbsentReason attribute is allowed" style="color: red">d?</span>&gt;<span style="color: Gray">&lt;!--</span> <span title="A section must have content or one or more sections, but not both." style="color: deeppink"><b>0..1</b></span> <span style="color: darkgreen"><a href="xml.htm#Resource">Resource</a>(<a href="Any.htm#Any">Any</a>)</span> <span style="color: navy">The actual data for the section</span><span style="color: Gray"> --&gt;</span>&lt;/content&gt;
  &lt;<a title="Provides the text view of the section." class="dict" href="documentheader-definitions.htm#DocumentHeader.section.text"><b>text</b></a> <span title="dataAbsentReason attribute is allowed" style="color: red">d?</span>&gt;<span style="color: Gray">&lt;!--</span> <span title="A section must have content or one or more sections, but not both." style="color: deeppink"><b>0..1</b></span> <span style="color: darkgreen"><a href="xml.htm#Narrative">Narrative</a></span> <span style="color: navy">Human Readable Text Summary of the section</span><span style="color: Gray"> --&gt;</span>&lt;/text&gt;
  &lt;<a title="Identifies a subtopic within the section as part of the document&#39;s table of contents" class="dict" href="documentheader-definitions.htm#DocumentHeader.section.section"><b>section</b></a>&gt;<span style="color: Gray">&lt;!--</span> <span title="A section must have content or one or more sections, but not both." style="color: deeppink"><b>0..*</b></span> <span style="color: darkgreen">Content as for DocumentHeader.Section</span> <span style="color: navy">Nested Section</span><span style="color: Gray"> --&gt;</span>&lt;/section&gt;
 &lt;/section&gt;
 &lt;<a title="See Extensions" class="dict" href="documentheader-definitions.htm#DocumentHeader.extension"><b>extension</b></a>&gt;<span style="color: Gray">&lt;!--</span> <span style="color: brown"><b>0..*</b></span> <span style="color: darkgreen"><a href="extensibility.htm#Extension">Extension</a></span>  <a href="extensibility.htm"><span style="color: navy">See Extensions</span></a> <span style="color: Gray"> --&gt;</span>&lt;/extension&gt;
 &lt;<a title="  (this element must be supported or understood)" class="dict" href="documentheader-definitions.htm#DocumentHeader.text"><span style="text-decoration: underline"><b>text</b></span></a>&gt;<span style="color: Gray">&lt;!--</span> <span style="color: brown"><b>1..1</b></span> <span style="color: darkgreen"><a href="xml.htm#Narrative">Narrative</a></span> <span style="color: navy">Text summary of document, for human interpretation</span><span style="color: Gray"> --&gt;</span>&lt;/text&gt;
&lt;/DocumentHeader&gt;
</pre></div>
  </text>
</Profile>