<?xml version="1.0" encoding="UTF-8"?>
<resourceDefinitions xmlns="http://hl7.org/fhir">
  <author>HL7</author>
  <resourceDefinition>
    <name>DocumentHeader</name>
    <elementDefinitions>
      <elementDefinition>
        <name>DocumentHeader</name>
        <cardinality>
          <minOccurs>1</minOccurs>
          <maxOccurs>1</maxOccurs>
        </cardinality>
        <condition></condition>
        <mustUnderstand>false</mustUnderstand>
        <definition>A documentation of healthcare-related information that is assembled together into a single statement of meaning that establishes its own context. A document is composed of a set of resources that include both human and computer readable portions. A human may attest to the accuracy of the human readable portion, and may authenticate and/or sign the entire whole. A document may be kept as a set of logically linked resources, or they may be bundled together in an atom feed</definition>
        <requirements>For document based framework</requirements>
        <comments>While the focus of this specification is on patient-specific clinical documents, this resource can also apply to other healthcare-related documents such as study protocol designs, healthcare invoices and other activities that are not necessarily patient-specific or clinical</comments>
        <rim>Document[classCode=&quot;DOC&quot; and moodCode=&quot;EVN&quot; and isNormalAct()]</rim>
        <todo>Confidentiality? Language? Consent? Signatures</todo>
      </elementDefinition>
      <elementDefinition>
        <name>DocumentHeader.id</name>
        <cardinality>
          <minOccurs>1</minOccurs>
          <maxOccurs>1</maxOccurs>
        </cardinality>
        <condition></condition>
        <types>
          <type>id</type>
        </types>
        <mustUnderstand>true</mustUnderstand>
        <definition>The unique system identifier of the document</definition>
        <requirements>Each document needs a unique identifier so that other documents and underlying infrastructure can reference it</requirements>
        <comments>Must be globally unique. UUIDs are recommended</comments>
        <rim>unique(./id[isNormalDatatype() and displayable=&quot;false&quot; and scope=&quot;OBJ&quot; and reliability=&quot;ISS&quot;])</rim>
      </elementDefinition>
      <elementDefinition>
        <name>DocumentHeader.instant</name>
        <cardinality>
          <minOccurs>1</minOccurs>
          <maxOccurs>1</maxOccurs>
        </cardinality>
        <condition></condition>
        <types>
          <type>instant</type>
        </types>
        <mustUnderstand>true</mustUnderstand>
        <definition>the document creation time, when the document first came into being. Where the CDA document is a transform from an original document in some other format, the ClinicalDocument.effectiveTime is the time the original document is created.</definition>
        <requirements>Creation time is used for tracking, organizing versions and searching.</requirements>
        <rim>./effectiveTime[type=&quot;TS&quot;]</rim>
      </elementDefinition>
      <elementDefinition>
        <name>DocumentHeader.type</name>
        <cardinality>
          <minOccurs>1</minOccurs>
          <maxOccurs>1</maxOccurs>
        </cardinality>
        <condition></condition>
        <types>
          <type>CodeableConcept</type>
        </types>
        <conceptDomain>DocumentType</conceptDomain>
        <mustUnderstand>true</mustUnderstand>
        <definition>Specifying the particular kind of document (e.g. History and Physical, Discharge Summary, Progress Note)</definition>
        <requirements>Key metadata element describing the document, used in searching/filtering.</requirements>
        <rim>./code</rim>
      </elementDefinition>
      <elementDefinition>
        <name>DocumentHeader.title</name>
        <cardinality>
          <minOccurs>0</minOccurs>
          <maxOccurs>1</maxOccurs>
        </cardinality>
        <condition></condition>
        <types>
          <type>string</type>
        </types>
        <mustUnderstand>false</mustUnderstand>
        <definition>Official human-readable label for the document</definition>
        <requirements>Helps humans to assess whether the document is of interest</requirements>
        <comments>It's commonly the case that clinical documents do not have a title and are collectively referred to by the display name of Document.type (e.g. a &quot;consultation&quot; or &quot;progress note&quot;). Where these display names are rendered to the clinician or where the document has a unique title, the Document.title value should be used</comments>
        <rim>./title</rim>
      </elementDefinition>
      <elementDefinition>
        <name>DocumentHeader.replaces</name>
        <cardinality>
          <minOccurs>0</minOccurs>
          <maxOccurs>1</maxOccurs>
        </cardinality>
        <condition></condition>
        <types>
          <type>id</type>
        </types>
        <mustUnderstand>true</mustUnderstand>
        <definition>Identifies the document this document supersedes, if any.</definition>
        <requirements>Used to establish relationships between documents to determine which is the most current/authoritative.</requirements>
        <rim>unique(highest(./outboundRelationship[typeCode=&quot;RPLC and isNormalActRelationship()], priorityNumber)/target[classCode=&quot;DOC&quot; and moodCode=&quot;EVN&quot; and isNormalAct]/id[isNormalDatatype() and displayable=&quot;false&quot; and scope=&quot;OBJ&quot; and reliability=&quot;ISS&quot;])</rim>
      </elementDefinition>
      <elementDefinition>
        <name>DocumentHeader.enterer</name>
        <cardinality>
          <minOccurs>0</minOccurs>
          <maxOccurs>1</maxOccurs>
        </cardinality>
        <condition></condition>
        <types>
          <type>Resource(Agent)</type>
        </types>
        <mustUnderstand>false</mustUnderstand>
        <definition>The person or device that performed the data entry leading to this document. Where there is more than one candidate, pick the most proximal to the document creation or capture on a per-section basis. </definition>
        <requirements>Identifies who is responsible for the entry of the data.</requirements>
        <comments>Can provide other enterers in extensions</comments>
        <rim>unique(highest(./participation[typeCode=&quot;INT&quot; and isNormalParticipation], priorityNumber)/role[classCode=&quot;ASSIGNED&quot; and isNormalRole]/player[determinerCode=&quot;INST&quot; and classCode=(&quot;DEV&quot;, &quot;PSN&quot;) and isNormalEntity()])</rim>
      </elementDefinition>
      <elementDefinition>
        <name>DocumentHeader.subject</name>
        <cardinality>
          <minOccurs>1</minOccurs>
          <maxOccurs>1</maxOccurs>
        </cardinality>
        <condition></condition>
        <types>
          <type>Resource(Patient|Group|Device)</type>
        </types>
        <mustUnderstand>true</mustUnderstand>
        <definition>Identifies the primary subject of the document.  </definition>
        <requirements>Essential metadata for searching for the document, identifies who the document applies to</requirements>
        <comments>For clinical documents, this is usually the patient.</comments>
        <rim>unique(./participation[typeCode=&quot;SBJ&quot; and isNormalParticipation]/role[typeCode=&quot;PAT&quot;])
or
unique(./participation[typeCode=&quot;SBJ&quot; and isNormalParticipation]/role[typeCode=&quot;IDENT&quot;]/player[determinerCode=&quot;INST&quot; and classCode=(&quot;DEV&quot;, &quot;ORG&quot;) and isNormalEntity()])</rim>
        <todo>Need to extend this to support documents with other types of subjects.  Also rationalize with encounter &amp; context elements</todo>
      </elementDefinition>
      <elementDefinition>
        <name>DocumentHeader.informant</name>
        <cardinality>
          <minOccurs>0</minOccurs>
          <maxOccurs>1</maxOccurs>
        </cardinality>
        <condition></condition>
        <types>
          <type>Resource(Person)</type>
        </types>
        <mustUnderstand>false</mustUnderstand>
        <definition>Identifies the source that recounted the information recorded</definition>
        <requirements>Provides context as to the potential accuracy of the information</requirements>
        <comments>Generally used if information is sourced from a non-clinician (patient, relative, etc.)</comments>
        <rim>unique(highest(./participation[typeCode=&quot;INF&quot; and isNormalParticipation], priorityNumber)/role[classCode=&quot;ASSIGNED&quot; and isNormalRole]/player[determinerCode=&quot;INST&quot; and classCode=(&quot;DEV&quot;, &quot;PSN&quot;) and isNormalEntity()])</rim>
      </elementDefinition>
      <elementDefinition>
        <name>DocumentHeader.author</name>
        <cardinality>
          <minOccurs>1</minOccurs>
          <maxOccurs>unbounded</maxOccurs>
        </cardinality>
        <condition></condition>
        <types>
          <type>Resource(Agent)</type>
        </types>
        <mustUnderstand>false</mustUnderstand>
        <definition>Identifies who is responsible for the information in the document.  (Not necessarily who typed it in.)</definition>
        <requirements>Identifies who is responsible for the content.</requirements>
        <rim>./participation[typeCode=&quot;AUT&quot; and isNormalParticipation]/role[classCode=&quot;ASSIGNED&quot; and isNormalRole()]</rim>
      </elementDefinition>
      <elementDefinition>
        <name>DocumentHeader.attester</name>
        <cardinality>
          <minOccurs>0</minOccurs>
          <maxOccurs>unbounded</maxOccurs>
        </cardinality>
        <condition></condition>
        <mustUnderstand>false</mustUnderstand>
        <definition>A participant who has attested to the accuracy of the document</definition>
        <requirements>Identifies responsibility for the accuracy of the document content.</requirements>
        <rim>./participation[typeCode=&quot;AUTHEN&quot; and isNormalParticipation]</rim>
      </elementDefinition>
      <elementDefinition>
        <name>DocumentHeader.attester.mode</name>
        <cardinality>
          <minOccurs>1</minOccurs>
          <maxOccurs>1</maxOccurs>
        </cardinality>
        <condition></condition>
        <types>
          <type>code</type>
        </types>
        <conceptDomain>DocumentAuthenticationMode</conceptDomain>
        <mustUnderstand>false</mustUnderstand>
        <definition>The type of attestation the authenticator offers</definition>
        <requirements>Indicates the level of officialness of the attestation.</requirements>
        <rim>unique(./modeCode)</rim>
      </elementDefinition>
      <elementDefinition>
        <name>DocumentHeader.attester.time</name>
        <cardinality>
          <minOccurs>0</minOccurs>
          <maxOccurs>1</maxOccurs>
        </cardinality>
        <condition></condition>
        <types>
          <type>dateTime</type>
        </types>
        <mustUnderstand>false</mustUnderstand>
        <definition>When document was attested by the party</definition>
        <requirements>Identifies when the information in the document was deemed accurate.  (Things may have changed since then.)</requirements>
        <rim>./time[type=&quot;TS&quot; and isNormalDatatype()]</rim>
      </elementDefinition>
      <elementDefinition>
        <name>DocumentHeader.attester.party</name>
        <cardinality>
          <minOccurs>0</minOccurs>
          <maxOccurs>1</maxOccurs>
        </cardinality>
        <condition></condition>
        <types>
          <type>Resource(Agent|Organization)</type>
        </types>
        <mustUnderstand>false</mustUnderstand>
        <definition>Who attested the document in the specified way</definition>
        <requirements>Identifies who has taken on the responsibility for accuracy of the document content.</requirements>
        <rim>./role[classCode=&quot;ASSIGNED&quot; and isNormalRole]/player[determinerCode=&quot;INST&quot; and classCode=(&quot;DEV&quot;, &quot;PSN&quot;) and isNormalEntity()]
or
./role[classCode=&quot;ASSIGNED&quot; and isNormalRole and not(player)]/scoper[determinerCode=&quot;INST&quot; and classCode=&quot;ORG&quot; and isNormalEntity()]</rim>
      </elementDefinition>
      <elementDefinition>
        <name>DocumentHeader.recipient</name>
        <cardinality>
          <minOccurs>0</minOccurs>
          <maxOccurs>unbounded</maxOccurs>
        </cardinality>
        <condition></condition>
        <types>
          <type>Resource(Agent|Organization)</type>
        </types>
        <mustUnderstand>false</mustUnderstand>
        <definition>Identifies the people and organisations for whom the document is intended</definition>
        <requirements>Used for routing and also provides context as to intended audience.</requirements>
        <rim>./participation[typeCode=&quot;RCV&quot; and isNormalParticipation]/role[classCode=&quot;ASSIGNED&quot; and isNormalRole]
or
./participation[typeCode=&quot;RCV&quot; and isNormalParticipation]/role[classCode=&quot;ASSIGNED&quot; and isNormalRole and not (player)]/scoper[classCode=&quot;ORG&quot; and determinerCode=&quot;INST&quot; and isNormalEntity()]</rim>
      </elementDefinition>
      <elementDefinition>
        <name>DocumentHeader.custodian</name>
        <cardinality>
          <minOccurs>1</minOccurs>
          <maxOccurs>1</maxOccurs>
        </cardinality>
        <condition></condition>
        <types>
          <type>Resource(Organization)</type>
        </types>
        <mustUnderstand>false</mustUnderstand>
        <definition>Identifies the organization or group who is responsible for ongoing maintenance of and access to the document.</definition>
        <requirements>Identifies where to go to find the current version, where to report issues, etc.</requirements>
        <rim>./participation[typeCode=&quot;RCV&quot; and isNormalParticipation]/role[classCode=&quot;CUST&quot; and isNormalRole and not (player)]/scoper[classCode=&quot;ORG&quot; and determinerCode=&quot;INST&quot; and isNormalEntity()]</rim>
      </elementDefinition>
      <elementDefinition>
        <name>DocumentHeader.context</name>
        <cardinality>
          <minOccurs>0</minOccurs>
          <maxOccurs>1</maxOccurs>
        </cardinality>
        <condition></condition>
        <types>
          <type>Resource(Any)</type>
        </types>
        <mustUnderstand>false</mustUnderstand>
        <definition>The main Act, such as a colonoscopy or an appendectomy, being documented</definition>
        <requirements>Provides context for the document and creates a linkage between a resource describing an event and the document created describing the event.</requirements>
        <comments>The event needs to be consistent with the type element, though can provide further information if desired</comments>
        <rim>unique(highest(./outboundRelationship[typeCode=&quot;SUBJ&quot; and isNormalActRelationship()], priorityNumber)/target[moodCode=&quot;EVN&quot; and isNormalAct])</rim>
      </elementDefinition>
      <elementDefinition>
        <name>DocumentHeader.encounter</name>
        <cardinality>
          <minOccurs>0</minOccurs>
          <maxOccurs>1</maxOccurs>
        </cardinality>
        <condition></condition>
        <types>
          <type>Resource(Admission|InterestOfCare)</type>
        </types>
        <mustUnderstand>false</mustUnderstand>
        <definition>Describes the clinical encounter or type of care this document is associated with.</definition>
        <requirements>Provides context for the document and supports searching.</requirements>
        <rim>unique(highest(./outboundRelationship[typeCode=&quot;SUBJ&quot; and isNormalActRelationship()], priorityNumber)/target[moodCode=&quot;EVN&quot; and classCode=(&quot;ENC&quot;, &quot;PCPR&quot;) and isNormalAct])</rim>
      </elementDefinition>
      <elementDefinition>
        <name>DocumentHeader.stylesheet</name>
        <cardinality>
          <minOccurs>0</minOccurs>
          <maxOccurs>1</maxOccurs>
        </cardinality>
        <condition></condition>
        <types>
          <type>Attachment</type>
        </types>
        <mustUnderstand>false</mustUnderstand>
        <definition>A fixed stylesheet to use when rendering the documents</definition>
        <requirements></requirements>
        <rim>N/A</rim>
      </elementDefinition>
      <elementDefinition>
        <name>DocumentHeader.representation</name>
        <cardinality>
          <minOccurs>0</minOccurs>
          <maxOccurs>1</maxOccurs>
        </cardinality>
        <condition></condition>
        <types>
          <type>Attachment</type>
        </types>
        <mustUnderstand>false</mustUnderstand>
        <definition>An alternative representation of the document that can be used in place of the html based rendering</definition>
        <requirements>Support for CDA level 1</requirements>
        <comments>Typically, this is application/pdf</comments>
        <rim></rim>
      </elementDefinition>
      <elementDefinition>
        <name>DocumentHeader.section</name>
        <cardinality>
          <minOccurs>0</minOccurs>
          <maxOccurs>unbounded</maxOccurs>
        </cardinality>
        <condition></condition>
        <mustUnderstand>false</mustUnderstand>
        <definition>Identifies a main topic within the document's table of contents</definition>
        <requirements>Adds organization and human navigability to the information in the document.</requirements>
        <rim>./outboundRelationship[typeCode=&quot;COMP&quot; and isNormalActRelationship()]/target[moodCode=&quot;EVN&quot; and classCode=&quot;DOCSECT&quot; and isNormalAct]</rim>
      </elementDefinition>
      <elementDefinition>
        <name>DocumentHeader.section.type</name>
        <cardinality>
          <minOccurs>0</minOccurs>
          <maxOccurs>1</maxOccurs>
        </cardinality>
        <condition></condition>
        <types>
          <type>CodeableConcept</type>
        </types>
        <conceptDomain>DocumentSectionType</conceptDomain>
        <mustUnderstand>false</mustUnderstand>
        <definition>A code identifying the kind of content contained within the section</definition>
        <requirements>Provides computable standardized labels to topics within the document.</requirements>
        <rim>./code</rim>
      </elementDefinition>
      <elementDefinition>
        <name>DocumentHeader.section.instant</name>
        <cardinality>
          <minOccurs>0</minOccurs>
          <maxOccurs>1</maxOccurs>
        </cardinality>
        <condition></condition>
        <types>
          <type>instant</type>
        </types>
        <mustUnderstand>false</mustUnderstand>
        <definition>Identifies when the content of the section was created</definition>
        <requirements></requirements>
        <comments>Sections are often re-used in several documents, thus the creation time of a section may differ from that of the document</comments>
        <rim>./effectiveTime[type=&quot;TS&quot; and isNormalDatatype()]</rim>
      </elementDefinition>
      <elementDefinition>
        <name>DocumentHeader.section.author</name>
        <cardinality>
          <minOccurs>0</minOccurs>
          <maxOccurs>1</maxOccurs>
        </cardinality>
        <condition></condition>
        <types>
          <type>Resource(Agent)</type>
        </types>
        <mustUnderstand>false</mustUnderstand>
        <definition>Identifies who is responsible for the information in the section.  (Not necessarily who typed it in.)</definition>
        <requirements>Identifies who is responsible for the content.</requirements>
        <rim>./participation[typeCode=&quot;AUT&quot; and isNormalParticipation]/role[classCode=&quot;ASSIGNED&quot; and isNormalRole]/player[determinerCode=&quot;INST&quot; and classCode=(&quot;DEV&quot;, &quot;PSN&quot;) and isNormalEntity()]</rim>
      </elementDefinition>
      <elementDefinition>
        <name>DocumentHeader.section.enterer</name>
        <cardinality>
          <minOccurs>0</minOccurs>
          <maxOccurs>1</maxOccurs>
        </cardinality>
        <condition></condition>
        <types>
          <type>Resource(Agent)</type>
        </types>
        <mustUnderstand>false</mustUnderstand>
        <definition>The person or device that performed the data entry leading to this section. Where there is more than one candidate, pick the most proximal to the document creation. </definition>
        <requirements>Identifies who is responsible for the entry of the data.</requirements>
        <comments>Can provide other enterers in extensions</comments>
        <rim>unique(highest(./participation[typeCode=&quot;INT&quot; and isNormalParticipation], priorityNumber)/role[classCode=&quot;ASSIGNED&quot; and isNormalRole]/player[determinerCode=&quot;INST&quot; and classCode=(&quot;DEV&quot;, &quot;PSN&quot;) and isNormalEntity()])</rim>
      </elementDefinition>
      <elementDefinition>
        <name>DocumentHeader.section.subject</name>
        <cardinality>
          <minOccurs>0</minOccurs>
          <maxOccurs>1</maxOccurs>
        </cardinality>
        <condition></condition>
        <types>
          <type>Resource(Patient|Group|Device)</type>
        </types>
        <mustUnderstand>true</mustUnderstand>
        <definition>Identifies the primary subject of the section.  </definition>
        <requirements>Subjects can vary, for example mother/baby, patient &amp; relatives, etc.</requirements>
        <rim>unique(./participation[typeCode=&quot;SBJ&quot; and isNormalParticipation]/role[typeCode=&quot;PAT&quot;])
or
unique(./participation[typeCode=&quot;SBJ&quot; and isNormalParticipation]/role[typeCode=&quot;IDENT&quot;]/player[determinerCode=&quot;INST&quot; and classCode=(&quot;DEV&quot;, &quot;ORG&quot;) and isNormalEntity()])</rim>
      </elementDefinition>
      <elementDefinition>
        <name>DocumentHeader.section.informant</name>
        <cardinality>
          <minOccurs>0</minOccurs>
          <maxOccurs>1</maxOccurs>
        </cardinality>
        <condition></condition>
        <types>
          <type>Resource(Person)</type>
        </types>
        <mustUnderstand>false</mustUnderstand>
        <definition>Identifies the source that recounted the information recorded</definition>
        <requirements>Provides context as to the potential accuracy of the information</requirements>
        <comments>Generally used if information is sourced from a non-clinician (patient, relative, etc.)</comments>
        <rim>unique(highest(./participation[typeCode=&quot;INF&quot; and isNormalParticipation], priorityNumber)/role[classCode=&quot;ASSIGNED&quot; and isNormalRole]/player[determinerCode=&quot;INST&quot; and classCode=(&quot;DEV&quot;, &quot;PSN&quot;) and isNormalEntity()])</rim>
      </elementDefinition>
      <elementDefinition>
        <name>DocumentHeader.section.content</name>
        <cardinality>
          <minOccurs>0</minOccurs>
          <maxOccurs>1</maxOccurs>
        </cardinality>
        <condition></condition>
        <types>
          <type>Resource(Any)</type>
        </types>
        <mustUnderstand>true</mustUnderstand>
        <definition>Identifies the discrete data that provides the content for the section.</definition>
        <requirements>Conveys the discrete data associated with the document.</requirements>
        <comments>Because documents represent point-in-time snapshots, resource references should generally be to a specific version.</comments>
        <rim>unique(./outboundRelationship[typeCode=&quot;COMP&quot; and isNormalActRelationship()]/target[moodCode=&quot;EVN&quot; and classCode!=&quot;DOCSECT&quot; and isNormalAct])</rim>
        <todo>This may need to be 0..*.  May need to consider adding text here to to account for missing resources.</todo>
      </elementDefinition>
      <elementDefinition>
        <name>DocumentHeader.section.text</name>
        <cardinality>
          <minOccurs>0</minOccurs>
          <maxOccurs>1</maxOccurs>
        </cardinality>
        <condition></condition>
        <types>
          <type>Narrative</type>
        </types>
        <mustUnderstand>false</mustUnderstand>
        <definition>Provides the text view of the section.</definition>
        <requirements></requirements>
        <comments>This will most commonly be used when there is no &quot;content&quot; resource or when the content resource does not provide a &quot;text&quot; element.</comments>
        <rim>./text[mimeType=&quot;text/xhtml&quot;]</rim>
      </elementDefinition>
      <elementDefinition>
        <name>DocumentHeader.section.section</name>
        <cardinality>
          <minOccurs>0</minOccurs>
          <maxOccurs>unbounded</maxOccurs>
        </cardinality>
        <condition></condition>
        <types>
          <type>@DocumentHeader.Section</type>
        </types>
        <mustUnderstand>false</mustUnderstand>
        <definition>Identifies a subtopic within the section as part of the document's table of contents</definition>
        <requirements>Allows more complex document structures</requirements>
        <rim>./outboundRelationship[typeCode=&quot;COMP&quot; and isNormalActRelationship()]/target[moodCode=&quot;EVN&quot; and classCode=&quot;DOCSECT&quot; and isNormalAct]</rim>
      </elementDefinition>
      <elementDefinition>
        <name>DocumentHeader.extension</name>
        <cardinality>
          <minOccurs>0</minOccurs>
          <maxOccurs>unbounded</maxOccurs>
        </cardinality>
        <condition></condition>
        <types>
          <type>Extension</type>
        </types>
        <mustUnderstand>false</mustUnderstand>
        <definition>See Extensions</definition>
        <requirements></requirements>
        <rim>N/A</rim>
      </elementDefinition>
      <elementDefinition>
        <name>DocumentHeader.text</name>
        <cardinality>
          <minOccurs>1</minOccurs>
          <maxOccurs>1</maxOccurs>
        </cardinality>
        <condition></condition>
        <types>
          <type>Narrative</type>
        </types>
        <mustUnderstand>true</mustUnderstand>
        <definition> </definition>
        <requirements></requirements>
        <rim>./text[mimeType=&quot;text/plain&quot;]</rim>
      </elementDefinition>
    </elementDefinitions>
  </resourceDefinition>
</resourceDefinitions>

