<?xml version="1.0" encoding="UTF-8"?>

<Profile xmlns="http://hl7.org/fhir">
  <id>patient</id>
  <name>patient</name>
  <author>
    <name>todo (committee)</name>
  </author>
  <description>Basic Profile. A patient is a person or animal that is receiving care</description>
  <status>
    <code>testing</code>
    <date>2012-07-16</date>
  </status>
  <resource>
    <type>Resource</type>
    <element>
      <path>Patient</path>
      <definition>
        <short>Person or animal receiving care</short>
        <formal>A patient is a person or animal that is receiving care</formal>
        <min>1</min>
        <max>1</max>
        <type>
          <code>Resource</code>
        </type>
        <dataAbsentReason>true</dataAbsentReason>
        <mustUnderstand>false</mustUnderstand>
      </definition>
    </element>
    <element>
      <path>Patient.id</path>
      <definition>
        <short>Master Resource Id, always first in all resources</short>
        <formal>Master Resource Id, always first in all resources</formal>
        <min>1</min>
        <max>1</max>
        <type>
          <code>id</code>
        </type>
        <dataAbsentReason>false</dataAbsentReason>
        <mustUnderstand>false</mustUnderstand>
      </definition>
    </element>
    <element>
      <path>Patient.link</path>
      <definition>
        <short>Other patients linked to this resource</short>
        <formal>A linked patient record is a record that concerns the same patient. Records are linked after it is realised that at least one was created in error.</formal>
        <comments>More then two patient records may be linked. Note that there is a special transaction for linking patient records in the RESTful context, as record linking consistency must be maintained</comments>
        <min>0</min>
        <max>*</max>
        <type>
          <code>Resource(Patient)</code>
        </type>
        <dataAbsentReason>false</dataAbsentReason>
        <mustUnderstand>true</mustUnderstand>
      </definition>
    </element>
    <element>
      <path>Patient.active</path>
      <definition>
        <short>Whether this patient record is active (in use)</short>
        <formal>Whether the patient record is in use, or has been removed from active use</formal>
        <comments>If a record is inactive, and linked to an active record, then future patient/person/record updates should occur on the other patient</comments>
        <min>1</min>
        <max>1</max>
        <type>
          <code>boolean</code>
        </type>
        <dataAbsentReason>false</dataAbsentReason>
        <mustUnderstand>true</mustUnderstand>
      </definition>
    </element>
    <element>
      <path>Patient.subject</path>
      <definition>
        <short>The person or animal that is the patient</short>
        <formal>The person or animal that this patient record is about</formal>
        <min>1</min>
        <max>1</max>
        <type>
          <code>Resource(Person|Animal)</code>
        </type>
        <dataAbsentReason>false</dataAbsentReason>
        <mustUnderstand>true</mustUnderstand>
      </definition>
    </element>
    <element>
      <path>Patient.provider</path>
      <definition>
        <short>Organization managing the patient</short>
        <formal>The provider for whom this is a patient record</formal>
        <min>1</min>
        <max>1</max>
        <type>
          <code>Resource(Organization)</code>
        </type>
        <dataAbsentReason>false</dataAbsentReason>
        <mustUnderstand>true</mustUnderstand>
      </definition>
    </element>
    <element>
      <path>Patient.identifier</path>
      <definition>
        <short>An identifier for the person as this patient</short>
        <formal>An identifier that applies to this person as a patient</formal>
        <min>0</min>
        <max>*</max>
        <type>
          <code>HumanId</code>
        </type>
        <dataAbsentReason>true</dataAbsentReason>
        <mustUnderstand>true</mustUnderstand>
      </definition>
    </element>
    <element>
      <path>Patient.diet</path>
      <definition>
        <short>Dietary restrictions for the patient</short>
        <formal>Dietary restrictions for the patient</formal>
        <comments>not for specifying medical diets, but for casual dietary restrictions such as vegetarian, diary-free, nut-free, etc</comments>
        <min>0</min>
        <max>1</max>
        <type>
          <code>CodeableConcept</code>
        </type>
        <dataAbsentReason>true</dataAbsentReason>
        <mustUnderstand>false</mustUnderstand>
        <binding>PatientDiet</binding>
      </definition>
    </element>
    <element>
      <path>Patient.confidentiality</path>
      <definition>
        <short>Confidentiality of the patient records</short>
        <formal>Confidentiality of the patient records</formal>
        <comments>Confidentiality tracking also occurs at more detailed points in the medical record</comments>
        <min>0</min>
        <max>1</max>
        <type>
          <code>CodeableConcept</code>
        </type>
        <dataAbsentReason>true</dataAbsentReason>
        <mustUnderstand>false</mustUnderstand>
        <binding>PatientConfidentiality</binding>
      </definition>
    </element>
    <element>
      <path>Patient.recordLocation</path>
      <definition>
        <short>Where the paper record is</short>
        <formal>The location of the paper record for the patient, if there is one</formal>
        <min>0</min>
        <max>1</max>
        <type>
          <code>CodeableConcept</code>
        </type>
        <dataAbsentReason>true</dataAbsentReason>
        <mustUnderstand>false</mustUnderstand>
        <binding>PaperRecordLocation</binding>
      </definition>
    </element>
    <element>
      <path>Patient.extension</path>
      <definition>
        <short>See Extensions</short>
        <formal>See Extensions</formal>
        <min>0</min>
        <max>*</max>
        <type>
          <code>Extension</code>
        </type>
        <dataAbsentReason>false</dataAbsentReason>
        <mustUnderstand>false</mustUnderstand>
      </definition>
    </element>
    <element>
      <path>Patient.text</path>
      <definition>
        <short>Text summary of person, for human interpretation</short>
        <formal>Text summary of person, for human interpretation</formal>
        <min>1</min>
        <max>1</max>
        <type>
          <code>Narrative</code>
        </type>
        <dataAbsentReason>false</dataAbsentReason>
        <mustUnderstand>false</mustUnderstand>
      </definition>
    </element>
  </resource>
  <text>
    <status>generated</status><div xmlns="http://www.w3.org/1999/xhtml"><pre>
&lt;<a title="A patient is a person or animal that is receiving care" class="dict" href="patient-definitions.htm#Patient"><b>Patient</b></a> xmlns=&quot;http://hl7.org/fhir&quot;&gt;
 &lt;<a title="Master Resource Id, always first in all resources" class="dict" href="patient-definitions.htm#Patient.id"><b>id</b></a>&gt;<span style="color: Gray">&lt;!--</span> <span style="color: brown"><b>1..1</b></span> <span style="color: darkgreen"><a href="datatypes.htm#id">id</a></span> <span style="color: navy">Master Resource Id, always first in all resources</span><span style="color: Gray"> --&gt;</span>&lt;/id&gt;
 &lt;<a title="A linked patient record is a record that concerns the same patient. Records are linked after it is realised that at least one was created in error. (this element must be supported or understood)" class="dict" href="patient-definitions.htm#Patient.link"><span style="text-decoration: underline"><b>link</b></span></a>&gt;<span style="color: Gray">&lt;!--</span> <span style="color: brown"><b>0..*</b></span> <span style="color: darkgreen"><a href="xml.htm#Resource">Resource</a>(<a href="Patient.htm#Patient">Patient</a>)</span> <span style="color: navy">Other patients linked to this resource</span><span style="color: Gray"> --&gt;</span>&lt;/link&gt;
 &lt;<a title="Whether the patient record is in use, or has been removed from active use (this element must be supported or understood)" class="dict" href="patient-definitions.htm#Patient.active"><span style="text-decoration: underline"><b>active</b></span></a>&gt;<span style="color: Gray">&lt;!--</span> <span style="color: brown"><b>1..1</b></span> <span style="color: darkgreen"><a href="datatypes.htm#boolean">boolean</a></span> <span style="color: navy">Whether this patient record is active (in use)</span><span style="color: Gray"> --&gt;</span>&lt;/active&gt;
 &lt;<a title="The person or animal that this patient record is about (this element must be supported or understood)" class="dict" href="patient-definitions.htm#Patient.subject"><span style="text-decoration: underline"><b>subject</b></span></a>&gt;<span style="color: Gray">&lt;!--</span> <span style="color: brown"><b>1..1</b></span> <span style="color: darkgreen"><a href="xml.htm#Resource">Resource</a>(<a href="Person.htm#Person">Person</a>|<a href="Animal.htm#Animal">Animal</a>)</span> <span style="color: navy">The person or animal that is the patient</span><span style="color: Gray"> --&gt;</span>&lt;/subject&gt;
 &lt;<a title="The provider for whom this is a patient record (this element must be supported or understood)" class="dict" href="patient-definitions.htm#Patient.provider"><span style="text-decoration: underline"><b>provider</b></span></a>&gt;<span style="color: Gray">&lt;!--</span> <span style="color: brown"><b>1..1</b></span> <span style="color: darkgreen"><a href="xml.htm#Resource">Resource</a>(<a href="Organization.htm#Organization">Organization</a>)</span> <span style="color: navy">Organization managing the patient</span><span style="color: Gray"> --&gt;</span>&lt;/provider&gt;
 &lt;<a title="An identifier that applies to this person as a patient (this element must be supported or understood)" class="dict" href="patient-definitions.htm#Patient.identifier"><span style="text-decoration: underline"><b>identifier</b></span></a> <span title="dataAbsentReason attribute is allowed" style="color: red">d?</span>&gt;<span style="color: Gray">&lt;!--</span> <span style="color: brown"><b>0..*</b></span> <span style="color: darkgreen"><a href="datatypes.htm#HumanId">HumanId</a></span> <span style="color: navy">An identifier for the person as this patient</span><span style="color: Gray"> --&gt;</span>&lt;/identifier&gt;
 &lt;<a title="Dietary restrictions for the patient" class="dict" href="patient-definitions.htm#Patient.diet"><b>diet</b></a> <span title="dataAbsentReason attribute is allowed" style="color: red">d?</span>&gt;<span style="color: Gray">&lt;!--</span> <span style="color: brown"><b>0..1</b></span> <span style="color: darkgreen"><a href="datatypes.htm#CodeableConcept">CodeableConcept</a></span> <span style="color: navy">Dietary restrictions for the patient</span><span style="color: Gray"> --&gt;</span>&lt;/diet&gt;
 &lt;<a title="Confidentiality of the patient records" class="dict" href="patient-definitions.htm#Patient.confidentiality"><b>confidentiality</b></a> <span title="dataAbsentReason attribute is allowed" style="color: red">d?</span>&gt;<span style="color: Gray">&lt;!--</span> <span style="color: brown"><b>0..1</b></span> <span style="color: darkgreen"><a href="datatypes.htm#CodeableConcept">CodeableConcept</a></span> <span style="color: navy">Confidentiality of the patient records</span><span style="color: Gray"> --&gt;</span>&lt;/confidentiality&gt;
 &lt;<a title="The location of the paper record for the patient, if there is one" class="dict" href="patient-definitions.htm#Patient.recordLocation"><b>recordLocation</b></a> <span title="dataAbsentReason attribute is allowed" style="color: red">d?</span>&gt;<span style="color: Gray">&lt;!--</span> <span style="color: brown"><b>0..1</b></span> <span style="color: darkgreen"><a href="datatypes.htm#CodeableConcept">CodeableConcept</a></span> <span style="color: navy">Where the paper record is</span><span style="color: Gray"> --&gt;</span>&lt;/recordLocation&gt;
 &lt;<a title="See Extensions" class="dict" href="patient-definitions.htm#Patient.extension"><b>extension</b></a>&gt;<span style="color: Gray">&lt;!--</span> <span style="color: brown"><b>0..*</b></span> <span style="color: darkgreen"><a href="extensibility.htm#Extension">Extension</a></span>  <a href="extensibility.htm"><span style="color: navy">See Extensions</span></a> <span style="color: Gray"> --&gt;</span>&lt;/extension&gt;
 &lt;<a title="Text summary of person, for human interpretation" class="dict" href="patient-definitions.htm#Patient.text"><b>text</b></a>&gt;<span style="color: Gray">&lt;!--</span> <span style="color: brown"><b>1..1</b></span> <span style="color: darkgreen"><a href="xml.htm#Narrative">Narrative</a></span> <span style="color: navy">Text summary of person, for human interpretation</span><span style="color: Gray"> --&gt;</span>&lt;/text&gt;
&lt;/Patient&gt;
</pre></div>
  </text>
</Profile>