<?xml version="1.0" encoding="UTF-8"?>

<Profile xmlns="http://hl7.org/fhir">
  <id>person</id>
  <name>person</name>
  <author>
    <name>todo (committee)</name>
  </author>
  <description>Basic Profile. A person who is involved in the healthcare process</description>
  <status>
    <code>testing</code>
    <date>2012-07-16</date>
  </status>
  <resource>
    <type>Resource</type>
    <element>
      <path>Person</path>
      <definition>
        <short>Person involved in healthcare</short>
        <formal>A person who is involved in the healthcare process</formal>
        <min>1</min>
        <max>1</max>
        <type>
          <code>Resource</code>
        </type>
        <dataAbsentReason>true</dataAbsentReason>
        <mustUnderstand>false</mustUnderstand>
      </definition>
    </element>
    <element>
      <path>Person.id</path>
      <definition>
        <short>Master Resource Id, always first in all resources</short>
        <formal>Master Resource Id, always first in all resources</formal>
        <min>1</min>
        <max>1</max>
        <type>
          <code>id</code>
        </type>
        <dataAbsentReason>false</dataAbsentReason>
        <mustUnderstand>false</mustUnderstand>
      </definition>
    </element>
    <element>
      <path>Person.identifier</path>
      <definition>
        <short>A Human identifier for this person</short>
        <formal>Identifier for the person that is used to identify the person across multiple disparate systems and also for face to face identification of the person</formal>
        <min>0</min>
        <max>*</max>
        <type>
          <code>HumanId</code>
        </type>
        <dataAbsentReason>true</dataAbsentReason>
        <mustUnderstand>true</mustUnderstand>
      </definition>
    </element>
    <element>
      <path>Person.name</path>
      <definition>
        <short>A name associated with the person</short>
        <formal>A name associated with the person</formal>
        <comments>Person may have multiple names with different uses or applicable periods</comments>
        <min>0</min>
        <max>*</max>
        <type>
          <code>HumanName</code>
        </type>
        <dataAbsentReason>true</dataAbsentReason>
        <mustUnderstand>true</mustUnderstand>
      </definition>
    </element>
    <element>
      <path>Person.address</path>
      <definition>
        <short>An address for the person</short>
        <formal>An address for the person</formal>
        <comments>Person may have multiple addresses with different uses or applicable periods</comments>
        <min>0</min>
        <max>*</max>
        <type>
          <code>Address</code>
        </type>
        <dataAbsentReason>true</dataAbsentReason>
        <mustUnderstand>false</mustUnderstand>
      </definition>
    </element>
    <element>
      <path>Person.contact</path>
      <definition>
        <short>A contact detail for the person</short>
        <formal>A contact detail for the person</formal>
        <comments>Person may have multiple contacts with different uses or applicable periods</comments>
        <min>0</min>
        <max>*</max>
        <type>
          <code>Contact</code>
        </type>
        <dataAbsentReason>true</dataAbsentReason>
        <mustUnderstand>false</mustUnderstand>
      </definition>
    </element>
    <element>
      <path>Person.dob</path>
      <definition>
        <short>The birth date for the person</short>
        <formal>The birth date for the person</formal>
        <comments>At least a estimated year should be provided as a guess if the real dob is unknown</comments>
        <min>0</min>
        <max>1</max>
        <type>
          <code>dateTime</code>
        </type>
        <dataAbsentReason>true</dataAbsentReason>
        <mustUnderstand>true</mustUnderstand>
      </definition>
    </element>
    <element>
      <path>Person.gender</path>
      <definition>
        <short>Administrative Gender</short>
        <formal>Administrative Gender</formal>
        <min>0</min>
        <max>1</max>
        <type>
          <code>CodeableConcept</code>
        </type>
        <dataAbsentReason>true</dataAbsentReason>
        <mustUnderstand>true</mustUnderstand>
        <binding>AdministrativeGender</binding>
      </definition>
    </element>
    <element>
      <path>Person.religion</path>
      <definition>
        <short>Religion of the person</short>
        <formal>The religious denomination to which a person professes affiliation</formal>
        <comments>Not all people have a formal religious affiliation</comments>
        <min>0</min>
        <max>1</max>
        <type>
          <code>CodeableConcept</code>
        </type>
        <dataAbsentReason>true</dataAbsentReason>
        <mustUnderstand>false</mustUnderstand>
        <binding>Religion</binding>
      </definition>
    </element>
    <element>
      <path>Person.race</path>
      <definition>
        <short>The race of a person</short>
        <formal>blah balh</formal>
        <comments>Some places do not use this!</comments>
        <min>0</min>
        <max>*</max>
        <type>
          <code>CodeableConcept</code>
        </type>
        <dataAbsentReason>true</dataAbsentReason>
        <mustUnderstand>false</mustUnderstand>
        <binding>Race</binding>
      </definition>
    </element>
    <element>
      <path>Person.qualification</path>
      <definition>
        <short>Qualifications, Accreditations, Certifications</short>
        <formal>The qualifications a person has, including formal educational achievements, accreditations, and current certifications. All these qualifications may be used to determine what roles a person may play in a healthcare environment</formal>
        <min>0</min>
        <max>*</max>
        <dataAbsentReason>false</dataAbsentReason>
        <mustUnderstand>false</mustUnderstand>
      </definition>
    </element>
    <element>
      <path>Person.qualification.identifier</path>
      <definition>
        <short>Identifier for the qualification</short>
        <formal>The identifier of a qualification</formal>
        <min>0</min>
        <max>1</max>
        <type>
          <code>Identifier</code>
        </type>
        <dataAbsentReason>true</dataAbsentReason>
        <mustUnderstand>false</mustUnderstand>
      </definition>
    </element>
    <element>
      <path>Person.qualification.code</path>
      <definition>
        <short>A code for the qualification</short>
        <formal>The type of the qualification</formal>
        <min>0</min>
        <max>1</max>
        <type>
          <code>CodeableConcept</code>
        </type>
        <dataAbsentReason>true</dataAbsentReason>
        <mustUnderstand>false</mustUnderstand>
        <binding>Qualifications</binding>
      </definition>
    </element>
    <element>
      <path>Person.qualification.institution</path>
      <definition>
        <short>Who conferred it</short>
        <formal>The organisation that confered/confers the qualification</formal>
        <min>0</min>
        <max>1</max>
        <type>
          <code>Resource(Organization)</code>
        </type>
        <dataAbsentReason>true</dataAbsentReason>
        <mustUnderstand>false</mustUnderstand>
      </definition>
    </element>
    <element>
      <path>Person.qualification.period</path>
      <definition>
        <short>When the qualification is valid (date only)</short>
        <formal>The period for which a qualification is held</formal>
        <comments>Formal degrees may have a known start date, but no end date</comments>
        <min>0</min>
        <max>1</max>
        <type>
          <code>Period</code>
        </type>
        <dataAbsentReason>true</dataAbsentReason>
        <mustUnderstand>false</mustUnderstand>
      </definition>
    </element>
    <element>
      <path>Person.language</path>
      <definition>
        <short>language (with proficiency)</short>
        <formal>A language spoken by the person, with proficiency</formal>
        <comments>If no language is specified, this *implies* that the default local language is spoken</comments>
        <min>0</min>
        <max>*</max>
        <dataAbsentReason>false</dataAbsentReason>
        <mustUnderstand>false</mustUnderstand>
      </definition>
    </element>
    <element>
      <path>Person.language.code</path>
      <definition>
        <short>ISO 639-3 code for language</short>
        <formal>A code that identifies the language</formal>
        <comments>So just ISO 639-3?  Not allowing ENG-CA or something?</comments>
        <min>1</min>
        <max>1</max>
        <type>
          <code>code</code>
        </type>
        <dataAbsentReason>false</dataAbsentReason>
        <mustUnderstand>false</mustUnderstand>
        <binding>Language</binding>
      </definition>
    </element>
    <element>
      <path>Person.language.use</path>
      <definition>
        <short>How well the language is used</short>
        <formal>A code the describes how well the language is spoken</formal>
        <comments>No differentiation is made between spoken and written functionality here</comments>
        <min>0</min>
        <max>1</max>
        <type>
          <code>code</code>
        </type>
        <dataAbsentReason>true</dataAbsentReason>
        <mustUnderstand>false</mustUnderstand>
        <binding>LanguageUse</binding>
      </definition>
    </element>
    <element>
      <path>Person.relatedPerson</path>
      <definition>
        <short>Kin, Guardians, Agents, Caregivers</short>
        <formal>Other persons who are related to this person. The relationship might be one of several types: kin (familial or marital), financial or legal (such as guardian), biological (e.g. donor, donation-recipient) or casual (i.e. friend).</formal>
        <min>0</min>
        <max>*</max>
        <dataAbsentReason>false</dataAbsentReason>
        <mustUnderstand>false</mustUnderstand>
      </definition>
    </element>
    <element>
      <path>Person.relatedPerson.identifier</path>
      <definition>
        <short>Identifier for the person</short>
        <formal>Identifier the related person - may be a full link to a Person resource, or some other kind of identifier</formal>
        <min>0</min>
        <max>1</max>
        <type>
          <code>HumanId</code>
        </type>
        <dataAbsentReason>true</dataAbsentReason>
        <mustUnderstand>false</mustUnderstand>
      </definition>
    </element>
    <element>
      <path>Person.relatedPerson.role</path>
      <definition>
        <short>Type of relationship</short>
        <formal>Code that specifies how this person is related to the subject. A code is required.</formal>
        <min>1</min>
        <max>1</max>
        <type>
          <code>CodeableConcept</code>
        </type>
        <dataAbsentReason>false</dataAbsentReason>
        <mustUnderstand>false</mustUnderstand>
        <binding>PersonRelationship</binding>
      </definition>
    </element>
    <element>
      <path>Person.relatedPerson.name</path>
      <definition>
        <short>Name of the person</short>
        <formal>A name should be specified for the related person</formal>
        <min>0</min>
        <max>1</max>
        <type>
          <code>HumanName</code>
        </type>
        <dataAbsentReason>true</dataAbsentReason>
        <mustUnderstand>false</mustUnderstand>
      </definition>
    </element>
    <element>
      <path>Person.relatedPerson.contact</path>
      <definition>
        <short>Contact details for the person</short>
        <formal>Contact details (phone, email etc) should be provided for the person</formal>
        <min>0</min>
        <max>*</max>
        <type>
          <code>Contact</code>
        </type>
        <dataAbsentReason>true</dataAbsentReason>
        <mustUnderstand>false</mustUnderstand>
      </definition>
    </element>
    <element>
      <path>Person.extension</path>
      <definition>
        <short>See Extensions</short>
        <formal>See Extensions</formal>
        <min>0</min>
        <max>*</max>
        <type>
          <code>Extension</code>
        </type>
        <dataAbsentReason>false</dataAbsentReason>
        <mustUnderstand>false</mustUnderstand>
      </definition>
    </element>
    <element>
      <path>Person.text</path>
      <definition>
        <short>Text summary of person, for human interpretation</short>
        <formal>Text summary of person, for human interpretation</formal>
        <min>1</min>
        <max>1</max>
        <type>
          <code>Narrative</code>
        </type>
        <dataAbsentReason>false</dataAbsentReason>
        <mustUnderstand>false</mustUnderstand>
      </definition>
    </element>
  </resource>
  <text>
    <status>generated</status><div xmlns="http://www.w3.org/1999/xhtml"><pre>
&lt;<a title="A person who is involved in the healthcare process" class="dict" href="person-definitions.htm#Person"><b>Person</b></a> xmlns=&quot;http://hl7.org/fhir&quot;&gt;
 &lt;<a title="Master Resource Id, always first in all resources" class="dict" href="person-definitions.htm#Person.id"><b>id</b></a>&gt;<span style="color: Gray">&lt;!--</span> <span style="color: brown"><b>1..1</b></span> <span style="color: darkgreen"><a href="datatypes.htm#id">id</a></span> <span style="color: navy">Master Resource Id, always first in all resources</span><span style="color: Gray"> --&gt;</span>&lt;/id&gt;
 &lt;<a title="Identifier for the person that is used to identify the person across multiple disparate systems and also for face to face identification of the person (this element must be supported or understood)" class="dict" href="person-definitions.htm#Person.identifier"><span style="text-decoration: underline"><b>identifier</b></span></a> <span title="dataAbsentReason attribute is allowed" style="color: red">d?</span>&gt;<span style="color: Gray">&lt;!--</span> <span style="color: brown"><b>0..*</b></span> <span style="color: darkgreen"><a href="datatypes.htm#HumanId">HumanId</a></span> <span style="color: navy">A Human identifier for this person</span><span style="color: Gray"> --&gt;</span>&lt;/identifier&gt;
 &lt;<a title="A name associated with the person (this element must be supported or understood)" class="dict" href="person-definitions.htm#Person.name"><span style="text-decoration: underline"><b>name</b></span></a> <span title="dataAbsentReason attribute is allowed" style="color: red">d?</span>&gt;<span style="color: Gray">&lt;!--</span> <span style="color: brown"><b>0..*</b></span> <span style="color: darkgreen"><a href="datatypes.htm#HumanName">HumanName</a></span> <span style="color: navy">A name associated with the person</span><span style="color: Gray"> --&gt;</span>&lt;/name&gt;
 &lt;<a title="An address for the person" class="dict" href="person-definitions.htm#Person.address"><b>address</b></a> <span title="dataAbsentReason attribute is allowed" style="color: red">d?</span>&gt;<span style="color: Gray">&lt;!--</span> <span style="color: brown"><b>0..*</b></span> <span style="color: darkgreen"><a href="datatypes.htm#Address">Address</a></span> <span style="color: navy">An address for the person</span><span style="color: Gray"> --&gt;</span>&lt;/address&gt;
 &lt;<a title="A contact detail for the person" class="dict" href="person-definitions.htm#Person.contact"><b>contact</b></a> <span title="dataAbsentReason attribute is allowed" style="color: red">d?</span>&gt;<span style="color: Gray">&lt;!--</span> <span style="color: brown"><b>0..*</b></span> <span style="color: darkgreen"><a href="datatypes.htm#Contact">Contact</a></span> <span style="color: navy">A contact detail for the person</span><span style="color: Gray"> --&gt;</span>&lt;/contact&gt;
 &lt;<a title="The birth date for the person (this element must be supported or understood)" class="dict" href="person-definitions.htm#Person.dob"><span style="text-decoration: underline"><b>dob</b></span></a> <span title="dataAbsentReason attribute is allowed" style="color: red">d?</span>&gt;<span style="color: Gray">&lt;!--</span> <span style="color: brown"><b>0..1</b></span> <span style="color: darkgreen"><a href="datatypes.htm#dateTime">dateTime</a></span> <span style="color: navy">The birth date for the person</span><span style="color: Gray"> --&gt;</span>&lt;/dob&gt;
 &lt;<a title="Administrative Gender (this element must be supported or understood)" class="dict" href="person-definitions.htm#Person.gender"><span style="text-decoration: underline"><b>gender</b></span></a> <span title="dataAbsentReason attribute is allowed" style="color: red">d?</span>&gt;<span style="color: Gray">&lt;!--</span> <span style="color: brown"><b>0..1</b></span> <span style="color: darkgreen"><a href="datatypes.htm#CodeableConcept">CodeableConcept</a></span> <span style="color: navy">Administrative Gender</span><span style="color: Gray"> --&gt;</span>&lt;/gender&gt;
 &lt;<a title="The religious denomination to which a person professes affiliation" class="dict" href="person-definitions.htm#Person.religion"><b>religion</b></a> <span title="dataAbsentReason attribute is allowed" style="color: red">d?</span>&gt;<span style="color: Gray">&lt;!--</span> <span style="color: brown"><b>0..1</b></span> <span style="color: darkgreen"><a href="datatypes.htm#CodeableConcept">CodeableConcept</a></span> <span style="color: navy">Religion of the person</span><span style="color: Gray"> --&gt;</span>&lt;/religion&gt;
 &lt;<a title="blah balh" class="dict" href="person-definitions.htm#Person.race"><b>race</b></a> <span title="dataAbsentReason attribute is allowed" style="color: red">d?</span>&gt;<span style="color: Gray">&lt;!--</span> <span style="color: brown"><b>0..*</b></span> <span style="color: darkgreen"><a href="datatypes.htm#CodeableConcept">CodeableConcept</a></span> <span style="color: navy">The race of a person</span><span style="color: Gray"> --&gt;</span>&lt;/race&gt;
 &lt;<a title="The qualifications a person has, including formal educational achievements, accreditations, and current certifications. All these qualifications may be used to determine what roles a person may play in a healthcare environment" class="dict" href="person-definitions.htm#Person.qualification"><b>qualification</b></a>&gt;  <span style="color: Gray">&lt;!-- <span style="color: brown"><b>0..*</b></span> Qualifications, Accreditations, Certifications --&gt;</span>
  &lt;<a title="The identifier of a qualification" class="dict" href="person-definitions.htm#Person.qualification.identifier"><b>identifier</b></a> <span title="dataAbsentReason attribute is allowed" style="color: red">d?</span>&gt;<span style="color: Gray">&lt;!--</span> <span style="color: brown"><b>0..1</b></span> <span style="color: darkgreen"><a href="datatypes.htm#Identifier">Identifier</a></span> <span style="color: navy">Identifier for the qualification</span><span style="color: Gray"> --&gt;</span>&lt;/identifier&gt;
  &lt;<a title="The type of the qualification" class="dict" href="person-definitions.htm#Person.qualification.code"><b>code</b></a> <span title="dataAbsentReason attribute is allowed" style="color: red">d?</span>&gt;<span style="color: Gray">&lt;!--</span> <span style="color: brown"><b>0..1</b></span> <span style="color: darkgreen"><a href="datatypes.htm#CodeableConcept">CodeableConcept</a></span> <span style="color: navy">A code for the qualification</span><span style="color: Gray"> --&gt;</span>&lt;/code&gt;
  &lt;<a title="The organisation that confered/confers the qualification" class="dict" href="person-definitions.htm#Person.qualification.institution"><b>institution</b></a> <span title="dataAbsentReason attribute is allowed" style="color: red">d?</span>&gt;<span style="color: Gray">&lt;!--</span> <span style="color: brown"><b>0..1</b></span> <span style="color: darkgreen"><a href="xml.htm#Resource">Resource</a>(<a href="Organization.htm#Organization">Organization</a>)</span> <span style="color: navy">Who conferred it</span><span style="color: Gray"> --&gt;</span>&lt;/institution&gt;
  &lt;<a title="The period for which a qualification is held" class="dict" href="person-definitions.htm#Person.qualification.period"><b>period</b></a> <span title="dataAbsentReason attribute is allowed" style="color: red">d?</span>&gt;<span style="color: Gray">&lt;!--</span> <span style="color: brown"><b>0..1</b></span> <span style="color: darkgreen"><a href="datatypes.htm#Period">Period</a></span> <span style="color: navy">When the qualification is valid (date only)</span><span style="color: Gray"> --&gt;</span>&lt;/period&gt;
 &lt;/qualification&gt;
 &lt;<a title="A language spoken by the person, with proficiency" class="dict" href="person-definitions.htm#Person.language"><b>language</b></a>&gt;  <span style="color: Gray">&lt;!-- <span style="color: brown"><b>0..*</b></span> language (with proficiency) --&gt;</span>
  &lt;<a title="A code that identifies the language" class="dict" href="person-definitions.htm#Person.language.code"><b>code</b></a>&gt;<span style="color: Gray">&lt;!--</span> <span style="color: brown"><b>1..1</b></span> <span style="color: darkgreen"><a href="datatypes.htm#code">code</a></span> <span style="color: navy">ISO 639-3 code for language</span><span style="color: Gray"> --&gt;</span>&lt;/code&gt;
  &lt;<a title="A code the describes how well the language is spoken" class="dict" href="person-definitions.htm#Person.language.use"><b>use</b></a> <span title="dataAbsentReason attribute is allowed" style="color: red">d?</span>&gt;<span style="color: Gray">&lt;!--</span> <span style="color: brown"><b>0..1</b></span> <span style="color: darkgreen"><a href="datatypes.htm#code">code</a></span> <span style="color: navy">How well the language is used</span><span style="color: Gray"> --&gt;</span>&lt;/use&gt;
 &lt;/language&gt;
 &lt;<a title="Other persons who are related to this person. The relationship might be one of several types: kin (familial or marital), financial or legal (such as guardian), biological (e.g. donor, donation-recipient) or casual (i.e. friend)." class="dict" href="person-definitions.htm#Person.relatedPerson"><b>relatedPerson</b></a>&gt;  <span style="color: Gray">&lt;!-- <span style="color: brown"><b>0..*</b></span> Kin, Guardians, Agents, Caregivers --&gt;</span>
  &lt;<a title="Identifier the related person - may be a full link to a Person resource, or some other kind of identifier" class="dict" href="person-definitions.htm#Person.relatedPerson.identifier"><b>identifier</b></a> <span title="dataAbsentReason attribute is allowed" style="color: red">d?</span>&gt;<span style="color: Gray">&lt;!--</span> <span style="color: brown"><b>0..1</b></span> <span style="color: darkgreen"><a href="datatypes.htm#HumanId">HumanId</a></span> <span style="color: navy">Identifier for the person</span><span style="color: Gray"> --&gt;</span>&lt;/identifier&gt;
  &lt;<a title="Code that specifies how this person is related to the subject. A code is required." class="dict" href="person-definitions.htm#Person.relatedPerson.role"><b>role</b></a>&gt;<span style="color: Gray">&lt;!--</span> <span style="color: brown"><b>1..1</b></span> <span style="color: darkgreen"><a href="datatypes.htm#CodeableConcept">CodeableConcept</a></span> <span style="color: navy">Type of relationship</span><span style="color: Gray"> --&gt;</span>&lt;/role&gt;
  &lt;<a title="A name should be specified for the related person" class="dict" href="person-definitions.htm#Person.relatedPerson.name"><b>name</b></a> <span title="dataAbsentReason attribute is allowed" style="color: red">d?</span>&gt;<span style="color: Gray">&lt;!--</span> <span style="color: brown"><b>0..1</b></span> <span style="color: darkgreen"><a href="datatypes.htm#HumanName">HumanName</a></span> <span style="color: navy">Name of the person</span><span style="color: Gray"> --&gt;</span>&lt;/name&gt;
  &lt;<a title="Contact details (phone, email etc) should be provided for the person" class="dict" href="person-definitions.htm#Person.relatedPerson.contact"><b>contact</b></a> <span title="dataAbsentReason attribute is allowed" style="color: red">d?</span>&gt;<span style="color: Gray">&lt;!--</span> <span style="color: brown"><b>0..*</b></span> <span style="color: darkgreen"><a href="datatypes.htm#Contact">Contact</a></span> <span style="color: navy">Contact details for the person</span><span style="color: Gray"> --&gt;</span>&lt;/contact&gt;
 &lt;/relatedPerson&gt;
 &lt;<a title="See Extensions" class="dict" href="person-definitions.htm#Person.extension"><b>extension</b></a>&gt;<span style="color: Gray">&lt;!--</span> <span style="color: brown"><b>0..*</b></span> <span style="color: darkgreen"><a href="extensibility.htm#Extension">Extension</a></span>  <a href="extensibility.htm"><span style="color: navy">See Extensions</span></a> <span style="color: Gray"> --&gt;</span>&lt;/extension&gt;
 &lt;<a title="Text summary of person, for human interpretation" class="dict" href="person-definitions.htm#Person.text"><b>text</b></a>&gt;<span style="color: Gray">&lt;!--</span> <span style="color: brown"><b>1..1</b></span> <span style="color: darkgreen"><a href="xml.htm#Narrative">Narrative</a></span> <span style="color: navy">Text summary of person, for human interpretation</span><span style="color: Gray"> --&gt;</span>&lt;/text&gt;
&lt;/Person&gt;
</pre></div>
  </text>
</Profile>