<?xml version="1.0" encoding="UTF-8"?>

<Profile xmlns="http://hl7.org/fhir">
  <id>prescription</id>
  <name>prescription</name>
  <author>
    <name>todo (committee)</name>
  </author>
  <description>Basic Profile. Directions provided by a prescribing practitioner for a specific medication to be administered (and possibly) supplied to an individual</description>
  <status>
    <code>testing</code>
    <date>2012-07-16</date>
  </status>
  <resource>
    <type>Resource</type>
    <element>
      <path>Prescription</path>
      <definition>
        <short>Instruction to administer (and supply?) medication </short>
        <formal>Directions provided by a prescribing practitioner for a specific medication to be administered (and possibly) supplied to an individual</formal>
        <min>1</min>
        <max>1</max>
        <type>
          <code>Resource</code>
        </type>
        <dataAbsentReason>true</dataAbsentReason>
        <mustUnderstand>false</mustUnderstand>
      </definition>
    </element>
    <element>
      <path>Prescription.id</path>
      <definition>
        <short>Master Resource Id, always first in all resources</short>
        <formal>Master Resource Id, always first in all resources</formal>
        <min>1</min>
        <max>1</max>
        <type>
          <code>id</code>
        </type>
        <dataAbsentReason>false</dataAbsentReason>
        <mustUnderstand>false</mustUnderstand>
      </definition>
    </element>
    <element>
      <path>Prescription.identifier</path>
      <definition>
        <short>Prescription identification</short>
        <formal>A identifier used in an external system and associated with this medication</formal>
        <min>0</min>
        <max>*</max>
        <type>
          <code>HumanId</code>
        </type>
        <dataAbsentReason>false</dataAbsentReason>
        <mustUnderstand>true</mustUnderstand>
      </definition>
    </element>
    <element>
      <path>Prescription.status</path>
      <definition>
        <short>Status: Active|Completed</short>
        <formal>Actual status of the prescription</formal>
        <min>1</min>
        <max>1</max>
        <type>
          <code>code</code>
        </type>
        <dataAbsentReason>false</dataAbsentReason>
        <mustUnderstand>true</mustUnderstand>
        <binding>PrescriptionStatus</binding>
      </definition>
    </element>
    <element>
      <path>Prescription.patient</path>
      <definition>
        <short>Patient receiving medicine</short>
        <formal>The patient the prescription is prescribing medicine for</formal>
        <min>1</min>
        <max>1</max>
        <type>
          <code>Resource(Patient)</code>
        </type>
        <dataAbsentReason>false</dataAbsentReason>
        <mustUnderstand>true</mustUnderstand>
      </definition>
    </element>
    <element>
      <path>Prescription.prescriber</path>
      <definition>
        <short>Prescribing doctor</short>
        <formal>The clinician or doctor prescribing the medication</formal>
        <min>1</min>
        <max>1</max>
        <type>
          <code>Resource(Agent)</code>
        </type>
        <dataAbsentReason>false</dataAbsentReason>
        <mustUnderstand>false</mustUnderstand>
      </definition>
    </element>
    <element>
      <path>Prescription.prescribed</path>
      <definition>
        <short>Date/time prescribed</short>
        <formal>Date/time on which the prescription was written</formal>
        <min>1</min>
        <max>1</max>
        <type>
          <code>dateTime</code>
        </type>
        <dataAbsentReason>false</dataAbsentReason>
        <mustUnderstand>false</mustUnderstand>
      </definition>
    </element>
    <element>
      <path>Prescription.dispense</path>
      <definition>
        <short>Details of included dispense request</short>
        <formal>Details of the dispense as requested by the prescriber</formal>
        <min>0</min>
        <max>1</max>
        <dataAbsentReason>false</dataAbsentReason>
        <mustUnderstand>false</mustUnderstand>
      </definition>
    </element>
    <element>
      <path>Prescription.dispense.repeats</path>
      <definition>
        <short>Number of repeats</short>
        <formal>Requested number of repeats</formal>
        <comments>Default is &quot;1&quot;</comments>
        <min>0</min>
        <max>1</max>
        <type>
          <code>integer</code>
        </type>
        <dataAbsentReason>false</dataAbsentReason>
        <mustUnderstand>false</mustUnderstand>
      </definition>
    </element>
    <element>
      <path>Prescription.dispense.quantity</path>
      <definition>
        <short>Quantity per repeat</short>
        <formal>Requested quantity per repeat</formal>
        <min>1</min>
        <max>1</max>
        <type>
          <code>Quantity</code>
        </type>
        <dataAbsentReason>false</dataAbsentReason>
        <mustUnderstand>false</mustUnderstand>
      </definition>
    </element>
    <element>
      <path>Prescription.dispense.dispenser</path>
      <definition>
        <short>Person to fullfil the requested dispense</short>
        <formal>Person to fullfil the requested dispense</formal>
        <min>0</min>
        <max>1</max>
        <type>
          <code>Resource(Agent|Organization)</code>
        </type>
        <dataAbsentReason>true</dataAbsentReason>
        <mustUnderstand>false</mustUnderstand>
      </definition>
    </element>
    <element>
      <path>Prescription.medicine</path>
      <definition>
        <short>Prescribed medicine</short>
        <formal>The one single medicatine, vaccine or therapeutic good prescribed in this prescription.</formal>
        <min>1</min>
        <max>1</max>
        <dataAbsentReason>false</dataAbsentReason>
        <mustUnderstand>false</mustUnderstand>
      </definition>
    </element>
    <element>
      <path>Prescription.medicine.identification</path>
      <definition>
        <short>Test and/or code(s) for medicine</short>
        <formal>Text and or Code(s) that identify the medicine</formal>
        <min>0</min>
        <max>1</max>
        <type>
          <code>CodeableConcept</code>
        </type>
        <dataAbsentReason>true</dataAbsentReason>
        <mustUnderstand>true</mustUnderstand>
        <binding>MedicationKind</binding>
      </definition>
    </element>
    <element>
      <path>Prescription.medicine.activeIngredient</path>
      <definition>
        <short>Active substance</short>
        <formal>The substance in the medication formulation that is pharmaceutically active and is responsible for the medication&#39;s therapeutic effect</formal>
        <min>0</min>
        <max>*</max>
        <dataAbsentReason>false</dataAbsentReason>
        <mustUnderstand>false</mustUnderstand>
      </definition>
    </element>
    <element>
      <path>Prescription.medicine.activeIngredient.identification</path>
      <definition>
        <short>Text and/or Code(s) for active ingredient</short>
        <formal>Coded representation of active ingredient</formal>
        <min>1</min>
        <max>1</max>
        <type>
          <code>CodeableConcept</code>
        </type>
        <dataAbsentReason>true</dataAbsentReason>
        <mustUnderstand>false</mustUnderstand>
        <binding>MedicationKind</binding>
      </definition>
    </element>
    <element>
      <path>Prescription.medicine.activeIngredient.quantity[x]</path>
      <definition>
        <short>Relative quantity of active ingredient</short>
        <formal>Quantity of active ingredient expressed in relation to the whole of the prepared medicine</formal>
        <min>0</min>
        <max>1</max>
        <type>
          <code>Ratio</code>
        </type>
        <type>
          <code>code</code>
        </type>
        <dataAbsentReason>true</dataAbsentReason>
        <mustUnderstand>false</mustUnderstand>
      </definition>
    </element>
    <element>
      <path>Prescription.medicine.inactiveIngredient</path>
      <definition>
        <short>Inactive substance</short>
        <formal>Ingredients in the medication that are not active</formal>
        <min>0</min>
        <max>*</max>
        <dataAbsentReason>false</dataAbsentReason>
        <mustUnderstand>false</mustUnderstand>
      </definition>
    </element>
    <element>
      <path>Prescription.medicine.inactiveIngredient.identification</path>
      <definition>
        <short>Text and/or Code(s) for inactive ingredient</short>
        <formal>Coded representation of the inactive ingredient</formal>
        <min>1</min>
        <max>1</max>
        <type>
          <code>CodeableConcept</code>
        </type>
        <dataAbsentReason>true</dataAbsentReason>
        <mustUnderstand>false</mustUnderstand>
        <binding>MedicationKind</binding>
      </definition>
    </element>
    <element>
      <path>Prescription.medicine.inactiveIngredient.quantity[x]</path>
      <definition>
        <short>Relative quantity of inactive ingredient</short>
        <formal>Quantity of inactive ingredient expressed in relation to the whole of the prepared medicine</formal>
        <min>0</min>
        <max>1</max>
        <type>
          <code>Ratio</code>
        </type>
        <type>
          <code>code</code>
        </type>
        <dataAbsentReason>true</dataAbsentReason>
        <mustUnderstand>false</mustUnderstand>
      </definition>
    </element>
    <element>
      <path>Prescription.administrationRequest</path>
      <definition>
        <short>Instructions for use</short>
        <formal>Instructions for the use of the medication. Includes details about the timing schedule, dosis amounts and additional usage instructions.</formal>
        <min>1</min>
        <max>1</max>
        <dataAbsentReason>false</dataAbsentReason>
        <mustUnderstand>false</mustUnderstand>
      </definition>
    </element>
    <element>
      <path>Prescription.administrationRequest.description</path>
      <definition>
        <short>Textual instructions for use</short>
        <formal>Textual description of the use of the medication.</formal>
        <comments>Can contain more details than the structured information under this element, but must be in accordance with it. May not contain information about the medicine itself.</comments>
        <min>0</min>
        <max>1</max>
        <type>
          <code>string</code>
        </type>
        <dataAbsentReason>true</dataAbsentReason>
        <mustUnderstand>false</mustUnderstand>
      </definition>
    </element>
    <element>
      <path>Prescription.administrationRequest.totalPeriodicDosis</path>
      <definition>
        <short>Total periodic dosis</short>
        <formal>Total dose per day/week or other period when more specific information is missing or cannot be expressed using the timing specifications.</formal>
        <min>0</min>
        <max>1</max>
        <type>
          <code>Ratio</code>
        </type>
        <dataAbsentReason>true</dataAbsentReason>
        <mustUnderstand>false</mustUnderstand>
      </definition>
    </element>
    <element>
      <path>Prescription.administrationRequest.start</path>
      <definition>
        <short>Startdate for administration</short>
        <formal>First moment on which medication should be taken</formal>
        <min>0</min>
        <max>1</max>
        <type>
          <code>dateTime</code>
        </type>
        <dataAbsentReason>true</dataAbsentReason>
        <mustUnderstand>false</mustUnderstand>
      </definition>
    </element>
    <element>
      <path>Prescription.administrationRequest.end</path>
      <definition>
        <short>Enddate for administration</short>
        <formal>Last moment on which medication should be taken</formal>
        <min>0</min>
        <max>1</max>
        <type>
          <code>dateTime</code>
        </type>
        <dataAbsentReason>true</dataAbsentReason>
        <mustUnderstand>false</mustUnderstand>
      </definition>
    </element>
    <element>
      <path>Prescription.administrationRequest.duration</path>
      <definition>
        <short>Total duration of administration</short>
        <formal>Total duration of administration</formal>
        <min>0</min>
        <max>1</max>
        <type>
          <code>Quantity</code>
        </type>
        <dataAbsentReason>true</dataAbsentReason>
        <mustUnderstand>false</mustUnderstand>
      </definition>
    </element>
    <element>
      <path>Prescription.administrationRequest.numberOfAdministrations</path>
      <definition>
        <short>Maximum number of separate administrations</short>
        <formal>Maximum number of separate administrations before the instruction ends.</formal>
        <min>0</min>
        <max>1</max>
        <type>
          <code>integer</code>
        </type>
        <dataAbsentReason>true</dataAbsentReason>
        <mustUnderstand>false</mustUnderstand>
      </definition>
    </element>
    <element>
      <path>Prescription.administrationRequest.dosageInstruction</path>
      <definition>
        <short>Dosage instruction</short>
        <formal>Specification of dose and schedule for administration</formal>
        <comments>The can be &gt;1 dosage instruction to support administration of varying doses, resulting in 1 instruction per fixed dose.</comments>
        <min>1</min>
        <max>*</max>
        <dataAbsentReason>false</dataAbsentReason>
        <mustUnderstand>false</mustUnderstand>
      </definition>
    </element>
    <element>
      <path>Prescription.administrationRequest.dosageInstruction.precondition</path>
      <definition>
        <short>Precondition for starting administration</short>
        <formal>Precondition for starting the administration specified in this instruction</formal>
        <min>0</min>
        <max>*</max>
        <type>
          <code>CodeableConcept</code>
        </type>
        <dataAbsentReason>true</dataAbsentReason>
        <mustUnderstand>false</mustUnderstand>
        <binding>AdministrationPrecondition</binding>
      </definition>
    </element>
    <element>
      <path>Prescription.administrationRequest.dosageInstruction.prn</path>
      <definition>
        <short>Pro re nate: Yes|No</short>
        <formal>Pro re nate, &quot;If necessary&quot;: Specifies whether administration depens on the state and symptoms of the patient</formal>
        <comments>Default is &quot;false&quot;</comments>
        <min>0</min>
        <max>1</max>
        <type>
          <code>boolean</code>
        </type>
        <dataAbsentReason>false</dataAbsentReason>
        <mustUnderstand>false</mustUnderstand>
      </definition>
    </element>
    <element>
      <path>Prescription.administrationRequest.dosageInstruction.additionalInstruction</path>
      <definition>
        <short>Additional instructions</short>
        <formal>Additional details to guide administration. Especially relevant for medicine administered by patient</formal>
        <min>0</min>
        <max>*</max>
        <type>
          <code>CodeableConcept</code>
        </type>
        <dataAbsentReason>true</dataAbsentReason>
        <mustUnderstand>false</mustUnderstand>
        <binding>AdministrationInstruction</binding>
      </definition>
    </element>
    <element>
      <path>Prescription.administrationRequest.dosageInstruction.route</path>
      <definition>
        <short>Route of administration</short>
        <formal>Route of administration (oral, nasal, intravenous)</formal>
        <comments>Since the route of administration is generally determined by the choice of medication, it is not necessary to provide a value in route</comments>
        <min>0</min>
        <max>1</max>
        <type>
          <code>CodeableConcept</code>
        </type>
        <dataAbsentReason>true</dataAbsentReason>
        <mustUnderstand>false</mustUnderstand>
        <binding>AdministrationRoute</binding>
      </definition>
    </element>
    <element>
      <path>Prescription.administrationRequest.dosageInstruction.dose[x]</path>
      <definition>
        <short>Dose per administration</short>
        <formal>Dose per administration, expressed in units of the (prepared) product</formal>
        <comments>Dose may be an interval, &quot;2-3 tablets per 4 hours&quot;</comments>
        <min>1</min>
        <max>1</max>
        <type>
          <code>Quantity</code>
        </type>
        <type>
          <code>Range</code>
        </type>
        <dataAbsentReason>false</dataAbsentReason>
        <mustUnderstand>false</mustUnderstand>
      </definition>
    </element>
    <element>
      <path>Prescription.administrationRequest.dosageInstruction.rate</path>
      <definition>
        <short>Flow-rate for IV</short>
        <formal>Flow-rate for IV</formal>
        <min>0</min>
        <max>1</max>
        <type>
          <code>Quantity</code>
        </type>
        <dataAbsentReason>true</dataAbsentReason>
        <mustUnderstand>false</mustUnderstand>
      </definition>
    </element>
    <element>
      <path>Prescription.administrationRequest.dosageInstruction.schedule</path>
      <definition>
        <short>Schedule for administration</short>
        <formal>Schedule for administration. If multiple are given, they are considered to be active in parrallel</formal>
        <comments>Will submit proposal to change Schedule type.</comments>
        <min>1</min>
        <max>*</max>
        <type>
          <code>Schedule</code>
        </type>
        <dataAbsentReason>false</dataAbsentReason>
        <mustUnderstand>false</mustUnderstand>
      </definition>
    </element>
    <element>
      <path>Prescription.reason</path>
      <definition>
        <short>Reason for prescription</short>
        <formal>Diagnosis which is the reason for prescribing this medicine</formal>
        <min>0</min>
        <max>1</max>
        <type>
          <code>CodeableConcept</code>
        </type>
        <dataAbsentReason>true</dataAbsentReason>
        <mustUnderstand>false</mustUnderstand>
        <binding>PrescriptionReason</binding>
      </definition>
    </element>
    <element>
      <path>Prescription.extension</path>
      <definition>
        <short>See Extensions</short>
        <formal>See Extensions</formal>
        <min>0</min>
        <max>*</max>
        <type>
          <code>Extension</code>
        </type>
        <dataAbsentReason>false</dataAbsentReason>
        <mustUnderstand>false</mustUnderstand>
      </definition>
    </element>
    <element>
      <path>Prescription.text</path>
      <definition>
        <short>Text summary of the prescription, for human interpretation</short>
        <formal>Text summary of the prescription, for human interpretation</formal>
        <min>1</min>
        <max>1</max>
        <type>
          <code>Narrative</code>
        </type>
        <dataAbsentReason>false</dataAbsentReason>
        <mustUnderstand>false</mustUnderstand>
      </definition>
    </element>
  </resource>
  <text>
    <status>generated</status><div xmlns="http://www.w3.org/1999/xhtml"><pre>
&lt;<a title="Directions provided by a prescribing practitioner for a specific medication to be administered (and possibly) supplied to an individual" class="dict" href="prescription-definitions.htm#Prescription"><b>Prescription</b></a> xmlns=&quot;http://hl7.org/fhir&quot;&gt;
 &lt;<a title="Master Resource Id, always first in all resources" class="dict" href="prescription-definitions.htm#Prescription.id"><b>id</b></a>&gt;<span style="color: Gray">&lt;!--</span> <span style="color: brown"><b>1..1</b></span> <span style="color: darkgreen"><a href="datatypes.htm#id">id</a></span> <span style="color: navy">Master Resource Id, always first in all resources</span><span style="color: Gray"> --&gt;</span>&lt;/id&gt;
 &lt;<a title="A identifier used in an external system and associated with this medication (this element must be supported or understood)" class="dict" href="prescription-definitions.htm#Prescription.identifier"><span style="text-decoration: underline"><b>identifier</b></span></a>&gt;<span style="color: Gray">&lt;!--</span> <span style="color: brown"><b>0..*</b></span> <span style="color: darkgreen"><a href="datatypes.htm#HumanId">HumanId</a></span> <span style="color: navy">Prescription identification</span><span style="color: Gray"> --&gt;</span>&lt;/identifier&gt;
 &lt;<a title="Actual status of the prescription (this element must be supported or understood)" class="dict" href="prescription-definitions.htm#Prescription.status"><span style="text-decoration: underline"><b>status</b></span></a>&gt;<span style="color: Gray">&lt;!--</span> <span style="color: brown"><b>1..1</b></span> <span style="color: darkgreen"><a href="datatypes.htm#code">code</a></span> <span style="color: navy">Status: Active|Completed</span><span style="color: Gray"> --&gt;</span>&lt;/status&gt;
 &lt;<a title="The patient the prescription is prescribing medicine for (this element must be supported or understood)" class="dict" href="prescription-definitions.htm#Prescription.patient"><span style="text-decoration: underline"><b>patient</b></span></a>&gt;<span style="color: Gray">&lt;!--</span> <span style="color: brown"><b>1..1</b></span> <span style="color: darkgreen"><a href="xml.htm#Resource">Resource</a>(<a href="Patient.htm#Patient">Patient</a>)</span> <span style="color: navy">Patient receiving medicine</span><span style="color: Gray"> --&gt;</span>&lt;/patient&gt;
 &lt;<a title="The clinician or doctor prescribing the medication" class="dict" href="prescription-definitions.htm#Prescription.prescriber"><b>prescriber</b></a>&gt;<span style="color: Gray">&lt;!--</span> <span style="color: brown"><b>1..1</b></span> <span style="color: darkgreen"><a href="xml.htm#Resource">Resource</a>(<a href="Agent.htm#Agent">Agent</a>)</span> <span style="color: navy">Prescribing doctor</span><span style="color: Gray"> --&gt;</span>&lt;/prescriber&gt;
 &lt;<a title="Date/time on which the prescription was written" class="dict" href="prescription-definitions.htm#Prescription.prescribed"><b>prescribed</b></a>&gt;<span style="color: Gray">&lt;!--</span> <span style="color: brown"><b>1..1</b></span> <span style="color: darkgreen"><a href="datatypes.htm#dateTime">dateTime</a></span> <span style="color: navy">Date/time prescribed</span><span style="color: Gray"> --&gt;</span>&lt;/prescribed&gt;
 &lt;<a title="Details of the dispense as requested by the prescriber" class="dict" href="prescription-definitions.htm#Prescription.dispense"><b>dispense</b></a>&gt;  <span style="color: Gray">&lt;!-- Details of included dispense request --&gt;</span>
  &lt;<a title="Requested number of repeats" class="dict" href="prescription-definitions.htm#Prescription.dispense.repeats"><b>repeats</b></a>&gt;<span style="color: Gray">&lt;!--</span> <span style="color: brown"><b>0..1</b></span> <span style="color: darkgreen"><a href="datatypes.htm#integer">integer</a></span> <span style="color: navy">Number of repeats</span><span style="color: Gray"> --&gt;</span>&lt;/repeats&gt;
  &lt;<a title="Requested quantity per repeat" class="dict" href="prescription-definitions.htm#Prescription.dispense.quantity"><b>quantity</b></a>&gt;<span style="color: Gray">&lt;!--</span> <span style="color: brown"><b>1..1</b></span> <span style="color: darkgreen"><a href="datatypes.htm#Quantity">Quantity</a></span> <span style="color: navy">Quantity per repeat</span><span style="color: Gray"> --&gt;</span>&lt;/quantity&gt;
  &lt;<a title="Person to fullfil the requested dispense" class="dict" href="prescription-definitions.htm#Prescription.dispense.dispenser"><b>dispenser</b></a> <span title="dataAbsentReason attribute is allowed" style="color: red">d?</span>&gt;<span style="color: Gray">&lt;!--</span> <span style="color: brown"><b>0..1</b></span> <span style="color: darkgreen"><a href="xml.htm#Resource">Resource</a>(<a href="Agent.htm#Agent">Agent</a>|<a href="Organization.htm#Organization">Organization</a>)</span> <span style="color: navy">Person to fullfil the requested dispense</span><span style="color: Gray"> --&gt;</span>&lt;/dispenser&gt;
 &lt;/dispense&gt;
 &lt;<a title="The one single medicatine, vaccine or therapeutic good prescribed in this prescription." class="dict" href="prescription-definitions.htm#Prescription.medicine"><b>medicine</b></a>&gt;  <span style="color: Gray">&lt;!-- Prescribed medicine --&gt;</span>
  &lt;<a title="Text and or Code(s) that identify the medicine (this element must be supported or understood)" class="dict" href="prescription-definitions.htm#Prescription.medicine.identification"><span style="text-decoration: underline"><b>identification</b></span></a> <span title="dataAbsentReason attribute is allowed" style="color: red">d?</span>&gt;<span style="color: Gray">&lt;!--</span> <span style="color: brown"><b>0..1</b></span> <span style="color: darkgreen"><a href="datatypes.htm#CodeableConcept">CodeableConcept</a></span> <span style="color: navy">Test and/or code(s) for medicine</span><span style="color: Gray"> --&gt;</span>&lt;/identification&gt;
  &lt;<a title="The substance in the medication formulation that is pharmaceutically active and is responsible for the medication&#39;s therapeutic effect" class="dict" href="prescription-definitions.htm#Prescription.medicine.activeIngredient"><b>activeIngredient</b></a>&gt;  <span style="color: Gray">&lt;!-- <span style="color: brown"><b>0..*</b></span> Active substance --&gt;</span>
   &lt;<a title="Coded representation of active ingredient" class="dict" href="prescription-definitions.htm#Prescription.medicine.activeIngredient.identification"><b>identification</b></a> <span title="dataAbsentReason attribute is allowed" style="color: red">d?</span>&gt;<span style="color: Gray">&lt;!--</span> <span style="color: brown"><b>1..1</b></span> <span style="color: darkgreen"><a href="datatypes.htm#CodeableConcept">CodeableConcept</a></span> <span style="color: navy">Text and/or Code(s) for active ingredient</span><span style="color: Gray"> --&gt;</span>&lt;/identification&gt;
   &lt;<a title="Quantity of active ingredient expressed in relation to the whole of the prepared medicine" class="dict" href="prescription-definitions.htm#Prescription.medicine.activeIngredient.quantity[x]"><b>quantity[x]</b></a> <span title="dataAbsentReason attribute is allowed" style="color: red">d?</span>&gt;<span style="color: Gray">&lt;!--</span> <span style="color: brown"><b>0..1</b></span> <span style="color: darkgreen"><a href="datatypes.htm#Ratio">Ratio</a>|<a href="datatypes.htm#code">code</a></span> <span style="color: navy">Relative quantity of active ingredient</span><span style="color: Gray"> --&gt;</span>&lt;/quantity[x]&gt;
  &lt;/activeIngredient&gt;
  &lt;<a title="Ingredients in the medication that are not active" class="dict" href="prescription-definitions.htm#Prescription.medicine.inactiveIngredient"><b>inactiveIngredient</b></a>&gt;  <span style="color: Gray">&lt;!-- <span style="color: brown"><b>0..*</b></span> Inactive substance --&gt;</span>
   &lt;<a title="Coded representation of the inactive ingredient" class="dict" href="prescription-definitions.htm#Prescription.medicine.inactiveIngredient.identification"><b>identification</b></a> <span title="dataAbsentReason attribute is allowed" style="color: red">d?</span>&gt;<span style="color: Gray">&lt;!--</span> <span style="color: brown"><b>1..1</b></span> <span style="color: darkgreen"><a href="datatypes.htm#CodeableConcept">CodeableConcept</a></span> <span style="color: navy">Text and/or Code(s) for inactive ingredient</span><span style="color: Gray"> --&gt;</span>&lt;/identification&gt;
   &lt;<a title="Quantity of inactive ingredient expressed in relation to the whole of the prepared medicine" class="dict" href="prescription-definitions.htm#Prescription.medicine.inactiveIngredient.quantity[x]"><b>quantity[x]</b></a> <span title="dataAbsentReason attribute is allowed" style="color: red">d?</span>&gt;<span style="color: Gray">&lt;!--</span> <span style="color: brown"><b>0..1</b></span> <span style="color: darkgreen"><a href="datatypes.htm#Ratio">Ratio</a>|<a href="datatypes.htm#code">code</a></span> <span style="color: navy">Relative quantity of inactive ingredient</span><span style="color: Gray"> --&gt;</span>&lt;/quantity[x]&gt;
  &lt;/inactiveIngredient&gt;
 &lt;/medicine&gt;
 &lt;<a title="Instructions for the use of the medication. Includes details about the timing schedule, dosis amounts and additional usage instructions." class="dict" href="prescription-definitions.htm#Prescription.administrationRequest"><b>administrationRequest</b></a>&gt;  <span style="color: Gray">&lt;!-- Instructions for use --&gt;</span>
  &lt;<a title="Textual description of the use of the medication." class="dict" href="prescription-definitions.htm#Prescription.administrationRequest.description"><b>description</b></a> <span title="dataAbsentReason attribute is allowed" style="color: red">d?</span>&gt;<span style="color: Gray">&lt;!--</span> <span style="color: brown"><b>0..1</b></span> <span style="color: darkgreen"><a href="datatypes.htm#string">string</a></span> <span style="color: navy">Textual instructions for use</span><span style="color: Gray"> --&gt;</span>&lt;/description&gt;
  &lt;<a title="Total dose per day/week or other period when more specific information is missing or cannot be expressed using the timing specifications." class="dict" href="prescription-definitions.htm#Prescription.administrationRequest.totalPeriodicDosis"><b>totalPeriodicDosis</b></a> <span title="dataAbsentReason attribute is allowed" style="color: red">d?</span>&gt;<span style="color: Gray">&lt;!--</span> <span style="color: brown"><b>0..1</b></span> <span style="color: darkgreen"><a href="datatypes.htm#Ratio">Ratio</a></span> <span style="color: navy">Total periodic dosis</span><span style="color: Gray"> --&gt;</span>&lt;/totalPeriodicDosis&gt;
  &lt;<a title="First moment on which medication should be taken" class="dict" href="prescription-definitions.htm#Prescription.administrationRequest.start"><b>start</b></a> <span title="dataAbsentReason attribute is allowed" style="color: red">d?</span>&gt;<span style="color: Gray">&lt;!--</span> <span title="Restrictions on the combinations of Duration, Start and End are as follows: Duration may be specified alone or with Start.  Alternatively, Start may be specified if End is specified.  No other combinations are allowed." style="color: deeppink"><b>0..1</b></span> <span style="color: darkgreen"><a href="datatypes.htm#dateTime">dateTime</a></span> <span style="color: navy">Startdate for administration</span><span style="color: Gray"> --&gt;</span>&lt;/start&gt;
  &lt;<a title="Last moment on which medication should be taken" class="dict" href="prescription-definitions.htm#Prescription.administrationRequest.end"><b>end</b></a> <span title="dataAbsentReason attribute is allowed" style="color: red">d?</span>&gt;<span style="color: Gray">&lt;!--</span> <span title="Restrictions on the combinations of Duration, Start and End are as follows: Duration may be specified alone or with Start.  Alternatively, Start may be specified if End is specified.  No other combinations are allowed." style="color: deeppink"><b>0..1</b></span> <span style="color: darkgreen"><a href="datatypes.htm#dateTime">dateTime</a></span> <span style="color: navy">Enddate for administration</span><span style="color: Gray"> --&gt;</span>&lt;/end&gt;
  &lt;<a title="Total duration of administration" class="dict" href="prescription-definitions.htm#Prescription.administrationRequest.duration"><b>duration</b></a> <span title="dataAbsentReason attribute is allowed" style="color: red">d?</span>&gt;<span style="color: Gray">&lt;!--</span> <span title="Restrictions on the combinations of Duration, Start and End are as follows: Duration may be specified alone or with Start.  Alternatively, Start may be specified if End is specified.  No other combinations are allowed." style="color: deeppink"><b>0..1</b></span> <span style="color: darkgreen"><a href="datatypes.htm#Quantity">Quantity</a></span> <span style="color: navy">Total duration of administration</span><span style="color: Gray"> --&gt;</span>&lt;/duration&gt;
  &lt;<a title="Maximum number of separate administrations before the instruction ends." class="dict" href="prescription-definitions.htm#Prescription.administrationRequest.numberOfAdministrations"><b>numberOfAdministrations</b></a> <span title="dataAbsentReason attribute is allowed" style="color: red">d?</span>&gt;<span style="color: Gray">&lt;!--</span> <span title="Restrictions on the combinations of Duration, Start and End are as follows: Duration may be specified alone or with Start.  Alternatively, Start may be specified if End is specified.  No other combinations are allowed." style="color: deeppink"><b>0..1</b></span> <span style="color: darkgreen"><a href="datatypes.htm#integer">integer</a></span> <span style="color: navy">Maximum number of separate administrations</span><span style="color: Gray"> --&gt;</span>&lt;/numberOfAdministrations&gt;
  &lt;<a title="Specification of dose and schedule for administration" class="dict" href="prescription-definitions.htm#Prescription.administrationRequest.dosageInstruction"><b>dosageInstruction</b></a>&gt;  <span style="color: Gray">&lt;!-- <span style="color: brown"><b>1..*</b></span> Dosage instruction --&gt;</span>
   &lt;<a title="Precondition for starting the administration specified in this instruction" class="dict" href="prescription-definitions.htm#Prescription.administrationRequest.dosageInstruction.precondition"><b>precondition</b></a> <span title="dataAbsentReason attribute is allowed" style="color: red">d?</span>&gt;<span style="color: Gray">&lt;!--</span> <span style="color: brown"><b>0..*</b></span> <span style="color: darkgreen"><a href="datatypes.htm#CodeableConcept">CodeableConcept</a></span> <span style="color: navy">Precondition for starting administration</span><span style="color: Gray"> --&gt;</span>&lt;/precondition&gt;
   &lt;<a title="Pro re nate, &quot;If necessary&quot;: Specifies whether administration depens on the state and symptoms of the patient" class="dict" href="prescription-definitions.htm#Prescription.administrationRequest.dosageInstruction.prn"><b>prn</b></a>&gt;<span style="color: Gray">&lt;!--</span> <span style="color: brown"><b>0..1</b></span> <span style="color: darkgreen"><a href="datatypes.htm#boolean">boolean</a></span> <span style="color: navy">Pro re nate: Yes|No</span><span style="color: Gray"> --&gt;</span>&lt;/prn&gt;
   &lt;<a title="Additional details to guide administration. Especially relevant for medicine administered by patient" class="dict" href="prescription-definitions.htm#Prescription.administrationRequest.dosageInstruction.additionalInstruction"><b>additionalInstruction</b></a> <span title="dataAbsentReason attribute is allowed" style="color: red">d?</span>&gt;<span style="color: Gray">&lt;!--</span> <span style="color: brown"><b>0..*</b></span> <span style="color: darkgreen"><a href="datatypes.htm#CodeableConcept">CodeableConcept</a></span> <span style="color: navy">Additional instructions</span><span style="color: Gray"> --&gt;</span>&lt;/additionalInstruction&gt;
   &lt;<a title="Route of administration (oral, nasal, intravenous)" class="dict" href="prescription-definitions.htm#Prescription.administrationRequest.dosageInstruction.route"><b>route</b></a> <span title="dataAbsentReason attribute is allowed" style="color: red">d?</span>&gt;<span style="color: Gray">&lt;!--</span> <span style="color: brown"><b>0..1</b></span> <span style="color: darkgreen"><a href="datatypes.htm#CodeableConcept">CodeableConcept</a></span> <span style="color: navy">Route of administration</span><span style="color: Gray"> --&gt;</span>&lt;/route&gt;
   &lt;<a title="Dose per administration, expressed in units of the (prepared) product" class="dict" href="prescription-definitions.htm#Prescription.administrationRequest.dosageInstruction.dose[x]"><b>dose[x]</b></a>&gt;<span style="color: Gray">&lt;!--</span> <span style="color: brown"><b>1..1</b></span> <span style="color: darkgreen"><a href="datatypes.htm#Quantity">Quantity</a>|<a href="datatypes.htm#Range">Range</a></span> <span style="color: navy">Dose per administration</span><span style="color: Gray"> --&gt;</span>&lt;/dose[x]&gt;
   &lt;<a title="Flow-rate for IV" class="dict" href="prescription-definitions.htm#Prescription.administrationRequest.dosageInstruction.rate"><b>rate</b></a> <span title="dataAbsentReason attribute is allowed" style="color: red">d?</span>&gt;<span style="color: Gray">&lt;!--</span> <span style="color: brown"><b>0..1</b></span> <span style="color: darkgreen"><a href="datatypes.htm#Quantity">Quantity</a></span> <span style="color: navy">Flow-rate for IV</span><span style="color: Gray"> --&gt;</span>&lt;/rate&gt;
   &lt;<a title="Schedule for administration. If multiple are given, they are considered to be active in parrallel" class="dict" href="prescription-definitions.htm#Prescription.administrationRequest.dosageInstruction.schedule"><b>schedule</b></a>&gt;<span style="color: Gray">&lt;!--</span> <span style="color: brown"><b>1..*</b></span> <span style="color: darkgreen"><a href="Schedule.htm#Schedule">Schedule</a></span> <span style="color: navy">Schedule for administration</span><span style="color: Gray"> --&gt;</span>&lt;/schedule&gt;
  &lt;/dosageInstruction&gt;
 &lt;/administrationRequest&gt;
 &lt;<a title="Diagnosis which is the reason for prescribing this medicine" class="dict" href="prescription-definitions.htm#Prescription.reason"><b>reason</b></a> <span title="dataAbsentReason attribute is allowed" style="color: red">d?</span>&gt;<span style="color: Gray">&lt;!--</span> <span style="color: brown"><b>0..1</b></span> <span style="color: darkgreen"><a href="datatypes.htm#CodeableConcept">CodeableConcept</a></span> <span style="color: navy">Reason for prescription</span><span style="color: Gray"> --&gt;</span>&lt;/reason&gt;
 &lt;<a title="See Extensions" class="dict" href="prescription-definitions.htm#Prescription.extension"><b>extension</b></a>&gt;<span style="color: Gray">&lt;!--</span> <span style="color: brown"><b>0..*</b></span> <span style="color: darkgreen"><a href="extensibility.htm#Extension">Extension</a></span>  <a href="extensibility.htm"><span style="color: navy">See Extensions</span></a> <span style="color: Gray"> --&gt;</span>&lt;/extension&gt;
 &lt;<a title="Text summary of the prescription, for human interpretation" class="dict" href="prescription-definitions.htm#Prescription.text"><b>text</b></a>&gt;<span style="color: Gray">&lt;!--</span> <span style="color: brown"><b>1..1</b></span> <span style="color: darkgreen"><a href="xml.htm#Narrative">Narrative</a></span> <span style="color: navy">Text summary of the prescription, for human interpretation</span><span style="color: Gray"> --&gt;</span>&lt;/text&gt;
&lt;/Prescription&gt;
</pre></div>
  </text>
</Profile>