<?xml version="1.0" encoding="UTF-8"?>

<Profile xmlns="http://hl7.org/fhir">
  <id>profile</id>
  <name>profile</name>
  <author>
    <name>todo (committee)</name>
  </author>
  <description>Basic Profile. A Resource Profile - a statement of use of FHIR. May include constraints on Resources, Terminology Binding Statements and Extension Definitions</description>
  <status>
    <code>testing</code>
    <date>2012-07-16</date>
  </status>
  <resource>
    <type>Resource</type>
    <element>
      <path>Profile</path>
      <definition>
        <short>Resource Profile</short>
        <formal>A Resource Profile - a statement of use of FHIR. May include constraints on Resources, Terminology Binding Statements and Extension Definitions</formal>
        <comments>Often called a clinical template</comments>
        <min>1</min>
        <max>1</max>
        <type>
          <code>Resource</code>
        </type>
        <dataAbsentReason>false</dataAbsentReason>
        <mustUnderstand>false</mustUnderstand>
      </definition>
    </element>
    <element>
      <path>Profile.id</path>
      <definition>
        <short>Fixed identifier for this profile</short>
        <formal>Identifier for this profile</formal>
        <min>1</min>
        <max>1</max>
        <type>
          <code>id</code>
        </type>
        <dataAbsentReason>false</dataAbsentReason>
        <mustUnderstand>true</mustUnderstand>
      </definition>
    </element>
    <element>
      <path>Profile.name</path>
      <definition>
        <short>Informal name for this profile</short>
        <formal>A free text natural language name identifying the Profile</formal>
        <comments>Not expected to be globally unique</comments>
        <min>1</min>
        <max>1</max>
        <type>
          <code>string</code>
        </type>
        <dataAbsentReason>false</dataAbsentReason>
        <mustUnderstand>false</mustUnderstand>
      </definition>
    </element>
    <element>
      <path>Profile.version</path>
      <definition>
        <short>Version number for external references</short>
        <formal>The official version of this profile - for external version specific references</formal>
        <comments>Note that if this is missing, the default version identifier for the profile is the version identifier for the resource that represents the profile itself</comments>
        <min>0</min>
        <max>1</max>
        <type>
          <code>string</code>
        </type>
        <dataAbsentReason>false</dataAbsentReason>
        <mustUnderstand>false</mustUnderstand>
      </definition>
    </element>
    <element>
      <path>Profile.author</path>
      <definition>
        <short>(Organisation or individual)</short>
        <formal>Details of the author who accepts responsibility for publishing the profile</formal>
        <comments>Usually an organisation, but may be an individual</comments>
        <min>1</min>
        <max>1</max>
        <dataAbsentReason>false</dataAbsentReason>
        <mustUnderstand>false</mustUnderstand>
      </definition>
    </element>
    <element>
      <path>Profile.author.name</path>
      <definition>
        <short>Name of the recognised author</short>
        <formal>The name of the author</formal>
        <min>1</min>
        <max>1</max>
        <type>
          <code>string</code>
        </type>
        <dataAbsentReason>false</dataAbsentReason>
        <mustUnderstand>false</mustUnderstand>
      </definition>
    </element>
    <element>
      <path>Profile.author.reference</path>
      <definition>
        <short>Web reference to the author</short>
        <formal>Reference to the author to assist a user in finding and communicating with the author</formal>
        <comments>may be a web site, an email address, a telephone number (tel:), etc.</comments>
        <min>0</min>
        <max>*</max>
        <type>
          <code>uri</code>
        </type>
        <dataAbsentReason>false</dataAbsentReason>
        <mustUnderstand>false</mustUnderstand>
      </definition>
    </element>
    <element>
      <path>Profile.description</path>
      <definition>
        <short>Natural language description of the profile</short>
        <formal>A free text natural language description of the profile and its use</formal>
        <comments>This field can be used for things such as why the profile was written, comments about mis-use, instructions for clinical use and interpretation, literature references, examples from the paper world, etc.</comments>
        <min>1</min>
        <max>1</max>
        <type>
          <code>string</code>
        </type>
        <dataAbsentReason>false</dataAbsentReason>
        <mustUnderstand>false</mustUnderstand>
      </definition>
    </element>
    <element>
      <path>Profile.code</path>
      <definition>
        <short>Assist with indexing and finding</short>
        <formal>A set of terms from external terminologies that may be used to assist with indexing and searching of templates.</formal>
        <min>0</min>
        <max>*</max>
        <type>
          <code>Coding</code>
        </type>
        <dataAbsentReason>false</dataAbsentReason>
        <mustUnderstand>false</mustUnderstand>
      </definition>
    </element>
    <element>
      <path>Profile.status</path>
      <definition>
        <short>Current status</short>
        <formal>Indicates where the profile exists in its overall life-cycle</formal>
        <min>1</min>
        <max>1</max>
        <dataAbsentReason>false</dataAbsentReason>
        <mustUnderstand>true</mustUnderstand>
      </definition>
    </element>
    <element>
      <path>Profile.status.code</path>
      <definition>
        <short>draft | testing | review | production | withdrawn | superceded</short>
        <formal>A coded value for the position of the profile within its life-cycle</formal>
        <min>1</min>
        <max>1</max>
        <type>
          <code>code</code>
        </type>
        <dataAbsentReason>false</dataAbsentReason>
        <mustUnderstand>true</mustUnderstand>
        <binding>ResourceProfileStatus</binding>
      </definition>
    </element>
    <element>
      <path>Profile.status.date</path>
      <definition>
        <short>date for given status</short>
        <formal>The date that the current value for status was applied to the profile</formal>
        <min>1</min>
        <max>1</max>
        <type>
          <code>dateTime</code>
        </type>
        <dataAbsentReason>false</dataAbsentReason>
        <mustUnderstand>false</mustUnderstand>
      </definition>
    </element>
    <element>
      <path>Profile.status.comment</path>
      <definition>
        <short>Supplemental status info</short>
        <formal>Additional commentary related to the profile&#39;s status</formal>
        <min>0</min>
        <max>1</max>
        <type>
          <code>string</code>
        </type>
        <dataAbsentReason>false</dataAbsentReason>
        <mustUnderstand>false</mustUnderstand>
      </definition>
    </element>
    <element>
      <path>Profile.import</path>
      <definition>
        <short>External source of extensions and bindings</short>
        <formal>Other profiles that define extensions and bindings that are used in this profile</formal>
        <min>0</min>
        <max>*</max>
        <dataAbsentReason>false</dataAbsentReason>
        <mustUnderstand>false</mustUnderstand>
      </definition>
    </element>
    <element>
      <path>Profile.import.uri</path>
      <definition>
        <short>Profile location</short>
        <formal>The identifier for the profile, ideally the URL it can be retrieved from.</formal>
        <comments>Any resource definitions from these other profiles are not imported</comments>
        <min>1</min>
        <max>1</max>
        <type>
          <code>uri</code>
        </type>
        <dataAbsentReason>false</dataAbsentReason>
        <mustUnderstand>false</mustUnderstand>
      </definition>
    </element>
    <element>
      <path>Profile.import.prefix</path>
      <definition>
        <short>Short form for referencing</short>
        <formal>The short label used for display of the profile when uniquely identifying imported extensions</formal>
        <comments>Profile instances are always conveyed using full URIs - the prefix is solely for use by entry and rendering tools.</comments>
        <min>0</min>
        <max>1</max>
        <type>
          <code>string</code>
        </type>
        <dataAbsentReason>false</dataAbsentReason>
        <mustUnderstand>false</mustUnderstand>
      </definition>
    </element>
    <element>
      <path>Profile.bundle</path>
      <definition>
        <short>If this describes a bundle, the first resource in the bundle</short>
        <formal>If this profile describes a bundle, the first resource in the bundle (usually a MessageHeader or a DocumentHeader)</formal>
        <min>0</min>
        <max>1</max>
        <type>
          <code>code</code>
        </type>
        <dataAbsentReason>false</dataAbsentReason>
        <mustUnderstand>false</mustUnderstand>
        <binding>ResourceType</binding>
      </definition>
    </element>
    <element>
      <path>Profile.resource</path>
      <definition>
        <short>A constraint on a profile</short>
        <formal>A constraint statement about what contents a profile may have</formal>
        <min>0</min>
        <max>*</max>
        <dataAbsentReason>false</dataAbsentReason>
        <mustUnderstand>false</mustUnderstand>
      </definition>
    </element>
    <element>
      <path>Profile.resource.type</path>
      <definition>
        <short>The Type of the resource being described</short>
        <formal>The Type of the resource being described</formal>
        <min>1</min>
        <max>1</max>
        <type>
          <code>code</code>
        </type>
        <dataAbsentReason>false</dataAbsentReason>
        <mustUnderstand>false</mustUnderstand>
        <binding>ResourceType</binding>
      </definition>
    </element>
    <element>
      <path>Profile.resource.profile</path>
      <definition>
        <short>Resource Profile that supplies the constraints</short>
        <formal>Reference to a resource profile that includes the constraint statement that applies to this resource</formal>
        <min>0</min>
        <max>1</max>
        <type>
          <code>uri</code>
        </type>
        <dataAbsentReason>false</dataAbsentReason>
        <mustUnderstand>false</mustUnderstand>
      </definition>
    </element>
    <element>
      <path>Profile.resource.name</path>
      <definition>
        <short>Name for this Constraint Statement</short>
        <formal>The name of this resource constraint statement (to refer to it from other resource constraints)</formal>
        <comments>This field is the target for a resource.profile</comments>
        <min>0</min>
        <max>1</max>
        <type>
          <code>string</code>
        </type>
        <dataAbsentReason>false</dataAbsentReason>
        <mustUnderstand>false</mustUnderstand>
      </definition>
    </element>
    <element>
      <path>Profile.resource.purpose</path>
      <definition>
        <short>Human summary: why describe this resource?</short>
        <formal>Human summary: why describe this resource?</formal>
        <min>0</min>
        <max>1</max>
        <type>
          <code>string</code>
        </type>
        <dataAbsentReason>false</dataAbsentReason>
        <mustUnderstand>false</mustUnderstand>
      </definition>
    </element>
    <element>
      <path>Profile.resource.element</path>
      <definition>
        <short>Definition of elements in the resource</short>
        <formal>Captures constraints on each element within the resource</formal>
        <min>0</min>
        <max>*</max>
        <dataAbsentReason>false</dataAbsentReason>
        <mustUnderstand>false</mustUnderstand>
      </definition>
    </element>
    <element>
      <path>Profile.resource.element.path</path>
      <definition>
        <short>The path of the element (see the formal definitions)</short>
        <formal>The path identifies the element</formal>
        <min>1</min>
        <max>1</max>
        <type>
          <code>string</code>
        </type>
        <dataAbsentReason>false</dataAbsentReason>
        <mustUnderstand>false</mustUnderstand>
      </definition>
    </element>
    <element>
      <path>Profile.resource.element.name</path>
      <definition>
        <short>Name of constraint for slicing - see above</short>
        <formal>A unique name referring to a specific set of constraints applied to this element.</formal>
        <comments>The name must be unique within the profile and all imported profiles within the context of the constrained resource element.  (Though to avoid confusion, uniqueness across all elements is recommended.)</comments>
        <min>0</min>
        <max>1</max>
        <type>
          <code>string</code>
        </type>
        <dataAbsentReason>false</dataAbsentReason>
        <mustUnderstand>false</mustUnderstand>
      </definition>
    </element>
    <element>
      <path>Profile.resource.element.definition</path>
      <definition>
        <short>More specific definition of the element </short>
        <formal>Definition of the content of the element to provide a more specific definition than that contained for the element in the base resource.</formal>
        <comments>The definition must be a proper constraint on the definition of the base resource.</comments>
        <min>1</min>
        <max>1</max>
        <dataAbsentReason>false</dataAbsentReason>
        <mustUnderstand>false</mustUnderstand>
      </definition>
    </element>
    <element>
      <path>Profile.resource.element.definition.short</path>
      <definition>
        <short>Concise definition for xml presentation</short>
        <formal>A concise definition that  is shown in the concise XML format that summarises profiles</formal>
        <comments>May change the term to provide language more appropriate to the context of the profile or to reflect slicing.</comments>
        <min>1</min>
        <max>1</max>
        <type>
          <code>string</code>
        </type>
        <dataAbsentReason>false</dataAbsentReason>
        <mustUnderstand>false</mustUnderstand>
      </definition>
    </element>
    <element>
      <path>Profile.resource.element.definition.formal</path>
      <definition>
        <short>Formal definition</short>
        <formal> The definition must be consistent with the base definition, but convey the meaning of the element in the particular context of use of the resource</formal>
        <comments>It is easy for a different definition to change the meaning of an element and this can have nasty downstream consequences. Please be careful when providing definitions</comments>
        <min>1</min>
        <max>1</max>
        <type>
          <code>string</code>
        </type>
        <dataAbsentReason>false</dataAbsentReason>
        <mustUnderstand>false</mustUnderstand>
      </definition>
    </element>
    <element>
      <path>Profile.resource.element.definition.comments</path>
      <definition>
        <short>Comments about the use of this element</short>
        <formal>Comments about the use of the element, including notes about how to use the data properly, exceptions to proper use, etc.</formal>
        <min>0</min>
        <max>1</max>
        <type>
          <code>string</code>
        </type>
        <dataAbsentReason>false</dataAbsentReason>
        <mustUnderstand>false</mustUnderstand>
      </definition>
    </element>
    <element>
      <path>Profile.resource.element.definition.requirements</path>
      <definition>
        <short>Why is this needed?</short>
        <formal>Explains why this element is needed and why it&#39;s been constrained as it has</formal>
        <min>0</min>
        <max>1</max>
        <type>
          <code>string</code>
        </type>
        <dataAbsentReason>false</dataAbsentReason>
        <mustUnderstand>false</mustUnderstand>
      </definition>
    </element>
    <element>
      <path>Profile.resource.element.definition.synonym</path>
      <definition>
        <short>Other names</short>
        <formal>Identifies additional names by which this element might also be known</formal>
        <min>0</min>
        <max>*</max>
        <type>
          <code>string</code>
        </type>
        <dataAbsentReason>false</dataAbsentReason>
        <mustUnderstand>false</mustUnderstand>
      </definition>
    </element>
    <element>
      <path>Profile.resource.element.definition.min</path>
      <definition>
        <short>Minimum Cardinality</short>
        <formal>The minimum number of times this element must appear in the instance</formal>
        <min>1</min>
        <max>1</max>
        <type>
          <code>integer</code>
        </type>
        <dataAbsentReason>false</dataAbsentReason>
        <mustUnderstand>false</mustUnderstand>
      </definition>
    </element>
    <element>
      <path>Profile.resource.element.definition.max</path>
      <definition>
        <short>Maximum Cardinality (a number or *)</short>
        <formal>The maximum number of times this element is permitted to appear in the instance</formal>
        <min>1</min>
        <max>1</max>
        <type>
          <code>string</code>
        </type>
        <dataAbsentReason>false</dataAbsentReason>
        <mustUnderstand>false</mustUnderstand>
      </definition>
    </element>
    <element>
      <path>Profile.resource.element.definition.type</path>
      <definition>
        <short>Type of the element</short>
        <formal>The data type or resource that the value of this element is permitted to be</formal>
        <min>0</min>
        <max>*</max>
        <dataAbsentReason>false</dataAbsentReason>
        <mustUnderstand>false</mustUnderstand>
      </definition>
    </element>
    <element>
      <path>Profile.resource.element.definition.type.code</path>
      <definition>
        <short>Data type or Resource</short>
        <formal>Data type or Resource</formal>
        <min>1</min>
        <max>1</max>
        <type>
          <code>code</code>
        </type>
        <dataAbsentReason>false</dataAbsentReason>
        <mustUnderstand>false</mustUnderstand>
        <binding>DataType</binding>
      </definition>
    </element>
    <element>
      <path>Profile.resource.element.definition.type.profile</path>
      <definition>
        <short>Profile to apply (Resource only)</short>
        <formal>Identifies a profile that must hold for resources referenced as the type of this element.</formal>
        <comments>The reference might be a simple name in the form #[name], which is a reference to another named constraint in a resource - where the resource contains more than one constraint, or a URL which is a reference to a resource Profile</comments>
        <min>0</min>
        <max>1</max>
        <type>
          <code>uri</code>
        </type>
        <dataAbsentReason>false</dataAbsentReason>
        <mustUnderstand>false</mustUnderstand>
      </definition>
    </element>
    <element>
      <path>Profile.resource.element.definition.nameReference</path>
      <definition>
        <short>To another element constraint (by element.name)</short>
        <formal>Identifies the name of a slice defined elsewhere in the profile whose constraints should be applied to the current element </formal>
        <comments>If child components of this element are defined, they act as constraints on the referenced slice.</comments>
        <min>0</min>
        <max>1</max>
        <type>
          <code>string</code>
        </type>
        <dataAbsentReason>false</dataAbsentReason>
        <mustUnderstand>false</mustUnderstand>
      </definition>
    </element>
    <element>
      <path>Profile.resource.element.definition.value[x]</path>
      <definition>
        <short>Fixed value: [as defined for type]</short>
        <formal>Specifies a value that must hold for this element in the instance.</formal>
        <comments>To specify a fixed value for a complex data type, include the child elements for the type and specify fixed values for each property independently.</comments>
        <min>0</min>
        <max>1</max>
        <type>
          <code>*</code>
        </type>
        <dataAbsentReason>true</dataAbsentReason>
        <mustUnderstand>false</mustUnderstand>
      </definition>
    </element>
    <element>
      <path>Profile.resource.element.definition.maxLength</path>
      <definition>
        <short>Length for strings</short>
        <formal>Indicates the shortest length that must be supported by conformant instances without truncation.</formal>
        <comments>If not specified, there is no conformance expectation for length support.</comments>
        <min>0</min>
        <max>1</max>
        <type>
          <code>integer</code>
        </type>
        <dataAbsentReason>false</dataAbsentReason>
        <mustUnderstand>false</mustUnderstand>
      </definition>
    </element>
    <element>
      <path>Profile.resource.element.definition.dataAbsentReason</path>
      <definition>
        <short>If @dataAbsentReason is allowed</short>
        <formal>If true then the dataAbsentReason attribute is permitted, otherwise not</formal>
        <min>1</min>
        <max>1</max>
        <type>
          <code>boolean</code>
        </type>
        <dataAbsentReason>false</dataAbsentReason>
        <mustUnderstand>false</mustUnderstand>
      </definition>
    </element>
    <element>
      <path>Profile.resource.element.definition.condition</path>
      <definition>
        <short>reference to invariant about presence</short>
        <formal>A reference to an invariant that may make additional statements about the cardinality in the instance</formal>
        <min>0</min>
        <max>*</max>
        <type>
          <code>id</code>
        </type>
        <dataAbsentReason>false</dataAbsentReason>
        <mustUnderstand>false</mustUnderstand>
      </definition>
    </element>
    <element>
      <path>Profile.resource.element.definition.constraint</path>
      <definition>
        <short>Condition that must evaluate to true</short>
        <formal>Formal constraints such as co-occurrence and other constraints that can be computationally evaluated within the context of the instance.</formal>
        <comments>Constraints should be declared on the &quot;context&quot; element - the lowest element in the hierarchy that is common to all nodes referenced by the constraint</comments>
        <min>0</min>
        <max>*</max>
        <dataAbsentReason>false</dataAbsentReason>
        <mustUnderstand>false</mustUnderstand>
      </definition>
    </element>
    <element>
      <path>Profile.resource.element.definition.constraint.id</path>
      <definition>
        <short>Target of &#39;condition&#39; reference above</short>
        <formal>Allows identification of which elements have their cardinalities impacted by the constraint.  Will not be referenced for constraints that do not affect cardinality.</formal>
        <min>1</min>
        <max>1</max>
        <type>
          <code>id</code>
        </type>
        <dataAbsentReason>false</dataAbsentReason>
        <mustUnderstand>false</mustUnderstand>
      </definition>
    </element>
    <element>
      <path>Profile.resource.element.definition.constraint.name</path>
      <definition>
        <short>Short human label</short>
        <formal>Used to label the constraint in OCL or in short displays incapable of displaying the full human description</formal>
        <min>0</min>
        <max>1</max>
        <type>
          <code>string</code>
        </type>
        <dataAbsentReason>false</dataAbsentReason>
        <mustUnderstand>false</mustUnderstand>
      </definition>
    </element>
    <element>
      <path>Profile.resource.element.definition.constraint.severity</path>
      <definition>
        <short>error | warning</short>
        <formal>Identifies the impact constraint violation has on the conformance of the instance.</formal>
        <min>1</min>
        <max>1</max>
        <type>
          <code>code</code>
        </type>
        <dataAbsentReason>false</dataAbsentReason>
        <mustUnderstand>false</mustUnderstand>
      </definition>
    </element>
    <element>
      <path>Profile.resource.element.definition.constraint.human</path>
      <definition>
        <short>Human description of constraint</short>
        <formal>This is the text that describes the constraint in messages identifying that the constraint has been violated </formal>
        <comments>Should be expressed in business terms as much as possible.</comments>
        <min>1</min>
        <max>1</max>
        <type>
          <code>string</code>
        </type>
        <dataAbsentReason>false</dataAbsentReason>
        <mustUnderstand>false</mustUnderstand>
      </definition>
    </element>
    <element>
      <path>Profile.resource.element.definition.constraint.xpath</path>
      <definition>
        <short>XPath expression of constraint</short>
        <formal>XPath expression of constraint</formal>
        <comments>Elements must use &quot;f&quot; as the namespace prefix and must not use any other prefixes.</comments>
        <min>1</min>
        <max>1</max>
        <type>
          <code>string</code>
        </type>
        <dataAbsentReason>false</dataAbsentReason>
        <mustUnderstand>false</mustUnderstand>
      </definition>
    </element>
    <element>
      <path>Profile.resource.element.definition.constraint.ocl</path>
      <definition>
        <short>OCL expression of constraint</short>
        <formal>OCL expression of constraint</formal>
        <min>0</min>
        <max>1</max>
        <type>
          <code>string</code>
        </type>
        <dataAbsentReason>false</dataAbsentReason>
        <mustUnderstand>false</mustUnderstand>
      </definition>
    </element>
    <element>
      <path>Profile.resource.element.definition.mustSupport</path>
      <definition>
        <short>If the element must be usable</short>
        <formal>If true, conformant resource authors must be capable of providing a value for the element and resource consumers must be capable of extracting and doing something useful with the data element.  If false, the element may be ignored and not supported.</formal>
        <comments>&quot;Something useful&quot; is context dependent.  Key test is what would a reasonable observer expect of a system that explicitly claims to &quot;support&quot; this element</comments>
        <min>0</min>
        <max>1</max>
        <type>
          <code>boolean</code>
        </type>
        <dataAbsentReason>false</dataAbsentReason>
        <mustUnderstand>false</mustUnderstand>
      </definition>
    </element>
    <element>
      <path>Profile.resource.element.definition.mustUnderstand</path>
      <definition>
        <short>If the element must be understood</short>
        <formal>If true, the element cannot be ignored by systems unless they recognize the element and a pre-determination has been made that it is not relevant to their particular system.</formal>
        <comments>MustUnderstand elements can be ignored by applications that recognize the element and know that the element is not relevant in the context of their system.</comments>
        <min>0</min>
        <max>1</max>
        <type>
          <code>boolean</code>
        </type>
        <dataAbsentReason>false</dataAbsentReason>
        <mustUnderstand>false</mustUnderstand>
      </definition>
    </element>
    <element>
      <path>Profile.resource.element.definition.binding</path>
      <definition>
        <short>Binding - see bindings below (only if coded)</short>
        <formal>Identifies the set of codes that applies to this element if a data type supporting codes is used.</formal>
        <min>0</min>
        <max>1</max>
        <type>
          <code>string</code>
        </type>
        <dataAbsentReason>false</dataAbsentReason>
        <mustUnderstand>false</mustUnderstand>
      </definition>
    </element>
    <element>
      <path>Profile.resource.element.definition.mapping</path>
      <definition>
        <short>Map element to another set of definitions</short>
        <formal>Identifies a concept from an external specification that roughly corresponds to this element.</formal>
        <comments>Mappings are not necessarily specific enough for safe translation.</comments>
        <min>0</min>
        <max>*</max>
        <dataAbsentReason>false</dataAbsentReason>
        <mustUnderstand>false</mustUnderstand>
      </definition>
    </element>
    <element>
      <path>Profile.resource.element.definition.mapping.target</path>
      <definition>
        <short>Which mapping this is (v2, CDA, openEHR, etc.)</short>
        <formal>The name of the specification is mapping is being expressed to.</formal>
        <comments>HL7 will provide guidelines for the name strings to use for common specifications.</comments>
        <min>1</min>
        <max>1</max>
        <type>
          <code>string</code>
        </type>
        <dataAbsentReason>false</dataAbsentReason>
        <mustUnderstand>false</mustUnderstand>
      </definition>
    </element>
    <element>
      <path>Profile.resource.element.definition.mapping.map</path>
      <definition>
        <short>Details of the mapping</short>
        <formal>Expresses what part of the target specification corresponds to this element</formal>
        <comments>For most mappings, the syntax is undefined.  A syntax will be provided for mappings to the RIM.  Multiple mappings may be possible and may include constraints on other resource elements that identify when a particular mapping applies.</comments>
        <min>0</min>
        <max>1</max>
        <type>
          <code>string</code>
        </type>
        <dataAbsentReason>false</dataAbsentReason>
        <mustUnderstand>false</mustUnderstand>
      </definition>
    </element>
    <element>
      <path>Profile.resource.element.bundled</path>
      <definition>
        <short>If type is Resource, is it in the bundle?</short>
        <formal>Whether the Resource that is the value for this element is included in the bundle, if the profile is specifying a bundle</formal>
        <comments>If context includes bundling</comments>
        <min>0</min>
        <max>1</max>
        <type>
          <code>boolean</code>
        </type>
        <dataAbsentReason>false</dataAbsentReason>
        <mustUnderstand>false</mustUnderstand>
      </definition>
    </element>
    <element>
      <path>Profile.resource.element.closed</path>
      <definition>
        <short>If list, whether derived profiles can slice more</short>
        <formal>Indicates whether the set of slices defined is &quot;exhaustive&quot;.  I.e. Have all the possible variants for the repeating element been defined?  If true, then no new slices can be created off the base element in derived profiles - though existing slices can be further sliced if they are defined as repeating elements.</formal>
        <min>0</min>
        <max>1</max>
        <type>
          <code>boolean</code>
        </type>
        <dataAbsentReason>false</dataAbsentReason>
        <mustUnderstand>false</mustUnderstand>
      </definition>
    </element>
    <element>
      <path>Profile.extensionDefn</path>
      <definition>
        <short>Definition of an extension</short>
        <formal>An extension defined as part of the profile</formal>
        <min>0</min>
        <max>*</max>
        <dataAbsentReason>false</dataAbsentReason>
        <mustUnderstand>false</mustUnderstand>
      </definition>
    </element>
    <element>
      <path>Profile.extensionDefn.code</path>
      <definition>
        <short>identifies the extension in the instance</short>
        <formal>A unique code (within the profile) used to identify the extension.</formal>
        <min>1</min>
        <max>1</max>
        <type>
          <code>code</code>
        </type>
        <dataAbsentReason>false</dataAbsentReason>
        <mustUnderstand>false</mustUnderstand>
      </definition>
    </element>
    <element>
      <path>Profile.extensionDefn.contextType</path>
      <definition>
        <short>resource | datatype | mapping | extension</short>
        <formal>Identifies the type of context to which the extension applies</formal>
        <min>1</min>
        <max>1</max>
        <type>
          <code>code</code>
        </type>
        <dataAbsentReason>false</dataAbsentReason>
        <mustUnderstand>false</mustUnderstand>
        <binding>ExtensionContext</binding>
      </definition>
    </element>
    <element>
      <path>Profile.extensionDefn.context</path>
      <definition>
        <short>Where the extension can be used in instances</short>
        <formal>Identifies the types of resource or data type elements to which the extension can be applied.</formal>
        <min>1</min>
        <max>*</max>
        <type>
          <code>string</code>
        </type>
        <dataAbsentReason>false</dataAbsentReason>
        <mustUnderstand>false</mustUnderstand>
      </definition>
    </element>
    <element>
      <path>Profile.extensionDefn.definition</path>
      <definition>
        <short>Definition of the extension and its content</short>
        <formal>Definition of the extension and its content</formal>
        <min>1</min>
        <max>1</max>
        <type>
          <code>@Profile.resource.element.definition</code>
        </type>
        <dataAbsentReason>false</dataAbsentReason>
        <mustUnderstand>false</mustUnderstand>
      </definition>
    </element>
    <element>
      <path>Profile.binding</path>
      <definition>
        <short>Define code sets for coded elements</short>
        <formal>Defines a linkage between a vocabulary binding name used in the profile (or expected to be used in profile importing this one) and a value set or code list.</formal>
        <min>0</min>
        <max>*</max>
        <dataAbsentReason>false</dataAbsentReason>
        <mustUnderstand>false</mustUnderstand>
      </definition>
    </element>
    <element>
      <path>Profile.binding.name</path>
      <definition>
        <short>binding name</short>
        <formal>The name to be associated with this set of codes.</formal>
        <comments>Must be unique within the profile.  If the same name as an imported profile, will override the imported binding (and must be a proper constraint on the imported binding)</comments>
        <min>1</min>
        <max>1</max>
        <type>
          <code>string</code>
        </type>
        <dataAbsentReason>false</dataAbsentReason>
        <mustUnderstand>false</mustUnderstand>
      </definition>
    </element>
    <element>
      <path>Profile.binding.definition</path>
      <definition>
        <short>Human explanation of the binding</short>
        <formal>Describes the intended use of this particular set of codes</formal>
        <min>0</min>
        <max>1</max>
        <type>
          <code>string</code>
        </type>
        <dataAbsentReason>false</dataAbsentReason>
        <mustUnderstand>false</mustUnderstand>
      </definition>
    </element>
    <element>
      <path>Profile.binding.type</path>
      <definition>
        <short>valueset | codelist | reference | special</short>
        <formal>Identifies how the set of codes for this binding is being defined.</formal>
        <min>1</min>
        <max>1</max>
        <type>
          <code>code</code>
        </type>
        <dataAbsentReason>false</dataAbsentReason>
        <mustUnderstand>false</mustUnderstand>
        <binding>BindingType</binding>
      </definition>
    </element>
    <element>
      <path>Profile.binding.isExtensible</path>
      <definition>
        <short>Can additional codes be used?</short>
        <formal>If true, then conformant systems may use additional codes or (where the data type permits) text alone to convey concepts not covered by the set of codes identified in the binding.  If false, then conformant systems are constrained to the provided codes alone.</formal>
        <min>1</min>
        <max>1</max>
        <type>
          <code>boolean</code>
        </type>
        <dataAbsentReason>false</dataAbsentReason>
        <mustUnderstand>false</mustUnderstand>
      </definition>
    </element>
    <element>
      <path>Profile.binding.conformance</path>
      <definition>
        <short>required | preferred | example</short>
        <formal>Indicates the degree of conformance expectations associated with this binding</formal>
        <min>1</min>
        <max>1</max>
        <type>
          <code>code</code>
        </type>
        <dataAbsentReason>false</dataAbsentReason>
        <mustUnderstand>false</mustUnderstand>
        <binding>BindingConformance</binding>
      </definition>
    </element>
    <element>
      <path>Profile.binding.reference</path>
      <definition>
        <short>Source of binding content</short>
        <formal>Points to the value set or external definition that identifies the set of codes to be used.</formal>
        <comments>For value sets, this should point to a ValueSet resource.  The reference may be version-specific or not.</comments>
        <min>0</min>
        <max>1</max>
        <type>
          <code>uri</code>
        </type>
        <dataAbsentReason>false</dataAbsentReason>
        <mustUnderstand>false</mustUnderstand>
      </definition>
    </element>
    <element>
      <path>Profile.binding.concept</path>
      <definition>
        <short>Enumerated codes that are the binding</short>
        <formal>Identifies the codes forming the code list for the binding</formal>
        <min>0</min>
        <max>*</max>
        <dataAbsentReason>false</dataAbsentReason>
        <mustUnderstand>false</mustUnderstand>
      </definition>
    </element>
    <element>
      <path>Profile.binding.concept.code</path>
      <definition>
        <short>Code to use for this concept</short>
        <formal>Identifies the code referenced or being defined as part of the binding</formal>
        <min>1</min>
        <max>1</max>
        <type>
          <code>code</code>
        </type>
        <dataAbsentReason>false</dataAbsentReason>
        <mustUnderstand>false</mustUnderstand>
      </definition>
    </element>
    <element>
      <path>Profile.binding.concept.system</path>
      <definition>
        <short>source for the code, if taken from another system</short>
        <formal>Identifies the system in which the referenced code is defined.</formal>
        <comments>If no system is specified, then the id for the profile is combined with the binding name to determine an implicit system uri.</comments>
        <min>0</min>
        <max>1</max>
        <type>
          <code>uri</code>
        </type>
        <dataAbsentReason>false</dataAbsentReason>
        <mustUnderstand>false</mustUnderstand>
      </definition>
    </element>
    <element>
      <path>Profile.binding.concept.display</path>
      <definition>
        <short>Print name. Defaults to code if not provided</short>
        <formal>Identifies the text to be displayed to the user for this code.  If none provided, then the code itself is displayed.</formal>
        <min>0</min>
        <max>1</max>
        <type>
          <code>string</code>
        </type>
        <dataAbsentReason>false</dataAbsentReason>
        <mustUnderstand>false</mustUnderstand>
      </definition>
    </element>
    <element>
      <path>Profile.binding.concept.definition</path>
      <definition>
        <short>Meaning of the concept</short>
        <formal>A free-text description of the meaning of this code</formal>
        <comments>Definition should not overlap with that of any other concepts in the code list</comments>
        <min>1</min>
        <max>1</max>
        <type>
          <code>string</code>
        </type>
        <dataAbsentReason>false</dataAbsentReason>
        <mustUnderstand>false</mustUnderstand>
      </definition>
    </element>
    <element>
      <path>Profile.extension</path>
      <definition>
        <short>See Extensions</short>
        <formal>See Extensions</formal>
        <min>0</min>
        <max>*</max>
        <type>
          <code>Extension</code>
        </type>
        <dataAbsentReason>false</dataAbsentReason>
        <mustUnderstand>false</mustUnderstand>
      </definition>
    </element>
    <element>
      <path>Profile.text</path>
      <definition>
        <short>Text summary of resource profile for human interpretation</short>
        <formal>Text summary of resource profile for human interpretation</formal>
        <min>1</min>
        <max>1</max>
        <type>
          <code>Narrative</code>
        </type>
        <dataAbsentReason>false</dataAbsentReason>
        <mustUnderstand>false</mustUnderstand>
      </definition>
    </element>
  </resource>
  <text>
    <status>generated</status><div xmlns="http://www.w3.org/1999/xhtml"><pre>
&lt;<a title="A Resource Profile - a statement of use of FHIR. May include constraints on Resources, Terminology Binding Statements and Extension Definitions" class="dict" href="profile-definitions.htm#Profile"><b>Profile</b></a> xmlns=&quot;http://hl7.org/fhir&quot;&gt;
 &lt;<a title="Identifier for this profile (this element must be supported or understood)" class="dict" href="profile-definitions.htm#Profile.id"><span style="text-decoration: underline"><b>id</b></span></a>&gt;<span style="color: Gray">&lt;!--</span> <span style="color: brown"><b>1..1</b></span> <span style="color: darkgreen"><a href="datatypes.htm#id">id</a></span> <span style="color: navy">Fixed identifier for this profile</span><span style="color: Gray"> --&gt;</span>&lt;/id&gt;
 &lt;<a title="A free text natural language name identifying the Profile" class="dict" href="profile-definitions.htm#Profile.name"><b>name</b></a>&gt;<span style="color: Gray">&lt;!--</span> <span style="color: brown"><b>1..1</b></span> <span style="color: darkgreen"><a href="datatypes.htm#string">string</a></span> <span style="color: navy">Informal name for this profile</span><span style="color: Gray"> --&gt;</span>&lt;/name&gt;
 &lt;<a title="The official version of this profile - for external version specific references" class="dict" href="profile-definitions.htm#Profile.version"><b>version</b></a>&gt;<span style="color: Gray">&lt;!--</span> <span style="color: brown"><b>0..1</b></span> <span style="color: darkgreen"><a href="datatypes.htm#string">string</a></span> <span style="color: navy">Version number for external references</span><span style="color: Gray"> --&gt;</span>&lt;/version&gt;
 &lt;<a title="Details of the author who accepts responsibility for publishing the profile" class="dict" href="profile-definitions.htm#Profile.author"><b>author</b></a>&gt;  <span style="color: Gray">&lt;!-- (Organisation or individual) --&gt;</span>
  &lt;<a title="The name of the author" class="dict" href="profile-definitions.htm#Profile.author.name"><b>name</b></a>&gt;<span style="color: Gray">&lt;!--</span> <span style="color: brown"><b>1..1</b></span> <span style="color: darkgreen"><a href="datatypes.htm#string">string</a></span> <span style="color: navy">Name of the recognised author</span><span style="color: Gray"> --&gt;</span>&lt;/name&gt;
  &lt;<a title="Reference to the author to assist a user in finding and communicating with the author" class="dict" href="profile-definitions.htm#Profile.author.reference"><b>reference</b></a>&gt;<span style="color: Gray">&lt;!--</span> <span style="color: brown"><b>0..*</b></span> <span style="color: darkgreen"><a href="datatypes.htm#uri">uri</a></span> <span style="color: navy">Web reference to the author</span><span style="color: Gray"> --&gt;</span>&lt;/reference&gt;
 &lt;/author&gt;
 &lt;<a title="A free text natural language description of the profile and its use" class="dict" href="profile-definitions.htm#Profile.description"><b>description</b></a>&gt;<span style="color: Gray">&lt;!--</span> <span style="color: brown"><b>1..1</b></span> <span style="color: darkgreen"><a href="datatypes.htm#string">string</a></span> <span style="color: navy">Natural language description of the profile</span><span style="color: Gray"> --&gt;</span>&lt;/description&gt;
 &lt;<a title="A set of terms from external terminologies that may be used to assist with indexing and searching of templates." class="dict" href="profile-definitions.htm#Profile.code"><b>code</b></a>&gt;<span style="color: Gray">&lt;!--</span> <span style="color: brown"><b>0..*</b></span> <span style="color: darkgreen"><a href="datatypes.htm#Coding">Coding</a></span> <span style="color: navy">Assist with indexing and finding</span><span style="color: Gray"> --&gt;</span>&lt;/code&gt;
 &lt;<a title="Indicates where the profile exists in its overall life-cycle (this element must be supported or understood)" class="dict" href="profile-definitions.htm#Profile.status"><span style="text-decoration: underline"><b>status</b></span></a>&gt;  <span style="color: Gray">&lt;!-- Current status --&gt;</span>
  &lt;<a title="A coded value for the position of the profile within its life-cycle (this element must be supported or understood)" class="dict" href="profile-definitions.htm#Profile.status.code"><span style="text-decoration: underline"><b>code</b></span></a>&gt;<span style="color: Gray">&lt;!--</span> <span style="color: brown"><b>1..1</b></span> <span style="color: darkgreen"><a href="datatypes.htm#code">code</a></span> <span style="color: navy">draft | testing | review | production | withdrawn | superceded</span><span style="color: Gray"> --&gt;</span>&lt;/code&gt;
  &lt;<a title="The date that the current value for status was applied to the profile" class="dict" href="profile-definitions.htm#Profile.status.date"><b>date</b></a>&gt;<span style="color: Gray">&lt;!--</span> <span style="color: brown"><b>1..1</b></span> <span style="color: darkgreen"><a href="datatypes.htm#dateTime">dateTime</a></span> <span style="color: navy">date for given status</span><span style="color: Gray"> --&gt;</span>&lt;/date&gt;
  &lt;<a title="Additional commentary related to the profile&#39;s status" class="dict" href="profile-definitions.htm#Profile.status.comment"><b>comment</b></a>&gt;<span style="color: Gray">&lt;!--</span> <span style="color: brown"><b>0..1</b></span> <span style="color: darkgreen"><a href="datatypes.htm#string">string</a></span> <span style="color: navy">Supplemental status info</span><span style="color: Gray"> --&gt;</span>&lt;/comment&gt;
 &lt;/status&gt;
 &lt;<a title="Other profiles that define extensions and bindings that are used in this profile" class="dict" href="profile-definitions.htm#Profile.import"><b>import</b></a>&gt;  <span style="color: Gray">&lt;!-- <span style="color: brown"><b>0..*</b></span> External source of extensions and bindings --&gt;</span>
  &lt;<a title="The identifier for the profile, ideally the URL it can be retrieved from." class="dict" href="profile-definitions.htm#Profile.import.uri"><b>uri</b></a>&gt;<span style="color: Gray">&lt;!--</span> <span style="color: brown"><b>1..1</b></span> <span style="color: darkgreen"><a href="datatypes.htm#uri">uri</a></span> <span style="color: navy">Profile location</span><span style="color: Gray"> --&gt;</span>&lt;/uri&gt;
  &lt;<a title="The short label used for display of the profile when uniquely identifying imported extensions" class="dict" href="profile-definitions.htm#Profile.import.prefix"><b>prefix</b></a>&gt;<span style="color: Gray">&lt;!--</span> <span style="color: brown"><b>0..1</b></span> <span style="color: darkgreen"><a href="datatypes.htm#string">string</a></span> <span style="color: navy">Short form for referencing</span><span style="color: Gray"> --&gt;</span>&lt;/prefix&gt;
 &lt;/import&gt;
 &lt;<a title="If this profile describes a bundle, the first resource in the bundle (usually a MessageHeader or a DocumentHeader)" class="dict" href="profile-definitions.htm#Profile.bundle"><b>bundle</b></a>&gt;<span style="color: Gray">&lt;!--</span> <span style="color: brown"><b>0..1</b></span> <span style="color: darkgreen"><a href="datatypes.htm#code">code</a></span> <span style="color: navy">If this describes a bundle, the first resource in the bundle</span><span style="color: Gray"> --&gt;</span>&lt;/bundle&gt;
 &lt;<a title="A constraint statement about what contents a profile may have" class="dict" href="profile-definitions.htm#Profile.resource"><b>resource</b></a>&gt;  <span style="color: Gray">&lt;!-- <span style="color: brown"><b>0..*</b></span> A constraint on a profile --&gt;</span>
  &lt;<a title="The Type of the resource being described" class="dict" href="profile-definitions.htm#Profile.resource.type"><b>type</b></a>&gt;<span style="color: Gray">&lt;!--</span> <span style="color: brown"><b>1..1</b></span> <span style="color: darkgreen"><a href="datatypes.htm#code">code</a></span> <span style="color: navy">The Type of the resource being described</span><span style="color: Gray"> --&gt;</span>&lt;/type&gt;
  &lt;<a title="Reference to a resource profile that includes the constraint statement that applies to this resource" class="dict" href="profile-definitions.htm#Profile.resource.profile"><b>profile</b></a>&gt;<span style="color: Gray">&lt;!--</span> <span title="Provide either a profile reference or constraints on the resource elements (but not both)" style="color: deeppink"><b>0..1</b></span> <span style="color: darkgreen"><a href="datatypes.htm#uri">uri</a></span> <span style="color: navy">Resource Profile that supplies the constraints</span><span style="color: Gray"> --&gt;</span>&lt;/profile&gt;
  &lt;<a title="The name of this resource constraint statement (to refer to it from other resource constraints)" class="dict" href="profile-definitions.htm#Profile.resource.name"><b>name</b></a>&gt;<span style="color: Gray">&lt;!--</span> <span style="color: brown"><b>0..1</b></span> <span style="color: darkgreen"><a href="datatypes.htm#string">string</a></span> <span style="color: navy">Name for this Constraint Statement</span><span style="color: Gray"> --&gt;</span>&lt;/name&gt;
  &lt;<a title="Human summary: why describe this resource?" class="dict" href="profile-definitions.htm#Profile.resource.purpose"><b>purpose</b></a>&gt;<span style="color: Gray">&lt;!--</span> <span style="color: brown"><b>0..1</b></span> <span style="color: darkgreen"><a href="datatypes.htm#string">string</a></span> <span style="color: navy">Human summary: why describe this resource?</span><span style="color: Gray"> --&gt;</span>&lt;/purpose&gt;
  &lt;<a title="Captures constraints on each element within the resource" class="dict" href="profile-definitions.htm#Profile.resource.element"><b>element</b></a>&gt;  <span style="color: Gray">&lt;!-- <span title="Provide either a profile reference or constraints on the resource elements (but not both)" style="color: deeppink"><b>0..*</b></span> Definition of elements in the resource --&gt;</span>
   &lt;<a title="The path identifies the element" class="dict" href="profile-definitions.htm#Profile.resource.element.path"><b>path</b></a>&gt;<span style="color: Gray">&lt;!--</span> <span style="color: brown"><b>1..1</b></span> <span style="color: darkgreen"><a href="datatypes.htm#string">string</a></span> <span style="color: navy">The path of the element (see the formal definitions)</span><span style="color: Gray"> --&gt;</span>&lt;/path&gt;
   &lt;<a title="A unique name referring to a specific set of constraints applied to this element." class="dict" href="profile-definitions.htm#Profile.resource.element.name"><b>name</b></a>&gt;<span style="color: Gray">&lt;!--</span> <span style="color: brown"><b>0..1</b></span> <span style="color: darkgreen"><a href="datatypes.htm#string">string</a></span> <span style="color: navy">Name of constraint for slicing - see above</span><span style="color: Gray"> --&gt;</span>&lt;/name&gt;
   &lt;<a title="Definition of the content of the element to provide a more specific definition than that contained for the element in the base resource." class="dict" href="profile-definitions.htm#Profile.resource.element.definition"><b>definition</b></a>&gt;  <span style="color: Gray">&lt;!-- More specific definition of the element  --&gt;</span>
    &lt;<a title="A concise definition that  is shown in the concise XML format that summarises profiles" class="dict" href="profile-definitions.htm#Profile.resource.element.definition.short"><b>short</b></a>&gt;<span style="color: Gray">&lt;!--</span> <span style="color: brown"><b>1..1</b></span> <span style="color: darkgreen"><a href="datatypes.htm#string">string</a></span> <span style="color: navy">Concise definition for xml presentation</span><span style="color: Gray"> --&gt;</span>&lt;/short&gt;
    &lt;<a title=" The definition must be consistent with the base definition, but convey the meaning of the element in the particular context of use of the resource" class="dict" href="profile-definitions.htm#Profile.resource.element.definition.formal"><b>formal</b></a>&gt;<span style="color: Gray">&lt;!--</span> <span style="color: brown"><b>1..1</b></span> <span style="color: darkgreen"><a href="datatypes.htm#string">string</a></span> <span style="color: navy">Formal definition</span><span style="color: Gray"> --&gt;</span>&lt;/formal&gt;
    &lt;<a title="Comments about the use of the element, including notes about how to use the data properly, exceptions to proper use, etc." class="dict" href="profile-definitions.htm#Profile.resource.element.definition.comments"><b>comments</b></a>&gt;<span style="color: Gray">&lt;!--</span> <span style="color: brown"><b>0..1</b></span> <span style="color: darkgreen"><a href="datatypes.htm#string">string</a></span> <span style="color: navy">Comments about the use of this element</span><span style="color: Gray"> --&gt;</span>&lt;/comments&gt;
    &lt;<a title="Explains why this element is needed and why it&#39;s been constrained as it has" class="dict" href="profile-definitions.htm#Profile.resource.element.definition.requirements"><b>requirements</b></a>&gt;<span style="color: Gray">&lt;!--</span> <span style="color: brown"><b>0..1</b></span> <span style="color: darkgreen"><a href="datatypes.htm#string">string</a></span> <span style="color: navy">Why is this needed?</span><span style="color: Gray"> --&gt;</span>&lt;/requirements&gt;
    &lt;<a title="Identifies additional names by which this element might also be known" class="dict" href="profile-definitions.htm#Profile.resource.element.definition.synonym"><b>synonym</b></a>&gt;<span style="color: Gray">&lt;!--</span> <span style="color: brown"><b>0..*</b></span> <span style="color: darkgreen"><a href="datatypes.htm#string">string</a></span> <span style="color: navy">Other names</span><span style="color: Gray"> --&gt;</span>&lt;/synonym&gt;
    &lt;<a title="The minimum number of times this element must appear in the instance" class="dict" href="profile-definitions.htm#Profile.resource.element.definition.min"><b>min</b></a>&gt;<span style="color: Gray">&lt;!--</span> <span style="color: brown"><b>1..1</b></span> <span style="color: darkgreen"><a href="datatypes.htm#integer">integer</a></span> <span style="color: navy">Minimum Cardinality</span><span style="color: Gray"> --&gt;</span>&lt;/min&gt;
    &lt;<a title="The maximum number of times this element is permitted to appear in the instance" class="dict" href="profile-definitions.htm#Profile.resource.element.definition.max"><b>max</b></a>&gt;<span style="color: Gray">&lt;!--</span> <span style="color: brown"><b>1..1</b></span> <span style="color: darkgreen"><a href="datatypes.htm#string">string</a></span> <span style="color: navy">Maximum Cardinality (a number or *)</span><span style="color: Gray"> --&gt;</span>&lt;/max&gt;
    &lt;<a title="The data type or resource that the value of this element is permitted to be" class="dict" href="profile-definitions.htm#Profile.resource.element.definition.type"><b>type</b></a>&gt;  <span style="color: Gray">&lt;!-- <span style="color: brown"><b>0..*</b></span> Type of the element --&gt;</span>
     &lt;<a title="Data type or Resource" class="dict" href="profile-definitions.htm#Profile.resource.element.definition.type.code"><b>code</b></a>&gt;<span style="color: Gray">&lt;!--</span> <span style="color: brown"><b>1..1</b></span> <span style="color: darkgreen"><a href="datatypes.htm#code">code</a></span> <span style="color: navy">Data type or Resource</span><span style="color: Gray"> --&gt;</span>&lt;/code&gt;
     &lt;<a title="Identifies a profile that must hold for resources referenced as the type of this element." class="dict" href="profile-definitions.htm#Profile.resource.element.definition.type.profile"><b>profile</b></a>&gt;<span style="color: Gray">&lt;!--</span> <span title="Profile is only allowed if code is a resource" style="color: deeppink"><b>0..1</b></span> <span style="color: darkgreen"><a href="datatypes.htm#uri">uri</a></span> <span style="color: navy">Profile to apply (Resource only)</span><span style="color: Gray"> --&gt;</span>&lt;/profile&gt;
    &lt;/type&gt;
    &lt;<a title="Identifies the name of a slice defined elsewhere in the profile whose constraints should be applied to the current element " class="dict" href="profile-definitions.htm#Profile.resource.element.definition.nameReference"><b>nameReference</b></a>&gt;<span style="color: Gray">&lt;!--</span> <span title="Either a name or a fixed value (but not both) is permitted" style="color: deeppink"><b>0..1</b></span> <span style="color: darkgreen"><a href="datatypes.htm#string">string</a></span> <span style="color: navy">To another element constraint (by element.name)</span><span style="color: Gray"> --&gt;</span>&lt;/nameReference&gt;
    &lt;<a title="Specifies a value that must hold for this element in the instance." class="dict" href="profile-definitions.htm#Profile.resource.element.definition.value[x]"><b>value[x]</b></a> <span title="dataAbsentReason attribute is allowed" style="color: red">d?</span>&gt;<span style="color: Gray">&lt;!--</span> <span title="Either a name or a fixed value (but not both) is permitted" style="color: deeppink"><b>0..1</b></span> <span style="color: navy">Fixed value: [as defined for type]</span><span style="color: Gray"> --&gt;</span>&lt;/value[x]&gt;
    &lt;<a title="Indicates the shortest length that must be supported by conformant instances without truncation." class="dict" href="profile-definitions.htm#Profile.resource.element.definition.maxLength"><b>maxLength</b></a>&gt;<span style="color: Gray">&lt;!--</span> <span style="color: brown"><b>0..1</b></span> <span style="color: darkgreen"><a href="datatypes.htm#integer">integer</a></span> <span style="color: navy">Length for strings</span><span style="color: Gray"> --&gt;</span>&lt;/maxLength&gt;
    &lt;<a title="If true then the dataAbsentReason attribute is permitted, otherwise not" class="dict" href="profile-definitions.htm#Profile.resource.element.definition.dataAbsentReason"><b>dataAbsentReason</b></a>&gt;<span style="color: Gray">&lt;!--</span> <span style="color: brown"><b>1..1</b></span> <span style="color: darkgreen"><a href="datatypes.htm#boolean">boolean</a></span> <span style="color: navy">If @dataAbsentReason is allowed</span><span style="color: Gray"> --&gt;</span>&lt;/dataAbsentReason&gt;
    &lt;<a title="A reference to an invariant that may make additional statements about the cardinality in the instance" class="dict" href="profile-definitions.htm#Profile.resource.element.definition.condition"><b>condition</b></a>&gt;<span style="color: Gray">&lt;!--</span> <span style="color: brown"><b>0..*</b></span> <span style="color: darkgreen"><a href="datatypes.htm#id">id</a></span> <span style="color: navy">reference to invariant about presence</span><span style="color: Gray"> --&gt;</span>&lt;/condition&gt;
    &lt;<a title="Formal constraints such as co-occurrence and other constraints that can be computationally evaluated within the context of the instance." class="dict" href="profile-definitions.htm#Profile.resource.element.definition.constraint"><b>constraint</b></a>&gt;  <span style="color: Gray">&lt;!-- <span style="color: brown"><b>0..*</b></span> Condition that must evaluate to true --&gt;</span>
     &lt;<a title="Allows identification of which elements have their cardinalities impacted by the constraint.  Will not be referenced for constraints that do not affect cardinality." class="dict" href="profile-definitions.htm#Profile.resource.element.definition.constraint.id"><b>id</b></a>&gt;<span style="color: Gray">&lt;!--</span> <span style="color: brown"><b>1..1</b></span> <span style="color: darkgreen"><a href="datatypes.htm#id">id</a></span> <span style="color: navy">Target of &#39;condition&#39; reference above</span><span style="color: Gray"> --&gt;</span>&lt;/id&gt;
     &lt;<a title="Used to label the constraint in OCL or in short displays incapable of displaying the full human description" class="dict" href="profile-definitions.htm#Profile.resource.element.definition.constraint.name"><b>name</b></a>&gt;<span style="color: Gray">&lt;!--</span> <span style="color: brown"><b>0..1</b></span> <span style="color: darkgreen"><a href="datatypes.htm#string">string</a></span> <span style="color: navy">Short human label</span><span style="color: Gray"> --&gt;</span>&lt;/name&gt;
     &lt;<a title="Identifies the impact constraint violation has on the conformance of the instance." class="dict" href="profile-definitions.htm#Profile.resource.element.definition.constraint.severity"><b>severity</b></a>&gt;<span style="color: Gray">&lt;!--</span> <span style="color: brown"><b>1..1</b></span> <span style="color: darkgreen"><a href="datatypes.htm#code">code</a></span> <span style="color: navy">error | warning</span><span style="color: Gray"> --&gt;</span>&lt;/severity&gt;
     &lt;<a title="This is the text that describes the constraint in messages identifying that the constraint has been violated " class="dict" href="profile-definitions.htm#Profile.resource.element.definition.constraint.human"><b>human</b></a>&gt;<span style="color: Gray">&lt;!--</span> <span style="color: brown"><b>1..1</b></span> <span style="color: darkgreen"><a href="datatypes.htm#string">string</a></span> <span style="color: navy">Human description of constraint</span><span style="color: Gray"> --&gt;</span>&lt;/human&gt;
     &lt;<a title="XPath expression of constraint" class="dict" href="profile-definitions.htm#Profile.resource.element.definition.constraint.xpath"><b>xpath</b></a>&gt;<span style="color: Gray">&lt;!--</span> <span style="color: brown"><b>1..1</b></span> <span style="color: darkgreen"><a href="datatypes.htm#string">string</a></span> <span style="color: navy">XPath expression of constraint</span><span style="color: Gray"> --&gt;</span>&lt;/xpath&gt;
     &lt;<a title="OCL expression of constraint" class="dict" href="profile-definitions.htm#Profile.resource.element.definition.constraint.ocl"><b>ocl</b></a>&gt;<span style="color: Gray">&lt;!--</span> <span style="color: brown"><b>0..1</b></span> <span style="color: darkgreen"><a href="datatypes.htm#string">string</a></span> <span style="color: navy">OCL expression of constraint</span><span style="color: Gray"> --&gt;</span>&lt;/ocl&gt;
    &lt;/constraint&gt;
    &lt;<a title="If true, conformant resource authors must be capable of providing a value for the element and resource consumers must be capable of extracting and doing something useful with the data element.  If false, the element may be ignored and not supported." class="dict" href="profile-definitions.htm#Profile.resource.element.definition.mustSupport"><b>mustSupport</b></a>&gt;<span style="color: Gray">&lt;!--</span> <span style="color: brown"><b>0..1</b></span> <span style="color: darkgreen"><a href="datatypes.htm#boolean">boolean</a></span> <span style="color: navy">If the element must be usable</span><span style="color: Gray"> --&gt;</span>&lt;/mustSupport&gt;
    &lt;<a title="If true, the element cannot be ignored by systems unless they recognize the element and a pre-determination has been made that it is not relevant to their particular system." class="dict" href="profile-definitions.htm#Profile.resource.element.definition.mustUnderstand"><b>mustUnderstand</b></a>&gt;<span style="color: Gray">&lt;!--</span> <span style="color: brown"><b>0..1</b></span> <span style="color: darkgreen"><a href="datatypes.htm#boolean">boolean</a></span> <span style="color: navy">If the element must be understood</span><span style="color: Gray"> --&gt;</span>&lt;/mustUnderstand&gt;
    &lt;<a title="Identifies the set of codes that applies to this element if a data type supporting codes is used." class="dict" href="profile-definitions.htm#Profile.resource.element.definition.binding"><b>binding</b></a>&gt;<span style="color: Gray">&lt;!--</span> <span title="Binding can only be present for coded elements" style="color: deeppink"><b>0..1</b></span> <span style="color: darkgreen"><a href="datatypes.htm#string">string</a></span> <span style="color: navy">Binding - see bindings below (only if coded)</span><span style="color: Gray"> --&gt;</span>&lt;/binding&gt;
    &lt;<a title="Identifies a concept from an external specification that roughly corresponds to this element." class="dict" href="profile-definitions.htm#Profile.resource.element.definition.mapping"><b>mapping</b></a>&gt;  <span style="color: Gray">&lt;!-- <span style="color: brown"><b>0..*</b></span> Map element to another set of definitions --&gt;</span>
     &lt;<a title="The name of the specification is mapping is being expressed to." class="dict" href="profile-definitions.htm#Profile.resource.element.definition.mapping.target"><b>target</b></a>&gt;<span style="color: Gray">&lt;!--</span> <span style="color: brown"><b>1..1</b></span> <span style="color: darkgreen"><a href="datatypes.htm#string">string</a></span> <span style="color: navy">Which mapping this is (v2, CDA, openEHR, etc.)</span><span style="color: Gray"> --&gt;</span>&lt;/target&gt;
     &lt;<a title="Expresses what part of the target specification corresponds to this element" class="dict" href="profile-definitions.htm#Profile.resource.element.definition.mapping.map"><b>map</b></a>&gt;<span style="color: Gray">&lt;!--</span> <span style="color: brown"><b>0..1</b></span> <span style="color: darkgreen"><a href="datatypes.htm#string">string</a></span> <span style="color: navy">Details of the mapping</span><span style="color: Gray"> --&gt;</span>&lt;/map&gt;
    &lt;/mapping&gt;
   &lt;/definition&gt;
   &lt;<a title="Whether the Resource that is the value for this element is included in the bundle, if the profile is specifying a bundle" class="dict" href="profile-definitions.htm#Profile.resource.element.bundled"><b>bundled</b></a>&gt;<span style="color: Gray">&lt;!--</span> <span title="Bundled may only be specified if one of the allowed types for the element is a resource" style="color: deeppink"><b>0..1</b></span> <span style="color: darkgreen"><a href="datatypes.htm#boolean">boolean</a></span> <span style="color: navy">If type is Resource, is it in the bundle?</span><span style="color: Gray"> --&gt;</span>&lt;/bundled&gt;
   &lt;<a title="Indicates whether the set of slices defined is &quot;exhaustive&quot;.  I.e. Have all the possible variants for the repeating element been defined?  If true, then no new slices can be created off the base element in derived profiles - though existing slices can be further sliced if they are defined as repeating elements." class="dict" href="profile-definitions.htm#Profile.resource.element.closed"><b>closed</b></a>&gt;<span style="color: Gray">&lt;!--</span> <span style="color: brown"><b>0..1</b></span> <span style="color: darkgreen"><a href="datatypes.htm#boolean">boolean</a></span> <span style="color: navy">If list, whether derived profiles can slice more</span><span style="color: Gray"> --&gt;</span>&lt;/closed&gt;
  &lt;/element&gt;
 &lt;/resource&gt;
 &lt;<a title="An extension defined as part of the profile" class="dict" href="profile-definitions.htm#Profile.extensionDefn"><b>extensionDefn</b></a>&gt;  <span style="color: Gray">&lt;!-- <span style="color: brown"><b>0..*</b></span> Definition of an extension --&gt;</span>
  &lt;<a title="A unique code (within the profile) used to identify the extension." class="dict" href="profile-definitions.htm#Profile.extensionDefn.code"><b>code</b></a>&gt;<span style="color: Gray">&lt;!--</span> <span style="color: brown"><b>1..1</b></span> <span style="color: darkgreen"><a href="datatypes.htm#code">code</a></span> <span style="color: navy">identifies the extension in the instance</span><span style="color: Gray"> --&gt;</span>&lt;/code&gt;
  &lt;<a title="Identifies the type of context to which the extension applies" class="dict" href="profile-definitions.htm#Profile.extensionDefn.contextType"><b>contextType</b></a>&gt;<span style="color: Gray">&lt;!--</span> <span style="color: brown"><b>1..1</b></span> <span style="color: darkgreen"><a href="datatypes.htm#code">code</a></span> <span style="color: navy">resource | datatype | mapping | extension</span><span style="color: Gray"> --&gt;</span>&lt;/contextType&gt;
  &lt;<a title="Identifies the types of resource or data type elements to which the extension can be applied." class="dict" href="profile-definitions.htm#Profile.extensionDefn.context"><b>context</b></a>&gt;<span style="color: Gray">&lt;!--</span> <span style="color: brown"><b>1..*</b></span> <span style="color: darkgreen"><a href="datatypes.htm#string">string</a></span> <span style="color: navy">Where the extension can be used in instances</span><span style="color: Gray"> --&gt;</span>&lt;/context&gt;
  &lt;<a title="Definition of the extension and its content" class="dict" href="profile-definitions.htm#Profile.extensionDefn.definition"><b>definition</b></a>&gt;<span style="color: Gray">&lt;!--</span> <span style="color: brown"><b>1..1</b></span> <span style="color: darkgreen">Content as for Profile.resource.element.definition</span> <span style="color: navy">Definition of the extension and its content</span><span style="color: Gray"> --&gt;</span>&lt;/definition&gt;
 &lt;/extensionDefn&gt;
 &lt;<a title="Defines a linkage between a vocabulary binding name used in the profile (or expected to be used in profile importing this one) and a value set or code list." class="dict" href="profile-definitions.htm#Profile.binding"><b>binding</b></a>&gt;  <span style="color: Gray">&lt;!-- <span style="color: brown"><b>0..*</b></span> Define code sets for coded elements --&gt;</span>
  &lt;<a title="The name to be associated with this set of codes." class="dict" href="profile-definitions.htm#Profile.binding.name"><b>name</b></a>&gt;<span style="color: Gray">&lt;!--</span> <span style="color: brown"><b>1..1</b></span> <span style="color: darkgreen"><a href="datatypes.htm#string">string</a></span> <span style="color: navy">binding name</span><span style="color: Gray"> --&gt;</span>&lt;/name&gt;
  &lt;<a title="Describes the intended use of this particular set of codes" class="dict" href="profile-definitions.htm#Profile.binding.definition"><b>definition</b></a>&gt;<span style="color: Gray">&lt;!--</span> <span style="color: brown"><b>0..1</b></span> <span style="color: darkgreen"><a href="datatypes.htm#string">string</a></span> <span style="color: navy">Human explanation of the binding</span><span style="color: Gray"> --&gt;</span>&lt;/definition&gt;
  &lt;<a title="Identifies how the set of codes for this binding is being defined." class="dict" href="profile-definitions.htm#Profile.binding.type"><b>type</b></a>&gt;<span style="color: Gray">&lt;!--</span> <span style="color: brown"><b>1..1</b></span> <span style="color: darkgreen"><a href="datatypes.htm#code">code</a></span> <span style="color: navy">valueset | codelist | reference | special</span><span style="color: Gray"> --&gt;</span>&lt;/type&gt;
  &lt;<a title="If true, then conformant systems may use additional codes or (where the data type permits) text alone to convey concepts not covered by the set of codes identified in the binding.  If false, then conformant systems are constrained to the provided codes alone." class="dict" href="profile-definitions.htm#Profile.binding.isExtensible"><b>isExtensible</b></a>&gt;<span style="color: Gray">&lt;!--</span> <span style="color: brown"><b>1..1</b></span> <span style="color: darkgreen"><a href="datatypes.htm#boolean">boolean</a></span> <span style="color: navy">Can additional codes be used?</span><span style="color: Gray"> --&gt;</span>&lt;/isExtensible&gt;
  &lt;<a title="Indicates the degree of conformance expectations associated with this binding" class="dict" href="profile-definitions.htm#Profile.binding.conformance"><b>conformance</b></a>&gt;<span style="color: Gray">&lt;!--</span> <span style="color: brown"><b>1..1</b></span> <span style="color: darkgreen"><a href="datatypes.htm#code">code</a></span> <span style="color: navy">required | preferred | example</span><span style="color: Gray"> --&gt;</span>&lt;/conformance&gt;
  &lt;<a title="Points to the value set or external definition that identifies the set of codes to be used." class="dict" href="profile-definitions.htm#Profile.binding.reference"><b>reference</b></a>&gt;<span style="color: Gray">&lt;!--</span> <span title="reference must be present and may only be present if binding type is &quot;reference&quot; or &quot;valueset&quot;" style="color: deeppink"><b>0..1</b></span> <span style="color: darkgreen"><a href="datatypes.htm#uri">uri</a></span> <span style="color: navy">Source of binding content</span><span style="color: Gray"> --&gt;</span>&lt;/reference&gt;
  &lt;<a title="Identifies the codes forming the code list for the binding" class="dict" href="profile-definitions.htm#Profile.binding.concept"><b>concept</b></a>&gt;  <span style="color: Gray">&lt;!-- <span title="reference must be present and may only be present if binding type is &quot;reference&quot; or &quot;valueset&quot;" style="color: deeppink"><b>0..*</b></span> Enumerated codes that are the binding --&gt;</span>
   &lt;<a title="Identifies the code referenced or being defined as part of the binding" class="dict" href="profile-definitions.htm#Profile.binding.concept.code"><b>code</b></a>&gt;<span style="color: Gray">&lt;!--</span> <span style="color: brown"><b>1..1</b></span> <span style="color: darkgreen"><a href="datatypes.htm#code">code</a></span> <span style="color: navy">Code to use for this concept</span><span style="color: Gray"> --&gt;</span>&lt;/code&gt;
   &lt;<a title="Identifies the system in which the referenced code is defined." class="dict" href="profile-definitions.htm#Profile.binding.concept.system"><b>system</b></a>&gt;<span style="color: Gray">&lt;!--</span> <span style="color: brown"><b>0..1</b></span> <span style="color: darkgreen"><a href="datatypes.htm#uri">uri</a></span> <span style="color: navy">source for the code, if taken from another system</span><span style="color: Gray"> --&gt;</span>&lt;/system&gt;
   &lt;<a title="Identifies the text to be displayed to the user for this code.  If none provided, then the code itself is displayed." class="dict" href="profile-definitions.htm#Profile.binding.concept.display"><b>display</b></a>&gt;<span style="color: Gray">&lt;!--</span> <span style="color: brown"><b>0..1</b></span> <span style="color: darkgreen"><a href="datatypes.htm#string">string</a></span> <span style="color: navy">Print name. Defaults to code if not provided</span><span style="color: Gray"> --&gt;</span>&lt;/display&gt;
   &lt;<a title="A free-text description of the meaning of this code" class="dict" href="profile-definitions.htm#Profile.binding.concept.definition"><b>definition</b></a>&gt;<span style="color: Gray">&lt;!--</span> <span style="color: brown"><b>1..1</b></span> <span style="color: darkgreen"><a href="datatypes.htm#string">string</a></span> <span style="color: navy">Meaning of the concept</span><span style="color: Gray"> --&gt;</span>&lt;/definition&gt;
  &lt;/concept&gt;
 &lt;/binding&gt;
 &lt;<a title="See Extensions" class="dict" href="profile-definitions.htm#Profile.extension"><b>extension</b></a>&gt;<span style="color: Gray">&lt;!--</span> <span style="color: brown"><b>0..*</b></span> <span style="color: darkgreen"><a href="extensibility.htm#Extension">Extension</a></span>  <a href="extensibility.htm"><span style="color: navy">See Extensions</span></a> <span style="color: Gray"> --&gt;</span>&lt;/extension&gt;
 &lt;<a title="Text summary of resource profile for human interpretation" class="dict" href="profile-definitions.htm#Profile.text"><b>text</b></a>&gt;<span style="color: Gray">&lt;!--</span> <span style="color: brown"><b>1..1</b></span> <span style="color: darkgreen"><a href="xml.htm#Narrative">Narrative</a></span> <span style="color: navy">Text summary of resource profile for human interpretation</span><span style="color: Gray"> --&gt;</span>&lt;/text&gt;
&lt;/Profile&gt;
</pre></div>
  </text>
</Profile>