<?xml version="1.0" encoding="UTF-8"?>
<resourceDefinitions xmlns="http://hl7.org/fhir">
  <author>HL7</author>
  <resourceDefinition>
    <name>ValueSet</name>
    <elementDefinitions>
      <elementDefinition>
        <name>ValueSet</name>
        <cardinality>
          <minOccurs>1</minOccurs>
          <maxOccurs>1</maxOccurs>
        </cardinality>
        <condition></condition>
        <mustUnderstand>false</mustUnderstand>
        <definition>Value Set - a set of defined codes from one or more code systems that may be bound to a context</definition>
        <requirements></requirements>
        <rim>N/A</rim>
      </elementDefinition>
      <elementDefinition>
        <name>ValueSet.id</name>
        <cardinality>
          <minOccurs>1</minOccurs>
          <maxOccurs>1</maxOccurs>
        </cardinality>
        <condition></condition>
        <types>
          <type>id</type>
        </types>
        <mustUnderstand>true</mustUnderstand>
        <definition>Identifier for this resource that represents the value set</definition>
        <requirements></requirements>
        <rim>N/A</rim>
      </elementDefinition>
      <elementDefinition>
        <name>ValueSet.name</name>
        <cardinality>
          <minOccurs>1</minOccurs>
          <maxOccurs>1</maxOccurs>
        </cardinality>
        <condition></condition>
        <types>
          <type>string</type>
        </types>
        <mustUnderstand>false</mustUnderstand>
        <definition>A free text natural language name identifying the value set</definition>
        <requirements>Support human navigation</requirements>
        <comments>Not expected to be unique</comments>
        <rim>N/A</rim>
      </elementDefinition>
      <elementDefinition>
        <name>ValueSet.author</name>
        <cardinality>
          <minOccurs>1</minOccurs>
          <maxOccurs>1</maxOccurs>
        </cardinality>
        <condition></condition>
        <mustUnderstand>false</mustUnderstand>
        <definition>Details of the author who accepts responsibility for publishing the value set</definition>
        <requirements>Identifies responsibility</requirements>
        <comments>Usually an organisation, but may be an individual</comments>
        <rim>N/A</rim>
      </elementDefinition>
      <elementDefinition>
        <name>ValueSet.author.name</name>
        <cardinality>
          <minOccurs>1</minOccurs>
          <maxOccurs>1</maxOccurs>
        </cardinality>
        <condition></condition>
        <types>
          <type>string</type>
        </types>
        <mustUnderstand>false</mustUnderstand>
        <definition>The name of the author</definition>
        <requirements></requirements>
        <rim>N/A</rim>
      </elementDefinition>
      <elementDefinition>
        <name>ValueSet.author.reference</name>
        <cardinality>
          <minOccurs>0</minOccurs>
          <maxOccurs>1</maxOccurs>
        </cardinality>
        <condition></condition>
        <types>
          <type>uri</type>
        </types>
        <mustUnderstand>false</mustUnderstand>
        <definition>Some way of reaching or finding the author.</definition>
        <requirements>Allow a user to find and communicate with the author</requirements>
        <comments>May be a web site, an email address, a telephone number</comments>
        <rim>N/A</rim>
      </elementDefinition>
      <elementDefinition>
        <name>ValueSet.description</name>
        <cardinality>
          <minOccurs>1</minOccurs>
          <maxOccurs>1</maxOccurs>
        </cardinality>
        <condition></condition>
        <types>
          <type>string</type>
        </types>
        <mustUnderstand>false</mustUnderstand>
        <definition>A free text natural language description of the value set - contents, reason for definition, conditions of use, etc.</definition>
        <requirements>Human understandibility</requirements>
        <rim>N/A</rim>
      </elementDefinition>
      <elementDefinition>
        <name>ValueSet.status</name>
        <cardinality>
          <minOccurs>1</minOccurs>
          <maxOccurs>1</maxOccurs>
        </cardinality>
        <condition></condition>
        <types>
          <type>code</type>
        </types>
        <conceptDomain>ValueSetStatus</conceptDomain>
        <mustUnderstand>true</mustUnderstand>
        <definition>The status of the value set</definition>
        <requirements>Identify when/if the value set should be used.</requirements>
        <rim>N/A</rim>
      </elementDefinition>
      <elementDefinition>
        <name>ValueSet.date</name>
        <cardinality>
          <minOccurs>1</minOccurs>
          <maxOccurs>1</maxOccurs>
        </cardinality>
        <condition></condition>
        <types>
          <type>dateTime</type>
        </types>
        <mustUnderstand>false</mustUnderstand>
        <definition>The date that the value set status was last changed</definition>
        <requirements>Need to know when a value set was first legal for use or became withdrawn or replaced.</requirements>
        <comments>Note that this is not the same as the resource last-modified-date, since the resource may be a secondary representation of the value set</comments>
        <rim>N/A</rim>
      </elementDefinition>
      <elementDefinition>
        <name>ValueSet.identifier</name>
        <cardinality>
          <minOccurs>1</minOccurs>
          <maxOccurs>1</maxOccurs>
        </cardinality>
        <condition></condition>
        <types>
          <type>id</type>
        </types>
        <mustUnderstand>false</mustUnderstand>
        <definition>The identifier that is used to identify this value set when it is referenced in a specification, model, design or an instance </definition>
        <requirements></requirements>
        <comments>This is not the same as the resource id because the resource may not be the definitive representation of the value set. If the resource is the definitive representation, this may have the same value as the .id. There may be multiple versions of the value set that have this same identifier</comments>
        <rim>N/A</rim>
      </elementDefinition>
      <elementDefinition>
        <name>ValueSet.version</name>
        <cardinality>
          <minOccurs>1</minOccurs>
          <maxOccurs>1</maxOccurs>
        </cardinality>
        <condition></condition>
        <types>
          <type>id</type>
        </types>
        <mustUnderstand>false</mustUnderstand>
        <definition>The identifier that is used to identify this version of the value set when it is referenced in a specification, model, design, or instance</definition>
        <requirements></requirements>
        <rim>N/A</rim>
      </elementDefinition>
      <elementDefinition>
        <name>ValueSet.restricts</name>
        <cardinality>
          <minOccurs>0</minOccurs>
          <maxOccurs>unbounded</maxOccurs>
        </cardinality>
        <condition></condition>
        <types>
          <type>uri</type>
        </types>
        <mustUnderstand>false</mustUnderstand>
        <definition>An assertion that this value set is a restriction on another value set - that it only includes codes that are part of the other value set. The value set itself must ensure that this is true - the contents of the value set are not automatically bounded by the contents of any value set identified here. This allows profile tooling to reason about the relationships between value sets without having to determine the value set contents</definition>
        <requirements></requirements>
        <comments>In most cases, the claim of restriction could be validated in a particular context of use, but it is not necessary to do so</comments>
        <rim>N/A</rim>
      </elementDefinition>
      <elementDefinition>
        <name>ValueSet.import</name>
        <cardinality>
          <minOccurs>0</minOccurs>
          <maxOccurs>unbounded</maxOccurs>
        </cardinality>
        <condition></condition>
        <types>
          <type>uri</type>
        </types>
        <mustUnderstand>false</mustUnderstand>
        <definition>Includes the contents of the referenced value set as part of the contents of this value set</definition>
        <requirements></requirements>
        <rim>N/A</rim>
      </elementDefinition>
      <elementDefinition>
        <name>ValueSet.include</name>
        <cardinality>
          <minOccurs>0</minOccurs>
          <maxOccurs>unbounded</maxOccurs>
        </cardinality>
        <condition></condition>
        <mustUnderstand>false</mustUnderstand>
        <definition>Include one or more codes from a code system</definition>
        <requirements></requirements>
        <rim>N/A</rim>
      </elementDefinition>
      <elementDefinition>
        <name>ValueSet.include.system</name>
        <cardinality>
          <minOccurs>1</minOccurs>
          <maxOccurs>1</maxOccurs>
        </cardinality>
        <condition></condition>
        <types>
          <type>uri</type>
        </types>
        <mustUnderstand>false</mustUnderstand>
        <definition>The code system from which the selected codes come from</definition>
        <requirements></requirements>
        <comments>See [[Coding.system]] for further documentation</comments>
        <rim>N/A</rim>
      </elementDefinition>
      <elementDefinition>
        <name>ValueSet.include.version</name>
        <cardinality>
          <minOccurs>0</minOccurs>
          <maxOccurs>1</maxOccurs>
        </cardinality>
        <condition></condition>
        <types>
          <type>string</type>
        </types>
        <mustUnderstand>false</mustUnderstand>
        <definition>The version of the code system that the codes are selected from</definition>
        <requirements></requirements>
        <comments>This is used when selecting the descendents of a concept - they may change between versions. If no version is specified, then the exact contents of the value set may not be known until a context of use binds it to a particular version</comments>
        <rim>N/A</rim>
      </elementDefinition>
      <elementDefinition>
        <name>ValueSet.include.mode</name>
        <cardinality>
          <minOccurs>1</minOccurs>
          <maxOccurs>1</maxOccurs>
        </cardinality>
        <condition></condition>
        <types>
          <type>code</type>
        </types>
        <conceptDomain>CodeSelectionMode</conceptDomain>
        <mustUnderstand>false</mustUnderstand>
        <definition>The mode of selection - whether the code itself, and/or its descendants are being selected </definition>
        <requirements></requirements>
        <comments>It is an error to include codes that are marked &quot;abstract&quot; in a value set that is used directly in a specification, but not an error to include an abstract code in a value set not destined for this use</comments>
        <rim>N/A</rim>
      </elementDefinition>
      <elementDefinition>
        <name>ValueSet.include.code</name>
        <cardinality>
          <minOccurs>0</minOccurs>
          <maxOccurs>unbounded</maxOccurs>
        </cardinality>
        <condition></condition>
        <types>
          <type>code</type>
        </types>
        <mustUnderstand>false</mustUnderstand>
        <definition>Specifies a code or concept to be included or excluded as specified by the mode from the value set</definition>
        <requirements></requirements>
        <comments>expressions are allowed if defined by the underlying code system</comments>
        <rim>N/A</rim>
      </elementDefinition>
      <elementDefinition>
        <name>ValueSet.include.filter</name>
        <cardinality>
          <minOccurs>0</minOccurs>
          <maxOccurs>unbounded</maxOccurs>
        </cardinality>
        <condition></condition>
        <mustUnderstand>false</mustUnderstand>
        <definition>Select concepts by specify a matching criteria based on the properties defined by the system. If multiple filters are specified, they must all be true</definition>
        <requirements></requirements>
        <comments>Selecting codes by specifying filters based on properties is only possible where the underlying code system defines appropriate properties. Note that in some cases, the underlying code system defines the logical concepts but not the literal codes for the concepts. In such cases, the literal definitions may be provided by a third party</comments>
        <rim>N/A</rim>
      </elementDefinition>
      <elementDefinition>
        <name>ValueSet.include.filter.property</name>
        <cardinality>
          <minOccurs>1</minOccurs>
          <maxOccurs>1</maxOccurs>
        </cardinality>
        <condition></condition>
        <types>
          <type>code</type>
        </types>
        <mustUnderstand>false</mustUnderstand>
        <definition>A code that identifies a property defined in the code system</definition>
        <requirements></requirements>
        <rim>N/A</rim>
      </elementDefinition>
      <elementDefinition>
        <name>ValueSet.include.filter.op</name>
        <cardinality>
          <minOccurs>1</minOccurs>
          <maxOccurs>1</maxOccurs>
        </cardinality>
        <condition></condition>
        <types>
          <type>code</type>
        </types>
        <conceptDomain>FilterOperator</conceptDomain>
        <mustUnderstand>false</mustUnderstand>
        <definition>The kind of operation to perform as part of the filter criteria</definition>
        <requirements></requirements>
        <rim>N/A</rim>
      </elementDefinition>
      <elementDefinition>
        <name>ValueSet.include.filter.value</name>
        <cardinality>
          <minOccurs>1</minOccurs>
          <maxOccurs>1</maxOccurs>
        </cardinality>
        <condition></condition>
        <types>
          <type>code</type>
        </types>
        <mustUnderstand>false</mustUnderstand>
        <definition>The match value may be either a code defined by the system, or a string value which is used a regex match on the literal string of the property value</definition>
        <requirements></requirements>
        <comments>Use regex matching with care - full regex matching on every SNOMED-CT term is prohibitive, for example</comments>
        <rim>N/A</rim>
      </elementDefinition>
      <elementDefinition>
        <name>ValueSet.exclude</name>
        <cardinality>
          <minOccurs>0</minOccurs>
          <maxOccurs>unbounded</maxOccurs>
        </cardinality>
        <condition></condition>
        <types>
          <type>@ValueSet.include</type>
        </types>
        <mustUnderstand>false</mustUnderstand>
        <definition>Exclude one or more codes from the value set</definition>
        <requirements></requirements>
        <comments>usually this is used to selectively exclude codes that were included by subsumption in the inclusions</comments>
        <rim>N/A</rim>
      </elementDefinition>
      <elementDefinition>
        <name>ValueSet.extension</name>
        <cardinality>
          <minOccurs>0</minOccurs>
          <maxOccurs>unbounded</maxOccurs>
        </cardinality>
        <condition></condition>
        <types>
          <type>Extension</type>
        </types>
        <mustUnderstand>false</mustUnderstand>
        <definition>See Extensions</definition>
        <requirements></requirements>
        <rim>N/A</rim>
      </elementDefinition>
      <elementDefinition>
        <name>ValueSet.text</name>
        <cardinality>
          <minOccurs>1</minOccurs>
          <maxOccurs>1</maxOccurs>
        </cardinality>
        <condition></condition>
        <types>
          <type>Narrative</type>
        </types>
        <mustUnderstand>false</mustUnderstand>
        <definition>Text summary of value set for human interpretation</definition>
        <requirements></requirements>
        <rim>N/A</rim>
      </elementDefinition>
    </elementDefinitions>
  </resourceDefinition>
</resourceDefinitions>

