{"Conformance":{"id":"6cb96d2f-cfa5-4da9-a5a6-d1a087da0baf","operation":{"schema":false,"history":true,"update":true,"updates":true,"search":{"param":["name","gender"]},"transaction":{"name":"link"},"delete":false,"read":true,"create":{"id":"server"},"validate":false,"vread":true},"text":{"status":"generated","div":{"p":"The EHR Server supports the following transactions for the resource \"Patient\": read, vread, update, history, transaction(link), search(name,gender), create(server-id only), and updates","xmlns":"http://www.w3.org/1999/xhtml"}},"software":{"name":"EHR","version":"0.00.020.2134"},"resource":{"type":"Patient"},"xmlns":"http://www.hl7.org/fhir","date":"2012-01-04","mode":"server","publisher":{"name":"ACME Corporation","contact":{"system":"email","value":"wile@acme.org"}}}}