{"MessageConformance":{"id":"37ce5d0d-6782-4f9c-9a30-3fb73d162545","text":{"status":"generated","div":{"p":"Update Person resource for Peter James CHALMERS (\"Jim\"), MRN: 12345 (Acme Healthcare)","xmlns":"http://www.w3.org/1999/xhtml"}},"software":{"name":"PAS","version":"1.02-012341"},"event":[{"request":{"resource":{"element":[{"min":1,"max":1,"path":"Person.id","conformance":"Mandatory"},{"min":1,"max":1,"path":"Person.identifier","conformance":"Mandatory"},{"min":1,"max":1,"value":{"Coding":{"system":"urn:hl7-org:sid/fhir/identifier-type","code":"patient"}},"path":"Person.identifier.type","conformance":"Mandatory","type":"Coding"},{"min":1,"max":1,"path":"Person.identifier.identifier","conformance":"Mandatory","type":"Identifier"},{"min":0,"max":0,"path":"Person.identifier.period","conformance":"Prohibited","type":"Interval(humanDate)"},{"min":0,"max":0,"path":"Person.identifier.assigner","conformance":"Prohibited","type":"Resource(Organization)"}],"name":"focus","type":"Person"}},"resource":"Person","code":"admin-create","mode":"sender"},{"resource":"Person","code":"admin-update","mode":"sender"}],"xmlns":"http://www.hl7.org/fhir","date":"2012-01-04","publisher":{"name":"ACME Corporation","contact":{"system":"email","value":"wile@acme.org"}}}}