<?xml version="1.0" encoding="UTF-8"?>

<Profile xmlns="http://hl7.org/fhir">
  <text>
    <status value="generated"/><div xmlns="http://www.w3.org/1999/xhtml"><pre>
&lt;<a title="AdverseReaction" class="dict" href="adversereaction-definitions.htm#AdverseReaction"><b>AdverseReaction</b></a> xmlns=&quot;http://hl7.org/fhir&quot;&gt;
 &lt;<a title="When the reaction occurred (this element must be understood)" class="dict" href="adversereaction-definitions.htm#AdverseReaction.reactionDate"><span style="text-decoration: underline"><b>reactionDate</b></span></a> value=&quot;[<span style="color: darkgreen"><a href="datatypes.htm#dateTime">dateTime</a></span>]&quot;/&gt;<span style="color: Gray">&lt;!--</span> <span style="color: brown"><b>0..1</b></span> <span style="color: navy">When the reaction occurred</span><span style="color: Gray"> --&gt;</span>
 &lt;<a title="The subject of the adverse reaction (this element must be understood)" class="dict" href="adversereaction-definitions.htm#AdverseReaction.subject"><span style="text-decoration: underline"><b>subject</b></span></a>&gt;<span style="color: Gray">&lt;!--</span> <span style="color: brown"><b>1..1</b></span> <span style="color: darkgreen"><a href="resources.htm#Resource">Resource</a>(<a href="patient.htm#Patient">Patient</a>)</span> <span style="color: navy">The subject of the adverse reaction</span><span style="color: Gray"> --&gt;</span>&lt;/subject&gt;
 &lt;<a title="To say that a reaction to substance did not occur (this element must be understood)" class="dict" href="adversereaction-definitions.htm#AdverseReaction.didNotOccurFlag"><span style="text-decoration: underline"><b>didNotOccurFlag</b></span></a> value=&quot;[<span style="color: darkgreen"><a href="datatypes.htm#boolean">boolean</a></span>]&quot;/&gt;<span style="color: Gray">&lt;!--</span> <span style="color: brown"><b>1..1</b></span> <span style="color: navy">To say that a reaction to substance did not occur</span><span style="color: Gray"> --&gt;</span>
 &lt;<a title="Who recorded the reaction (this element must be understood)" class="dict" href="adversereaction-definitions.htm#AdverseReaction.recorder"><span style="text-decoration: underline"><b>recorder</b></span></a>&gt;<span style="color: Gray">&lt;!--</span> <span style="color: brown"><b>0..1</b></span> <span style="color: darkgreen"><a href="resources.htm#Resource">Resource</a>(<a href="practitioner.htm#Practitioner">Practitioner</a>|<a href="patient.htm#Patient">Patient</a>)</span> <span style="color: navy">Who recorded the reaction</span><span style="color: Gray"> --&gt;</span>&lt;/recorder&gt;
 &lt;<a title="The signs and symptoms that were observed as part of the reaction (this element must be understood)" class="dict" href="adversereaction-definitions.htm#AdverseReaction.symptom"><span style="text-decoration: underline"><b>symptom</b></span></a>&gt;  <span style="color: Gray">&lt;!-- <span style="color: brown"><b>0..*</b></span> The signs and symptoms that were observed as part of the reaction --&gt;</span>
  &lt;<a title="Indicates the specific sign or symptom that was observed (this element must be understood)" class="dict" href="adversereaction-definitions.htm#AdverseReaction.symptom.code"><span style="text-decoration: underline"><b>code</b></span></a>&gt;<span style="color: Gray">&lt;!--</span> <span style="color: brown"><b>1..1</b></span> <span style="color: darkgreen"><a href="datatypes.htm#CodeableConcept">CodeableConcept</a></span> <span style="color: navy">Indicates the specific sign or symptom that was observed</span><span style="color: Gray"> --&gt;</span>&lt;/code&gt;
  &lt;<a title="The severity of the sign or symptom (this element must be understood)" class="dict" href="adversereaction-definitions.htm#AdverseReaction.symptom.severity"><span style="text-decoration: underline"><b>severity</b></span></a> value=&quot;[<span style="color: darkgreen"><a href="datatypes.htm#code">code</a></span>]&quot;/&gt;<span style="color: Gray">&lt;!--</span> <span style="color: brown"><b>0..1</b></span> <span style="color: navy">The severity of the sign or symptom</span><span style="color: Gray"> --&gt;</span>
 &lt;/symptom&gt;
 &lt;<a title="An exposure to a substance that preceded a reaction occurrence (this element must be understood)" class="dict" href="adversereaction-definitions.htm#AdverseReaction.exposure"><span style="text-decoration: underline"><b>exposure</b></span></a>&gt;  <span style="color: Gray">&lt;!-- <span style="color: brown"><b>0..*</b></span> An exposure to a substance that preceded a reaction occurrence --&gt;</span>
  &lt;<a title="When the exposure occurred (this element must be understood)" class="dict" href="adversereaction-definitions.htm#AdverseReaction.exposure.exposureDate"><span style="text-decoration: underline"><b>exposureDate</b></span></a> value=&quot;[<span style="color: darkgreen"><a href="datatypes.htm#dateTime">dateTime</a></span>]&quot;/&gt;<span style="color: Gray">&lt;!--</span> <span style="color: brown"><b>0..1</b></span> <span style="color: navy">When the exposure occurred</span><span style="color: Gray"> --&gt;</span>
  &lt;<a title="Drug Administration, Immunization, Coincidental (this element must be understood)" class="dict" href="adversereaction-definitions.htm#AdverseReaction.exposure.exposureType"><span style="text-decoration: underline"><b>exposureType</b></span></a> value=&quot;[<span style="color: darkgreen"><a href="datatypes.htm#code">code</a></span>]&quot;/&gt;<span style="color: Gray">&lt;!--</span> <span style="color: brown"><b>0..1</b></span> <span style="color: navy">The type of exposure</span><span style="color: Gray"> --&gt;</span>
  &lt;<a title="A statement of how confident that the recorder was that this exposure caused the reaction" class="dict" href="adversereaction-definitions.htm#AdverseReaction.exposure.causalityExpectation"><b>causalityExpectation</b></a> value=&quot;[<span style="color: darkgreen"><a href="datatypes.htm#code">code</a></span>]&quot;/&gt;<span style="color: Gray">&lt;!--</span> <span style="color: brown"><b>0..1</b></span> <span style="color: navy">A statement of how confident that the recorder was that this exposure caused the reaction</span><span style="color: Gray"> --&gt;</span>
  &lt;<a title="Substance(s) that is presumed to have caused the adverse reaction" class="dict" href="adversereaction-definitions.htm#AdverseReaction.exposure.substance"><b>substance</b></a>&gt;<span style="color: Gray">&lt;!--</span> <span style="color: brown"><b>0..1</b></span> <span style="color: darkgreen"><a href="resources.htm#Resource">Resource</a>(<a href="substance.htm#Substance">Substance</a>)</span> <span style="color: navy">Substance(s) that is presumed to have caused the adverse reaction</span><span style="color: Gray"> --&gt;</span>&lt;/substance&gt;
 &lt;/exposure&gt;
&lt;/AdverseReaction&gt;
</pre></div>
  </text>
  <name value="adversereaction"/>
  <author>
    <name value="todo (committee)"/>
  </author>
  <description value="Basic Profile. AdverseReaction"/>
  <status>
    <code value="testing"/>
    <date value="2013-05-06"/>
  </status>
  <structure>
    <type value="AdverseReaction"/>
    <element>
      <path value="AdverseReaction"/>
      <definition>
        <short value="AdverseReaction"/>
        <formal value="AdverseReaction"/>
        <min value="1"/>
        <max value="1"/>
        <type>
          <code value="Resource"/>
        </type>
        <mustUnderstand value="false"/>
      </definition>
    </element>
    <element>
      <path value="AdverseReaction.extension"/>
      <definition>
        <short value="Additional Content defined by implementations"/>
        <formal value="May be used to represent additional information that is not part of the basic definition of the resource. In order to make the use of extensions safe and manageable, there is a strict governance applied to the definition and use of extensions. Though any implementer is allowed to define an extension, there is a set of requirements that must be met as part of the definition of the extension"/>
        <comments value="there can be no stigma
associated with the use of extensions by any application, project, or standard - regardless of the institution or jurisdiction that uses or defines the extensions.  The use of extensions is what allows the FHIR specification to retain a core simplicity for everyone"/>
        <synonym value="extensions"/>
        <synonym value="user content"/>
        <min value="0"/>
        <max value="*"/>
        <type>
          <code value="Extension"/>
        </type>
      </definition>
    </element>
    <element>
      <path value="AdverseReaction.text"/>
      <definition>
        <short value="Text summary of the resource, for human interpretation"/>
        <formal value="A human readable narrative that contains a summary of the resource, and may be used to represent the content of the resource to a human. The narrative need not encode all the structured data, but is required to contain sufficient detail to make it &quot;clinically safe&quot; for a human to just read the narrative. Resource definitions may define what content should be represented in the narrative to ensure clinical safety"/>
        <comments value="Contained resources do not have narrative. Resources that are not contained SHOULD have a narrative"/>
        <synonym value="narrative"/>
        <synonym value="html"/>
        <synonym value="xhtml"/>
        <synonym value="display"/>
        <min value="0"/>
        <max value="1"/>
        <type>
          <code value="Narrative"/>
        </type>
      </definition>
    </element>
    <element>
      <path value="AdverseReaction.contained"/>
      <definition>
        <short value="Contained, inline Resources"/>
        <formal value="These resources do not have an independent existence apart from the resource that contains them - they cannot be identified independently, and nor can they have their own independent transaction scope"/>
        <comments value="This should never be done when the content can be identified properly, as once identification is lost, it is extremely difficult (and context dependent) to restore it again"/>
        <synonym value="inline resources"/>
        <synonym value="anonymous resources"/>
        <synonym value="contained resources"/>
        <min value="0"/>
        <max value="*"/>
        <type>
          <code value="Resource"/>
        </type>
      </definition>
    </element>
    <element>
      <path value="AdverseReaction.reactionDate"/>
      <definition>
        <short value="When the reaction occurred"/>
        <formal value="When the reaction occurred"/>
        <min value="0"/>
        <max value="1"/>
        <type>
          <code value="dateTime"/>
        </type>
        <mustUnderstand value="true"/>
      </definition>
    </element>
    <element>
      <path value="AdverseReaction.subject"/>
      <definition>
        <short value="The subject of the adverse reaction"/>
        <formal value="The subject of the adverse reaction"/>
        <min value="1"/>
        <max value="1"/>
        <type>
          <code value="Resource(Patient)"/>
        </type>
        <mustUnderstand value="true"/>
      </definition>
    </element>
    <element>
      <path value="AdverseReaction.didNotOccurFlag"/>
      <definition>
        <short value="To say that a reaction to substance did not occur"/>
        <formal value="To say that a reaction to substance did not occur"/>
        <min value="1"/>
        <max value="1"/>
        <type>
          <code value="boolean"/>
        </type>
        <mustUnderstand value="true"/>
      </definition>
    </element>
    <element>
      <path value="AdverseReaction.recorder"/>
      <definition>
        <short value="Who recorded the reaction"/>
        <formal value="Who recorded the reaction"/>
        <min value="0"/>
        <max value="1"/>
        <type>
          <code value="Resource(Practitioner|Patient)"/>
        </type>
        <mustUnderstand value="true"/>
      </definition>
    </element>
    <element>
      <path value="AdverseReaction.symptom"/>
      <definition>
        <short value="The signs and symptoms that were observed as part of the reaction"/>
        <formal value="The signs and symptoms that were observed as part of the reaction"/>
        <min value="0"/>
        <max value="*"/>
        <mustUnderstand value="true"/>
      </definition>
    </element>
    <element>
      <path value="AdverseReaction.symptom.code"/>
      <definition>
        <short value="Indicates the specific sign or symptom that was observed"/>
        <formal value="Indicates the specific sign or symptom that was observed"/>
        <min value="1"/>
        <max value="1"/>
        <type>
          <code value="CodeableConcept"/>
        </type>
        <mustUnderstand value="true"/>
        <binding value="SymptomType"/>
      </definition>
    </element>
    <element>
      <path value="AdverseReaction.symptom.severity"/>
      <definition>
        <short value="The severity of the sign or symptom"/>
        <formal value="The severity of the sign or symptom"/>
        <min value="0"/>
        <max value="1"/>
        <type>
          <code value="code"/>
        </type>
        <mustUnderstand value="true"/>
        <binding value="ReactionSeverity"/>
      </definition>
    </element>
    <element>
      <path value="AdverseReaction.exposure"/>
      <definition>
        <short value="An exposure to a substance that preceded a reaction occurrence"/>
        <formal value="An exposure to a substance that preceded a reaction occurrence"/>
        <min value="0"/>
        <max value="*"/>
        <mustUnderstand value="true"/>
      </definition>
    </element>
    <element>
      <path value="AdverseReaction.exposure.exposureDate"/>
      <definition>
        <short value="When the exposure occurred"/>
        <formal value="When the exposure occurred"/>
        <min value="0"/>
        <max value="1"/>
        <type>
          <code value="dateTime"/>
        </type>
        <mustUnderstand value="true"/>
      </definition>
    </element>
    <element>
      <path value="AdverseReaction.exposure.exposureType"/>
      <definition>
        <short value="The type of exposure"/>
        <formal value="Drug Administration, Immunization, Coincidental"/>
        <min value="0"/>
        <max value="1"/>
        <type>
          <code value="code"/>
        </type>
        <mustUnderstand value="true"/>
        <binding value="ExposureType"/>
      </definition>
    </element>
    <element>
      <path value="AdverseReaction.exposure.causalityExpectation"/>
      <definition>
        <short value="A statement of how confident that the recorder was that this exposure caused the reaction"/>
        <formal value="A statement of how confident that the recorder was that this exposure caused the reaction"/>
        <min value="0"/>
        <max value="1"/>
        <type>
          <code value="code"/>
        </type>
        <mustUnderstand value="false"/>
        <binding value="CausalityExpectation"/>
      </definition>
    </element>
    <element>
      <path value="AdverseReaction.exposure.substance"/>
      <definition>
        <short value="Substance(s) that is presumed to have caused the adverse reaction"/>
        <formal value="Substance(s) that is presumed to have caused the adverse reaction"/>
        <min value="0"/>
        <max value="1"/>
        <type>
          <code value="Resource(Substance)"/>
        </type>
        <mustUnderstand value="false"/>
      </definition>
    </element>
    <searchParam>
      <name value="substance"/>
      <type value="qtoken"/>
      <repeats value="union"/>
      <documentation value="The name or code of the substance that produces the sensitivity"/>
    </searchParam>
    <searchParam>
      <name value="_id"/>
      <type value="token"/>
      <repeats value="single"/>
      <documentation value="The logical resource id associated with the resource (must be supported by all servers)"/>
    </searchParam>
    <searchParam>
      <name value="subject"/>
      <type value="qtoken"/>
      <repeats value="union"/>
      <documentation value="The subject that the sensitivity is about"/>
    </searchParam>
    <searchParam>
      <name value="date"/>
      <type value="date"/>
      <repeats value="single"/>
      <documentation value="the date of the reaction"/>
    </searchParam>
    <searchParam>
      <name value="symptom"/>
      <type value="qtoken"/>
      <repeats value="union"/>
      <documentation value="One of the symptoms of the reaction."/>
    </searchParam>
  </structure>
</Profile>