{"AllergyIntolerance":{"text":{"status":{"value":"generated"},"div":"<div>Sensitivity to Bee Stings<\/div>"},"criticality":{"value":"fatal"},"sensitivityType":{"value":"allergy"},"recordedDate":{"value":"2012-09-17"},"status":{"value":"confirmed"},"subject":{"type":{"value":"Patient"},"url":{"value":"../patient/@example"}},"recorder":{"type":{"value":"Practitioner"},"url":{"value":"../practitioner/@example"}},"substance":{"type":{"value":"Substance"},"url":{"value":"../substance/@example"}},"reactions":[{"type":{"value":"AdverseReaction"},"url":{"value":"../adversereaction/@example"}}],"sensitivityTest":[{"type":{"value":"Observation"},"url":{"value":"../observation/@example"}}]}}