<?xml version="1.0" encoding="UTF-8"?><AllergyIntolerance xmlns="http://hl7.org/fhir">
  <text>
    <status value="generated"/>
    <div xmlns="http://www.w3.org/1999/xhtml">Sensitivity to Bee Stings</div>
  </text>
  <criticality value="fatal"/>
  <sensitivityType value="allergy"/>
  <recordedDate value="2012-09-17"/>
  <status value="confirmed"/>
  <subject>
    <type value="Patient"/>
    <url value="../patient/@example"/>
  </subject>
  <recorder>
    <type value="Practitioner"/>
    <url value="../practitioner/@example"/>
  </recorder>
  <substance>
    <type value="Substance"/>
    <url value="../substance/@example"/>
  </substance>
  <reactions>
    <type value="AdverseReaction"/>
    <url value="../adversereaction/@example"/>
  </reactions>
  <sensitivityTest>
    <type value="Observation"/>
    <url value="../observation/@example"/>
  </sensitivityTest>
</AllergyIntolerance>