<?xml version="1.0" encoding="UTF-8"?><CarePlan xmlns="http://hl7.org/fhir">
    <text>
        <status value="additional"/>
        <div xmlns="http://www.w3.org/1999/xhtml">
            Represents the flow of a patient within a practice. The plan is created when
        they arrive and represents the &#39;care&#39; of the patient over the course of that visit.
        They first see the nurse for basic observations (BP, pulse, temp) then the doctor for
        the consultation and finally the nurse again for a tetanus immunization. As the plan is
        updated (eg a new activity added), different versions of the plan exist, and workflow timings
        for reporting can be gained by examining the plan history. This example is the version after
        seeing the doctor, and waiting for the nurse.The plan can either be created &#39;ad hoc&#39; and modified as
        the parient progresses, or start with a standard template (which can, of course, be altered to suit the patient.</div>
    </text>
    <contained>
        <!--  This is the reason for the visit. It is referenced by the concern  -->
        <Problem id="p1">
            <subject>
                <type value="Patient"/>
                <url value="../patient/@100"/>
                <display value="Peter James Chalmers"/>
            </subject>
            <code>
                <!--  Could coded if we wanted to... -->
                <text value="Overseas visit"/>
            </code>
    </Problem>
    </contained>
    <patient>
        <type value="Patient"/>
        <url value="../patient/@100"/>
        <display value="Peter James Chalmers"/>
    </patient>
    <status value="active"/>
    <period>
        <!--  This is the time the plan started - ie when they arrived -->
        <start value="2013-01-01T10:30:00+00:00"/>
        <!--  No end yet as the visit is still in progress. -->
    </period>
    <concern>
        <type value="Problem"/>
        <url value="#p1"/>
        <display value="obesity"/>
    </concern>
    <participant id="part1">
        <role>
            <coding>
                <system value="local"/>
                <code value="nur"/>
            </coding>
            <text value="nurse"/>
        </role>
        <member>
            <type value="Practitioner"/>
            <url value="../practitioner/@13"/>
            <display value="Nurse Nancy"/>
        </member>
    </participant>
    <participant id="part2">
        <role>
            <coding>
                <system value="local"/>
                <code value="doc"/>
            </coding>
            <text value="doctor"/>
        </role>
        <member>
            <type value="Practitioner"/>
            <url value="../practitioner/@14"/>
            <display value="Doctor Dave"/>
        </member>
    </participant>
    
    <goal>
      <description value="Complete consultation"/>
    </goal>
    <activity>
        <!--  This activity is for the initial nurse visit where vitals are taken. It has been completed. -->
        <category value="visit"/>
        <code>
            <coding>
                <system value="local"/>
                <code value="nursecon"/>
            </coding>
            <text value="Nurse Consultation"/>
        </code>
        <status value="completed"/>
        <prohibited value="false"/>
        <timingPeriod>
            <!--  the nurse saw the patient between 10:38 and 10:50  -->
            <start value="2013-01-01T10:38:00+00:00"/>
            <end value="2013-01-01T10:50:00+00:00"/>            
        </timingPeriod>
        <performer>
            <!--  refer to the participant (the nurse) in this resource -->
          <type value="Practitioner"/>
            <url value="../practitioner/@13"/>
          <display value="Nurse Nancy"/>
        </performer>
        <actionTaken>
            <!--  This is a link to the nurse visit. The assumption is that all contacts with practitioners
            are modelled as separate visits. Ideally, there will be  a 'master/parent' visit that ties them together.
            If there is a single visit, then all participants will be linked to that visit. -->
            <type value="Visit"/>
            <url value="../visit/@example"/>
        </actionTaken>
    </activity>
    <activity>
        <!--  This activity is for the visit with the doctor. It is scheduled, but not yet started,
            so there is no timing[x]  or actionTaken element yet  -->
        <category value="visit"/>
        <code>
            <coding>
                <system value="local"/>
                <code value="doccon"/>
            </coding>
            <text value="Doctor Consultation"/>
        </code>
        
        <!--  The status is 'scheduled' so the doctor knows the patient is waiting.   --> 
        
        <status value="scheduled"/>
        <prohibited value="false"/>

        <performer>
            <!--  refer to the participant (the nurse) in this resource -->
            <type value="Practitioner"/>
            <url value="../practitioner/@14"/>
            <display value="Doctor Dave"/>
        </performer>
    </activity>
</CarePlan>