{"CarePlan":{"text":{"status":{"value":"generated"},"div":"<div>\n      <p>Patient family is not ready to commit to goal setting at this time.  Goal setting will be addressed in the future<\/p>\n      <table>\n        <thead>\n          <tr>\n            <th>Start Date<\/th>\n            <th>Goal<\/th>\n            <th>Action Steps<\/th>\n            <th>Status<\/th>\n            <th>Date Last Updated<\/th>\n            <th>Comments<\/th>\n          <\/tr>\n        <\/thead>\n        <tbody>\n          <tr>\n            <td>10 Sep 2012<\/td>\n            <td>Eve will lose weight and reduce her GERDS symptoms by improving her diet<\/td>\n            <td>Eve will review photos of high and low density foods and share with her parents<\/td>\n            <td>New Goal<\/td>\n            <td>10 Sep 2012<\/td>\n            <td>9/10/12 Eve eats one meal a day with her parents<\/td>\n          <\/tr>\n          <tr>\n            <td>10 Sep 2012<\/td>\n            <td>Eve will lose weight and reduce her GERDS symptoms by improving her diet<\/td>\n            <td>Eve will ask her dad to asist her to put the head of her bed on blocks<\/td>\n            <td>New Goal<\/td>\n            <td>10 Sep 2012<\/td>\n            <td>9/10/12 Eve will sleep in her bed more often than the couch<\/td>\n          <\/tr>\n          <tr>\n            <td>10 Sep 2012<\/td>\n            <td>Eve will improve her GERDS symptoms<\/td>\n            <td>Eve will reduce her intake of coffee and chocolate<\/td>\n            <td>In Process<\/td>\n            <td>10 Sep 2012<\/td>\n            <td/>\n          <\/tr>\n          <tr>\n            <td>27 Aug 2012<\/td>\n            <td>Eve will increase her energy by being more active<\/td>\n            <td>Eve will walk her friend's dog up and down a big hill 15-30 minutes 3 days a week<\/td>\n            <td>In Process<\/td>\n            <td>10 Sep 2012<\/td>\n            <td>8/27/12 Eve would like to try for 5 days a week.  9/10/12 Eve is still walking the dogs.<\/td>\n          <\/tr>\n          <tr>\n            <td>23 Jul 2012<\/td>\n            <td>Eve will increase her energy by being more active<\/td>\n            <td>Eve will walk 3 blocks to her parents house twice a week<\/td>\n            <td>In Process<\/td>\n            <td>10 Sep 2012<\/td>\n            <td>8/13/12 Eve walked 4 times the last week.  9/10/12 Eve did not walk to her parents the last week, but has plans to start again<\/td>\n          <\/tr>\n          <tr>\n            <td>23 Jul 2012<\/td>\n            <td>Eve will set up her medications and take as prescribed<\/td>\n            <td>Eve will us a calendar to check off after medications are taken<\/td>\n            <td>In Process<\/td>\n            <td>13 Aug 2012<\/td>\n            <td/>\n          <\/tr>\n          <tr>\n            <td>23 Jul 2012<\/td>\n            <td>Eve will restart her light treatments<\/td>\n            <td>Eve will use her lights MWF after her shower for 3 minutes<\/td>\n            <td>In Process<\/td>\n            <td>27 Aug 2012<\/td>\n            <td>8/13/12 After restarting the vinegar soaks the psoriasis is improved and Eve plans to treat the remainder with light treatments.  She plans to start this week.  8/27/12 Since her skin is improved Eve has not been using the light treatment as often, maybe once a week.  She would like to increase to 3 times a week again<\/td>\n          <\/tr>\n          <tr>\n            <td>10 Jul 2012<\/td>\n            <td>Eve will set up her medications and take as prescribed<\/td>\n            <td>Eve will use a calendar of a chart to help her remember when to take her medications<\/td>\n            <td>In Process<\/td>\n            <td>10 Sep 2012<\/td>\n            <td>7/23/12 Eve created a chart as a reminer to take the medications that do not fit in her pill box<\/td>\n          <\/tr>\n          <tr>\n            <td>23 Jul 2012<\/td>\n            <td>Eve will increase her energy by being more active<\/td>\n            <td>Eve will start using stretch bands and one step 2 days a week Mon/Wed 6-7am and maybe Friday afternoon<\/td>\n            <td>On-Hold<\/td>\n            <td>23 Aug 2012<\/td>\n            <td>7/30/12 will be able to esume exercise.  8/13/12 Eve prefers to focus on walking at this time<\/td>\n          <\/tr>\n          <tr>\n            <td>10 Jul 2012<\/td>\n            <td>Eve will set up her medications and take as prescribed<\/td>\n            <td>Eve will match a printed medication worksheet with the medication bottles at home<\/td>\n            <td>Completed<\/td>\n            <td>23 Jul 2012<\/td>\n            <td/>\n          <\/tr>\n          <tr>\n            <td>10 Jul 2012<\/td>\n            <td>Eve will set up her medications and take as prescribed<\/td>\n            <td>Eve will get a medication box to sort her pills.  She will have one for scheduled medications and one for as needed<\/td>\n            <td>Completed<\/td>\n            <td>16 Jul 2012<\/td>\n            <td>7/16/12 Eve now has some of her medications set up in pill packs by her pharmacist<\/td>\n          <\/tr>\n          <tr>\n            <td>23 Jul 2012<\/td>\n            <td>Eve will increase her energy by being more active<\/td>\n            <td>Eve will open &quot;The Firm&quot; DVD workout package and listen to it<\/td>\n            <td>Discontinued<\/td>\n            <td>13 Aug 2012<\/td>\n            <td>7/30/12 Eve will be able to resume exercise on 7/30/12.  8/13/12 -hold until &quot;less busy&quot;<\/td>\n          <\/tr>\n        <\/tbody>\n      <\/table>\n    <\/div>"},"contained":[{"Problem":{"_id":"p1","subject":{"type":{"value":"Patient"},"url":{"value":"../patient/@1"},"display":{"value":"Eve Everywoman"}},"code":{"text":{"value":"GERDS"}}}},{"Problem":{"_id":"p2","subject":{"type":{"value":"Patient"},"url":{"value":"../patient/@1"},"display":{"value":"Eve Everywoman"}},"code":{"text":{"value":"Obesity"}}}},{"Problem":{"_id":"p3","subject":{"type":{"value":"Patient"},"url":{"value":"../patient/@1"},"display":{"value":"Eve Everywoman"}},"code":{"text":{"value":"Psoriasis"}}}}],"patient":{"type":{"value":"Patient"},"url":{"value":"../patient/@1"},"display":{"value":"Eve Everywoman"}},"status":{"value":"active"},"modified":{"value":"2012-09-10"},"concern":[{"type":{"value":"Problem"},"url":{"value":"#p1"},"display":{"value":"GERDS"}},{"type":{"value":"Problem"},"url":{"value":"#p2"},"display":{"value":"Obesity"}},{"type":{"value":"Problem"},"url":{"value":"#p3"},"display":{"value":"Psoriasis"}}],"goal":[{"_id":"g1","description":{"value":"Eve will lose weight and reduce her GERDS symptoms by improving her diet"},"status":{"value":"in progress"}},{"_id":"g2","description":{"value":"Eve will improve her GERDS symptoms"},"status":{"value":"in progress"}},{"_id":"g3","description":{"value":"Eve will increase her energy by being more active"},"status":{"value":"in progress"}},{"_id":"g4","description":{"value":"Eve will set up her medications and take as prescribed"},"status":{"value":"in progress"}},{"_id":"g5","description":{"value":"Eve will restart her light treatments"},"status":{"value":"in progress"}}],"activity":[{"extension":[{"url":{"value":"http://exampleDoNotUse/EnhancedCarePlan/ActivityGoalLink"},"valueUri":{"value":"#g1"}},{"url":{"value":"http://exampleDoNotUse/General/RevisionDate"},"valueDate":{"value":"2012-09-10"}}],"category":{"value":"other"},"status":{"value":"not started"},"prohibited":{"value":"false"},"timingPeriod":{"start":{"value":"2012-09-10"}},"details":{"value":"Eve will review photos of high and low density foods and share with her parents"},"notes":{"value":"9/10/12 Eve eats one meal a day with her parents"}},{"extension":[{"url":{"value":"http://exampleDoNotUse/EnhancedCarePlan/ActivityGoalLink"},"valueUri":{"value":"#g1"}},{"url":{"value":"http://exampleDoNotUse/General/RevisionDate"},"valueDate":{"value":"2012-09-10"}}],"category":{"value":"other"},"status":{"value":"not started"},"prohibited":{"value":"false"},"timingPeriod":{"start":{"value":"2012-09-10"}},"details":{"value":"Eve will ask her dad to asist her to put the head of her bed on blocks"},"notes":{"value":"9/10/12 Eve will sleep in her bed more often than the couch"}},{"extension":[{"url":{"value":"http://exampleDoNotUse/EnhancedCarePlan/ActivityGoalLink"},"valueUri":{"value":"#g2"}},{"url":{"value":"http://exampleDoNotUse/General/RevisionDate"},"valueDate":{"value":"2012-09-10"}}],"category":{"value":"other"},"status":{"value":"ongoing"},"prohibited":{"value":"false"},"timingPeriod":{"start":{"value":"2012-09-10"}},"details":{"value":"Eve will reduce her intake of coffee and chocolate"}},{"extension":[{"url":{"value":"http://exampleDoNotUse/EnhancedCarePlan/ActivityGoalLink"},"valueUri":{"value":"#g3"}},{"url":{"value":"http://exampleDoNotUse/General/RevisionDate"},"valueDate":{"value":"2012-09-10"}}],"category":{"value":"other"},"status":{"value":"ongoing"},"prohibited":{"value":"false"},"timingPeriod":{"start":{"value":"2012-08-27"}},"details":{"value":"Eve will walk her friend's dog up and down a big hill 15-30 minutes 3 days a week"},"notes":{"value":"8/27/12 Eve would like to try for 5 days a week.  9/10/12 Eve is still walking the dogs."}},{"extension":[{"url":{"value":"http://exampleDoNotUse/EnhancedCarePlan/ActivityGoalLink"},"valueUri":{"value":"#g3"}},{"url":{"value":"http://exampleDoNotUse/General/RevisionDate"},"valueDate":{"value":"2012-09-10"}}],"category":{"value":"other"},"status":{"value":"ongoing"},"prohibited":{"value":"false"},"timingPeriod":{"start":{"value":"2012-07-23"}},"details":{"value":"Eve will walk 3 blocks to her parents house twice a week"},"notes":{"value":"8/13/12 Eve walked 4 times the last week.  9/10/12 Eve did not walk to her parents the last week, but has plans to start again"}},{"extension":[{"url":{"value":"http://exampleDoNotUse/EnhancedCarePlan/ActivityGoalLink"},"valueUri":{"value":"#g4"}},{"url":{"value":"http://exampleDoNotUse/General/RevisionDate"},"valueDate":{"value":"2012-08-13"}}],"category":{"value":"other"},"status":{"value":"ongoing"},"prohibited":{"value":"false"},"timingPeriod":{"start":{"value":"2012-07-23"}},"details":{"value":"Eve will us a calendar to check off after medications are taken"}},{"extension":[{"url":{"value":"http://exampleDoNotUse/EnhancedCarePlan/ActivityGoalLink"},"valueUri":{"value":"#g5"}},{"url":{"value":"http://exampleDoNotUse/General/RevisionDate"},"valueDate":{"value":"2012-08-27"}}],"category":{"value":"other"},"status":{"value":"ongoing"},"prohibited":{"value":"false"},"timingPeriod":{"start":{"value":"2012-07-23"}},"details":{"value":"Eve will use her lights MWF after her shower for 3 minutes"},"notes":{"value":"8/13/12 After restarting the vinegar soaks the psoriasis is improved and Eve plans to treat the remainder with light treatments.  She plans to start this week.  8/27/12 Since her skin is improved Eve has not been using the light treatment as often, maybe once a week.  She would like to increase to 3 times a week again"}},{"extension":[{"url":{"value":"http://exampleDoNotUse/EnhancedCarePlan/ActivityGoalLink"},"valueUri":{"value":"#g4"}},{"url":{"value":"http://exampleDoNotUse/General/RevisionDate"},"valueDate":{"value":"2012-09-10"}}],"category":{"value":"other"},"status":{"value":"ongoing"},"prohibited":{"value":"false"},"timingPeriod":{"start":{"value":"2012-07-10"}},"details":{"value":"Eve will use a calendar of a chart to help her remember when to take her medications"},"notes":{"value":"7/23/12 Eve created a chart as a reminer to take the medications that do not fit in her pill box"}},{"extension":[{"url":{"value":"http://exampleDoNotUse/EnhancedCarePlan/ActivityGoalLink"},"valueUri":{"value":"#g3"}},{"url":{"value":"http://exampleDoNotUse/General/RevisionDate"},"valueDate":{"value":"2012-08-23"}}],"category":{"value":"other"},"status":{"value":"on hold"},"prohibited":{"value":"false"},"timingPeriod":{"start":{"value":"2012-07-23"}},"details":{"value":"Eve will start using stretch bands and one step 2 days a week Mon/Wed 6-7am and maybe Friday afternoon"},"notes":{"value":"7/30/12 will be able to esume exercise.  8/13/12 Eve prefers to focus on walking at this time"}},{"extension":[{"url":{"value":"http://exampleDoNotUse/EnhancedCarePlan/ActivityGoalLink"},"valueUri":{"value":"#g4"}},{"url":{"value":"http://exampleDoNotUse/General/RevisionDate"},"valueDate":{"value":"2012-07-23"}}],"category":{"value":"other"},"status":{"value":"completed"},"prohibited":{"value":"false"},"timingPeriod":{"start":{"value":"2012-07-10"}},"details":{"value":"Eve will match a printed medication worksheet with the medication bottles at home"}},{"extension":[{"url":{"value":"http://exampleDoNotUse/EnhancedCarePlan/ActivityGoalLink"},"valueUri":{"value":"#g4"}},{"url":{"value":"http://exampleDoNotUse/General/RevisionDate"},"valueDate":{"value":"2012-07-16"}}],"category":{"value":"other"},"status":{"value":"completed"},"prohibited":{"value":"false"},"timingPeriod":{"start":{"value":"2012-07-10"}},"details":{"value":"Eve will get a medication box to sort her pills.  She will have one for scheduled medications and one for as needed"},"notes":{"value":"7/16/12 Eve now has some of her medications set up in pill packs by her pharmacist"}},{"extension":[{"url":{"value":"http://exampleDoNotUse/EnhancedCarePlan/ActivityGoalLink"},"valueUri":{"value":"#g3"}},{"url":{"value":"http://exampleDoNotUse/General/RevisionDate"},"valueDate":{"value":"2012-08-13"}}],"category":{"value":"other"},"status":{"value":"discontinued"},"prohibited":{"value":"false"},"timingPeriod":{"start":{"value":"2012-07-23"}},"details":{"value":"Eve will open \"The Firm\" DVD workout package and listen to it"},"notes":{"value":"7/30/12 Eve will be able to resume exercise on 7/30/12.  8/13/12 -hold until \"less busy\""}}],"notes":{"value":"Patient family is not ready to commit to goal setting at this time.  Goal setting will be addressed in the future"}}}