<?xml version="1.0" encoding="UTF-8"?><Coverage xmlns="http://hl7.org/fhir">

 <text>
    <status value="generated"/>
    <div xmlns="http://www.w3.org/1999/xhtml">A human readable rendering of the coverage</div>
  </text>

 <issuer>
  <type value="Organization"/>
  <url value="../organization/@2"/>
</issuer>
 
 <period> 
   <start value="2011-03-17"/>
   <end value="2012-03-17"/>
 </period>

 <type>
      <system value="http://hl7.org/vocab/v3/ActCoverageTypeCode"/>
      <code value="EHCPOL"/>
      <display value="Extended Health Policy"/>
 </type>
 
 <identifier>
    <system value="http://xyz.com/codes/identifier"/>
    <key value="AB9876"/>
 </identifier>
 
 <plan>
    <system value="http://xyz.com/codes/plan"/>
    <key value="11024"/>
 </plan>
 
 <subplan>
    <system value="http://xyz.com/codes/subplan"/>
    <key value="D15C9"/>
 </subplan>
 
 <dependent value="1"/>
  
 <planHolder>
	<name>
	<use value="official"/>
	 <family value="Seebetter"/>
	 <given value="Frank"/>
	 <given value="I"/>
	</name>

	<address>
	<use value="home"/>
	 <line value="123 Any St"/>
	 <city value="Anytown"/>
	 <state value="BC"/>
	 <zip value="V3R4R5"/>
	 <country value="CANADA"/>
	</address>

	<birthdate value="1952-06-26"/>

  </planHolder>
</Coverage>