<?xml version="1.0" encoding="UTF-8"?>

<Profile xmlns="http://hl7.org/fhir">
  <text>
    <status value="generated"/><div xmlns="http://www.w3.org/1999/xhtml"><pre>
&lt;<a title="Financial instrument by which payment information for health care" class="dict" href="coverage-definitions.htm#Coverage"><b>Coverage</b></a> xmlns=&quot;http://hl7.org/fhir&quot;&gt;
 &lt;<a title="The program or plan underwriter or payor. (this element must be understood)" class="dict" href="coverage-definitions.htm#Coverage.issuer"><span style="text-decoration: underline"><b>issuer</b></span></a>&gt;<span style="color: Gray">&lt;!--</span> <span style="color: brown"><b>1..1</b></span> <span style="color: darkgreen"><a href="resources.htm#Resource">Resource</a>(<a href="organization.htm#Organization">Organization</a>)</span> <span style="color: navy">An identifier for the plan issuer</span><span style="color: Gray"> --&gt;</span>&lt;/issuer&gt;
 &lt;<a title="Time period during which the coverage is in force. A missing start date indicates the start date isn&#39;t known, a missing end date means the coverage is continuing to be in force. (this element must be understood)" class="dict" href="coverage-definitions.htm#Coverage.period"><span style="text-decoration: underline"><b>period</b></span></a>&gt;<span style="color: Gray">&lt;!--</span> <span style="color: brown"><b>0..1</b></span> <span style="color: darkgreen"><a href="datatypes.htm#Period">Period</a></span> <span style="color: navy">Coverage start and end dates</span><span style="color: Gray"> --&gt;</span>&lt;/period&gt;
 &lt;<a title="The type of coverage: social program, medical plan, accident coverage (workers compensation, auto), group health. (this element must be understood)" class="dict" href="coverage-definitions.htm#Coverage.type"><span style="text-decoration: underline"><b>type</b></span></a>&gt;<span style="color: Gray">&lt;!--</span> <span style="color: brown"><b>1..1</b></span> <span style="color: darkgreen"><a href="datatypes.htm#Coding">Coding</a></span> <span style="color: navy">Type of coverage</span><span style="color: Gray"> --&gt;</span>&lt;/type&gt;
 &lt;<a title="The main, may be the only, identifier for the coverage - often referred to as a Subscriber Id, Certificate number or Personal Health Number or Case ID. (this element must be understood)" class="dict" href="coverage-definitions.htm#Coverage.identifier"><span style="text-decoration: underline"><b>identifier</b></span></a>&gt;<span style="color: Gray">&lt;!--</span> <span style="color: brown"><b>1..1</b></span> <span style="color: darkgreen"><a href="datatypes.htm#Identifier">Identifier</a></span> <span style="color: navy">The primary coverage ID</span><span style="color: Gray"> --&gt;</span>&lt;/identifier&gt;
 &lt;<a title="Identifies a style or collective of coverage issues by the underwriter, for example may be used to identify a class of coverage or employer group. May also be referred to as a Policy or Group ID. (this element must be understood)" class="dict" href="coverage-definitions.htm#Coverage.plan"><span style="text-decoration: underline"><b>plan</b></span></a>&gt;<span style="color: Gray">&lt;!--</span> <span style="color: brown"><b>0..1</b></span> <span style="color: darkgreen"><a href="datatypes.htm#Identifier">Identifier</a></span> <span style="color: navy">An identifier for the plan</span><span style="color: Gray"> --&gt;</span>&lt;/plan&gt;
 &lt;<a title="Identifies a sub-style or sub-collective of coverage issues by the underwriter, for example may be used to identify a specific employer group within a class of employers. May be referred to as a Section or Division ID. (this element must be understood)" class="dict" href="coverage-definitions.htm#Coverage.subplan"><span style="text-decoration: underline"><b>subplan</b></span></a>&gt;<span style="color: Gray">&lt;!--</span> <span style="color: brown"><b>0..1</b></span> <span style="color: darkgreen"><a href="datatypes.htm#Identifier">Identifier</a></span> <span style="color: navy">An identifier for the subsection of the plan</span><span style="color: Gray"> --&gt;</span>&lt;/subplan&gt;
 &lt;<a title="A unique identifier for a dependent under the coverage. (this element must be understood)" class="dict" href="coverage-definitions.htm#Coverage.dependent"><span style="text-decoration: underline"><b>dependent</b></span></a> value=&quot;[<span style="color: darkgreen"><a href="datatypes.htm#integer">integer</a></span>]&quot;/&gt;<span style="color: Gray">&lt;!--</span> <span style="color: brown"><b>0..1</b></span> <span style="color: navy">The dependent number</span><span style="color: Gray"> --&gt;</span>
 &lt;<a title="An optional counter for a particular instance of the identified coverage which increments upon each renewal. (this element must be understood)" class="dict" href="coverage-definitions.htm#Coverage.sequence"><span style="text-decoration: underline"><b>sequence</b></span></a> value=&quot;[<span style="color: darkgreen"><a href="datatypes.htm#integer">integer</a></span>]&quot;/&gt;<span style="color: Gray">&lt;!--</span> <span style="color: brown"><b>0..1</b></span> <span style="color: navy">The plan instance or sequence counter</span><span style="color: Gray"> --&gt;</span>
 &lt;<a title="Planholder information" class="dict" href="coverage-definitions.htm#Coverage.planHolder"><b>planHolder</b></a>&gt;  <span style="color: Gray">&lt;!-- <span style="color: brown"><b>1..1</b></span> Planholder information --&gt;</span>
  &lt;<a title="The name of the PolicyHolder (this element must be understood)" class="dict" href="coverage-definitions.htm#Coverage.planHolder.name"><span style="text-decoration: underline"><b>name</b></span></a>&gt;<span style="color: Gray">&lt;!--</span> <span style="color: brown"><b>1..1</b></span> <span style="color: darkgreen"><a href="datatypes.htm#HumanName">HumanName</a></span> <span style="color: navy">PolicyHolder name</span><span style="color: Gray"> --&gt;</span>&lt;/name&gt;
  &lt;<a title="The mailing address, typically home, of the PolicyHolder (this element must be understood)" class="dict" href="coverage-definitions.htm#Coverage.planHolder.address"><span style="text-decoration: underline"><b>address</b></span></a>&gt;<span style="color: Gray">&lt;!--</span> <span style="color: brown"><b>1..1</b></span> <span style="color: darkgreen"><a href="datatypes.htm#Address">Address</a></span> <span style="color: navy">PolicyHolder address</span><span style="color: Gray"> --&gt;</span>&lt;/address&gt;
  &lt;<a title="The date of birth of the PolicyHolder (this element must be understood)" class="dict" href="coverage-definitions.htm#Coverage.planHolder.birthdate"><span style="text-decoration: underline"><b>birthdate</b></span></a> value=&quot;[<span style="color: darkgreen"><a href="datatypes.htm#date">date</a></span>]&quot;/&gt;<span style="color: Gray">&lt;!--</span> <span style="color: brown"><b>1..1</b></span> <span style="color: navy">PolicyHolder date of birth</span><span style="color: Gray"> --&gt;</span>
 &lt;/planHolder&gt;
&lt;/Coverage&gt;
</pre></div>
  </text>
  <name value="coverage"/>
  <author>
    <name value="todo (committee)"/>
  </author>
  <description value="Basic Profile. Financial instrument by which payment information for health care"/>
  <status>
    <code value="testing"/>
    <date value="2013-05-06"/>
  </status>
  <structure>
    <type value="Coverage"/>
    <element>
      <path value="Coverage"/>
      <definition>
        <short value="Insurance or medical plan"/>
        <formal value="Financial instrument by which payment information for health care"/>
        <min value="1"/>
        <max value="1"/>
        <type>
          <code value="Resource"/>
        </type>
        <mustUnderstand value="false"/>
      </definition>
    </element>
    <element>
      <path value="Coverage.extension"/>
      <definition>
        <short value="Additional Content defined by implementations"/>
        <formal value="May be used to represent additional information that is not part of the basic definition of the resource. In order to make the use of extensions safe and manageable, there is a strict governance applied to the definition and use of extensions. Though any implementer is allowed to define an extension, there is a set of requirements that must be met as part of the definition of the extension"/>
        <comments value="there can be no stigma
associated with the use of extensions by any application, project, or standard - regardless of the institution or jurisdiction that uses or defines the extensions.  The use of extensions is what allows the FHIR specification to retain a core simplicity for everyone"/>
        <synonym value="extensions"/>
        <synonym value="user content"/>
        <min value="0"/>
        <max value="*"/>
        <type>
          <code value="Extension"/>
        </type>
      </definition>
    </element>
    <element>
      <path value="Coverage.text"/>
      <definition>
        <short value="Text summary of the resource, for human interpretation"/>
        <formal value="A human readable narrative that contains a summary of the resource, and may be used to represent the content of the resource to a human. The narrative need not encode all the structured data, but is required to contain sufficient detail to make it &quot;clinically safe&quot; for a human to just read the narrative. Resource definitions may define what content should be represented in the narrative to ensure clinical safety"/>
        <comments value="Contained resources do not have narrative. Resources that are not contained SHOULD have a narrative"/>
        <synonym value="narrative"/>
        <synonym value="html"/>
        <synonym value="xhtml"/>
        <synonym value="display"/>
        <min value="0"/>
        <max value="1"/>
        <type>
          <code value="Narrative"/>
        </type>
      </definition>
    </element>
    <element>
      <path value="Coverage.contained"/>
      <definition>
        <short value="Contained, inline Resources"/>
        <formal value="These resources do not have an independent existence apart from the resource that contains them - they cannot be identified independently, and nor can they have their own independent transaction scope"/>
        <comments value="This should never be done when the content can be identified properly, as once identification is lost, it is extremely difficult (and context dependent) to restore it again"/>
        <synonym value="inline resources"/>
        <synonym value="anonymous resources"/>
        <synonym value="contained resources"/>
        <min value="0"/>
        <max value="*"/>
        <type>
          <code value="Resource"/>
        </type>
      </definition>
    </element>
    <element>
      <path value="Coverage.issuer"/>
      <definition>
        <short value="An identifier for the plan issuer"/>
        <formal value="The program or plan underwriter or payor."/>
        <min value="1"/>
        <max value="1"/>
        <type>
          <code value="Resource(Organization)"/>
        </type>
        <mustUnderstand value="true"/>
      </definition>
    </element>
    <element>
      <path value="Coverage.period"/>
      <definition>
        <short value="Coverage start and end dates"/>
        <formal value="Time period during which the coverage is in force. A missing start date indicates the start date isn&#39;t known, a missing end date means the coverage is continuing to be in force."/>
        <min value="0"/>
        <max value="1"/>
        <type>
          <code value="Period"/>
        </type>
        <mustUnderstand value="true"/>
      </definition>
    </element>
    <element>
      <path value="Coverage.type"/>
      <definition>
        <short value="Type of coverage"/>
        <formal value="The type of coverage: social program, medical plan, accident coverage (workers compensation, auto), group health."/>
        <min value="1"/>
        <max value="1"/>
        <type>
          <code value="Coding"/>
        </type>
        <mustUnderstand value="true"/>
        <binding value="ActCoverageTypeCode"/>
      </definition>
    </element>
    <element>
      <path value="Coverage.identifier"/>
      <definition>
        <short value="The primary coverage ID"/>
        <formal value="The main, may be the only, identifier for the coverage - often referred to as a Subscriber Id, Certificate number or Personal Health Number or Case ID."/>
        <min value="1"/>
        <max value="1"/>
        <type>
          <code value="Identifier"/>
        </type>
        <mustUnderstand value="true"/>
      </definition>
    </element>
    <element>
      <path value="Coverage.plan"/>
      <definition>
        <short value="An identifier for the plan"/>
        <formal value="Identifies a style or collective of coverage issues by the underwriter, for example may be used to identify a class of coverage or employer group. May also be referred to as a Policy or Group ID."/>
        <min value="0"/>
        <max value="1"/>
        <type>
          <code value="Identifier"/>
        </type>
        <mustUnderstand value="true"/>
      </definition>
    </element>
    <element>
      <path value="Coverage.subplan"/>
      <definition>
        <short value="An identifier for the subsection of the plan"/>
        <formal value="Identifies a sub-style or sub-collective of coverage issues by the underwriter, for example may be used to identify a specific employer group within a class of employers. May be referred to as a Section or Division ID."/>
        <min value="0"/>
        <max value="1"/>
        <type>
          <code value="Identifier"/>
        </type>
        <mustUnderstand value="true"/>
      </definition>
    </element>
    <element>
      <path value="Coverage.dependent"/>
      <definition>
        <short value="The dependent number"/>
        <formal value="A unique identifier for a dependent under the coverage."/>
        <min value="0"/>
        <max value="1"/>
        <type>
          <code value="integer"/>
        </type>
        <mustUnderstand value="true"/>
      </definition>
    </element>
    <element>
      <path value="Coverage.sequence"/>
      <definition>
        <short value="The plan instance or sequence counter"/>
        <formal value="An optional counter for a particular instance of the identified coverage which increments upon each renewal."/>
        <min value="0"/>
        <max value="1"/>
        <type>
          <code value="integer"/>
        </type>
        <mustUnderstand value="true"/>
      </definition>
    </element>
    <element>
      <path value="Coverage.planHolder"/>
      <definition>
        <short value="Planholder information"/>
        <formal value="Planholder information"/>
        <min value="1"/>
        <max value="1"/>
        <mustUnderstand value="false"/>
      </definition>
    </element>
    <element>
      <path value="Coverage.planHolder.name"/>
      <definition>
        <short value="PolicyHolder name"/>
        <formal value="The name of the PolicyHolder"/>
        <min value="1"/>
        <max value="1"/>
        <type>
          <code value="HumanName"/>
        </type>
        <mustUnderstand value="true"/>
      </definition>
    </element>
    <element>
      <path value="Coverage.planHolder.address"/>
      <definition>
        <short value="PolicyHolder address"/>
        <formal value="The mailing address, typically home, of the PolicyHolder"/>
        <min value="1"/>
        <max value="1"/>
        <type>
          <code value="Address"/>
        </type>
        <mustUnderstand value="true"/>
      </definition>
    </element>
    <element>
      <path value="Coverage.planHolder.birthdate"/>
      <definition>
        <short value="PolicyHolder date of birth"/>
        <formal value="The date of birth of the PolicyHolder"/>
        <min value="1"/>
        <max value="1"/>
        <type>
          <code value="date"/>
        </type>
        <mustUnderstand value="true"/>
      </definition>
    </element>
    <searchParam>
      <name value="plan"/>
      <type value="qtoken"/>
      <repeats value="union"/>
      <documentation value="A plan or policy identifier"/>
    </searchParam>
    <searchParam>
      <name value="issuer"/>
      <type value="qtoken"/>
      <repeats value="union"/>
      <documentation value="The identity of the insurer"/>
    </searchParam>
    <searchParam>
      <name value="_id"/>
      <type value="token"/>
      <repeats value="single"/>
      <documentation value="The logical resource id associated with the resource (must be supported by all servers)"/>
    </searchParam>
    <searchParam>
      <name value="name"/>
      <type value="qtoken"/>
      <repeats value="union"/>
      <documentation value="The name of the insured"/>
    </searchParam>
    <searchParam>
      <name value="identifier"/>
      <type value="qtoken"/>
      <repeats value="union"/>
      <documentation value="The primary identifier of the insured"/>
    </searchParam>
  </structure>
</Profile>