{"Coverage":{"text":{"status":{"value":"generated"},"div":"<div>A human readable rendering of the coverage<\/div>"},"issuer":{"type":{"value":"Organization"},"url":{"value":"../organization/@2"}},"period":{"start":{"value":"2011-05-23"},"end":{"value":"2012-05-23"}},"type":{"system":{"value":"http://hl7.org/vocab/v3/ActCoverageTypeCode"},"code":{"value":"EHCPOL"},"display":{"value":"Extended Health Policy"}},"identifier":{"system":{"value":"http://xyz.com/codes/identifier"},"key":{"value":"12345"}},"plan":{"system":{"value":"http://xyz.com/codes/plan"},"key":{"value":"CBI35"}},"subplan":{"system":{"value":"http://xyz.com/codes/subplan"},"key":{"value":"123"}},"dependent":{"value":"0"},"sequence":{"value":"1"},"planHolder":{"name":{"use":{"value":"official"},"family":[{"value":"Seebetter"}],"given":[{"value":"Wanda"},{"value":"L"}]},"address":{"use":{"value":"home"},"line":[{"value":"123 Any St"}],"city":{"value":"Anytown"},"state":{"value":"BC"},"zip":{"value":"V3R4R5"},"country":{"value":"CANADA"}},"birthdate":{"value":"1955-01-01"}}}}