{"DeviceLog":{"text":{"status":{"value":"generated"},"div":"<div>\n      <p>example<\/p>\n    <\/div>"},"contained":[{"Patient":{"_id":"patient","identifier":[{"key":{"value":"AB60001"}}]}}],"instant":{"value":"2013-04-08T06:58:43-10:00"},"subject":{"type":{"value":"Patient"},"url":{"value":"#patient"}},"item":[{"key":{"value":"M1"},"value":{"value":"60"}},{"key":{"value":"M2"},"value":{"value":"0"}},{"key":{"value":"M3"},"value":{"value":"60"}},{"key":{"value":"M4"},"value":{"value":"120"}},{"key":{"value":"M5"},"value":{"value":"80"}},{"key":{"value":"M6"},"value":{"value":"60"}},{"key":{"value":"M7"},"value":{"value":"14"}},{"key":{"value":"M8"},"value":{"value":"25"}},{"key":{"value":"M9"},"value":{"value":"10"}}]}}