<?xml version="1.0" encoding="UTF-8"?>

<Profile xmlns="http://hl7.org/fhir">
  <text>
    <status value="generated"/><div xmlns="http://www.w3.org/1999/xhtml"><pre>
&lt;<a title="A reference to a document" class="dict" href="documentreference-definitions.htm#DocumentReference"><b>DocumentReference</b></a> xmlns=&quot;http://hl7.org/fhir&quot;&gt;
 &lt;<a title="Document identifier as assigned by the source of the document. This identifier is specific to this version of the document. This unique identifier may be used elsewhere to identify this version of the document" class="dict" href="documentreference-definitions.htm#DocumentReference.id"><b>id</b></a>&gt;<span style="color: Gray">&lt;!--</span> <span style="color: brown"><b>1..1</b></span> <span style="color: darkgreen"><a href="datatypes.htm#Identifier">Identifier</a></span> <span style="color: navy">Master Version Specific Identifier</span><span style="color: Gray"> --&gt;</span>&lt;/id&gt;
 &lt;<a title="Other identifiers associated with the record" class="dict" href="documentreference-definitions.htm#DocumentReference.identifier"><b>identifier</b></a>&gt;<span style="color: Gray">&lt;!--</span> <span style="color: brown"><b>0..*</b></span> <span style="color: darkgreen"><a href="datatypes.htm#Identifier">Identifier</a></span> <span style="color: navy">Other identifiers for the document</span><span style="color: Gray"> --&gt;</span>&lt;/identifier&gt;
 &lt;<a title="Who or what the document is about" class="dict" href="documentreference-definitions.htm#DocumentReference.subject"><b>subject</b></a>&gt;<span style="color: Gray">&lt;!--</span> <span style="color: brown"><b>1..1</b></span> <span style="color: darkgreen"><a href="resources.htm#Resource">Resource</a>(<a href="patient.htm#Patient">Patient</a>|<a href="practitioner.htm#Practitioner">Practitioner</a>|<a href="group.htm#Group">Group</a>)</span> <span style="color: navy">The subject of the document</span><span style="color: Gray"> --&gt;</span>&lt;/subject&gt;
 &lt;<a title="Specifies the particular kind of document (e.g. Patient Summary, Discharge Summary, Prescription, etc)" class="dict" href="documentreference-definitions.htm#DocumentReference.type"><b>type</b></a>&gt;<span style="color: Gray">&lt;!--</span> <span style="color: brown"><b>1..1</b></span> <span style="color: darkgreen"><a href="datatypes.htm#CodeableConcept">CodeableConcept</a></span> <span style="color: navy">What kind of document this is</span><span style="color: Gray"> --&gt;</span>&lt;/type&gt;
 &lt;<a title="Categories that this document is registered in" class="dict" href="documentreference-definitions.htm#DocumentReference.category"><b>category</b></a>&gt;<span style="color: Gray">&lt;!--</span> <span style="color: brown"><b>0..*</b></span> <span style="color: darkgreen"><a href="resources.htm#Resource">Resource</a>(<a href="category.htm#Category">Category</a>)</span> <span style="color: navy">Categories this record is in</span><span style="color: Gray"> --&gt;</span>&lt;/category&gt;
 &lt;<a title="Identifies who is responsible for adding the information to the document" class="dict" href="documentreference-definitions.htm#DocumentReference.author"><b>author</b></a>&gt;<span style="color: Gray">&lt;!--</span> <span style="color: brown"><b>1..*</b></span> <span style="color: darkgreen"><a href="resources.htm#Resource">Resource</a>(<a href="practitioner.htm#Practitioner">Practitioner</a>|<a href="device.htm#Device">Device</a>)</span> <span style="color: navy">Who/what authored the document</span><span style="color: Gray"> --&gt;</span>&lt;/author&gt;
 &lt;<a title="Identifies the organization or group who is responsible for ongoing maintenance of and access to the document" class="dict" href="documentreference-definitions.htm#DocumentReference.custodian"><b>custodian</b></a>&gt;<span style="color: Gray">&lt;!--</span> <span style="color: brown"><b>0..1</b></span> <span style="color: darkgreen"><a href="resources.htm#Resource">Resource</a>(<a href="organization.htm#Organization">Organization</a>)</span> <span style="color: navy">Org which maintains the document</span><span style="color: Gray"> --&gt;</span>&lt;/custodian&gt;
 &lt;<a title="Which person or organization authenticates that this document is valid" class="dict" href="documentreference-definitions.htm#DocumentReference.authenticator"><b>authenticator</b></a>&gt;<span style="color: Gray">&lt;!--</span> <span style="color: brown"><b>0..1</b></span> <span style="color: darkgreen"><a href="resources.htm#Resource">Resource</a>(<a href="practitioner.htm#Practitioner">Practitioner</a>|<a href="organization.htm#Organization">Organization</a>)</span> <span style="color: navy">Who authenticated the document</span><span style="color: Gray"> --&gt;</span>&lt;/authenticator&gt;
 &lt;<a title="When the document was created" class="dict" href="documentreference-definitions.htm#DocumentReference.created"><b>created</b></a> value=&quot;[<span style="color: darkgreen"><a href="datatypes.htm#dateTime">dateTime</a></span>]&quot;/&gt;<span style="color: Gray">&lt;!--</span> <span style="color: brown"><b>0..1</b></span> <span style="color: navy">Document creation time</span><span style="color: Gray"> --&gt;</span>
 &lt;<a title="When the document reference was created" class="dict" href="documentreference-definitions.htm#DocumentReference.indexed"><b>indexed</b></a> value=&quot;[<span style="color: darkgreen"><a href="datatypes.htm#instant">instant</a></span>]&quot;/&gt;<span style="color: Gray">&lt;!--</span> <span style="color: brown"><b>1..1</b></span> <span style="color: navy">When this document reference created</span><span style="color: Gray"> --&gt;</span>
 &lt;<a title="The status of this document reference (this element must be understood)" class="dict" href="documentreference-definitions.htm#DocumentReference.status"><span style="text-decoration: underline"><b>status</b></span></a> value=&quot;[<span style="color: darkgreen"><a href="datatypes.htm#code">code</a></span>]&quot;/&gt;<span style="color: Gray">&lt;!--</span> <span style="color: brown"><b>1..1</b></span> <span style="color: navy">The status of this document reference</span><span style="color: Gray"> --&gt;</span>
 &lt;<a title="The status of the underlying document" class="dict" href="documentreference-definitions.htm#DocumentReference.docStatus"><b>docStatus</b></a>&gt;<span style="color: Gray">&lt;!--</span> <span style="color: brown"><b>0..1</b></span> <span style="color: darkgreen"><a href="datatypes.htm#CodeableConcept">CodeableConcept</a></span> <span style="color: navy">Status of the underlying document</span><span style="color: Gray"> --&gt;</span>&lt;/docStatus&gt;
 &lt;<a title="If this document replaces another (this element must be understood)" class="dict" href="documentreference-definitions.htm#DocumentReference.supercedes"><span style="text-decoration: underline"><b>supercedes</b></span></a>&gt;<span style="color: Gray">&lt;!--</span> <span style="color: brown"><b>0..1</b></span> <span style="color: darkgreen"><a href="resources.htm#Resource">Resource</a>(<a href="documentreference.htm#DocumentReference">DocumentReference</a>)</span> <span style="color: navy">If this document replaces another</span><span style="color: Gray"> --&gt;</span>&lt;/supercedes&gt;
 &lt;<a title="Human Readable description of the source document" class="dict" href="documentreference-definitions.htm#DocumentReference.description"><b>description</b></a> value=&quot;[<span style="color: darkgreen"><a href="datatypes.htm#string">string</a></span>]&quot;/&gt;<span style="color: Gray">&lt;!--</span> <span style="color: brown"><b>0..1</b></span> <span style="color: navy">Human Readable description</span><span style="color: Gray"> --&gt;</span>
 &lt;<a title="A code specifying the level of confidentiality of the XDS Document (this element must be understood)" class="dict" href="documentreference-definitions.htm#DocumentReference.confidentiality"><span style="text-decoration: underline"><b>confidentiality</b></span></a>&gt;<span style="color: Gray">&lt;!--</span> <span style="color: brown"><b>0..1</b></span> <span style="color: darkgreen"><a href="datatypes.htm#CodeableConcept">CodeableConcept</a></span> <span style="color: navy">Sensitivity of source document</span><span style="color: Gray"> --&gt;</span>&lt;/confidentiality&gt;
 &lt;<a title="The primary language in which the source document is written" class="dict" href="documentreference-definitions.htm#DocumentReference.primaryLanguage"><b>primaryLanguage</b></a> value=&quot;[<span style="color: darkgreen"><a href="datatypes.htm#code">code</a></span>]&quot;/&gt;<span style="color: Gray">&lt;!--</span> <span style="color: brown"><b>0..1</b></span> <span style="color: navy">Primary language of the document</span><span style="color: Gray"> --&gt;</span>
 &lt;<a title="The mime type of the source document" class="dict" href="documentreference-definitions.htm#DocumentReference.mimeType"><b>mimeType</b></a> value=&quot;[<span style="color: darkgreen"><a href="datatypes.htm#code">code</a></span>]&quot;/&gt;<span style="color: Gray">&lt;!--</span> <span style="color: brown"><b>1..1</b></span> <span style="color: navy">Mime type of the document</span><span style="color: Gray"> --&gt;</span>
 &lt;<a title="The format of the document. This is used when the mimeType of the document does not provide enough differentiating information (typically, when the mime type of the document is text/xml)" class="dict" href="documentreference-definitions.htm#DocumentReference.format"><b>format</b></a>&gt;<span style="color: Gray">&lt;!--</span> <span style="color: brown"><b>0..1</b></span> <span style="color: darkgreen"><a href="datatypes.htm#CodeableConcept">CodeableConcept</a></span> <span style="color: navy">Format of the document</span><span style="color: Gray"> --&gt;</span>&lt;/format&gt;
 &lt;<a title="The size of the source document in bytes" class="dict" href="documentreference-definitions.htm#DocumentReference.size"><b>size</b></a> value=&quot;[<span style="color: darkgreen"><a href="datatypes.htm#integer">integer</a></span>]&quot;/&gt;<span style="color: Gray">&lt;!--</span> <span style="color: brown"><b>0..1</b></span> <span style="color: navy">Size of the document in bytes</span><span style="color: Gray"> --&gt;</span>
 &lt;<a title="A hash of the source document to ensure that changes have not occurred" class="dict" href="documentreference-definitions.htm#DocumentReference.hash"><b>hash</b></a> value=&quot;[<span style="color: darkgreen"><a href="datatypes.htm#string">string</a></span>]&quot;/&gt;<span style="color: Gray">&lt;!--</span> <span style="color: brown"><b>0..1</b></span> <span style="color: navy">HexBinary representation of SHA1</span><span style="color: Gray"> --&gt;</span>
 &lt;<a title="A url at which the document can be accessed" class="dict" href="documentreference-definitions.htm#DocumentReference.location"><b>location</b></a> value=&quot;[<span style="color: darkgreen"><a href="datatypes.htm#uri">uri</a></span>]&quot;/&gt;<span style="color: Gray">&lt;!--</span> <span title="A location or a service (or both) must be provided" style="color: deeppink"><b>0..1</b></span> <span style="color: navy">Where to access the document</span><span style="color: Gray"> --&gt;</span>
 &lt;<a title="A description of a service call that can be used to retrieve the document" class="dict" href="documentreference-definitions.htm#DocumentReference.service"><b>service</b></a>&gt;  <span style="color: Gray">&lt;!-- <span title="A location or a service (or both) must be provided" style="color: deeppink"><b>0..1</b></span> If access is not fully described by location --&gt;</span>
  &lt;<a title="The type of the service that can be used to access the documents" class="dict" href="documentreference-definitions.htm#DocumentReference.service.type"><b>type</b></a>&gt;<span style="color: Gray">&lt;!--</span> <span style="color: brown"><b>1..1</b></span> <span style="color: darkgreen"><a href="datatypes.htm#CodeableConcept">CodeableConcept</a></span> <span style="color: navy">Type of service (i.e XDS.b)</span><span style="color: Gray"> --&gt;</span>&lt;/type&gt;
  &lt;<a title="A list of named parameters that is used in the service call" class="dict" href="documentreference-definitions.htm#DocumentReference.service.parameter"><b>parameter</b></a>&gt;  <span style="color: Gray">&lt;!-- <span style="color: brown"><b>0..*</b></span> Service call parameters --&gt;</span>
   &lt;<a title="The name of a parameter" class="dict" href="documentreference-definitions.htm#DocumentReference.service.parameter.name"><b>name</b></a> value=&quot;[<span style="color: darkgreen"><a href="datatypes.htm#string">string</a></span>]&quot;/&gt;<span style="color: Gray">&lt;!--</span> <span style="color: brown"><b>1..1</b></span> <span style="color: navy">Name of parameter</span><span style="color: Gray"> --&gt;</span>
   &lt;<a title="The value of the named parameter" class="dict" href="documentreference-definitions.htm#DocumentReference.service.parameter.value"><b>value</b></a> value=&quot;[<span style="color: darkgreen"><a href="datatypes.htm#string">string</a></span>]&quot;/&gt;<span style="color: Gray">&lt;!--</span> <span style="color: brown"><b>0..1</b></span> <span style="color: navy">Parameter value</span><span style="color: Gray"> --&gt;</span>
  &lt;/parameter&gt;
 &lt;/service&gt;
 &lt;<a title="The clinical context in which the document was prepared" class="dict" href="documentreference-definitions.htm#DocumentReference.context"><b>context</b></a>&gt;  <span style="color: Gray">&lt;!-- <span style="color: brown"><b>0..1</b></span> Clinical context of document --&gt;</span>
  &lt;<a title="The type of clinical context, such as a kind of surgery, or a kind of speciality, or a clinical type" class="dict" href="documentreference-definitions.htm#DocumentReference.context.code"><b>code</b></a>&gt;<span style="color: Gray">&lt;!--</span> <span style="color: brown"><b>0..*</b></span> <span style="color: darkgreen"><a href="datatypes.htm#CodeableConcept">CodeableConcept</a></span> <span style="color: navy">Type of context (i.e. type of event)</span><span style="color: Gray"> --&gt;</span>&lt;/code&gt;
  &lt;<a title="The time period of the patient&#39;s care that is described by the document" class="dict" href="documentreference-definitions.htm#DocumentReference.context.period"><b>period</b></a>&gt;<span style="color: Gray">&lt;!--</span> <span style="color: brown"><b>0..1</b></span> <span style="color: darkgreen"><a href="datatypes.htm#Period">Period</a></span> <span style="color: navy">Time described by the document</span><span style="color: Gray"> --&gt;</span>&lt;/period&gt;
  &lt;<a title="The kind of facility where the patient was seen" class="dict" href="documentreference-definitions.htm#DocumentReference.context.facilityType"><b>facilityType</b></a>&gt;<span style="color: Gray">&lt;!--</span> <span style="color: brown"><b>0..1</b></span> <span style="color: darkgreen"><a href="datatypes.htm#CodeableConcept">CodeableConcept</a></span> <span style="color: navy">Kind of facility where patient was seen</span><span style="color: Gray"> --&gt;</span>&lt;/facilityType&gt;
 &lt;/context&gt;
&lt;/DocumentReference&gt;
</pre></div>
  </text>
  <name value="documentreference"/>
  <author>
    <name value="todo (committee)"/>
  </author>
  <description value="Basic Profile. A reference to a document"/>
  <status>
    <code value="testing"/>
    <date value="2013-05-06"/>
  </status>
  <structure>
    <type value="DocumentReference"/>
    <element>
      <path value="DocumentReference"/>
      <definition>
        <short value="A reference to a document"/>
        <formal value="A reference to a document"/>
        <comments value="Usually, this is used for documents other than those defined by FHIR"/>
        <min value="1"/>
        <max value="1"/>
        <type>
          <code value="Resource"/>
        </type>
        <constraint>
          <id value="1"/>
          <name value="Location"/>
          <severity value="error"/>
          <human value="A location or a service (or both) must be provided"/>
          <xpath value="exists(f:location) or exists(f:service)"/>
        </constraint>
        <mustUnderstand value="false"/>
      </definition>
    </element>
    <element>
      <path value="DocumentReference.extension"/>
      <definition>
        <short value="Additional Content defined by implementations"/>
        <formal value="May be used to represent additional information that is not part of the basic definition of the resource. In order to make the use of extensions safe and manageable, there is a strict governance applied to the definition and use of extensions. Though any implementer is allowed to define an extension, there is a set of requirements that must be met as part of the definition of the extension"/>
        <comments value="there can be no stigma
associated with the use of extensions by any application, project, or standard - regardless of the institution or jurisdiction that uses or defines the extensions.  The use of extensions is what allows the FHIR specification to retain a core simplicity for everyone"/>
        <synonym value="extensions"/>
        <synonym value="user content"/>
        <min value="0"/>
        <max value="*"/>
        <type>
          <code value="Extension"/>
        </type>
      </definition>
    </element>
    <element>
      <path value="DocumentReference.text"/>
      <definition>
        <short value="Text summary of the resource, for human interpretation"/>
        <formal value="A human readable narrative that contains a summary of the resource, and may be used to represent the content of the resource to a human. The narrative need not encode all the structured data, but is required to contain sufficient detail to make it &quot;clinically safe&quot; for a human to just read the narrative. Resource definitions may define what content should be represented in the narrative to ensure clinical safety"/>
        <comments value="Contained resources do not have narrative. Resources that are not contained SHOULD have a narrative"/>
        <synonym value="narrative"/>
        <synonym value="html"/>
        <synonym value="xhtml"/>
        <synonym value="display"/>
        <min value="0"/>
        <max value="1"/>
        <type>
          <code value="Narrative"/>
        </type>
      </definition>
    </element>
    <element>
      <path value="DocumentReference.contained"/>
      <definition>
        <short value="Contained, inline Resources"/>
        <formal value="These resources do not have an independent existence apart from the resource that contains them - they cannot be identified independently, and nor can they have their own independent transaction scope"/>
        <comments value="This should never be done when the content can be identified properly, as once identification is lost, it is extremely difficult (and context dependent) to restore it again"/>
        <synonym value="inline resources"/>
        <synonym value="anonymous resources"/>
        <synonym value="contained resources"/>
        <min value="0"/>
        <max value="*"/>
        <type>
          <code value="Resource"/>
        </type>
      </definition>
    </element>
    <element>
      <path value="DocumentReference.id"/>
      <definition>
        <short value="Master Version Specific Identifier"/>
        <formal value="Document identifier as assigned by the source of the document. This identifier is specific to this version of the document. This unique identifier may be used elsewhere to identify this version of the document"/>
        <min value="1"/>
        <max value="1"/>
        <type>
          <code value="Identifier"/>
        </type>
        <mustUnderstand value="false"/>
      </definition>
    </element>
    <element>
      <path value="DocumentReference.identifier"/>
      <definition>
        <short value="Other identifiers for the document"/>
        <formal value="Other identifiers associated with the record"/>
        <min value="0"/>
        <max value="*"/>
        <type>
          <code value="Identifier"/>
        </type>
        <mustUnderstand value="false"/>
      </definition>
    </element>
    <element>
      <path value="DocumentReference.subject"/>
      <definition>
        <short value="The subject of the document"/>
        <formal value="Who or what the document is about"/>
        <min value="1"/>
        <max value="1"/>
        <type>
          <code value="Resource(Patient|Practitioner|Group)"/>
        </type>
        <mustUnderstand value="false"/>
      </definition>
    </element>
    <element>
      <path value="DocumentReference.type"/>
      <definition>
        <short value="What kind of document this is"/>
        <formal value="Specifies the particular kind of document (e.g. Patient Summary, Discharge Summary, Prescription, etc)"/>
        <comments value="Key metadata element describing the document, used in searching/filtering."/>
        <min value="1"/>
        <max value="1"/>
        <type>
          <code value="CodeableConcept"/>
        </type>
        <mustUnderstand value="false"/>
        <binding value="DocumentType"/>
      </definition>
    </element>
    <element>
      <path value="DocumentReference.category"/>
      <definition>
        <short value="Categories this record is in"/>
        <formal value="Categories that this document is registered in"/>
        <comments value="Categories are primarily used to support work flow"/>
        <min value="0"/>
        <max value="*"/>
        <type>
          <code value="Resource(Category)"/>
        </type>
        <mustUnderstand value="false"/>
      </definition>
    </element>
    <element>
      <path value="DocumentReference.author"/>
      <definition>
        <short value="Who/what authored the document"/>
        <formal value="Identifies who is responsible for adding the information to the document"/>
        <comments value="Not necessarily who did the actual data entry (i.e. typist) it in or who was the source (informant)"/>
        <min value="1"/>
        <max value="*"/>
        <type>
          <code value="Resource(Practitioner|Device)"/>
        </type>
        <mustUnderstand value="false"/>
      </definition>
    </element>
    <element>
      <path value="DocumentReference.custodian"/>
      <definition>
        <short value="Org which maintains the document"/>
        <formal value="Identifies the organization or group who is responsible for ongoing maintenance of and access to the document"/>
        <comments value="Identifies where to go to find the current version, where to report issues, etc."/>
        <min value="0"/>
        <max value="1"/>
        <type>
          <code value="Resource(Organization)"/>
        </type>
        <mustUnderstand value="false"/>
      </definition>
    </element>
    <element>
      <path value="DocumentReference.authenticator"/>
      <definition>
        <short value="Who authenticated the document"/>
        <formal value="Which person or organization authenticates that this document is valid"/>
        <min value="0"/>
        <max value="1"/>
        <type>
          <code value="Resource(Practitioner|Organization)"/>
        </type>
        <mustUnderstand value="false"/>
      </definition>
    </element>
    <element>
      <path value="DocumentReference.created"/>
      <definition>
        <short value="Document creation time"/>
        <formal value="When the document was created"/>
        <comments value="Creation time is used for tracking, organizing versions and searching. This is the creation time of the document, not the source material on which it is based"/>
        <min value="0"/>
        <max value="1"/>
        <type>
          <code value="dateTime"/>
        </type>
        <mustUnderstand value="false"/>
      </definition>
    </element>
    <element>
      <path value="DocumentReference.indexed"/>
      <definition>
        <short value="When this document reference created"/>
        <formal value="When the document reference was created"/>
        <comments value="Referencing/indexing time is used for tracking, organizing versions and searching."/>
        <min value="1"/>
        <max value="1"/>
        <type>
          <code value="instant"/>
        </type>
        <mustUnderstand value="false"/>
      </definition>
    </element>
    <element>
      <path value="DocumentReference.status"/>
      <definition>
        <short value="The status of this document reference"/>
        <formal value="The status of this document reference"/>
        <min value="1"/>
        <max value="1"/>
        <type>
          <code value="code"/>
        </type>
        <mustUnderstand value="true"/>
        <binding value="DocumentReferenceStatus"/>
      </definition>
    </element>
    <element>
      <path value="DocumentReference.docStatus"/>
      <definition>
        <short value="Status of the underlying document"/>
        <formal value="The status of the underlying document"/>
        <min value="0"/>
        <max value="1"/>
        <type>
          <code value="CodeableConcept"/>
        </type>
        <mustUnderstand value="false"/>
      </definition>
    </element>
    <element>
      <path value="DocumentReference.supercedes"/>
      <definition>
        <short value="If this document replaces another"/>
        <formal value="If this document replaces another"/>
        <min value="0"/>
        <max value="1"/>
        <type>
          <code value="Resource(DocumentReference)"/>
        </type>
        <mustUnderstand value="true"/>
      </definition>
    </element>
    <element>
      <path value="DocumentReference.description"/>
      <definition>
        <short value="Human Readable description"/>
        <formal value="Human Readable description of the source document"/>
        <comments value="It&#39;s commonly the case that records do not have a title and are collectively referred to by the display name of Record code (e.g. a &quot;consultation&quot; or &quot;progress note&quot;)."/>
        <min value="0"/>
        <max value="1"/>
        <type>
          <code value="string"/>
        </type>
        <mustUnderstand value="false"/>
      </definition>
    </element>
    <element>
      <path value="DocumentReference.confidentiality"/>
      <definition>
        <short value="Sensitivity of source document"/>
        <formal value="A code specifying the level of confidentiality of the XDS Document"/>
        <comments value="The interpretation of this field, and more generally enforcement and issues related to highly sensitive documents are beyond the scope of this resource. confidentialityCode can only be understood in the context of the policies, procedures, and value set specified by the context in which the document reference is being used"/>
        <min value="0"/>
        <max value="1"/>
        <type>
          <code value="CodeableConcept"/>
        </type>
        <mustUnderstand value="true"/>
        <binding value="DocumentConfidentiality"/>
      </definition>
    </element>
    <element>
      <path value="DocumentReference.primaryLanguage"/>
      <definition>
        <short value="Primary language of the document"/>
        <formal value="The primary language in which the source document is written"/>
        <min value="0"/>
        <max value="1"/>
        <type>
          <code value="code"/>
        </type>
        <mustUnderstand value="false"/>
        <binding value="Language"/>
      </definition>
    </element>
    <element>
      <path value="DocumentReference.mimeType"/>
      <definition>
        <short value="Mime type of the document"/>
        <formal value="The mime type of the source document"/>
        <comments value="Note: application/hl7-v3+xml for CDA. application/binary for properitary record formats"/>
        <min value="1"/>
        <max value="1"/>
        <type>
          <code value="code"/>
        </type>
        <mustUnderstand value="false"/>
        <binding value="MimeType"/>
      </definition>
    </element>
    <element>
      <path value="DocumentReference.format"/>
      <definition>
        <short value="Format of the document"/>
        <formal value="The format of the document. This is used when the mimeType of the document does not provide enough differentiating information (typically, when the mime type of the document is text/xml)"/>
        <min value="0"/>
        <max value="1"/>
        <type>
          <code value="CodeableConcept"/>
        </type>
        <mustUnderstand value="false"/>
        <binding value="DocumentFormat"/>
      </definition>
    </element>
    <element>
      <path value="DocumentReference.size"/>
      <definition>
        <short value="Size of the document in bytes"/>
        <formal value="The size of the source document in bytes"/>
        <min value="0"/>
        <max value="1"/>
        <type>
          <code value="integer"/>
        </type>
        <mustUnderstand value="false"/>
      </definition>
    </element>
    <element>
      <path value="DocumentReference.hash"/>
      <definition>
        <short value="HexBinary representation of SHA1"/>
        <formal value="A hash of the source document to ensure that changes have not occurred"/>
        <comments value="Whether the hash must be present and/or correct depends on the document handling rules defined in the context of use"/>
        <min value="0"/>
        <max value="1"/>
        <type>
          <code value="string"/>
        </type>
        <mustUnderstand value="false"/>
      </definition>
    </element>
    <element>
      <path value="DocumentReference.location"/>
      <definition>
        <short value="Where to access the document"/>
        <formal value="A url at which the document can be accessed"/>
        <min value="0"/>
        <max value="1"/>
        <type>
          <code value="uri"/>
        </type>
        <mustUnderstand value="false"/>
      </definition>
    </element>
    <element>
      <path value="DocumentReference.service"/>
      <definition>
        <short value="If access is not fully described by location"/>
        <formal value="A description of a service call that can be used to retrieve the document"/>
        <comments value="If a document can be accessed by either a service or directly by a URL (i.e. an XDS repository with an MHD access point, or a DICOM network with a WADO portal) just provide the URL"/>
        <min value="0"/>
        <max value="1"/>
        <mustUnderstand value="false"/>
      </definition>
    </element>
    <element>
      <path value="DocumentReference.service.type"/>
      <definition>
        <short value="Type of service (i.e XDS.b)"/>
        <formal value="The type of the service that can be used to access the documents"/>
        <comments value="The meaning and interpretation of the parameters depends on the service type"/>
        <min value="1"/>
        <max value="1"/>
        <type>
          <code value="CodeableConcept"/>
        </type>
        <mustUnderstand value="false"/>
      </definition>
    </element>
    <element>
      <path value="DocumentReference.service.parameter"/>
      <definition>
        <short value="Service call parameters"/>
        <formal value="A list of named parameters that is used in the service call"/>
        <comments value="The interpretation of the parameters, and how to convert them into a proper service call, is dependent on the type of the service, and needs to be specified in an implementation guide somewhere"/>
        <min value="0"/>
        <max value="*"/>
        <mustUnderstand value="false"/>
      </definition>
    </element>
    <element>
      <path value="DocumentReference.service.parameter.name"/>
      <definition>
        <short value="Name of parameter"/>
        <formal value="The name of a parameter"/>
        <min value="1"/>
        <max value="1"/>
        <type>
          <code value="string"/>
        </type>
        <mustUnderstand value="false"/>
      </definition>
    </element>
    <element>
      <path value="DocumentReference.service.parameter.value"/>
      <definition>
        <short value="Parameter value"/>
        <formal value="The value of the named parameter"/>
        <min value="0"/>
        <max value="1"/>
        <type>
          <code value="string"/>
        </type>
        <mustUnderstand value="false"/>
      </definition>
    </element>
    <element>
      <path value="DocumentReference.context"/>
      <definition>
        <short value="Clinical context of document"/>
        <formal value="The clinical context in which the document was prepared"/>
        <comments value="These values are primarily added to help with searching for interesting/relevant documents"/>
        <min value="0"/>
        <max value="1"/>
        <mustUnderstand value="false"/>
      </definition>
    </element>
    <element>
      <path value="DocumentReference.context.code"/>
      <definition>
        <short value="Type of context (i.e. type of event)"/>
        <formal value="The type of clinical context, such as a kind of surgery, or a kind of speciality, or a clinical type"/>
        <min value="0"/>
        <max value="*"/>
        <type>
          <code value="CodeableConcept"/>
        </type>
        <mustUnderstand value="false"/>
      </definition>
    </element>
    <element>
      <path value="DocumentReference.context.period"/>
      <definition>
        <short value="Time described by the document"/>
        <formal value="The time period of the patient&#39;s care that is described by the document"/>
        <min value="0"/>
        <max value="1"/>
        <type>
          <code value="Period"/>
        </type>
        <mustUnderstand value="false"/>
      </definition>
    </element>
    <element>
      <path value="DocumentReference.context.facilityType"/>
      <definition>
        <short value="Kind of facility where patient was seen"/>
        <formal value="The kind of facility where the patient was seen"/>
        <min value="0"/>
        <max value="1"/>
        <type>
          <code value="CodeableConcept"/>
        </type>
        <mustUnderstand value="false"/>
      </definition>
    </element>
    <searchParam>
      <name value="location"/>
      <type value="string"/>
      <repeats value="union"/>
      <documentation value="Where to access the document"/>
    </searchParam>
    <searchParam>
      <name value="indexed"/>
      <type value="date"/>
      <repeats value="intersection"/>
      <documentation value="When this document reference created"/>
    </searchParam>
    <searchParam>
      <name value="status"/>
      <type value="token"/>
      <repeats value="union"/>
      <documentation value="The status of this document reference"/>
    </searchParam>
    <searchParam>
      <name value="subject"/>
      <type value="qtoken"/>
      <repeats value="union"/>
      <documentation value="The subject of the document"/>
    </searchParam>
    <searchParam>
      <name value="format"/>
      <type value="token"/>
      <repeats value="union"/>
      <documentation value="Format of the document"/>
    </searchParam>
    <searchParam>
      <name value="period"/>
      <type value="date"/>
      <repeats value="intersection"/>
      <documentation value="Time described by the document"/>
    </searchParam>
    <searchParam>
      <name value="type"/>
      <type value="qtoken"/>
      <repeats value="union"/>
      <documentation value="What kind of document this is"/>
    </searchParam>
    <searchParam>
      <name value="authenticator"/>
      <type value="qtoken"/>
      <repeats value="union"/>
      <documentation value="Who authenticated the document"/>
    </searchParam>
    <searchParam>
      <name value="size"/>
      <type value="integer"/>
      <repeats value="intersection"/>
      <documentation value="Size of the document in bytes"/>
    </searchParam>
    <searchParam>
      <name value="author"/>
      <type value="qtoken"/>
      <repeats value="union"/>
      <documentation value="Who/what authored the document"/>
    </searchParam>
    <searchParam>
      <name value="category"/>
      <type value="qtoken"/>
      <repeats value="union"/>
      <documentation value="Categories this record is in"/>
    </searchParam>
    <searchParam>
      <name value="custodian"/>
      <type value="qtoken"/>
      <repeats value="union"/>
      <documentation value="Org which maintains the document"/>
    </searchParam>
    <searchParam>
      <name value="facility"/>
      <type value="qtoken"/>
      <repeats value="union"/>
      <documentation value="Kind of facility where patient was seen"/>
    </searchParam>
    <searchParam>
      <name value="_id"/>
      <type value="token"/>
      <repeats value="single"/>
      <documentation value="The logical resource id associated with the resource (must be supported by all servers)"/>
    </searchParam>
    <searchParam>
      <name value="supercedes"/>
      <type value="qtoken"/>
      <repeats value="union"/>
      <documentation value="If this document replaces another"/>
    </searchParam>
    <searchParam>
      <name value="created"/>
      <type value="date"/>
      <repeats value="intersection"/>
      <documentation value="Document creation time"/>
    </searchParam>
    <searchParam>
      <name value="event"/>
      <type value="qtoken"/>
      <repeats value="union"/>
      <documentation value="Type of context (i.e. type of event)"/>
    </searchParam>
    <searchParam>
      <name value="confidentiality"/>
      <type value="qtoken"/>
      <repeats value="union"/>
      <documentation value="Sensitivity of source document"/>
    </searchParam>
    <searchParam>
      <name value="description"/>
      <type value="text"/>
      <repeats value="union"/>
      <documentation value="Human Readable description"/>
    </searchParam>
    <searchParam>
      <name value="language"/>
      <type value="token"/>
      <repeats value="union"/>
      <documentation value="Primary language of the document"/>
    </searchParam>
    <searchParam>
      <name value="identifier"/>
      <type value="qtoken"/>
      <repeats value="union"/>
      <documentation value="Other identifiers for the document"/>
    </searchParam>
  </structure>
</Profile>