{"FamilyHistory":{"text":{"status":{"value":"generated"},"div":"<div>Father died of a heart attack aged 74<\/div>"},"subject":{"type":{"value":"Patient"},"url":{"value":"../patient/@example"},"display":{"value":"Peter Patient"}},"relation":[{"relationship":{"value":"father"},"condition":[{"type":{"coding":[{"system":{"value":"http://snomed.info"},"code":{"value":"315619001"},"display":{"value":"Myocardial Infarction"}}],"text":{"value":"Heart Attack"}},"onsetQuantity":{"value":{"value":"74"},"units":{"value":"a"},"system":{"value":"http://unitsofmeasure.org"}},"note":{"value":"Was fishing at the time. At least he went doing someting he loved."}}]}]}}