<?xml version="1.0" encoding="UTF-8"?><FamilyHistory xmlns="http://hl7.org/fhir">
  <text>
    <status value="generated"/>
    <div xmlns="http://www.w3.org/1999/xhtml">Father died of a heart attack aged 74</div>
  </text>

  <subject>
    <type value="Patient"/>
    <url value="../patient/@example"/>
    <display value="Peter Patient"/>
  </subject>

  <relation>

    <relationship value="father"/>
    <condition>
      <type>
      <coding>
        <system value="http://snomed.info"/>
        <code value="315619001"/>
        <display value="Myocardial Infarction"/>
      </coding>
      <text value="Heart Attack"/>
      </type>
   
  
    <onsetAge>
      <value value="74"/>
      <units value="a"/>
      <system value="http://unitsofmeasure.org"/>
    </onsetAge>
    <note value="Was fishing at the time. At least he went doing someting he loved."/>
    </condition>
  </relation>
</FamilyHistory>