{"FamilyHistory":{"text":{"status":{"value":"generated"},"div":"<div>Mother died of a stroke aged 56. Brother has diabetes<\/div>"},"subject":{"type":{"value":"Patient"},"url":{"value":"../patient/@100"},"display":{"value":"Peter Patient"}},"relation":[{"relatedPerson":{"type":{"value":"Patient"},"url":{"value":"../patient/@101"},"display":{"value":"Mrs Patient"}},"relationship":{"value":"mother"},"condition":[{"type":{"coding":[{"system":{"value":"http://snomed.info"},"code":{"value":"371041009"},"display":{"value":"Embolic Stroke"}}],"text":{"value":"Stroke"}},"onsetQuantity":{"value":{"value":"56"},"units":{"value":"a"},"system":{"value":"http://unitsofmeasure.org"}}}]},{"relationship":{"value":"brother"},"condition":[{"type":{"coding":[{"system":{"value":"http://snomed.info"},"code":{"value":"190372001"},"display":{"value":"Type 1 Diabetes, Maturity Onset"}}],"text":{"value":"Diabetes Mellitus"}}}]}]}}