<?xml version="1.0" encoding="UTF-8"?><FamilyHistory xmlns="http://hl7.org/fhir">
  <text>
    <status value="generated"/>
    <div xmlns="http://www.w3.org/1999/xhtml">Mother died of a stroke aged 56. Brother has diabetes</div>
  </text>
  <subject>
    <type value="Patient"/>
    <url value="../patient/@100"/>
    <display value="Peter Patient"/>
  </subject>
  <relation>
    <relatedPerson>
      <type value="Patient"/>
      <url value="../patient/@101"/>
      <display value="Mrs Patient"/>
    </relatedPerson>
    <relationship value="mother"/>
    <condition>
      <type>
       <coding>
         <system value="http://snomed.info"/>
         <code value="371041009"/>
         <display value="Embolic Stroke"/>
       </coding>
       <text value="Stroke"/>
      </type>
  
     <onsetAge>
       <value value="56"/>
       <units value="a"/>
       <system value="http://unitsofmeasure.org"/>
     </onsetAge>
  
    </condition>
  </relation>
  <relation>
    <relationship value="brother"/>
    <condition>
      <type>
        <coding>
          <system value="http://snomed.info"/>
          <code value="190372001"/>
          <display value="Type 1 Diabetes, Maturity Onset"/>
        </coding>
        <text value="Diabetes Mellitus"/>
      </type>
    </condition>
  </relation>
</FamilyHistory>