<?xml version="1.0" encoding="UTF-8"?>

<Profile xmlns="http://hl7.org/fhir">
  <text>
    <status value="generated"/><div xmlns="http://www.w3.org/1999/xhtml"><pre>
&lt;<a title="Significant health events and conditions for people related to the subject" class="dict" href="familyhistory-definitions.htm#FamilyHistory"><b>FamilyHistory</b></a> xmlns=&quot;http://hl7.org/fhir&quot;&gt;
 &lt;<a title="The person who this history concerns" class="dict" href="familyhistory-definitions.htm#FamilyHistory.subject"><b>subject</b></a>&gt;<span style="color: Gray">&lt;!--</span> <span style="color: brown"><b>1..1</b></span> <span style="color: darkgreen"><a href="resources.htm#Resource">Resource</a>(<a href="patient.htm#Patient">Patient</a>)</span> <span style="color: navy">Subject of this history</span><span style="color: Gray"> --&gt;</span>&lt;/subject&gt;
 &lt;<a title="The related person. Each FamilyHistory resource contains the entire family history for a single person." class="dict" href="familyhistory-definitions.htm#FamilyHistory.relation"><b>relation</b></a>&gt;  <span style="color: Gray">&lt;!-- <span style="color: brown"><b>0..*</b></span> The relation --&gt;</span>
  &lt;<a title="Depending on the capabilities of the system creating the resource, the related person may be an identifiable (on a FHIR system) person, a specific person who is not formally identified or an unidentified person (eg aunt, brother etc). Hence this property is optional. If a real person, then it could either be a reference to the resource that identifies that person, or a contained reference. Examples of both are given" class="dict" href="familyhistory-definitions.htm#FamilyHistory.relation.relatedPerson"><b>relatedPerson</b></a>&gt;<span style="color: Gray">&lt;!--</span> <span style="color: brown"><b>0..1</b></span> <span style="color: darkgreen"><a href="resources.htm#Resource">Resource</a>(<a href="patient.htm#Patient">Patient</a>)</span> <span style="color: navy">The family member who had the condition</span><span style="color: Gray"> --&gt;</span>&lt;/relatedPerson&gt;
  &lt;<a title="The type of relationship this person has to the patient (father, mother, brother etc.) At the moment this is a code linking to a fixed set of values. I&#39;m not sure if there is an international standard for this. A fixed (possibly extensible) set of codes feels better than a codeable concept for somehting like this..." class="dict" href="familyhistory-definitions.htm#FamilyHistory.relation.relationship"><b>relationship</b></a> value=&quot;[<span style="color: darkgreen"><a href="datatypes.htm#code">code</a></span>]&quot;/&gt;<span style="color: Gray">&lt;!--</span> <span style="color: brown"><b>0..1</b></span> <span style="color: navy">Relationship to the subject</span><span style="color: Gray"> --&gt;</span>
  &lt;<a title="If this resource is indicating that the related person is deceased, then the the date of death - or age at death - can be indicated here. If present, a receiving system must understand what the resource is indicating. If the reason for death is known, then it can be indicated in the &#39;fatal&#39; flag of the condition - in this case the deceased property should still be set. (this element must be understood)" class="dict" href="familyhistory-definitions.htm#FamilyHistory.relation.deceased_x_"><span style="text-decoration: underline"><b>deceased[x]</b></span></a>&gt;<span style="color: Gray">&lt;!--</span> <span style="color: brown"><b>0..1</b></span> <span style="color: darkgreen"><a href="datatypes.htm#date">date</a>|<a href="datatypes.htm#Age">Age</a></span> <span style="color: navy">Is the person deceased</span><span style="color: Gray"> --&gt;</span>&lt;/deceased[x]&gt;
  &lt;<a title="This property allows a non condition-specific note to the made about the related person. Ideally, the note would be in the condition property, but this is not always possible." class="dict" href="familyhistory-definitions.htm#FamilyHistory.relation.note"><b>note</b></a> value=&quot;[<span style="color: darkgreen"><a href="datatypes.htm#string">string</a></span>]&quot;/&gt;<span style="color: Gray">&lt;!--</span> <span style="color: brown"><b>0..1</b></span> <span style="color: navy">General note about the related person</span><span style="color: Gray"> --&gt;</span>
  &lt;<a title="The significant problemss (or condition) that the family member had. This is a repeating section to allow a system to represent more than one condition per resource, though there is nothing stopping multiple resources - one per condition." class="dict" href="familyhistory-definitions.htm#FamilyHistory.relation.condition"><b>condition</b></a>&gt;  <span style="color: Gray">&lt;!-- <span style="color: brown"><b>0..*</b></span> The Condition that the related person had --&gt;</span>
   &lt;<a title="The actual condition specified. Could be a coded condition (like MI or Diabetes) or a less specific string like &#39;cancer&#39; depending on how much is known about the condition and the capabilities of the creating system" class="dict" href="familyhistory-definitions.htm#FamilyHistory.relation.condition.type"><b>type</b></a>&gt;<span style="color: Gray">&lt;!--</span> <span style="color: brown"><b>1..1</b></span> <span style="color: darkgreen"><a href="datatypes.htm#CodeableConcept">CodeableConcept</a></span> <span style="color: navy">The condition</span><span style="color: Gray"> --&gt;</span>&lt;/type&gt;
   &lt;<a title="Indicates that the person died of this condition. The date of death is indicated by the deceased property. If present, a receiving system must understand it. (this element must be understood)" class="dict" href="familyhistory-definitions.htm#FamilyHistory.relation.condition.fatal"><span style="text-decoration: underline"><b>fatal</b></span></a> value=&quot;[<span style="color: darkgreen"><a href="datatypes.htm#boolean">boolean</a></span>]&quot;/&gt;<span style="color: Gray">&lt;!--</span> <span style="color: brown"><b>0..1</b></span> <span style="color: navy">Did the person die of this condition</span><span style="color: Gray"> --&gt;</span>
   &lt;<a title="Either the age of onset or the date of onset can be recorded." class="dict" href="familyhistory-definitions.htm#FamilyHistory.relation.condition.onset_x_"><b>onset[x]</b></a>&gt;<span style="color: Gray">&lt;!--</span> <span style="color: brown"><b>0..1</b></span> <span style="color: darkgreen"><a href="datatypes.htm#date">date</a>|<a href="datatypes.htm#Age">Age</a></span> <span style="color: navy">How old the person was when the condition manifested</span><span style="color: Gray"> --&gt;</span>&lt;/onset[x]&gt;
   &lt;<a title="An area where general notes can be placed about this specific condition." class="dict" href="familyhistory-definitions.htm#FamilyHistory.relation.condition.note"><b>note</b></a> value=&quot;[<span style="color: darkgreen"><a href="datatypes.htm#string">string</a></span>]&quot;/&gt;<span style="color: Gray">&lt;!--</span> <span style="color: brown"><b>0..1</b></span> <span style="color: navy">General notes</span><span style="color: Gray"> --&gt;</span>
  &lt;/condition&gt;
 &lt;/relation&gt;
&lt;/FamilyHistory&gt;
</pre></div>
  </text>
  <name value="familyhistory"/>
  <author>
    <name value="todo (committee)"/>
  </author>
  <description value="Basic Profile. Significant health events and conditions for people related to the subject"/>
  <status>
    <code value="testing"/>
    <date value="2013-05-06"/>
  </status>
  <structure>
    <type value="FamilyHistory"/>
    <element>
      <path value="FamilyHistory"/>
      <definition>
        <short value="Family History"/>
        <formal value="Significant health events and conditions for people related to the subject"/>
        <min value="1"/>
        <max value="1"/>
        <type>
          <code value="Resource"/>
        </type>
        <mustUnderstand value="false"/>
      </definition>
    </element>
    <element>
      <path value="FamilyHistory.extension"/>
      <definition>
        <short value="Additional Content defined by implementations"/>
        <formal value="May be used to represent additional information that is not part of the basic definition of the resource. In order to make the use of extensions safe and manageable, there is a strict governance applied to the definition and use of extensions. Though any implementer is allowed to define an extension, there is a set of requirements that must be met as part of the definition of the extension"/>
        <comments value="there can be no stigma
associated with the use of extensions by any application, project, or standard - regardless of the institution or jurisdiction that uses or defines the extensions.  The use of extensions is what allows the FHIR specification to retain a core simplicity for everyone"/>
        <synonym value="extensions"/>
        <synonym value="user content"/>
        <min value="0"/>
        <max value="*"/>
        <type>
          <code value="Extension"/>
        </type>
      </definition>
    </element>
    <element>
      <path value="FamilyHistory.text"/>
      <definition>
        <short value="Text summary of the resource, for human interpretation"/>
        <formal value="A human readable narrative that contains a summary of the resource, and may be used to represent the content of the resource to a human. The narrative need not encode all the structured data, but is required to contain sufficient detail to make it &quot;clinically safe&quot; for a human to just read the narrative. Resource definitions may define what content should be represented in the narrative to ensure clinical safety"/>
        <comments value="Contained resources do not have narrative. Resources that are not contained SHOULD have a narrative"/>
        <synonym value="narrative"/>
        <synonym value="html"/>
        <synonym value="xhtml"/>
        <synonym value="display"/>
        <min value="0"/>
        <max value="1"/>
        <type>
          <code value="Narrative"/>
        </type>
      </definition>
    </element>
    <element>
      <path value="FamilyHistory.contained"/>
      <definition>
        <short value="Contained, inline Resources"/>
        <formal value="These resources do not have an independent existence apart from the resource that contains them - they cannot be identified independently, and nor can they have their own independent transaction scope"/>
        <comments value="This should never be done when the content can be identified properly, as once identification is lost, it is extremely difficult (and context dependent) to restore it again"/>
        <synonym value="inline resources"/>
        <synonym value="anonymous resources"/>
        <synonym value="contained resources"/>
        <min value="0"/>
        <max value="*"/>
        <type>
          <code value="Resource"/>
        </type>
      </definition>
    </element>
    <element>
      <path value="FamilyHistory.subject"/>
      <definition>
        <short value="Subject of this history"/>
        <formal value="The person who this history concerns"/>
        <min value="1"/>
        <max value="1"/>
        <type>
          <code value="Resource(Patient)"/>
        </type>
        <mustUnderstand value="false"/>
      </definition>
    </element>
    <element>
      <path value="FamilyHistory.relation"/>
      <definition>
        <short value="The relation"/>
        <formal value="The related person. Each FamilyHistory resource contains the entire family history for a single person."/>
        <min value="0"/>
        <max value="*"/>
        <mustUnderstand value="false"/>
      </definition>
    </element>
    <element>
      <path value="FamilyHistory.relation.relatedPerson"/>
      <definition>
        <short value="The family member who had the condition"/>
        <formal value="Depending on the capabilities of the system creating the resource, the related person may be an identifiable (on a FHIR system) person, a specific person who is not formally identified or an unidentified person (eg aunt, brother etc). Hence this property is optional. If a real person, then it could either be a reference to the resource that identifies that person, or a contained reference. Examples of both are given"/>
        <min value="0"/>
        <max value="1"/>
        <type>
          <code value="Resource(Patient)"/>
        </type>
        <mustUnderstand value="false"/>
      </definition>
    </element>
    <element>
      <path value="FamilyHistory.relation.relationship"/>
      <definition>
        <short value="Relationship to the subject"/>
        <formal value="The type of relationship this person has to the patient (father, mother, brother etc.) At the moment this is a code linking to a fixed set of values. I&#39;m not sure if there is an international standard for this. A fixed (possibly extensible) set of codes feels better than a codeable concept for somehting like this..."/>
        <min value="0"/>
        <max value="1"/>
        <type>
          <code value="code"/>
        </type>
        <mustUnderstand value="false"/>
        <binding value="FamilialRelationship"/>
      </definition>
    </element>
    <element>
      <path value="FamilyHistory.relation.deceased[x]"/>
      <definition>
        <short value="Is the person deceased"/>
        <formal value="If this resource is indicating that the related person is deceased, then the the date of death - or age at death - can be indicated here. If present, a receiving system must understand what the resource is indicating. If the reason for death is known, then it can be indicated in the &#39;fatal&#39; flag of the condition - in this case the deceased property should still be set."/>
        <min value="0"/>
        <max value="1"/>
        <type>
          <code value="date"/>
        </type>
        <type>
          <code value="Age"/>
        </type>
        <mustUnderstand value="true"/>
      </definition>
    </element>
    <element>
      <path value="FamilyHistory.relation.note"/>
      <definition>
        <short value="General note about the related person"/>
        <formal value="This property allows a non condition-specific note to the made about the related person. Ideally, the note would be in the condition property, but this is not always possible."/>
        <min value="0"/>
        <max value="1"/>
        <type>
          <code value="string"/>
        </type>
        <mustUnderstand value="false"/>
      </definition>
    </element>
    <element>
      <path value="FamilyHistory.relation.condition"/>
      <definition>
        <short value="The Condition that the related person had"/>
        <formal value="The significant problemss (or condition) that the family member had. This is a repeating section to allow a system to represent more than one condition per resource, though there is nothing stopping multiple resources - one per condition."/>
        <min value="0"/>
        <max value="*"/>
        <mustUnderstand value="false"/>
      </definition>
    </element>
    <element>
      <path value="FamilyHistory.relation.condition.type"/>
      <definition>
        <short value="The condition"/>
        <formal value="The actual condition specified. Could be a coded condition (like MI or Diabetes) or a less specific string like &#39;cancer&#39; depending on how much is known about the condition and the capabilities of the creating system"/>
        <min value="1"/>
        <max value="1"/>
        <type>
          <code value="CodeableConcept"/>
        </type>
        <mustUnderstand value="false"/>
      </definition>
    </element>
    <element>
      <path value="FamilyHistory.relation.condition.fatal"/>
      <definition>
        <short value="Did the person die of this condition"/>
        <formal value="Indicates that the person died of this condition. The date of death is indicated by the deceased property. If present, a receiving system must understand it."/>
        <min value="0"/>
        <max value="1"/>
        <type>
          <code value="boolean"/>
        </type>
        <mustUnderstand value="true"/>
      </definition>
    </element>
    <element>
      <path value="FamilyHistory.relation.condition.onset[x]"/>
      <definition>
        <short value="How old the person was when the condition manifested"/>
        <formal value="Either the age of onset or the date of onset can be recorded."/>
        <min value="0"/>
        <max value="1"/>
        <type>
          <code value="date"/>
        </type>
        <type>
          <code value="Age"/>
        </type>
        <mustUnderstand value="false"/>
      </definition>
    </element>
    <element>
      <path value="FamilyHistory.relation.condition.note"/>
      <definition>
        <short value="General notes"/>
        <formal value="An area where general notes can be placed about this specific condition."/>
        <min value="0"/>
        <max value="1"/>
        <type>
          <code value="string"/>
        </type>
        <mustUnderstand value="false"/>
      </definition>
    </element>
    <searchParam>
      <name value="_id"/>
      <type value="token"/>
      <repeats value="single"/>
      <documentation value="The logical resource id associated with the resource (must be supported by all servers)"/>
    </searchParam>
    <searchParam>
      <name value="subject"/>
      <type value="qtoken"/>
      <repeats value="single"/>
      <documentation value="The identity of a subject to list family history items for"/>
    </searchParam>
  </structure>
</Profile>