<?xml version="1.0" encoding="UTF-8"?>

<Profile xmlns="http://hl7.org/fhir">
  <text>
    <status value="generated"/><div xmlns="http://www.w3.org/1999/xhtml"><pre>
&lt;<a title="Manifest of a set of images produced in study. The set of images may include every image in the study, or it may be an incomplete sample, such as a list of key images" class="dict" href="imagingstudy-definitions.htm#ImagingStudy"><b>ImagingStudy</b></a> xmlns=&quot;http://hl7.org/fhir&quot;&gt;
 &lt;<a title="Date and Time the study took place" class="dict" href="imagingstudy-definitions.htm#ImagingStudy.dateTime"><b>dateTime</b></a> value=&quot;[<span style="color: darkgreen"><a href="datatypes.htm#dateTime">dateTime</a></span>]&quot;/&gt;<span style="color: Gray">&lt;!--</span> <span style="color: brown"><b>1..1</b></span> <span style="color: navy">Shortname</span><span style="color: Gray"> --&gt;</span>
 &lt;<a title="Who the images are of" class="dict" href="imagingstudy-definitions.htm#ImagingStudy.subject"><b>subject</b></a>&gt;<span style="color: Gray">&lt;!--</span> <span style="color: brown"><b>1..1</b></span> <span style="color: darkgreen"><a href="resources.htm#Resource">Resource</a>(<a href="patient.htm#Patient">Patient</a>)</span> <span style="color: navy">Who the images are of</span><span style="color: Gray"> --&gt;</span>&lt;/subject&gt;
 &lt;<a title="Formal identifier for the study" class="dict" href="imagingstudy-definitions.htm#ImagingStudy.uid"><b>uid</b></a> value=&quot;[<span style="color: darkgreen"><a href="datatypes.htm#oid">oid</a></span>]&quot;/&gt;<span style="color: Gray">&lt;!--</span> <span style="color: brown"><b>0..1</b></span> <span style="color: navy">Formal identifier for the study (0020,000D)</span><span style="color: Gray"> --&gt;</span>
 &lt;<a title="Other identifiers for the study" class="dict" href="imagingstudy-definitions.htm#ImagingStudy.identifier"><b>identifier</b></a>&gt;<span style="color: Gray">&lt;!--</span> <span style="color: brown"><b>0..*</b></span> <span style="color: darkgreen"><a href="datatypes.htm#Identifier">Identifier</a></span> <span style="color: navy">Other identifiers for the study (0020,0010)</span><span style="color: Gray"> --&gt;</span>&lt;/identifier&gt;
 &lt;<a title="The requesting/referring physician" class="dict" href="imagingstudy-definitions.htm#ImagingStudy.requester"><b>requester</b></a>&gt;<span style="color: Gray">&lt;!--</span> <span style="color: brown"><b>0..1</b></span> <span style="color: darkgreen"><a href="resources.htm#Resource">Resource</a>(<a href="practitioner.htm#Practitioner">Practitioner</a>)</span> <span style="color: navy">Requesting physician (0008,0090)</span><span style="color: Gray"> --&gt;</span>&lt;/requester&gt;
 &lt;<a title="Accession Number" class="dict" href="imagingstudy-definitions.htm#ImagingStudy.accessionNo"><b>accessionNo</b></a>&gt;<span style="color: Gray">&lt;!--</span> <span style="color: brown"><b>0..1</b></span> <span style="color: darkgreen"><a href="datatypes.htm#Identifier">Identifier</a></span> <span style="color: navy">Accession Number (0008,0050)</span><span style="color: Gray"> --&gt;</span>&lt;/accessionNo&gt;
 &lt;<a title="Diagnoses etc provided with request" class="dict" href="imagingstudy-definitions.htm#ImagingStudy.clinicalInformation"><b>clinicalInformation</b></a> value=&quot;[<span style="color: darkgreen"><a href="datatypes.htm#string">string</a></span>]&quot;/&gt;<span style="color: Gray">&lt;!--</span> <span style="color: brown"><b>0..1</b></span> <span style="color: navy">Diagnoses etc with request (0008,1080)</span><span style="color: Gray"> --&gt;</span>
 &lt;<a title="Type of procedure performed" class="dict" href="imagingstudy-definitions.htm#ImagingStudy.procedure"><b>procedure</b></a>&gt;<span style="color: Gray">&lt;!--</span> <span style="color: brown"><b>0..*</b></span> <span style="color: darkgreen"><a href="datatypes.htm#Coding">Coding</a></span> <span style="color: navy">Type of procedure performed (0008,1032)</span><span style="color: Gray"> --&gt;</span>&lt;/procedure&gt;
 &lt;<a title="Who read study and interpreted the images" class="dict" href="imagingstudy-definitions.htm#ImagingStudy.interpreter"><b>interpreter</b></a>&gt;<span style="color: Gray">&lt;!--</span> <span style="color: brown"><b>0..1</b></span> <span style="color: darkgreen"><a href="resources.htm#Resource">Resource</a>(<a href="practitioner.htm#Practitioner">Practitioner</a>)</span> <span style="color: navy">Who interpreted images (0008,1060)</span><span style="color: Gray"> --&gt;</span>&lt;/interpreter&gt;
 &lt;<a title="Institution-generated description or classification of the Study (component) performed" class="dict" href="imagingstudy-definitions.htm#ImagingStudy.description"><b>description</b></a> value=&quot;[<span style="color: darkgreen"><a href="datatypes.htm#string">string</a></span>]&quot;/&gt;<span style="color: Gray">&lt;!--</span> <span style="color: brown"><b>0..1</b></span> <span style="color: navy">Institution-generated description (0008,1030)</span><span style="color: Gray"> --&gt;</span>
 &lt;<a title="Each study has one or more series of image instances" class="dict" href="imagingstudy-definitions.htm#ImagingStudy.series"><b>series</b></a>&gt;  <span style="color: Gray">&lt;!-- <span style="color: brown"><b>0..*</b></span> Each study has one or more series of image instances --&gt;</span>
  &lt;<a title="The number of this series in the overall sequence" class="dict" href="imagingstudy-definitions.htm#ImagingStudy.series.number"><b>number</b></a> value=&quot;[<span style="color: darkgreen"><a href="datatypes.htm#integer">integer</a></span>]&quot;/&gt;<span style="color: Gray">&lt;!--</span> <span style="color: brown"><b>0..1</b></span> <span style="color: navy">Number of this series in overall sequence (0020,0011)</span><span style="color: Gray"> --&gt;</span>
  &lt;<a title="The modality of this sequence (this element must be understood)" class="dict" href="imagingstudy-definitions.htm#ImagingStudy.series.modality"><span style="text-decoration: underline"><b>modality</b></span></a> value=&quot;[<span style="color: darkgreen"><a href="datatypes.htm#code">code</a></span>]&quot;/&gt;<span style="color: Gray">&lt;!--</span> <span style="color: brown"><b>1..1</b></span> <span style="color: navy">The modality of this sequence (0008,0060)</span><span style="color: Gray"> --&gt;</span>
  &lt;<a title="When the series started" class="dict" href="imagingstudy-definitions.htm#ImagingStudy.series.datetime"><b>datetime</b></a> value=&quot;[<span style="color: darkgreen"><a href="datatypes.htm#dateTime">dateTime</a></span>]&quot;/&gt;<span style="color: Gray">&lt;!--</span> <span style="color: brown"><b>0..1</b></span> <span style="color: navy">When the series started</span><span style="color: Gray"> --&gt;</span>
  &lt;<a title="Formal identifier for this series" class="dict" href="imagingstudy-definitions.htm#ImagingStudy.series.uid"><b>uid</b></a> value=&quot;[<span style="color: darkgreen"><a href="datatypes.htm#oid">oid</a></span>]&quot;/&gt;<span style="color: Gray">&lt;!--</span> <span style="color: brown"><b>0..1</b></span> <span style="color: navy">Formal identifier for this series (0020,000E)</span><span style="color: Gray"> --&gt;</span>
  &lt;<a title="A description of the series" class="dict" href="imagingstudy-definitions.htm#ImagingStudy.series.description"><b>description</b></a> value=&quot;[<span style="color: darkgreen"><a href="datatypes.htm#string">string</a></span>]&quot;/&gt;<span style="color: Gray">&lt;!--</span> <span style="color: brown"><b>0..1</b></span> <span style="color: navy">A description of the series (0008,103E)</span><span style="color: Gray"> --&gt;</span>
  &lt;<a title="Body part examined" class="dict" href="imagingstudy-definitions.htm#ImagingStudy.series.bodySite"><b>bodySite</b></a>&gt;<span style="color: Gray">&lt;!--</span> <span style="color: brown"><b>0..1</b></span> <span style="color: darkgreen"><a href="datatypes.htm#Coding">Coding</a></span> <span style="color: navy">Body part examined (0018,0015)</span><span style="color: Gray"> --&gt;</span>&lt;/bodySite&gt;
  &lt;<a title="A single image taken from a patient" class="dict" href="imagingstudy-definitions.htm#ImagingStudy.series.image"><b>image</b></a>&gt;  <span style="color: Gray">&lt;!-- <span style="color: brown"><b>1..*</b></span> A single image taken from a patient --&gt;</span>
   &lt;<a title="The number of this image in the series" class="dict" href="imagingstudy-definitions.htm#ImagingStudy.series.image.number"><b>number</b></a> value=&quot;[<span style="color: darkgreen"><a href="datatypes.htm#integer">integer</a></span>]&quot;/&gt;<span style="color: Gray">&lt;!--</span> <span style="color: brown"><b>0..1</b></span> <span style="color: navy">The number of this image in the series (0020,0013)</span><span style="color: Gray"> --&gt;</span>
   &lt;<a title="When this image was taken" class="dict" href="imagingstudy-definitions.htm#ImagingStudy.series.image.dateTime"><b>dateTime</b></a> value=&quot;[<span style="color: darkgreen"><a href="datatypes.htm#dateTime">dateTime</a></span>]&quot;/&gt;<span style="color: Gray">&lt;!--</span> <span style="color: brown"><b>0..1</b></span> <span style="color: navy">When this image was taken</span><span style="color: Gray"> --&gt;</span>
   &lt;<a title="Formal identifier for this image" class="dict" href="imagingstudy-definitions.htm#ImagingStudy.series.image.uid"><b>uid</b></a> value=&quot;[<span style="color: darkgreen"><a href="datatypes.htm#oid">oid</a></span>]&quot;/&gt;<span style="color: Gray">&lt;!--</span> <span style="color: brown"><b>0..1</b></span> <span style="color: navy">Formal identifier for this image (0008,0018)</span><span style="color: Gray"> --&gt;</span>
   &lt;<a title="DICOM Image type" class="dict" href="imagingstudy-definitions.htm#ImagingStudy.series.image.dicomClass"><b>dicomClass</b></a> value=&quot;[<span style="color: darkgreen"><a href="datatypes.htm#oid">oid</a></span>]&quot;/&gt;<span style="color: Gray">&lt;!--</span> <span style="color: brown"><b>0..1</b></span> <span style="color: navy">DICOM Image type (0008,0016)</span><span style="color: Gray"> --&gt;</span>
   &lt;<a title="WADO url where image is available" class="dict" href="imagingstudy-definitions.htm#ImagingStudy.series.image.url"><b>url</b></a> value=&quot;[<span style="color: darkgreen"><a href="datatypes.htm#uri">uri</a></span>]&quot;/&gt;<span style="color: Gray">&lt;!--</span> <span style="color: brown"><b>0..1</b></span> <span style="color: navy">WADO service where image is available</span><span style="color: Gray"> --&gt;</span>
  &lt;/image&gt;
 &lt;/series&gt;
&lt;/ImagingStudy&gt;
</pre></div>
  </text>
  <name value="imagingstudy"/>
  <author>
    <name value="todo (committee)"/>
  </author>
  <description value="Basic Profile. Manifest of a set of images produced in study. The set of images may include every image in the study, or it may be an incomplete sample, such as a list of key images"/>
  <status>
    <code value="testing"/>
    <date value="2013-05-06"/>
  </status>
  <structure>
    <type value="ImagingStudy"/>
    <element>
      <path value="ImagingStudy"/>
      <definition>
        <short value="Manifest of a set of images produced in study"/>
        <formal value="Manifest of a set of images produced in study. The set of images may include every image in the study, or it may be an incomplete sample, such as a list of key images"/>
        <min value="1"/>
        <max value="1"/>
        <type>
          <code value="Resource"/>
        </type>
        <mustUnderstand value="false"/>
      </definition>
    </element>
    <element>
      <path value="ImagingStudy.extension"/>
      <definition>
        <short value="Additional Content defined by implementations"/>
        <formal value="May be used to represent additional information that is not part of the basic definition of the resource. In order to make the use of extensions safe and manageable, there is a strict governance applied to the definition and use of extensions. Though any implementer is allowed to define an extension, there is a set of requirements that must be met as part of the definition of the extension"/>
        <comments value="there can be no stigma
associated with the use of extensions by any application, project, or standard - regardless of the institution or jurisdiction that uses or defines the extensions.  The use of extensions is what allows the FHIR specification to retain a core simplicity for everyone"/>
        <synonym value="extensions"/>
        <synonym value="user content"/>
        <min value="0"/>
        <max value="*"/>
        <type>
          <code value="Extension"/>
        </type>
      </definition>
    </element>
    <element>
      <path value="ImagingStudy.text"/>
      <definition>
        <short value="Text summary of the resource, for human interpretation"/>
        <formal value="A human readable narrative that contains a summary of the resource, and may be used to represent the content of the resource to a human. The narrative need not encode all the structured data, but is required to contain sufficient detail to make it &quot;clinically safe&quot; for a human to just read the narrative. Resource definitions may define what content should be represented in the narrative to ensure clinical safety"/>
        <comments value="Contained resources do not have narrative. Resources that are not contained SHOULD have a narrative"/>
        <synonym value="narrative"/>
        <synonym value="html"/>
        <synonym value="xhtml"/>
        <synonym value="display"/>
        <min value="0"/>
        <max value="1"/>
        <type>
          <code value="Narrative"/>
        </type>
      </definition>
    </element>
    <element>
      <path value="ImagingStudy.contained"/>
      <definition>
        <short value="Contained, inline Resources"/>
        <formal value="These resources do not have an independent existence apart from the resource that contains them - they cannot be identified independently, and nor can they have their own independent transaction scope"/>
        <comments value="This should never be done when the content can be identified properly, as once identification is lost, it is extremely difficult (and context dependent) to restore it again"/>
        <synonym value="inline resources"/>
        <synonym value="anonymous resources"/>
        <synonym value="contained resources"/>
        <min value="0"/>
        <max value="*"/>
        <type>
          <code value="Resource"/>
        </type>
      </definition>
    </element>
    <element>
      <path value="ImagingStudy.dateTime"/>
      <definition>
        <short value="Shortname"/>
        <formal value="Date and Time the study took place"/>
        <min value="1"/>
        <max value="1"/>
        <type>
          <code value="dateTime"/>
        </type>
        <mustUnderstand value="false"/>
      </definition>
    </element>
    <element>
      <path value="ImagingStudy.subject"/>
      <definition>
        <short value="Who the images are of"/>
        <formal value="Who the images are of"/>
        <min value="1"/>
        <max value="1"/>
        <type>
          <code value="Resource(Patient)"/>
        </type>
        <mustUnderstand value="false"/>
      </definition>
    </element>
    <element>
      <path value="ImagingStudy.uid"/>
      <definition>
        <short value="Formal identifier for the study (0020,000D)"/>
        <formal value="Formal identifier for the study"/>
        <min value="0"/>
        <max value="1"/>
        <type>
          <code value="oid"/>
        </type>
        <mustUnderstand value="false"/>
      </definition>
    </element>
    <element>
      <path value="ImagingStudy.identifier"/>
      <definition>
        <short value="Other identifiers for the study (0020,0010)"/>
        <formal value="Other identifiers for the study"/>
        <min value="0"/>
        <max value="*"/>
        <type>
          <code value="Identifier"/>
        </type>
        <mustUnderstand value="false"/>
      </definition>
    </element>
    <element>
      <path value="ImagingStudy.requester"/>
      <definition>
        <short value="Requesting physician (0008,0090)"/>
        <formal value="The requesting/referring physician"/>
        <min value="0"/>
        <max value="1"/>
        <type>
          <code value="Resource(Practitioner)"/>
        </type>
        <mustUnderstand value="false"/>
      </definition>
    </element>
    <element>
      <path value="ImagingStudy.accessionNo"/>
      <definition>
        <short value="Accession Number (0008,0050)"/>
        <formal value="Accession Number"/>
        <min value="0"/>
        <max value="1"/>
        <type>
          <code value="Identifier"/>
        </type>
        <mustUnderstand value="false"/>
      </definition>
    </element>
    <element>
      <path value="ImagingStudy.clinicalInformation"/>
      <definition>
        <short value="Diagnoses etc with request (0008,1080)"/>
        <formal value="Diagnoses etc provided with request"/>
        <min value="0"/>
        <max value="1"/>
        <type>
          <code value="string"/>
        </type>
        <mustUnderstand value="false"/>
      </definition>
    </element>
    <element>
      <path value="ImagingStudy.procedure"/>
      <definition>
        <short value="Type of procedure performed (0008,1032)"/>
        <formal value="Type of procedure performed"/>
        <min value="0"/>
        <max value="*"/>
        <type>
          <code value="Coding"/>
        </type>
        <mustUnderstand value="false"/>
      </definition>
    </element>
    <element>
      <path value="ImagingStudy.interpreter"/>
      <definition>
        <short value="Who interpreted images (0008,1060)"/>
        <formal value="Who read study and interpreted the images"/>
        <comments value="or is this 4008,010C?"/>
        <min value="0"/>
        <max value="1"/>
        <type>
          <code value="Resource(Practitioner)"/>
        </type>
        <mustUnderstand value="false"/>
      </definition>
    </element>
    <element>
      <path value="ImagingStudy.description"/>
      <definition>
        <short value="Institution-generated description (0008,1030)"/>
        <formal value="Institution-generated description or classification of the Study (component) performed"/>
        <min value="0"/>
        <max value="1"/>
        <type>
          <code value="string"/>
        </type>
        <mustUnderstand value="false"/>
      </definition>
    </element>
    <element>
      <path value="ImagingStudy.series"/>
      <definition>
        <short value="Each study has one or more series of image instances"/>
        <formal value="Each study has one or more series of image instances"/>
        <min value="0"/>
        <max value="*"/>
        <mustUnderstand value="false"/>
      </definition>
    </element>
    <element>
      <path value="ImagingStudy.series.number"/>
      <definition>
        <short value="Number of this series in overall sequence (0020,0011)"/>
        <formal value="The number of this series in the overall sequence"/>
        <min value="0"/>
        <max value="1"/>
        <type>
          <code value="integer"/>
        </type>
        <mustUnderstand value="false"/>
      </definition>
    </element>
    <element>
      <path value="ImagingStudy.series.modality"/>
      <definition>
        <short value="The modality of this sequence (0008,0060)"/>
        <formal value="The modality of this sequence"/>
        <min value="1"/>
        <max value="1"/>
        <type>
          <code value="code"/>
        </type>
        <mustUnderstand value="true"/>
        <binding value="ImageModality"/>
      </definition>
    </element>
    <element>
      <path value="ImagingStudy.series.datetime"/>
      <definition>
        <short value="When the series started"/>
        <formal value="When the series started"/>
        <min value="0"/>
        <max value="1"/>
        <type>
          <code value="dateTime"/>
        </type>
        <mustUnderstand value="false"/>
      </definition>
    </element>
    <element>
      <path value="ImagingStudy.series.uid"/>
      <definition>
        <short value="Formal identifier for this series (0020,000E)"/>
        <formal value="Formal identifier for this series"/>
        <min value="0"/>
        <max value="1"/>
        <type>
          <code value="oid"/>
        </type>
        <mustUnderstand value="false"/>
      </definition>
    </element>
    <element>
      <path value="ImagingStudy.series.description"/>
      <definition>
        <short value="A description of the series (0008,103E)"/>
        <formal value="A description of the series"/>
        <min value="0"/>
        <max value="1"/>
        <type>
          <code value="string"/>
        </type>
        <mustUnderstand value="false"/>
      </definition>
    </element>
    <element>
      <path value="ImagingStudy.series.bodySite"/>
      <definition>
        <short value="Body part examined (0018,0015)"/>
        <formal value="Body part examined"/>
        <min value="0"/>
        <max value="1"/>
        <type>
          <code value="Coding"/>
        </type>
        <mustUnderstand value="false"/>
        <binding value="ObservationBodySite"/>
      </definition>
    </element>
    <element>
      <path value="ImagingStudy.series.image"/>
      <definition>
        <short value="A single image taken from a patient"/>
        <formal value="A single image taken from a patient"/>
        <min value="1"/>
        <max value="*"/>
        <mustUnderstand value="false"/>
      </definition>
    </element>
    <element>
      <path value="ImagingStudy.series.image.number"/>
      <definition>
        <short value="The number of this image in the series (0020,0013)"/>
        <formal value="The number of this image in the series"/>
        <min value="0"/>
        <max value="1"/>
        <type>
          <code value="integer"/>
        </type>
        <mustUnderstand value="false"/>
      </definition>
    </element>
    <element>
      <path value="ImagingStudy.series.image.dateTime"/>
      <definition>
        <short value="When this image was taken"/>
        <formal value="When this image was taken"/>
        <min value="0"/>
        <max value="1"/>
        <type>
          <code value="dateTime"/>
        </type>
        <mustUnderstand value="false"/>
      </definition>
    </element>
    <element>
      <path value="ImagingStudy.series.image.uid"/>
      <definition>
        <short value="Formal identifier for this image (0008,0018)"/>
        <formal value="Formal identifier for this image"/>
        <min value="0"/>
        <max value="1"/>
        <type>
          <code value="oid"/>
        </type>
        <mustUnderstand value="false"/>
      </definition>
    </element>
    <element>
      <path value="ImagingStudy.series.image.dicomClass"/>
      <definition>
        <short value="DICOM Image type (0008,0016)"/>
        <formal value="DICOM Image type"/>
        <min value="0"/>
        <max value="1"/>
        <type>
          <code value="oid"/>
        </type>
        <mustUnderstand value="false"/>
      </definition>
    </element>
    <element>
      <path value="ImagingStudy.series.image.url"/>
      <definition>
        <short value="WADO service where image is available"/>
        <formal value="WADO url where image is available"/>
        <min value="0"/>
        <max value="1"/>
        <type>
          <code value="uri"/>
        </type>
        <mustUnderstand value="false"/>
      </definition>
    </element>
    <searchParam>
      <name value="uid"/>
      <type value="token"/>
      <repeats value="union"/>
      <documentation value="Formal identifier for this image (0008,0018)"/>
    </searchParam>
    <searchParam>
      <name value="series"/>
      <type value="token"/>
      <repeats value="union"/>
      <documentation value="the series id for the image"/>
    </searchParam>
    <searchParam>
      <name value="_id"/>
      <type value="token"/>
      <repeats value="single"/>
      <documentation value="The logical resource id associated with the resource (must be supported by all servers)"/>
    </searchParam>
    <searchParam>
      <name value="bodysite"/>
      <type value="qtoken"/>
      <repeats value="union"/>
      <documentation value="Body part examined (0018,0015)"/>
    </searchParam>
    <searchParam>
      <name value="dicomClass"/>
      <type value="token"/>
      <repeats value="union"/>
      <documentation value="DICOM Image type (0008,0016)"/>
    </searchParam>
    <searchParam>
      <name value="subject"/>
      <type value="qtoken"/>
      <repeats value="union"/>
      <documentation value="Who the study is about"/>
    </searchParam>
    <searchParam>
      <name value="accession"/>
      <type value="token"/>
      <repeats value="union"/>
      <documentation value="the accession id for the image"/>
    </searchParam>
    <searchParam>
      <name value="study"/>
      <type value="token"/>
      <repeats value="union"/>
      <documentation value="the study id for the image"/>
    </searchParam>
    <searchParam>
      <name value="modality"/>
      <type value="token"/>
      <repeats value="union"/>
      <documentation value="the modality of the image"/>
    </searchParam>
    <searchParam>
      <name value="date"/>
      <type value="date"/>
      <repeats value="union"/>
      <documentation value="the date the study was done was taken"/>
    </searchParam>
    <searchParam>
      <name value="size"/>
      <type value="integer"/>
      <repeats value="intersection"/>
      <documentation value="the size of the image in MB - may include &gt; or &lt; in the value"/>
    </searchParam>
  </structure>
</Profile>