<?xml version="1.0" encoding="UTF-8"?>

<Profile xmlns="http://hl7.org/fhir">
  <text>
    <status value="generated"/><div xmlns="http://www.w3.org/1999/xhtml"><pre>
<span style=" color: Gray">&lt;!-- <span style="color: Darkviolet">Extensions</span> --&gt;</span>
&lt;<span title="A set of codes each of which specifies a certain subcategory of the name part in addition to the main name part type"><b>extension</b></span>&gt;<a name="name-qualifier"> </a>&lt;!--  <span style="color: brown"><b>0..*</b></span> <span style="color: navy">AD | SP | BR | CL | IN | LS | MID | PFX | SFX</span> --&gt;
 &lt;<b>url</b> value=&quot;http://hl7connect.healthintersections.com.au/svc/fhir/profile/@iso-21090#name-qualifier&quot;/&gt;
 &lt;<b>valueCode</b>&gt;<span style=" color: Gray">&lt;!-- </span><span style="color: navy">AD | SP | BR | CL | IN | LS | MID | PFX | SFX</span><span style=" color: Gray"> --&gt;</span>&lt;/valueCode&gt;
&lt;/extension&gt;

</pre></div>
  </text>
  <name value="ISO 21090 Data Type Extensions"/>
  <author>
    <name value="HL7"/>
    <telecom>
      <system value="url"/>
      <value value="http://www.hl7.org"/>
    </telecom>
  </author>
  <description value="Extra ISO 21090 features not included in data types because of core design policy"/>
  <status>
    <code value="draft"/>
    <date value="2012-06-24"/>
  </status>
  <extensionDefn>
    <id value="name-qualifier"/>
    <contextType value="datatype"/>
    <context value="HumanName.part"/>
    <definition>
      <short value="AD | SP | BR | CL | IN | LS | MID | PFX | SFX"/>
      <formal value="A set of codes each of which specifies a certain subcategory of the name part in addition to the main name part type"/>
      <comments value="Used to indicate additional information about the name part and how it should be used"/>
      <min value="0"/>
      <max value="*"/>
      <type>
        <code value="code"/>
      </type>
      <mustSupport value="false"/>
      <mustUnderstand value="false"/>
      <binding value="EntityNamePartQualifier"/>
      <mapping>
        <target value="ENXP.qualifier"/>
        <map value="RIM"/>
      </mapping>
    </definition>
  </extensionDefn>
  <binding>
    <name value="EntityNamePartQualifier"/>
    <definition value="A set of codes each of which specifies a certain subcategory of the name part in addition to the main name part type"/>
    <type value="codelist"/>
    <conformance value="required"/>
    <referenceUri value="#name-part-qualifier"/>
    <concept>
      <code value="LS"/>
      <system value="oid:2.16.840.1.113883.5.1122"/>
      <display value="Legal status"/>
      <definition value="For organizations a suffix indicating the legal status, e.g., Inc., &quot;Co.&quot;, &quot;AG&quot;, &quot;GmbH&quot;, &quot;B.V.&quot; &quot;S.A.&quot;, &quot;Ltd.&quot; Etc."/>
    </concept>
    <concept>
      <code value="AC"/>
      <system value="oid:2.16.840.1.113883.5.1122"/>
      <display value="Academic"/>
      <definition value="Indicates that a prefix like &quot;Dr.&quot; or a suffix like &quot;M.D.&quot; or &quot;Ph.D.&quot; is an academic title."/>
    </concept>
    <concept>
      <code value="NB"/>
      <system value="oid:2.16.840.1.113883.5.1122"/>
      <display value="Nobility"/>
      <definition value="In Europe and Asia, there are still people with nobility titles (aristocrats). German &quot;von&quot; is generally a nobility title, not a mere voorvoegsel. Others are &quot;Earl of&quot; or &quot;His Majesty King of...&quot; etc. Rarely used nowadays, but some systems do keep 
track of this."/>
    </concept>
    <concept>
      <code value="PR"/>
      <system value="oid:2.16.840.1.113883.5.1122"/>
      <display value="Professional"/>
      <definition value="Primarily in the British Imperial culture people tend to have an abbreviation of their professional organization as part of their credential suffices"/>
    </concept>
    <concept>
      <code value="HON"/>
      <system value="oid:2.16.840.1.113883.5.1122"/>
      <display value="Honorific"/>
      <definition value="An honorific such as &quot;The Right Honourable&quot; or &quot;Weledelgeleerde Heer&quot;."/>
    </concept>
    <concept>
      <code value="BR"/>
      <system value="oid:2.16.840.1.113883.5.1122"/>
      <display value="Birth"/>
      <definition value="A name that a person was given at birth or established as a consequence of adoption. NOTE: This is not used for temporary names assigned at birth such as &#39;Baby of Smith&#39; – which is just a name with a use code of TEMP"/>
    </concept>
    <concept>
      <code value="AD"/>
      <system value="oid:2.16.840.1.113883.5.1122"/>
      <display value="Acquired"/>
      <definition value="A name part a person acquired. The name part may be acquired by adoption, or the person may have chosen to use the name part for some other reason. NOTE  This differs from an other/psuedonym/alias in that an acquired name part is acquired on a formal basis rather than an informal one (e.g. registered as part of the official name)"/>
    </concept>
    <concept>
      <code value="SP"/>
      <system value="oid:2.16.840.1.113883.5.1122"/>
      <display value="Spouse"/>
      <definition value="The name assumed from the partner in a marital relationship. Usually the spouse‘s family name. No inference about gender may be made from the existence of spouse names"/>
    </concept>
    <concept>
      <code value="MID"/>
      <system value="oid:2.16.840.1.113883.5.1122"/>
      <display value="Middle Name"/>
      <definition value="Indicates that the name part is a middle name. In general, the  English  &quot;middle name&quot;  concept is all of the given names after the first. This qualifier may be used to explicitly indicate which given names are considered to be middle names. The middle name qualifier may also be used with family names. This is a Scandinavian use case, matching the concept of &quot;mellomnavn&quot;/&quot;mellannamn&quot;. There are specific rules that indicate what names may be taken as a mellannamnin different Scandinavian countries"/>
    </concept>
    <concept>
      <code value="CL"/>
      <system value="oid:2.16.840.1.113883.5.1122"/>
      <display value="Call me"/>
      <definition value="Callme is used to indicate which of the various name parts is used when interacting with the person"/>
    </concept>
    <concept>
      <code value="IN"/>
      <system value="oid:2.16.840.1.113883.5.1122"/>
      <display value="Initial"/>
      <definition value="Indicates that a name part is just an initial. Initials do not imply a trailing period since this would not work with non-Latin scripts. Initials may consist of more than one letter, e.g., &quot;Ph.&quot; could stand for &quot;Philippe&quot; or &quot;Th.&quot; for &quot;Thomas&quot;"/>
    </concept>
  </binding>
</Profile>