<?xml version="1.0" encoding="UTF-8"?><IssueReport xmlns="http://hl7.org/fhir">
  <text>
    <status value="additional"/>
    <div xmlns="http://www.w3.org/1999/xhtml">
      <p>W is not a recognized code for Gender.</p>
    </div>
  </text>
  <issue>
    <severity value="error"/>
    <type>
      <coding>
        <system value="http://test.org/issueCodeSystem"/>
        <code value="V15"/>
        <display value="InvalidCode"/>
      </coding>
    </type>
    <location value="/Person[1]/gender[1]"/>
  </issue>
</IssueReport>