{"MedicationDispense":{"text":{"status":{"value":"generated"},"div":"<div>\n      <p>Penicillin VK 10ml suspension<\/p>\n      <p>dispensed 16:20 on 30 May 2012<\/p>\n      <p>by Dr Carfeful<\/p>\n      <p>picked up at 10:20 on 31 May 2012<\/p>\n      <p>on the authority of prescription ref: example<\/p>\n      <p>to patient ref: a23<\/p>\n    <\/div>"},"patient":{"type":{"value":"Patient"},"url":{"value":"../patient/@example"}},"dispenser":{"type":{"value":"Practitioner"},"url":{"value":"../practitioner/@example"}},"authorizingPrescription":[{"type":{"value":"MedicationPrescription"},"url":{"value":"../medicationprescription/@example"}}],"dispense":[{"status":{"coding":[{"system":{"value":"./MedDispStatus"},"code":{"value":"completed"},"display":{"value":"The dispensing of the medication has finished"}}]},"quantity":{"value":{"value":"10"},"units":{"value":"ml"},"system":{"value":"http://unitsofmeasure.org"},"code":{"value":"ml"}},"medication":{"type":{"value":"Medication"},"url":{"value":"../medication/@example"}},"whenPrepared":{"start":{"value":"2012-05-30T16:20:00"},"end":{"value":"2012-05-30T16:20:00"}},"whenHandedOver":{"start":{"value":"2012-05-31T10:20:00"},"end":{"value":"2012-05-31T10:20:00"}}}],"substitution":{"type":{"coding":[{"system":{"value":"./MedDispSubType"},"code":{"value":"NoSub"},"display":{"value":"No substitution made or expected"}}]}}}}