<?xml version="1.0" encoding="UTF-8"?><MedicationStatement xmlns="http://hl7.org/fhir">
  <text>
    <status value="generated"/>
    <div xmlns="http://www.w3.org/1999/xhtml">
      <p>Penicillin VK 10ml suspension administered by oral route at 14:30 on 1 June 2012</p>
      <p>to patient ref: a23</p>
    </div>
  </text> 
  <!--    -->
  <patient>
    <type value="Patient"/>
    <url value="../patient/@example"/>
  </patient>
  <whenGiven>
    <start value="2012-06-01T14:30:00"/>
    <end value="2012-06-01T14:30:00"/>
  </whenGiven>
  <medication>
    <type value="Medication"/>
    <url value="../medication/@example"/> 
  </medication>
  <dosage>
    <route>
      <coding>
        <system value="http://snomed.info"/>
        <code value="363743006"/>
        <display value="oral administration of treatment"/>
      </coding>  
    </route>
    <quantity>
      <value value="10"/>
      <units value="ml"/>
      <system value="http://unitsofmeasure.org"/>
      <code value="ml"/>
    </quantity>
  </dosage>
</MedicationStatement>