<?xml version="1.0" encoding="UTF-8"?>

<Profile xmlns="http://hl7.org/fhir">
  <text>
    <status value="generated"/><div xmlns="http://www.w3.org/1999/xhtml"><pre>
&lt;<a title="Dispensing a medication to a named patient.  This includes a description of the supply provided and the instructions for administering the medication." class="dict" href="medicationdispense-definitions.htm#MedicationDispense"><b>MedicationDispense</b></a> xmlns=&quot;http://hl7.org/fhir&quot;&gt;
 &lt;<a title="Identifier assigned by the dispensing facility - this is an identifier assigned outside FHIR." class="dict" href="medicationdispense-definitions.htm#MedicationDispense.id"><b>id</b></a>&gt;<span style="color: Gray">&lt;!--</span> <span style="color: brown"><b>0..1</b></span> <span style="color: darkgreen"><a href="datatypes.htm#Identifier">Identifier</a></span> <span style="color: navy">Human readable identifier</span><span style="color: Gray"> --&gt;</span>&lt;/id&gt;
 &lt;<a title="A code specifying the state of the set of dispense events." class="dict" href="medicationdispense-definitions.htm#MedicationDispense.status"><b>status</b></a>&gt;<span style="color: Gray">&lt;!--</span> <span style="color: brown"><b>0..1</b></span> <span style="color: darkgreen"><a href="datatypes.htm#CodeableConcept">CodeableConcept</a></span> <span style="color: navy">Active/Completed/Aborted</span><span style="color: Gray"> --&gt;</span>&lt;/status&gt;
 &lt;<a title="A link to a resource representing the person to whom the medication will be given." class="dict" href="medicationdispense-definitions.htm#MedicationDispense.patient"><b>patient</b></a>&gt;<span style="color: Gray">&lt;!--</span> <span style="color: brown"><b>1..1</b></span> <span style="color: darkgreen"><a href="resources.htm#Resource">Resource</a>(<a href="patient.htm#Patient">Patient</a>)</span> <span style="color: navy">Patient</span><span style="color: Gray"> --&gt;</span>&lt;/patient&gt;
 &lt;<a title="The individual reponsible for dispensing the medication" class="dict" href="medicationdispense-definitions.htm#MedicationDispense.dispenser"><b>dispenser</b></a>&gt;<span style="color: Gray">&lt;!--</span> <span style="color: brown"><b>1..1</b></span> <span style="color: darkgreen"><a href="resources.htm#Resource">Resource</a>(<a href="practitioner.htm#Practitioner">Practitioner</a>)</span> <span style="color: navy">Dispenser</span><span style="color: Gray"> --&gt;</span>&lt;/dispenser&gt;
 &lt;<a title="A link to a resource that identifies the particular occurrence of contact between patient and health care provider." class="dict" href="medicationdispense-definitions.htm#MedicationDispense.visit"><b>visit</b></a>&gt;<span style="color: Gray">&lt;!--</span> <span style="color: brown"><b>0..1</b></span> <span style="color: darkgreen"><a href="resources.htm#Resource">Resource</a>(<a href="visit.htm#Visit">Visit</a>)</span> <span style="color: navy">Encounter / Admission</span><span style="color: Gray"> --&gt;</span>&lt;/visit&gt;
 &lt;<a title="Indicates the medication order that is being dispensed against." class="dict" href="medicationdispense-definitions.htm#MedicationDispense.authorizingPrescription"><b>authorizingPrescription</b></a>&gt;<span style="color: Gray">&lt;!--</span> <span style="color: brown"><b>0..*</b></span> <span style="color: darkgreen"><a href="resources.htm#Resource">Resource</a>(<a href="medicationprescription.htm#MedicationPrescription">MedicationPrescription</a>)</span> <span style="color: navy">Medication order that authorises the dispense</span><span style="color: Gray"> --&gt;</span>&lt;/authorizingPrescription&gt;
 &lt;<a title="Indicates the details of the dispense event such as the days supply and quantity of medication dispensed." class="dict" href="medicationdispense-definitions.htm#MedicationDispense.dispense"><b>dispense</b></a>&gt;  <span style="color: Gray">&lt;!-- <span style="color: brown"><b>0..*</b></span> Medicine supply details --&gt;</span>
  &lt;<a title="Identifier assigned by the dispensing facility.   This is an identifier assigned outside FHIR." class="dict" href="medicationdispense-definitions.htm#MedicationDispense.dispense.id"><b>id</b></a>&gt;<span style="color: Gray">&lt;!--</span> <span style="color: brown"><b>0..1</b></span> <span style="color: darkgreen"><a href="datatypes.htm#Identifier">Identifier</a></span> <span style="color: navy">Human readable identifier</span><span style="color: Gray"> --&gt;</span>&lt;/id&gt;
  &lt;<a title="A code specifying the state of the dispense event." class="dict" href="medicationdispense-definitions.htm#MedicationDispense.dispense.status"><b>status</b></a>&gt;<span style="color: Gray">&lt;!--</span> <span style="color: brown"><b>0..1</b></span> <span style="color: darkgreen"><a href="datatypes.htm#CodeableConcept">CodeableConcept</a></span> <span style="color: navy">Active/Completed/Aborted</span><span style="color: Gray"> --&gt;</span>&lt;/status&gt;
  &lt;<a title="Indicates the type of dispensing event that is performed. Examples include: Trial Fill, Completion of Trial, Partial Fill, Emergency Fill, Samples, etc." class="dict" href="medicationdispense-definitions.htm#MedicationDispense.dispense.type"><b>type</b></a>&gt;<span style="color: Gray">&lt;!--</span> <span style="color: brown"><b>0..1</b></span> <span style="color: darkgreen"><a href="datatypes.htm#CodeableConcept">CodeableConcept</a></span> <span style="color: navy">Type of dispense</span><span style="color: Gray"> --&gt;</span>&lt;/type&gt;
  &lt;<a title="The amount of medication that has been dispensed. Includes unit of measure." class="dict" href="medicationdispense-definitions.htm#MedicationDispense.dispense.quantity"><b>quantity</b></a>&gt;<span style="color: Gray">&lt;!--</span> <span style="color: brown"><b>1..1</b></span> <span style="color: darkgreen"><a href="datatypes.htm#Quantity">Quantity</a></span> <span style="color: navy">Amount dispensed</span><span style="color: Gray"> --&gt;</span>&lt;/quantity&gt;
  &lt;<a title="Identifies the medication being administered. This is either a link to a resource representing the details of the medication or a simple attribute carrying a code that identifies the medication from a known list of medications." class="dict" href="medicationdispense-definitions.htm#MedicationDispense.dispense.medication"><b>medication</b></a>&gt;<span style="color: Gray">&lt;!--</span> <span style="color: brown"><b>0..1</b></span> <span style="color: darkgreen"><a href="resources.htm#Resource">Resource</a>(<a href="medication.htm#Medication">Medication</a>)</span> <span style="color: navy">Medication</span><span style="color: Gray"> --&gt;</span>&lt;/medication&gt;
  &lt;<a title="The time the dispense event occurred." class="dict" href="medicationdispense-definitions.htm#MedicationDispense.dispense.whenPrepared"><b>whenPrepared</b></a>&gt;<span style="color: Gray">&lt;!--</span> <span style="color: brown"><b>0..1</b></span> <span style="color: darkgreen"><a href="datatypes.htm#Period">Period</a></span> <span style="color: navy">Dispensing time</span><span style="color: Gray"> --&gt;</span>&lt;/whenPrepared&gt;
  &lt;<a title="The time the dispense event occurred." class="dict" href="medicationdispense-definitions.htm#MedicationDispense.dispense.whenHandedOver"><b>whenHandedOver</b></a>&gt;<span style="color: Gray">&lt;!--</span> <span style="color: brown"><b>0..1</b></span> <span style="color: darkgreen"><a href="datatypes.htm#Period">Period</a></span> <span style="color: navy">Handover time</span><span style="color: Gray"> --&gt;</span>&lt;/whenHandedOver&gt;
  &lt;<a title="Identification of the facility/location where the medication was shipped to, as part of the dispense event." class="dict" href="medicationdispense-definitions.htm#MedicationDispense.dispense.destination"><b>destination</b></a>&gt;<span style="color: Gray">&lt;!--</span> <span style="color: brown"><b>0..1</b></span> <span style="color: darkgreen"><a href="resources.htm#Resource">Resource</a>(<a href="location.htm#Location">Location</a>)</span> <span style="color: navy">Where the medication was sent</span><span style="color: Gray"> --&gt;</span>&lt;/destination&gt;
  &lt;<a title="Identifies the person who picked up the medication." class="dict" href="medicationdispense-definitions.htm#MedicationDispense.dispense.receiver"><b>receiver</b></a>&gt;<span style="color: Gray">&lt;!--</span> <span style="color: brown"><b>0..*</b></span> <span style="color: darkgreen"><a href="resources.htm#Resource">Resource</a>(<a href="practitioner.htm#Practitioner">Practitioner</a>)</span> <span style="color: navy">Who collected the medication</span><span style="color: Gray"> --&gt;</span>&lt;/receiver&gt;
  &lt;<a title="Indicates how the medication is to be used by the patient" class="dict" href="medicationdispense-definitions.htm#MedicationDispense.dispense.dosage"><b>dosage</b></a>&gt;  <span style="color: Gray">&lt;!-- <span style="color: brown"><b>0..*</b></span> Medicine administration instructions to the patient/carer --&gt;</span>
   &lt;<a title="The timing schedule for giving the medication to the patient.  The Schedule data type allows many different expressions, for example.  &quot;Every  8 hours&quot;; &quot;Three times a day&quot;; &quot;1/2 an hour before breakfast for 10 days from 23-Dec 2011:&quot;;  &quot;15 Oct 2013, 17 Oct 2013 and 1 Nov 2013&quot;" class="dict" href="medicationdispense-definitions.htm#MedicationDispense.dispense.dosage.timing"><b>timing</b></a>&gt;<span style="color: Gray">&lt;!--</span> <span style="color: brown"><b>0..1</b></span> <span style="color: darkgreen"><a href="datatypes.htm#Schedule">Schedule</a></span> <span style="color: navy">Medication timing</span><span style="color: Gray"> --&gt;</span>&lt;/timing&gt;
   &lt;<a title="A coded specification of the anatomic site where the medication first enters the body" class="dict" href="medicationdispense-definitions.htm#MedicationDispense.dispense.dosage.site"><b>site</b></a>&gt;<span style="color: Gray">&lt;!--</span> <span style="color: brown"><b>0..1</b></span> <span style="color: darkgreen"><a href="datatypes.htm#CodeableConcept">CodeableConcept</a></span> <span style="color: navy">Entry site</span><span style="color: Gray"> --&gt;</span>&lt;/site&gt;
   &lt;<a title="A code specifying the route or physiological path of administration of a therapeutic agent into or onto a subject." class="dict" href="medicationdispense-definitions.htm#MedicationDispense.dispense.dosage.route"><b>route</b></a>&gt;<span style="color: Gray">&lt;!--</span> <span style="color: brown"><b>0..1</b></span> <span style="color: darkgreen"><a href="datatypes.htm#CodeableConcept">CodeableConcept</a></span> <span style="color: navy">Rout of administration</span><span style="color: Gray"> --&gt;</span>&lt;/route&gt;
   &lt;<a title="A coded value indicating the method by which the medication is introduced into or onto the body. Most commonly used for injections.  Examples:  Slow Push; Deep IV.

Terminologies used often pre-coordinate this term with the route and or form of administration." class="dict" href="medicationdispense-definitions.htm#MedicationDispense.dispense.dosage.method"><b>method</b></a>&gt;<span style="color: Gray">&lt;!--</span> <span style="color: brown"><b>0..1</b></span> <span style="color: darkgreen"><a href="datatypes.htm#CodeableConcept">CodeableConcept</a></span> <span style="color: navy">Administration method</span><span style="color: Gray"> --&gt;</span>&lt;/method&gt;
   &lt;<a title="The amount of the therapeutic or other substance given at one administration event." class="dict" href="medicationdispense-definitions.htm#MedicationDispense.dispense.dosage.quantity"><b>quantity</b></a>&gt;<span style="color: Gray">&lt;!--</span> <span style="color: brown"><b>0..1</b></span> <span style="color: darkgreen"><a href="datatypes.htm#Quantity">Quantity</a></span> <span style="color: navy">Dose quantity per dose</span><span style="color: Gray"> --&gt;</span>&lt;/quantity&gt;
   &lt;<a title="Identifies the speed with which the substance is introduced into the subject. Typically the rate for an infusion. 200ml in 2 hours." class="dict" href="medicationdispense-definitions.htm#MedicationDispense.dispense.dosage.rate"><b>rate</b></a>&gt;<span style="color: Gray">&lt;!--</span> <span style="color: brown"><b>0..1</b></span> <span style="color: darkgreen"><a href="datatypes.htm#Ratio">Ratio</a></span> <span style="color: navy">Dose quantity per unit of time</span><span style="color: Gray"> --&gt;</span>&lt;/rate&gt;
   &lt;<a title="The maximum total quantity of a therapeutic substance that my be administered to a subject over the period of time. E.g. 1000mg in 24 hours." class="dict" href="medicationdispense-definitions.htm#MedicationDispense.dispense.dosage.maxDosePerPeriod"><b>maxDosePerPeriod</b></a>&gt;<span style="color: Gray">&lt;!--</span> <span style="color: brown"><b>0..1</b></span> <span style="color: darkgreen"><a href="datatypes.htm#Ratio">Ratio</a></span> <span style="color: navy">Total dose that should be consumed per unit of time</span><span style="color: Gray"> --&gt;</span>&lt;/maxDosePerPeriod&gt;
  &lt;/dosage&gt;
 &lt;/dispense&gt;
 &lt;<a title="Indicates whether or not substitution was made as part of the dispense.  In some cases substitution will be expected but doesn&#39;t happen, in other cases substitution is not expected but does happen.  This block explains what substitition did or did not happen and why." class="dict" href="medicationdispense-definitions.htm#MedicationDispense.substitution"><b>substitution</b></a>&gt;  <span style="color: Gray">&lt;!-- <span style="color: brown"><b>0..1</b></span> Deals with substitution of one medicine for another --&gt;</span>
  &lt;<a title="A code signifying whether a different drug was dispensed from what was prescribed." class="dict" href="medicationdispense-definitions.htm#MedicationDispense.substitution.type"><b>type</b></a>&gt;<span style="color: Gray">&lt;!--</span> <span style="color: brown"><b>1..1</b></span> <span style="color: darkgreen"><a href="datatypes.htm#CodeableConcept">CodeableConcept</a></span> <span style="color: navy">Type of substitiution</span><span style="color: Gray"> --&gt;</span>&lt;/type&gt;
  &lt;<a title="Indicates the reason for the substitution of (or lack of substitution) from what was prescribed." class="dict" href="medicationdispense-definitions.htm#MedicationDispense.substitution.reason"><b>reason</b></a>&gt;<span style="color: Gray">&lt;!--</span> <span style="color: brown"><b>0..*</b></span> <span style="color: darkgreen"><a href="datatypes.htm#CodeableConcept">CodeableConcept</a></span> <span style="color: navy">Why was substitution made</span><span style="color: Gray"> --&gt;</span>&lt;/reason&gt;
  &lt;<a title="The person or organization that has primary responsibility for the substitution" class="dict" href="medicationdispense-definitions.htm#MedicationDispense.substitution.responsibleParty"><b>responsibleParty</b></a>&gt;<span style="color: Gray">&lt;!--</span> <span style="color: brown"><b>0..*</b></span> <span style="color: darkgreen"><a href="resources.htm#Resource">Resource</a>(<a href="practitioner.htm#Practitioner">Practitioner</a>)</span> <span style="color: navy">Who is responsible for the substitution</span><span style="color: Gray"> --&gt;</span>&lt;/responsibleParty&gt;
 &lt;/substitution&gt;
&lt;/MedicationDispense&gt;
</pre></div>
  </text>
  <name value="medicationdispense"/>
  <author>
    <name value="todo (committee)"/>
  </author>
  <description value="Basic Profile. Dispensing a medication to a named patient.  This includes a description of the supply provided and the instructions for administering the medication."/>
  <status>
    <code value="testing"/>
    <date value="2013-05-06"/>
  </status>
  <structure>
    <type value="MedicationDispense"/>
    <element>
      <path value="MedicationDispense"/>
      <definition>
        <short value="Dispensing a medication to a named patient"/>
        <formal value="Dispensing a medication to a named patient.  This includes a description of the supply provided and the instructions for administering the medication."/>
        <min value="1"/>
        <max value="1"/>
        <type>
          <code value="Resource"/>
        </type>
        <mustUnderstand value="false"/>
      </definition>
    </element>
    <element>
      <path value="MedicationDispense.extension"/>
      <definition>
        <short value="Additional Content defined by implementations"/>
        <formal value="May be used to represent additional information that is not part of the basic definition of the resource. In order to make the use of extensions safe and manageable, there is a strict governance applied to the definition and use of extensions. Though any implementer is allowed to define an extension, there is a set of requirements that must be met as part of the definition of the extension"/>
        <comments value="there can be no stigma
associated with the use of extensions by any application, project, or standard - regardless of the institution or jurisdiction that uses or defines the extensions.  The use of extensions is what allows the FHIR specification to retain a core simplicity for everyone"/>
        <synonym value="extensions"/>
        <synonym value="user content"/>
        <min value="0"/>
        <max value="*"/>
        <type>
          <code value="Extension"/>
        </type>
      </definition>
    </element>
    <element>
      <path value="MedicationDispense.text"/>
      <definition>
        <short value="Text summary of the resource, for human interpretation"/>
        <formal value="A human readable narrative that contains a summary of the resource, and may be used to represent the content of the resource to a human. The narrative need not encode all the structured data, but is required to contain sufficient detail to make it &quot;clinically safe&quot; for a human to just read the narrative. Resource definitions may define what content should be represented in the narrative to ensure clinical safety"/>
        <comments value="Contained resources do not have narrative. Resources that are not contained SHOULD have a narrative"/>
        <synonym value="narrative"/>
        <synonym value="html"/>
        <synonym value="xhtml"/>
        <synonym value="display"/>
        <min value="0"/>
        <max value="1"/>
        <type>
          <code value="Narrative"/>
        </type>
      </definition>
    </element>
    <element>
      <path value="MedicationDispense.contained"/>
      <definition>
        <short value="Contained, inline Resources"/>
        <formal value="These resources do not have an independent existence apart from the resource that contains them - they cannot be identified independently, and nor can they have their own independent transaction scope"/>
        <comments value="This should never be done when the content can be identified properly, as once identification is lost, it is extremely difficult (and context dependent) to restore it again"/>
        <synonym value="inline resources"/>
        <synonym value="anonymous resources"/>
        <synonym value="contained resources"/>
        <min value="0"/>
        <max value="*"/>
        <type>
          <code value="Resource"/>
        </type>
      </definition>
    </element>
    <element>
      <path value="MedicationDispense.id"/>
      <definition>
        <short value="Human readable identifier"/>
        <formal value="Identifier assigned by the dispensing facility - this is an identifier assigned outside FHIR."/>
        <min value="0"/>
        <max value="1"/>
        <type>
          <code value="Identifier"/>
        </type>
        <mustUnderstand value="false"/>
      </definition>
    </element>
    <element>
      <path value="MedicationDispense.status"/>
      <definition>
        <short value="Active/Completed/Aborted"/>
        <formal value="A code specifying the state of the set of dispense events."/>
        <min value="0"/>
        <max value="1"/>
        <type>
          <code value="CodeableConcept"/>
        </type>
        <mustUnderstand value="false"/>
        <binding value="MedicationDispenseStatus"/>
      </definition>
    </element>
    <element>
      <path value="MedicationDispense.patient"/>
      <definition>
        <short value="Patient"/>
        <formal value="A link to a resource representing the person to whom the medication will be given."/>
        <comments value="SubstanceAdministration-&gt;subject-&gt;Patient"/>
        <min value="1"/>
        <max value="1"/>
        <type>
          <code value="Resource(Patient)"/>
        </type>
        <mustUnderstand value="false"/>
      </definition>
    </element>
    <element>
      <path value="MedicationDispense.dispenser"/>
      <definition>
        <short value="Dispenser"/>
        <formal value="The individual reponsible for dispensing the medication"/>
        <min value="1"/>
        <max value="1"/>
        <type>
          <code value="Resource(Practitioner)"/>
        </type>
        <mustUnderstand value="false"/>
      </definition>
    </element>
    <element>
      <path value="MedicationDispense.visit"/>
      <definition>
        <short value="Encounter / Admission"/>
        <formal value="A link to a resource that identifies the particular occurrence of contact between patient and health care provider."/>
        <comments value="SubstanceAdministration-&gt;component-&gt;EncounterEvent"/>
        <min value="0"/>
        <max value="1"/>
        <type>
          <code value="Resource(Visit)"/>
        </type>
        <mustUnderstand value="false"/>
      </definition>
    </element>
    <element>
      <path value="MedicationDispense.authorizingPrescription"/>
      <definition>
        <short value="Medication order that authorises the dispense"/>
        <formal value="Indicates the medication order that is being dispensed against."/>
        <min value="0"/>
        <max value="*"/>
        <type>
          <code value="Resource(MedicationPrescription)"/>
        </type>
        <mustUnderstand value="false"/>
      </definition>
    </element>
    <element>
      <path value="MedicationDispense.dispense"/>
      <definition>
        <short value="Medicine supply details"/>
        <formal value="Indicates the details of the dispense event such as the days supply and quantity of medication dispensed."/>
        <min value="0"/>
        <max value="*"/>
        <constraint>
          <id value="1"/>
          <name value="Timing"/>
          <severity value="error"/>
          <human value="whenHandedOver cannot be before whenPrepared"/>
          <xpath value="not(exists(f:whenHandedOver/@value)) or not(exists(f:whenPrepared/@value)) or ( f:whenHandedOver/@value &gt;= f:whenPrepared/@value)"/>
        </constraint>
        <mustUnderstand value="false"/>
      </definition>
    </element>
    <element>
      <path value="MedicationDispense.dispense.id"/>
      <definition>
        <short value="Human readable identifier"/>
        <formal value="Identifier assigned by the dispensing facility.   This is an identifier assigned outside FHIR."/>
        <min value="0"/>
        <max value="1"/>
        <type>
          <code value="Identifier"/>
        </type>
        <mustUnderstand value="false"/>
      </definition>
    </element>
    <element>
      <path value="MedicationDispense.dispense.status"/>
      <definition>
        <short value="Active/Completed/Aborted"/>
        <formal value="A code specifying the state of the dispense event."/>
        <min value="0"/>
        <max value="1"/>
        <type>
          <code value="CodeableConcept"/>
        </type>
        <mustUnderstand value="false"/>
        <binding value="MedicationDispenseStatus"/>
      </definition>
    </element>
    <element>
      <path value="MedicationDispense.dispense.type"/>
      <definition>
        <short value="Type of dispense"/>
        <formal value="Indicates the type of dispensing event that is performed. Examples include: Trial Fill, Completion of Trial, Partial Fill, Emergency Fill, Samples, etc."/>
        <min value="0"/>
        <max value="1"/>
        <type>
          <code value="CodeableConcept"/>
        </type>
        <mustUnderstand value="false"/>
        <binding value="MedicationDispenseType"/>
      </definition>
    </element>
    <element>
      <path value="MedicationDispense.dispense.quantity"/>
      <definition>
        <short value="Amount dispensed"/>
        <formal value="The amount of medication that has been dispensed. Includes unit of measure."/>
        <min value="1"/>
        <max value="1"/>
        <type>
          <code value="Quantity"/>
        </type>
        <mustUnderstand value="false"/>
      </definition>
    </element>
    <element>
      <path value="MedicationDispense.dispense.medication"/>
      <definition>
        <short value="Medication"/>
        <formal value="Identifies the medication being administered. This is either a link to a resource representing the details of the medication or a simple attribute carrying a code that identifies the medication from a known list of medications."/>
        <min value="0"/>
        <max value="1"/>
        <type>
          <code value="Resource(Medication)"/>
        </type>
        <mustUnderstand value="false"/>
      </definition>
    </element>
    <element>
      <path value="MedicationDispense.dispense.whenPrepared"/>
      <definition>
        <short value="Dispensing time"/>
        <formal value="The time the dispense event occurred."/>
        <min value="0"/>
        <max value="1"/>
        <type>
          <code value="Period"/>
        </type>
        <mustUnderstand value="false"/>
      </definition>
    </element>
    <element>
      <path value="MedicationDispense.dispense.whenHandedOver"/>
      <definition>
        <short value="Handover time"/>
        <formal value="The time the dispense event occurred."/>
        <min value="0"/>
        <max value="1"/>
        <type>
          <code value="Period"/>
        </type>
        <mustUnderstand value="false"/>
      </definition>
    </element>
    <element>
      <path value="MedicationDispense.dispense.destination"/>
      <definition>
        <short value="Where the medication was sent"/>
        <formal value="Identification of the facility/location where the medication was shipped to, as part of the dispense event."/>
        <min value="0"/>
        <max value="1"/>
        <type>
          <code value="Resource(Location)"/>
        </type>
        <mustUnderstand value="false"/>
      </definition>
    </element>
    <element>
      <path value="MedicationDispense.dispense.receiver"/>
      <definition>
        <short value="Who collected the medication"/>
        <formal value="Identifies the person who picked up the medication."/>
        <min value="0"/>
        <max value="*"/>
        <type>
          <code value="Resource(Practitioner)"/>
        </type>
        <mustUnderstand value="false"/>
      </definition>
    </element>
    <element>
      <path value="MedicationDispense.dispense.dosage"/>
      <definition>
        <short value="Medicine administration instructions to the patient/carer"/>
        <formal value="Indicates how the medication is to be used by the patient"/>
        <min value="0"/>
        <max value="*"/>
        <mustUnderstand value="false"/>
      </definition>
    </element>
    <element>
      <path value="MedicationDispense.dispense.dosage.timing"/>
      <definition>
        <short value="Medication timing"/>
        <formal value="The timing schedule for giving the medication to the patient.  The Schedule data type allows many different expressions, for example.  &quot;Every  8 hours&quot;; &quot;Three times a day&quot;; &quot;1/2 an hour before breakfast for 10 days from 23-Dec 2011:&quot;;  &quot;15 Oct 2013, 17 Oct 2013 and 1 Nov 2013&quot;"/>
        <min value="0"/>
        <max value="1"/>
        <type>
          <code value="Schedule"/>
        </type>
        <mustUnderstand value="false"/>
      </definition>
    </element>
    <element>
      <path value="MedicationDispense.dispense.dosage.site"/>
      <definition>
        <short value="Entry site"/>
        <formal value="A coded specification of the anatomic site where the medication first enters the body"/>
        <min value="0"/>
        <max value="1"/>
        <type>
          <code value="CodeableConcept"/>
        </type>
        <mustUnderstand value="false"/>
        <binding value="ApproachSite"/>
      </definition>
    </element>
    <element>
      <path value="MedicationDispense.dispense.dosage.route"/>
      <definition>
        <short value="Rout of administration"/>
        <formal value="A code specifying the route or physiological path of administration of a therapeutic agent into or onto a subject."/>
        <min value="0"/>
        <max value="1"/>
        <type>
          <code value="CodeableConcept"/>
        </type>
        <mustUnderstand value="false"/>
        <binding value="RouteOfAdministration"/>
      </definition>
    </element>
    <element>
      <path value="MedicationDispense.dispense.dosage.method"/>
      <definition>
        <short value="Administration method"/>
        <formal value="A coded value indicating the method by which the medication is introduced into or onto the body. Most commonly used for injections.  Examples:  Slow Push; Deep IV.

Terminologies used often pre-coordinate this term with the route and or form of administration."/>
        <comments value="SubstanceAdministration.methodCode"/>
        <min value="0"/>
        <max value="1"/>
        <type>
          <code value="CodeableConcept"/>
        </type>
        <mustUnderstand value="false"/>
        <binding value="MedicationAdministrationMethod"/>
      </definition>
    </element>
    <element>
      <path value="MedicationDispense.dispense.dosage.quantity"/>
      <definition>
        <short value="Dose quantity per dose"/>
        <formal value="The amount of the therapeutic or other substance given at one administration event."/>
        <min value="0"/>
        <max value="1"/>
        <type>
          <code value="Quantity"/>
        </type>
        <mustUnderstand value="false"/>
      </definition>
    </element>
    <element>
      <path value="MedicationDispense.dispense.dosage.rate"/>
      <definition>
        <short value="Dose quantity per unit of time"/>
        <formal value="Identifies the speed with which the substance is introduced into the subject. Typically the rate for an infusion. 200ml in 2 hours."/>
        <min value="0"/>
        <max value="1"/>
        <type>
          <code value="Ratio"/>
        </type>
        <mustUnderstand value="false"/>
      </definition>
    </element>
    <element>
      <path value="MedicationDispense.dispense.dosage.maxDosePerPeriod"/>
      <definition>
        <short value="Total dose that should be consumed per unit of time"/>
        <formal value="The maximum total quantity of a therapeutic substance that my be administered to a subject over the period of time. E.g. 1000mg in 24 hours."/>
        <min value="0"/>
        <max value="1"/>
        <type>
          <code value="Ratio"/>
        </type>
        <mustUnderstand value="false"/>
      </definition>
    </element>
    <element>
      <path value="MedicationDispense.substitution"/>
      <definition>
        <short value="Deals with substitution of one medicine for another"/>
        <formal value="Indicates whether or not substitution was made as part of the dispense.  In some cases substitution will be expected but doesn&#39;t happen, in other cases substitution is not expected but does happen.  This block explains what substitition did or did not happen and why."/>
        <min value="0"/>
        <max value="1"/>
        <mustUnderstand value="false"/>
      </definition>
    </element>
    <element>
      <path value="MedicationDispense.substitution.type"/>
      <definition>
        <short value="Type of substitiution"/>
        <formal value="A code signifying whether a different drug was dispensed from what was prescribed."/>
        <min value="1"/>
        <max value="1"/>
        <type>
          <code value="CodeableConcept"/>
        </type>
        <mustUnderstand value="false"/>
        <binding value="MedicationDispenseSubstitutionType"/>
      </definition>
    </element>
    <element>
      <path value="MedicationDispense.substitution.reason"/>
      <definition>
        <short value="Why was substitution made"/>
        <formal value="Indicates the reason for the substitution of (or lack of substitution) from what was prescribed."/>
        <min value="0"/>
        <max value="*"/>
        <type>
          <code value="CodeableConcept"/>
        </type>
        <mustUnderstand value="false"/>
        <binding value="MedicationDispenseSubstitutionReason"/>
      </definition>
    </element>
    <element>
      <path value="MedicationDispense.substitution.responsibleParty"/>
      <definition>
        <short value="Who is responsible for the substitution"/>
        <formal value="The person or organization that has primary responsibility for the substitution"/>
        <comments value="rename"/>
        <min value="0"/>
        <max value="*"/>
        <type>
          <code value="Resource(Practitioner)"/>
        </type>
        <mustUnderstand value="false"/>
      </definition>
    </element>
    <searchParam>
      <name value="prescription"/>
      <type value="qtoken"/>
      <repeats value="single"/>
      <documentation value="The identity of a prescription to list dispenses from"/>
    </searchParam>
    <searchParam>
      <name value="status"/>
      <type value="token"/>
      <repeats value="union"/>
      <documentation value="Status of the dispense"/>
    </searchParam>
    <searchParam>
      <name value="encounter"/>
      <type value="qtoken"/>
      <repeats value="union"/>
      <documentation value="Encounter / Admission"/>
    </searchParam>
    <searchParam>
      <name value="responsibleParty"/>
      <type value="qtoken"/>
      <repeats value="union"/>
      <documentation value="Who is responsible for the substitution"/>
    </searchParam>
    <searchParam>
      <name value="type"/>
      <type value="qtoken"/>
      <repeats value="union"/>
      <documentation value="Type of dispense"/>
    </searchParam>
    <searchParam>
      <name value="destination"/>
      <type value="qtoken"/>
      <repeats value="union"/>
      <documentation value="Where the medication was sent"/>
    </searchParam>
    <searchParam>
      <name value="identity"/>
      <type value="qtoken"/>
      <repeats value="union"/>
      <documentation value="Return dispenses with this external identity"/>
    </searchParam>
    <searchParam>
      <name value="patient"/>
      <type value="qtoken"/>
      <repeats value="single"/>
      <documentation value="The identity of a patient to list dispenses  for"/>
    </searchParam>
    <searchParam>
      <name value="_id"/>
      <type value="token"/>
      <repeats value="single"/>
      <documentation value="The logical resource id associated with the resource (must be supported by all servers)"/>
    </searchParam>
    <searchParam>
      <name value="dispenser"/>
      <type value="qtoken"/>
      <repeats value="union"/>
      <documentation value="Dispenser"/>
    </searchParam>
    <searchParam>
      <name value="whenHandedOver"/>
      <type value="date"/>
      <repeats value="single"/>
      <documentation value="Date when medication handed over to patient (outpatient setting), or supplied to ward or clinic (inpatient setting)"/>
    </searchParam>
    <searchParam>
      <name value="medicine"/>
      <type value="qtoken"/>
      <repeats value="union"/>
      <documentation value="Medication"/>
    </searchParam>
    <searchParam>
      <name value="whenPrepared"/>
      <type value="date"/>
      <repeats value="single"/>
      <documentation value="Date when medication prepared"/>
    </searchParam>
  </structure>
</Profile>