<?xml version="1.0" encoding="UTF-8"?>

<Profile xmlns="http://hl7.org/fhir">
  <text>
    <status value="generated"/><div xmlns="http://www.w3.org/1999/xhtml"><pre>
&lt;<a title="An order for both supply of the medication and the instructions for administration of the medicine to a patient." class="dict" href="medicationprescription-definitions.htm#MedicationPrescription"><b>MedicationPrescription</b></a> xmlns=&quot;http://hl7.org/fhir&quot;&gt;
 &lt;<a title="External identifier - FHIR will generate its own internal IDs which do not need to be explicitly managed by the resource.  The identifier here is one that would be used by another non-FHIR system - for example a re-imbursement system might issue its own id for each prescription that is created.  This is particularly important where FHIR only provides part of an erntire workflow process where records have to be tracked through an entire system." class="dict" href="medicationprescription-definitions.htm#MedicationPrescription.id"><b>id</b></a>&gt;<span style="color: Gray">&lt;!--</span> <span style="color: brown"><b>0..*</b></span> <span style="color: darkgreen"><a href="datatypes.htm#Identifier">Identifier</a></span> <span style="color: navy">External identifier</span><span style="color: Gray"> --&gt;</span>&lt;/id&gt;
 &lt;<a title="A code specifying the state of the order.  Generally this will be active or completed state" class="dict" href="medicationprescription-definitions.htm#MedicationPrescription.status"><b>status</b></a>&gt;<span style="color: Gray">&lt;!--</span> <span style="color: brown"><b>1..1</b></span> <span style="color: darkgreen"><a href="datatypes.htm#CodeableConcept">CodeableConcept</a></span> <span style="color: navy">active | paused | completed | nullified</span><span style="color: Gray"> --&gt;</span>&lt;/status&gt;
 &lt;<a title="A link to a resource representing the person to whom the medication will be given." class="dict" href="medicationprescription-definitions.htm#MedicationPrescription.patient"><b>patient</b></a>&gt;<span style="color: Gray">&lt;!--</span> <span style="color: brown"><b>1..1</b></span> <span style="color: darkgreen"><a href="resources.htm#Resource">Resource</a>(<a href="patient.htm#Patient">Patient</a>)</span> <span style="color: navy">Patient</span><span style="color: Gray"> --&gt;</span>&lt;/patient&gt;
 &lt;<a title="The healthcare professional responsible for authorising the prescription" class="dict" href="medicationprescription-definitions.htm#MedicationPrescription.prescriber"><b>prescriber</b></a>&gt;<span style="color: Gray">&lt;!--</span> <span style="color: brown"><b>1..1</b></span> <span style="color: darkgreen"><a href="resources.htm#Resource">Resource</a>(<a href="practitioner.htm#Practitioner">Practitioner</a>)</span> <span style="color: navy">Prescriber</span><span style="color: Gray"> --&gt;</span>&lt;/prescriber&gt;
 &lt;<a title="A link to a resource that identifies the particular occurrence of contact between patient and health care provider." class="dict" href="medicationprescription-definitions.htm#MedicationPrescription.visit"><b>visit</b></a>&gt;<span style="color: Gray">&lt;!--</span> <span style="color: brown"><b>0..1</b></span> <span style="color: darkgreen"><a href="resources.htm#Resource">Resource</a>(<a href="visit.htm#Visit">Visit</a>)</span> <span style="color: navy">Encounter / Admission</span><span style="color: Gray"> --&gt;</span>&lt;/visit&gt;
 &lt;<a title="A coded value for the status of any review of the prescription (waiting for review/not done/completed)" class="dict" href="medicationprescription-definitions.htm#MedicationPrescription.reviewStatus"><b>reviewStatus</b></a>&gt;<span style="color: Gray">&lt;!--</span> <span style="color: brown"><b>0..1</b></span> <span style="color: darkgreen"><a href="datatypes.htm#CodeableConcept">CodeableConcept</a></span> <span style="color: navy">To be done!</span><span style="color: Gray"> --&gt;</span>&lt;/reviewStatus&gt;
 &lt;<a title="Can be the reason or the indication for writing the prescription." class="dict" href="medicationprescription-definitions.htm#MedicationPrescription.reasonForPrescribing"><b>reasonForPrescribing</b></a> value=&quot;[<span style="color: darkgreen"><a href="datatypes.htm#string">string</a></span>]&quot;/&gt;<span style="color: Gray">&lt;!--</span> <span style="color: brown"><b>0..1</b></span> <span style="color: navy">Reason or indication for writing the prescription</span><span style="color: Gray"> --&gt;</span>
 &lt;<a title="Describes the medication and the intended dose to be given to the patient" class="dict" href="medicationprescription-definitions.htm#MedicationPrescription.administration"><b>administration</b></a>&gt;  <span style="color: Gray">&lt;!-- <span style="color: brown"><b>0..*</b></span> Administration order --&gt;</span>
  &lt;<a title="External identifier - FHIR will generate its own internal IDs which do not need to be explicitly managed by the resource.  The identifier here is one that would be used by another non-FHIR system - for example a re-imbursement system might issue its own id for each prescription that is created.  This is particularly important where FHIR only provides part of an erntire workflow process where records have to be tracked through an entire system." class="dict" href="medicationprescription-definitions.htm#MedicationPrescription.administration.id"><b>id</b></a>&gt;<span style="color: Gray">&lt;!--</span> <span style="color: brown"><b>0..*</b></span> <span style="color: darkgreen"><a href="datatypes.htm#Identifier">Identifier</a></span> <span style="color: navy">External identifier</span><span style="color: Gray"> --&gt;</span>&lt;/id&gt;
  &lt;<a title="Identifies the medication being administered. This is either a link to a resource representing the details of the medication or a simple attribute carrying a code that identifies the medication from a known list of medications." class="dict" href="medicationprescription-definitions.htm#MedicationPrescription.administration.medication"><b>medication</b></a>&gt;<span style="color: Gray">&lt;!--</span> <span style="color: brown"><b>0..1</b></span> <span style="color: darkgreen"><a href="resources.htm#Resource">Resource</a>(<a href="medication.htm#Medication">Medication</a>)</span> <span style="color: navy">Medication to be taken</span><span style="color: Gray"> --&gt;</span>&lt;/medication&gt;
  &lt;<a title="Indicates how the medication is to be used by the patient" class="dict" href="medicationprescription-definitions.htm#MedicationPrescription.administration.dosage"><b>dosage</b></a>&gt;  <span style="color: Gray">&lt;!-- <span style="color: brown"><b>0..*</b></span> Medicine administration instructions to the patient/carer --&gt;</span>
   &lt;<a title="The timing schedule for giving the medication to the patient.  The Schedule data type allows many different expressions, for example.  &quot;Every  8 hours&quot;; &quot;Three times a day&quot;; &quot;1/2 an hour before breakfast for 10 days from 23-Dec 2011:&quot;;  &quot;15 Oct 2013, 17 Oct 2013 and 1 Nov 2013&quot;" class="dict" href="medicationprescription-definitions.htm#MedicationPrescription.administration.dosage.timing"><b>timing</b></a>&gt;<span style="color: Gray">&lt;!--</span> <span style="color: brown"><b>0..1</b></span> <span style="color: darkgreen"><a href="datatypes.htm#Schedule">Schedule</a></span> <span style="color: navy">Medication timing</span><span style="color: Gray"> --&gt;</span>&lt;/timing&gt;
   &lt;<a title="A coded specification of the anatomic site where the medication first enters the body" class="dict" href="medicationprescription-definitions.htm#MedicationPrescription.administration.dosage.site"><b>site</b></a>&gt;<span style="color: Gray">&lt;!--</span> <span style="color: brown"><b>0..1</b></span> <span style="color: darkgreen"><a href="datatypes.htm#CodeableConcept">CodeableConcept</a></span> <span style="color: navy">Entry site</span><span style="color: Gray"> --&gt;</span>&lt;/site&gt;
   &lt;<a title="A code specifying the route or physiological path of administration of a therapeutic agent into or onto a subject." class="dict" href="medicationprescription-definitions.htm#MedicationPrescription.administration.dosage.route"><b>route</b></a>&gt;<span style="color: Gray">&lt;!--</span> <span style="color: brown"><b>0..1</b></span> <span style="color: darkgreen"><a href="datatypes.htm#CodeableConcept">CodeableConcept</a></span> <span style="color: navy">Rout of administration</span><span style="color: Gray"> --&gt;</span>&lt;/route&gt;
   &lt;<a title="A coded value indicating the method by which the medication is introduced into or onto the body. Most commonly used for injections.  Examples:  Slow Push; Deep IV.

Terminologies used often pre-coordinate this term with the route and or form of administration." class="dict" href="medicationprescription-definitions.htm#MedicationPrescription.administration.dosage.method"><b>method</b></a>&gt;<span style="color: Gray">&lt;!--</span> <span style="color: brown"><b>0..1</b></span> <span style="color: darkgreen"><a href="datatypes.htm#CodeableConcept">CodeableConcept</a></span> <span style="color: navy">Administration method</span><span style="color: Gray"> --&gt;</span>&lt;/method&gt;
   &lt;<a title="The amount of the therapeutic or other substance given at one administration event." class="dict" href="medicationprescription-definitions.htm#MedicationPrescription.administration.dosage.quantity"><b>quantity</b></a>&gt;<span style="color: Gray">&lt;!--</span> <span style="color: brown"><b>0..1</b></span> <span style="color: darkgreen"><a href="datatypes.htm#Quantity">Quantity</a></span> <span style="color: navy">Dose quantity per dose</span><span style="color: Gray"> --&gt;</span>&lt;/quantity&gt;
   &lt;<a title="Identifies the speed with which the substance is introduced into the subject. Typically the rate for an infusion. 200ml in 2 hours." class="dict" href="medicationprescription-definitions.htm#MedicationPrescription.administration.dosage.rate"><b>rate</b></a>&gt;<span style="color: Gray">&lt;!--</span> <span style="color: brown"><b>0..1</b></span> <span style="color: darkgreen"><a href="datatypes.htm#Ratio">Ratio</a></span> <span style="color: navy">Dose quantity per unit of time</span><span style="color: Gray"> --&gt;</span>&lt;/rate&gt;
   &lt;<a title="The maximum total quantity of a therapeutic substance that my be administered to a subject over the period of time. E.g. 1000mg in 24 hours." class="dict" href="medicationprescription-definitions.htm#MedicationPrescription.administration.dosage.maxDosePerPeriod"><b>maxDosePerPeriod</b></a>&gt;<span style="color: Gray">&lt;!--</span> <span style="color: brown"><b>0..1</b></span> <span style="color: darkgreen"><a href="datatypes.htm#Ratio">Ratio</a></span> <span style="color: navy">Total dose that should be consumed per unit of time</span><span style="color: Gray"> --&gt;</span>&lt;/maxDosePerPeriod&gt;
  &lt;/dosage&gt;
 &lt;/administration&gt;
 &lt;<a title="Deals with details of the dispense part of the order" class="dict" href="medicationprescription-definitions.htm#MedicationPrescription.dispense"><b>dispense</b></a>&gt;  <span style="color: Gray">&lt;!-- <span style="color: brown"><b>0..1</b></span> Dispense request --&gt;</span>
  &lt;<a title="External identifier - FHIR will generate its own internal IDs which do not need to be explicitly managed by the resource.  The identifier here is one that would be used by another non-FHIR system - for example a re-imbursement system might issue its own id for each prescription that is created.  This is particularly important where FHIR only provides part of an erntire workflow process where records have to be tracked through an entire system." class="dict" href="medicationprescription-definitions.htm#MedicationPrescription.dispense.id"><b>id</b></a>&gt;<span style="color: Gray">&lt;!--</span> <span style="color: brown"><b>0..*</b></span> <span style="color: darkgreen"><a href="datatypes.htm#Identifier">Identifier</a></span> <span style="color: navy">External identifier</span><span style="color: Gray"> --&gt;</span>&lt;/id&gt;
  &lt;<a title="Design Comments: This indicates the validity period of a prescription (stale dating the Prescription) 
It reflects the prescriber perspective for the validity of the prescription. Dispenses must not be made against the prescription outside of this period. The lower-bound of the Dispensing Window signifies the earliest date that the prescription can be filled for the first time. If an upper-bound is not specified then the Prescription is open-ended or will default to a stale-date based on regulations. 
Rationale: Indicates when the Prescription becomes valid, and when it ceases to be a dispensable Prescription." class="dict" href="medicationprescription-definitions.htm#MedicationPrescription.dispense.validityPeriod"><b>validityPeriod</b></a>&gt;<span style="color: Gray">&lt;!--</span> <span style="color: brown"><b>0..1</b></span> <span style="color: darkgreen"><a href="datatypes.htm#Period">Period</a></span> <span style="color: navy">Validity period</span><span style="color: Gray"> --&gt;</span>&lt;/validityPeriod&gt;
  &lt;<a title="An integer indicating the number of repeats of the Dispense. 
UsageNotes: For example, the number of times the prescribed quantity is to be supplied including the initial standard fill." class="dict" href="medicationprescription-definitions.htm#MedicationPrescription.dispense.numberOfRepeatsAllowed"><b>numberOfRepeatsAllowed</b></a> value=&quot;[<span style="color: darkgreen"><a href="datatypes.htm#integer">integer</a></span>]&quot;/&gt;<span style="color: Gray">&lt;!--</span> <span style="color: brown"><b>0..1</b></span> <span style="color: navy">Number of repeats allowed</span><span style="color: Gray"> --&gt;</span>
  &lt;<a title="The amount that is to be dispensed." class="dict" href="medicationprescription-definitions.htm#MedicationPrescription.dispense.quantity"><b>quantity</b></a>&gt;<span style="color: Gray">&lt;!--</span> <span style="color: brown"><b>0..1</b></span> <span style="color: darkgreen"><a href="datatypes.htm#Quantity">Quantity</a></span> <span style="color: navy">Quanity</span><span style="color: Gray"> --&gt;</span>&lt;/quantity&gt;
  &lt;<a title="Identifies the period time over which the supplied product is expected to be used, or the length of time the dispense is expected to last. 
In some situations, this attribute may be used instead of quantity to identify the amount supplied by how long it is expected to last, rather than the physical quantity issued. E.g. 90 days supply of medication (based on an ordered dosage) When possible, it is always better to specify quantity, as this tends to be more precise. expectedSupplyDuration will always be an estimate that can be influenced by external factors." class="dict" href="medicationprescription-definitions.htm#MedicationPrescription.dispense.expectedSupplyDuration"><b>expectedSupplyDuration</b></a>&gt;<span style="color: Gray">&lt;!--</span> <span style="color: brown"><b>0..1</b></span> <span style="color: darkgreen"><a href="datatypes.htm#Duration">Duration</a></span> <span style="color: navy">Expected supply duration</span><span style="color: Gray"> --&gt;</span>&lt;/expectedSupplyDuration&gt;
 &lt;/dispense&gt;
 &lt;<a title="Indicates whether or not substitution can or should as part of the dispense.  In some cases substitution must  happen, in other cases substitution must not happen, and in others it does not matter.  This block explains the prescribers intent.  If nothing is specified substitution may be done." class="dict" href="medicationprescription-definitions.htm#MedicationPrescription.substitution"><b>substitution</b></a>&gt;  <span style="color: Gray">&lt;!-- <span style="color: brown"><b>0..1</b></span> Deals with substitution of one medicine for another --&gt;</span>
  &lt;<a title="A code signifying whether a different drug should be dispensed from what was prescribed." class="dict" href="medicationprescription-definitions.htm#MedicationPrescription.substitution.type"><b>type</b></a>&gt;<span style="color: Gray">&lt;!--</span> <span style="color: brown"><b>1..1</b></span> <span style="color: darkgreen"><a href="datatypes.htm#CodeableConcept">CodeableConcept</a></span> <span style="color: navy">Type of substitiution</span><span style="color: Gray"> --&gt;</span>&lt;/type&gt;
  &lt;<a title="Indicates the reason for the substitution why substitution must or must not be performed." class="dict" href="medicationprescription-definitions.htm#MedicationPrescription.substitution.reason"><b>reason</b></a>&gt;<span style="color: Gray">&lt;!--</span> <span style="color: brown"><b>0..1</b></span> <span style="color: darkgreen"><a href="datatypes.htm#CodeableConcept">CodeableConcept</a></span> <span style="color: navy">Why should substitution (not) be made</span><span style="color: Gray"> --&gt;</span>&lt;/reason&gt;
 &lt;/substitution&gt;
&lt;/MedicationPrescription&gt;
</pre></div>
  </text>
  <name value="medicationprescription"/>
  <author>
    <name value="todo (committee)"/>
  </author>
  <description value="Basic Profile. An order for both supply of the medication and the instructions for administration of the medicine to a patient."/>
  <status>
    <code value="testing"/>
    <date value="2013-05-06"/>
  </status>
  <structure>
    <type value="MedicationPrescription"/>
    <element>
      <path value="MedicationPrescription"/>
      <definition>
        <short value="Prescription of medication to for patient"/>
        <formal value="An order for both supply of the medication and the instructions for administration of the medicine to a patient."/>
        <min value="1"/>
        <max value="1"/>
        <type>
          <code value="Resource"/>
        </type>
        <mustUnderstand value="false"/>
      </definition>
    </element>
    <element>
      <path value="MedicationPrescription.extension"/>
      <definition>
        <short value="Additional Content defined by implementations"/>
        <formal value="May be used to represent additional information that is not part of the basic definition of the resource. In order to make the use of extensions safe and manageable, there is a strict governance applied to the definition and use of extensions. Though any implementer is allowed to define an extension, there is a set of requirements that must be met as part of the definition of the extension"/>
        <comments value="there can be no stigma
associated with the use of extensions by any application, project, or standard - regardless of the institution or jurisdiction that uses or defines the extensions.  The use of extensions is what allows the FHIR specification to retain a core simplicity for everyone"/>
        <synonym value="extensions"/>
        <synonym value="user content"/>
        <min value="0"/>
        <max value="*"/>
        <type>
          <code value="Extension"/>
        </type>
      </definition>
    </element>
    <element>
      <path value="MedicationPrescription.text"/>
      <definition>
        <short value="Text summary of the resource, for human interpretation"/>
        <formal value="A human readable narrative that contains a summary of the resource, and may be used to represent the content of the resource to a human. The narrative need not encode all the structured data, but is required to contain sufficient detail to make it &quot;clinically safe&quot; for a human to just read the narrative. Resource definitions may define what content should be represented in the narrative to ensure clinical safety"/>
        <comments value="Contained resources do not have narrative. Resources that are not contained SHOULD have a narrative"/>
        <synonym value="narrative"/>
        <synonym value="html"/>
        <synonym value="xhtml"/>
        <synonym value="display"/>
        <min value="0"/>
        <max value="1"/>
        <type>
          <code value="Narrative"/>
        </type>
      </definition>
    </element>
    <element>
      <path value="MedicationPrescription.contained"/>
      <definition>
        <short value="Contained, inline Resources"/>
        <formal value="These resources do not have an independent existence apart from the resource that contains them - they cannot be identified independently, and nor can they have their own independent transaction scope"/>
        <comments value="This should never be done when the content can be identified properly, as once identification is lost, it is extremely difficult (and context dependent) to restore it again"/>
        <synonym value="inline resources"/>
        <synonym value="anonymous resources"/>
        <synonym value="contained resources"/>
        <min value="0"/>
        <max value="*"/>
        <type>
          <code value="Resource"/>
        </type>
      </definition>
    </element>
    <element>
      <path value="MedicationPrescription.id"/>
      <definition>
        <short value="External identifier"/>
        <formal value="External identifier - FHIR will generate its own internal IDs which do not need to be explicitly managed by the resource.  The identifier here is one that would be used by another non-FHIR system - for example a re-imbursement system might issue its own id for each prescription that is created.  This is particularly important where FHIR only provides part of an erntire workflow process where records have to be tracked through an entire system."/>
        <min value="0"/>
        <max value="*"/>
        <type>
          <code value="Identifier"/>
        </type>
        <mustUnderstand value="false"/>
      </definition>
    </element>
    <element>
      <path value="MedicationPrescription.status"/>
      <definition>
        <short value="active | paused | completed | nullified"/>
        <formal value="A code specifying the state of the order.  Generally this will be active or completed state"/>
        <min value="1"/>
        <max value="1"/>
        <type>
          <code value="CodeableConcept"/>
        </type>
        <mustUnderstand value="false"/>
        <binding value="MedicationPrescriptionStatus"/>
      </definition>
    </element>
    <element>
      <path value="MedicationPrescription.patient"/>
      <definition>
        <short value="Patient"/>
        <formal value="A link to a resource representing the person to whom the medication will be given."/>
        <comments value="SubstanceAdministration-&gt;subject-&gt;Patient"/>
        <min value="1"/>
        <max value="1"/>
        <type>
          <code value="Resource(Patient)"/>
        </type>
        <mustUnderstand value="false"/>
      </definition>
    </element>
    <element>
      <path value="MedicationPrescription.prescriber"/>
      <definition>
        <short value="Prescriber"/>
        <formal value="The healthcare professional responsible for authorising the prescription"/>
        <min value="1"/>
        <max value="1"/>
        <type>
          <code value="Resource(Practitioner)"/>
        </type>
        <mustUnderstand value="false"/>
      </definition>
    </element>
    <element>
      <path value="MedicationPrescription.visit"/>
      <definition>
        <short value="Encounter / Admission"/>
        <formal value="A link to a resource that identifies the particular occurrence of contact between patient and health care provider."/>
        <comments value="SubstanceAdministration-&gt;component-&gt;EncounterEvent"/>
        <min value="0"/>
        <max value="1"/>
        <type>
          <code value="Resource(Visit)"/>
        </type>
        <mustUnderstand value="false"/>
      </definition>
    </element>
    <element>
      <path value="MedicationPrescription.reviewStatus"/>
      <definition>
        <short value="To be done!"/>
        <formal value="A coded value for the status of any review of the prescription (waiting for review/not done/completed)"/>
        <min value="0"/>
        <max value="1"/>
        <type>
          <code value="CodeableConcept"/>
        </type>
        <mustUnderstand value="false"/>
        <binding value="MedicationPrescriptionReviewStatus"/>
      </definition>
    </element>
    <element>
      <path value="MedicationPrescription.reasonForPrescribing"/>
      <definition>
        <short value="Reason or indication for writing the prescription"/>
        <formal value="Can be the reason or the indication for writing the prescription."/>
        <min value="0"/>
        <max value="1"/>
        <type>
          <code value="string"/>
        </type>
        <mustUnderstand value="false"/>
      </definition>
    </element>
    <element>
      <path value="MedicationPrescription.administration"/>
      <definition>
        <short value="Administration order"/>
        <formal value="Describes the medication and the intended dose to be given to the patient"/>
        <min value="0"/>
        <max value="*"/>
        <mustUnderstand value="false"/>
      </definition>
    </element>
    <element>
      <path value="MedicationPrescription.administration.id"/>
      <definition>
        <short value="External identifier"/>
        <formal value="External identifier - FHIR will generate its own internal IDs which do not need to be explicitly managed by the resource.  The identifier here is one that would be used by another non-FHIR system - for example a re-imbursement system might issue its own id for each prescription that is created.  This is particularly important where FHIR only provides part of an erntire workflow process where records have to be tracked through an entire system."/>
        <min value="0"/>
        <max value="*"/>
        <type>
          <code value="Identifier"/>
        </type>
        <mustUnderstand value="false"/>
      </definition>
    </element>
    <element>
      <path value="MedicationPrescription.administration.medication"/>
      <definition>
        <short value="Medication to be taken"/>
        <formal value="Identifies the medication being administered. This is either a link to a resource representing the details of the medication or a simple attribute carrying a code that identifies the medication from a known list of medications."/>
        <min value="0"/>
        <max value="1"/>
        <type>
          <code value="Resource(Medication)"/>
        </type>
        <mustUnderstand value="false"/>
      </definition>
    </element>
    <element>
      <path value="MedicationPrescription.administration.dosage"/>
      <definition>
        <short value="Medicine administration instructions to the patient/carer"/>
        <formal value="Indicates how the medication is to be used by the patient"/>
        <min value="0"/>
        <max value="*"/>
        <mustUnderstand value="false"/>
      </definition>
    </element>
    <element>
      <path value="MedicationPrescription.administration.dosage.timing"/>
      <definition>
        <short value="Medication timing"/>
        <formal value="The timing schedule for giving the medication to the patient.  The Schedule data type allows many different expressions, for example.  &quot;Every  8 hours&quot;; &quot;Three times a day&quot;; &quot;1/2 an hour before breakfast for 10 days from 23-Dec 2011:&quot;;  &quot;15 Oct 2013, 17 Oct 2013 and 1 Nov 2013&quot;"/>
        <min value="0"/>
        <max value="1"/>
        <type>
          <code value="Schedule"/>
        </type>
        <mustUnderstand value="false"/>
      </definition>
    </element>
    <element>
      <path value="MedicationPrescription.administration.dosage.site"/>
      <definition>
        <short value="Entry site"/>
        <formal value="A coded specification of the anatomic site where the medication first enters the body"/>
        <min value="0"/>
        <max value="1"/>
        <type>
          <code value="CodeableConcept"/>
        </type>
        <mustUnderstand value="false"/>
        <binding value="ApproachSite"/>
      </definition>
    </element>
    <element>
      <path value="MedicationPrescription.administration.dosage.route"/>
      <definition>
        <short value="Rout of administration"/>
        <formal value="A code specifying the route or physiological path of administration of a therapeutic agent into or onto a subject."/>
        <min value="0"/>
        <max value="1"/>
        <type>
          <code value="CodeableConcept"/>
        </type>
        <mustUnderstand value="false"/>
        <binding value="RouteOfAdministration"/>
      </definition>
    </element>
    <element>
      <path value="MedicationPrescription.administration.dosage.method"/>
      <definition>
        <short value="Administration method"/>
        <formal value="A coded value indicating the method by which the medication is introduced into or onto the body. Most commonly used for injections.  Examples:  Slow Push; Deep IV.

Terminologies used often pre-coordinate this term with the route and or form of administration."/>
        <comments value="SubstanceAdministration.methodCode"/>
        <min value="0"/>
        <max value="1"/>
        <type>
          <code value="CodeableConcept"/>
        </type>
        <mustUnderstand value="false"/>
        <binding value="MedicationAdministrationMethod"/>
      </definition>
    </element>
    <element>
      <path value="MedicationPrescription.administration.dosage.quantity"/>
      <definition>
        <short value="Dose quantity per dose"/>
        <formal value="The amount of the therapeutic or other substance given at one administration event."/>
        <min value="0"/>
        <max value="1"/>
        <type>
          <code value="Quantity"/>
        </type>
        <mustUnderstand value="false"/>
      </definition>
    </element>
    <element>
      <path value="MedicationPrescription.administration.dosage.rate"/>
      <definition>
        <short value="Dose quantity per unit of time"/>
        <formal value="Identifies the speed with which the substance is introduced into the subject. Typically the rate for an infusion. 200ml in 2 hours."/>
        <min value="0"/>
        <max value="1"/>
        <type>
          <code value="Ratio"/>
        </type>
        <mustUnderstand value="false"/>
      </definition>
    </element>
    <element>
      <path value="MedicationPrescription.administration.dosage.maxDosePerPeriod"/>
      <definition>
        <short value="Total dose that should be consumed per unit of time"/>
        <formal value="The maximum total quantity of a therapeutic substance that my be administered to a subject over the period of time. E.g. 1000mg in 24 hours."/>
        <min value="0"/>
        <max value="1"/>
        <type>
          <code value="Ratio"/>
        </type>
        <mustUnderstand value="false"/>
      </definition>
    </element>
    <element>
      <path value="MedicationPrescription.dispense"/>
      <definition>
        <short value="Dispense request"/>
        <formal value="Deals with details of the dispense part of the order"/>
        <min value="0"/>
        <max value="1"/>
        <mustUnderstand value="false"/>
      </definition>
    </element>
    <element>
      <path value="MedicationPrescription.dispense.id"/>
      <definition>
        <short value="External identifier"/>
        <formal value="External identifier - FHIR will generate its own internal IDs which do not need to be explicitly managed by the resource.  The identifier here is one that would be used by another non-FHIR system - for example a re-imbursement system might issue its own id for each prescription that is created.  This is particularly important where FHIR only provides part of an erntire workflow process where records have to be tracked through an entire system."/>
        <min value="0"/>
        <max value="*"/>
        <type>
          <code value="Identifier"/>
        </type>
        <mustUnderstand value="false"/>
      </definition>
    </element>
    <element>
      <path value="MedicationPrescription.dispense.validityPeriod"/>
      <definition>
        <short value="Validity period"/>
        <formal value="Design Comments: This indicates the validity period of a prescription (stale dating the Prescription) 
It reflects the prescriber perspective for the validity of the prescription. Dispenses must not be made against the prescription outside of this period. The lower-bound of the Dispensing Window signifies the earliest date that the prescription can be filled for the first time. If an upper-bound is not specified then the Prescription is open-ended or will default to a stale-date based on regulations. 
Rationale: Indicates when the Prescription becomes valid, and when it ceases to be a dispensable Prescription."/>
        <min value="0"/>
        <max value="1"/>
        <type>
          <code value="Period"/>
        </type>
        <mustUnderstand value="false"/>
      </definition>
    </element>
    <element>
      <path value="MedicationPrescription.dispense.numberOfRepeatsAllowed"/>
      <definition>
        <short value="Number of repeats allowed"/>
        <formal value="An integer indicating the number of repeats of the Dispense. 
UsageNotes: For example, the number of times the prescribed quantity is to be supplied including the initial standard fill."/>
        <min value="0"/>
        <max value="1"/>
        <type>
          <code value="integer"/>
        </type>
        <mustUnderstand value="false"/>
      </definition>
    </element>
    <element>
      <path value="MedicationPrescription.dispense.quantity"/>
      <definition>
        <short value="Quanity"/>
        <formal value="The amount that is to be dispensed."/>
        <min value="0"/>
        <max value="1"/>
        <type>
          <code value="Quantity"/>
        </type>
        <mustUnderstand value="false"/>
      </definition>
    </element>
    <element>
      <path value="MedicationPrescription.dispense.expectedSupplyDuration"/>
      <definition>
        <short value="Expected supply duration"/>
        <formal value="Identifies the period time over which the supplied product is expected to be used, or the length of time the dispense is expected to last. 
In some situations, this attribute may be used instead of quantity to identify the amount supplied by how long it is expected to last, rather than the physical quantity issued. E.g. 90 days supply of medication (based on an ordered dosage) When possible, it is always better to specify quantity, as this tends to be more precise. expectedSupplyDuration will always be an estimate that can be influenced by external factors."/>
        <min value="0"/>
        <max value="1"/>
        <type>
          <code value="Duration"/>
        </type>
        <mustUnderstand value="false"/>
      </definition>
    </element>
    <element>
      <path value="MedicationPrescription.substitution"/>
      <definition>
        <short value="Deals with substitution of one medicine for another"/>
        <formal value="Indicates whether or not substitution can or should as part of the dispense.  In some cases substitution must  happen, in other cases substitution must not happen, and in others it does not matter.  This block explains the prescribers intent.  If nothing is specified substitution may be done."/>
        <min value="0"/>
        <max value="1"/>
        <mustUnderstand value="false"/>
      </definition>
    </element>
    <element>
      <path value="MedicationPrescription.substitution.type"/>
      <definition>
        <short value="Type of substitiution"/>
        <formal value="A code signifying whether a different drug should be dispensed from what was prescribed."/>
        <min value="1"/>
        <max value="1"/>
        <type>
          <code value="CodeableConcept"/>
        </type>
        <mustUnderstand value="false"/>
        <binding value="MedicationIntendedSubstitutionType"/>
      </definition>
    </element>
    <element>
      <path value="MedicationPrescription.substitution.reason"/>
      <definition>
        <short value="Why should substitution (not) be made"/>
        <formal value="Indicates the reason for the substitution why substitution must or must not be performed."/>
        <min value="0"/>
        <max value="1"/>
        <type>
          <code value="CodeableConcept"/>
        </type>
        <mustUnderstand value="false"/>
        <binding value="MedicationIntendedSubstitutionReason"/>
      </definition>
    </element>
    <searchParam>
      <name value="identity"/>
      <type value="qtoken"/>
      <repeats value="union"/>
      <documentation value="Return dispenses with this external identity"/>
    </searchParam>
    <searchParam>
      <name value="patient"/>
      <type value="qtoken"/>
      <repeats value="single"/>
      <documentation value="The identity of a patient to list dispenses  for"/>
    </searchParam>
    <searchParam>
      <name value="_id"/>
      <type value="token"/>
      <repeats value="single"/>
      <documentation value="The logical resource id associated with the resource (must be supported by all servers)"/>
    </searchParam>
    <searchParam>
      <name value="status"/>
      <type value="token"/>
      <repeats value="union"/>
      <documentation value="Status of the prescription"/>
    </searchParam>
    <searchParam>
      <name value="reviewStatus"/>
      <type value="token"/>
      <repeats value="union"/>
      <documentation value="To be done!"/>
    </searchParam>
    <searchParam>
      <name value="encounter"/>
      <type value="qtoken"/>
      <repeats value="union"/>
      <documentation value="Return dispenses with this encounter identity"/>
    </searchParam>
    <searchParam>
      <name value="medicine"/>
      <type value="qtoken"/>
      <repeats value="union"/>
      <documentation value="Code for medicine or text in medicine name"/>
    </searchParam>
  </structure>
</Profile>