{"MedicationStatement":{"text":{"status":{"value":"generated"},"div":"<div>\n      <p>Penicillin VK 10ml suspension administered by oral route at 14:30 on 1 June 2012<\/p>\n      <p>to patient ref: a23<\/p>\n    <\/div>"},"patient":{"type":{"value":"Patient"},"url":{"value":"../patient/@example"}},"whenGiven":{"start":{"value":"2012-06-01T14:30:00"},"end":{"value":"2012-06-01T14:30:00"}},"medication":{"type":{"value":"Medication"},"url":{"value":"../medication/@example"}},"dosage":[{"route":{"coding":[{"system":{"value":"http://snomed.info"},"code":{"value":"363743006"},"display":{"value":"oral administration of treatment"}}]},"quantity":{"value":{"value":"10"},"units":{"value":"ml"},"system":{"value":"http://unitsofmeasure.org"},"code":{"value":"ml"}}}]}}