{"Medication":{"text":{"status":{"value":"generated"},"div":"<div>123456789: Penicillin VK oral suspension 125mg/5ml<\/div>"},"name":{"value":"Penicillin VK oral suspension 125mg/5ml"},"code":{"coding":[{"system":{"value":"http://snomed.info"},"code":{"value":"323418000"},"display":{"value":"Phenoxymethylpenicillin 125mg/5mL oral solution (product)"}},{"system":{"value":"http://nehta.gov.au/amt/v2"},"code":{"value":"22571011000036102"},"display":{"value":"phenoxymethylpenicillin 125 mg / 5 mL oral liquid, 5 mL measure"}}]},"isBrand":{"value":"false"},"kind":{"value":"product"},"product":{"form":{"coding":[{"system":{"value":"http://snomed.info"},"code":{"value":"37595005"},"display":{"value":"Suspension"}}]}}}}