{"MedicationPrescription":{"text":{"status":{"value":"generated"},"div":"<div>\n      <p>Penicillin VK 10ml suspension to be administered by oral route<\/p>\n      <p>ONE 5ml spoonful to be taken THREE times a day<\/p>\n      <p>100ml bottle<\/p>\n      <p>to patient ref: a23<\/p>\n      <p>by doctor X<\/p>\n    <\/div>"},"status":{"coding":[{"system":{"value":"./MedPrescStatus"},"code":{"value":"completed"},"display":{"value":"The prescribing of the medication has finished"}}]},"patient":{"type":{"value":"Patient"},"url":{"value":"../patient/@example"}},"prescriber":{"type":{"value":"Practitioner"},"url":{"value":"../practitioner/@example"}},"administration":[{"medication":{"type":{"value":"Medication"},"url":{"value":"../medication/@example"}},"dosage":[{"timing":{"repeat":{"frequency":{"value":"3"},"duration":{"value":"1"},"units":{"value":"d"}}},"route":{"coding":[{"system":{"value":"http://snomed.info"},"code":{"value":"363743006"},"display":{"value":"oral administration of treatment"}}]},"quantity":{"value":{"value":"10"},"units":{"value":"ml"},"system":{"value":"http://unitsofmeasure.org"},"code":{"value":"ml"}}}]}],"dispense":{"quantity":{"value":{"value":"100"},"units":{"value":"ml"},"system":{"value":"http://unitsofmeasure.org"},"code":{"value":"ml"}}}}}