<?xml version="1.0" encoding="UTF-8"?>

<Profile xmlns="http://hl7.org/fhir">
  <text>
    <status value="generated"/><div xmlns="http://www.w3.org/1999/xhtml"><pre>
&lt;<a title="Describes the event of a patient being given a dose of a medication.  This may be as simple as swallowing a tablet or it may be a long running infusion.

Related resources tie this event to the authorizing prescription, and the specific visit between patient and health care practitioner" class="dict" href="medicationadministration-definitions.htm#MedicationAdministration"><b>MedicationAdministration</b></a> xmlns=&quot;http://hl7.org/fhir&quot;&gt;
 &lt;<a title="External identifier - FHIR will generate its own internal IDs (probably URLs) which do not need to be explicitly managed by the resource.  The identifier here is one that would be used by another non-FHIR system - for example an automated medication pump would provide a record each time it operated; an administration while the patient was off the ward might be made with a different system and entered after the event.  Particularly important if these records have to be updated." class="dict" href="medicationadministration-definitions.htm#MedicationAdministration.id"><b>id</b></a>&gt;<span style="color: Gray">&lt;!--</span> <span style="color: brown"><b>0..*</b></span> <span style="color: darkgreen"><a href="datatypes.htm#Identifier">Identifier</a></span> <span style="color: navy">External Identifier</span><span style="color: Gray"> --&gt;</span>&lt;/id&gt;
 &lt;<a title="Will generally be set to show that the administration has been completed.  For some long running administrations such as infusions it is possible for an administration to be started but not completed or it may be paused while some other process is under way." class="dict" href="medicationadministration-definitions.htm#MedicationAdministration.status"><b>status</b></a> value=&quot;[<span style="color: darkgreen"><a href="datatypes.htm#code">code</a></span>]&quot;/&gt;<span style="color: Gray">&lt;!--</span> <span style="color: brown"><b>1..1</b></span> <span style="color: navy">Administration event status</span><span style="color: Gray"> --&gt;</span>
 &lt;<a title="A link to a resource representing the person to whom the medication was given." class="dict" href="medicationadministration-definitions.htm#MedicationAdministration.patient"><b>patient</b></a>&gt;<span style="color: Gray">&lt;!--</span> <span style="color: brown"><b>1..1</b></span> <span style="color: darkgreen"><a href="resources.htm#Resource">Resource</a>(<a href="patient.htm#Patient">Patient</a>)</span> <span style="color: navy">Patient</span><span style="color: Gray"> --&gt;</span>&lt;/patient&gt;
 &lt;<a title="This is the individual who is responsible for giving the medication to the patient." class="dict" href="medicationadministration-definitions.htm#MedicationAdministration.practitioner"><b>practitioner</b></a>&gt;<span style="color: Gray">&lt;!--</span> <span style="color: brown"><b>1..1</b></span> <span style="color: darkgreen"><a href="resources.htm#Resource">Resource</a>(<a href="practitioner.htm#Practitioner">Practitioner</a>)</span> <span style="color: navy">Practitioner (responsible Health Care professional)</span><span style="color: Gray"> --&gt;</span>&lt;/practitioner&gt;
 &lt;<a title="An link to a resource that identifies the particular occurrence of contact between patient and health care provider." class="dict" href="medicationadministration-definitions.htm#MedicationAdministration.visit"><b>visit</b></a>&gt;<span style="color: Gray">&lt;!--</span> <span style="color: brown"><b>0..1</b></span> <span style="color: darkgreen"><a href="resources.htm#Resource">Resource</a>(<a href="visit.htm#Visit">Visit</a>)</span> <span style="color: navy">Current Encounter / Admission</span><span style="color: Gray"> --&gt;</span>&lt;/visit&gt;
 &lt;<a title="A link to a resource that provides the original request, instruction and authority to perform the administration." class="dict" href="medicationadministration-definitions.htm#MedicationAdministration.prescription"><b>prescription</b></a>&gt;<span style="color: Gray">&lt;!--</span> <span style="color: brown"><b>1..1</b></span> <span style="color: darkgreen"><a href="resources.htm#Resource">Resource</a>(<a href="medicationprescription.htm#MedicationPrescription">MedicationPrescription</a>)</span> <span style="color: navy">Prescription</span><span style="color: Gray"> --&gt;</span>&lt;/prescription&gt;
 &lt;<a title="Set this to true if the record is saying that the medication was NOT administered." class="dict" href="medicationadministration-definitions.htm#MedicationAdministration.wasNotGiven"><b>wasNotGiven</b></a> value=&quot;[<span style="color: darkgreen"><a href="datatypes.htm#boolean">boolean</a></span>]&quot;/&gt;<span style="color: Gray">&lt;!--</span> <span style="color: brown"><b>0..1</b></span> <span style="color: navy">Is event negated</span><span style="color: Gray"> --&gt;</span>
 &lt;<a title="A code indicating why the administration has been negated.

Use only if isNegated is set to TRUE" class="dict" href="medicationadministration-definitions.htm#MedicationAdministration.reasonNotGiven"><b>reasonNotGiven</b></a>&gt;<span style="color: Gray">&lt;!--</span> <span style="color: brown"><b>0..*</b></span> <span style="color: darkgreen"><a href="datatypes.htm#CodeableConcept">CodeableConcept</a></span> <span style="color: navy">Reason event is negated</span><span style="color: Gray"> --&gt;</span>&lt;/reasonNotGiven&gt;
 &lt;<a title="An interval of time during which the administration takes place.  For many administrations, such as swallowing a tablet the lower and upper values of the interval will be the same." class="dict" href="medicationadministration-definitions.htm#MedicationAdministration.whenGiven"><b>whenGiven</b></a>&gt;<span style="color: Gray">&lt;!--</span> <span style="color: brown"><b>1..1</b></span> <span style="color: darkgreen"><a href="datatypes.htm#Period">Period</a></span> <span style="color: navy">Effective time</span><span style="color: Gray"> --&gt;</span>&lt;/whenGiven&gt;
 &lt;<a title="Identifies the medication being administered. This is either a link to a resource representing the details of the medication or a simple attribute carrying a code that identifies the medication from a known list of medications." class="dict" href="medicationadministration-definitions.htm#MedicationAdministration.medication"><b>medication</b></a>&gt;<span style="color: Gray">&lt;!--</span> <span style="color: brown"><b>0..1</b></span> <span style="color: darkgreen"><a href="resources.htm#Resource">Resource</a>(<a href="medication.htm#Medication">Medication</a>)</span> <span style="color: navy">Medication</span><span style="color: Gray"> --&gt;</span>&lt;/medication&gt;
 &lt;<a title="An identifier or a link to a resource that identifies a device used in administering the medication to the patient." class="dict" href="medicationadministration-definitions.htm#MedicationAdministration.administrationDevice"><b>administrationDevice</b></a>&gt;<span style="color: Gray">&lt;!--</span> <span style="color: brown"><b>0..*</b></span> <span style="color: darkgreen"><a href="resources.htm#Resource">Resource</a>(<a href="device.htm#Device">Device</a>)</span> <span style="color: navy">Administration device</span><span style="color: Gray"> --&gt;</span>&lt;/administrationDevice&gt;
 &lt;<a title="Indicates how the medication is to be used by the patient" class="dict" href="medicationadministration-definitions.htm#MedicationAdministration.dosage"><b>dosage</b></a>&gt;  <span style="color: Gray">&lt;!-- <span style="color: brown"><b>0..*</b></span> Medicine administration instructions to the patient/carer --&gt;</span>
  &lt;<a title="The timing schedule for giving the medication to the patient.  The Schedule data type allows many different expressions, for example.  &quot;Every  8 hours&quot;; &quot;Three times a day&quot;; &quot;1/2 an hour before breakfast for 10 days from 23-Dec 2011:&quot;;  &quot;15 Oct 2013, 17 Oct 2013 and 1 Nov 2013&quot;" class="dict" href="medicationadministration-definitions.htm#MedicationAdministration.dosage.timing"><b>timing</b></a>&gt;<span style="color: Gray">&lt;!--</span> <span style="color: brown"><b>0..1</b></span> <span style="color: darkgreen"><a href="datatypes.htm#Schedule">Schedule</a></span> <span style="color: navy">Medication timing</span><span style="color: Gray"> --&gt;</span>&lt;/timing&gt;
  &lt;<a title="A coded specification of the anatomic site where the medication first enters the body" class="dict" href="medicationadministration-definitions.htm#MedicationAdministration.dosage.site"><b>site</b></a>&gt;<span style="color: Gray">&lt;!--</span> <span style="color: brown"><b>0..1</b></span> <span style="color: darkgreen"><a href="datatypes.htm#CodeableConcept">CodeableConcept</a></span> <span style="color: navy">Entry site</span><span style="color: Gray"> --&gt;</span>&lt;/site&gt;
  &lt;<a title="A code specifying the route or physiological path of administration of a therapeutic agent into or onto a subject." class="dict" href="medicationadministration-definitions.htm#MedicationAdministration.dosage.route"><b>route</b></a>&gt;<span style="color: Gray">&lt;!--</span> <span style="color: brown"><b>0..1</b></span> <span style="color: darkgreen"><a href="datatypes.htm#CodeableConcept">CodeableConcept</a></span> <span style="color: navy">Rout of administration</span><span style="color: Gray"> --&gt;</span>&lt;/route&gt;
  &lt;<a title="A coded value indicating the method by which the medication is introduced into or onto the body. Most commonly used for injections.  Examples:  Slow Push; Deep IV.

Terminologies used often pre-coordinate this term with the route and or form of administration." class="dict" href="medicationadministration-definitions.htm#MedicationAdministration.dosage.method"><b>method</b></a>&gt;<span style="color: Gray">&lt;!--</span> <span style="color: brown"><b>0..1</b></span> <span style="color: darkgreen"><a href="datatypes.htm#CodeableConcept">CodeableConcept</a></span> <span style="color: navy">Administration method</span><span style="color: Gray"> --&gt;</span>&lt;/method&gt;
  &lt;<a title="The amount of the therapeutic or other substance given at one administration event." class="dict" href="medicationadministration-definitions.htm#MedicationAdministration.dosage.quantity"><b>quantity</b></a>&gt;<span style="color: Gray">&lt;!--</span> <span style="color: brown"><b>0..1</b></span> <span style="color: darkgreen"><a href="datatypes.htm#Quantity">Quantity</a></span> <span style="color: navy">Dose quantity per dose</span><span style="color: Gray"> --&gt;</span>&lt;/quantity&gt;
  &lt;<a title="Identifies the speed with which the substance is introduced into the subject. Typically the rate for an infusion. 200ml in 2 hours." class="dict" href="medicationadministration-definitions.htm#MedicationAdministration.dosage.rate"><b>rate</b></a>&gt;<span style="color: Gray">&lt;!--</span> <span style="color: brown"><b>0..1</b></span> <span style="color: darkgreen"><a href="datatypes.htm#Ratio">Ratio</a></span> <span style="color: navy">Dose quantity per unit of time</span><span style="color: Gray"> --&gt;</span>&lt;/rate&gt;
  &lt;<a title="The maximum total quantity of a therapeutic substance that my be administered to a subject over the period of time. E.g. 1000mg in 24 hours." class="dict" href="medicationadministration-definitions.htm#MedicationAdministration.dosage.maxDosePerPeriod"><b>maxDosePerPeriod</b></a>&gt;<span style="color: Gray">&lt;!--</span> <span style="color: brown"><b>0..1</b></span> <span style="color: darkgreen"><a href="datatypes.htm#Ratio">Ratio</a></span> <span style="color: navy">Total dose that should be consumed per unit of time</span><span style="color: Gray"> --&gt;</span>&lt;/maxDosePerPeriod&gt;
 &lt;/dosage&gt;
&lt;/MedicationAdministration&gt;
</pre></div>
  </text>
  <name value="medicationadministration"/>
  <author>
    <name value="todo (committee)"/>
  </author>
  <description value="Basic Profile. Describes the event of a patient being given a dose of a medication.  This may be as simple as swallowing a tablet or it may be a long running infusion.

Related resources tie this event to the authorizing prescription, and the specific visit between patient and health care practitioner"/>
  <status>
    <code value="testing"/>
    <date value="2013-05-06"/>
  </status>
  <structure>
    <type value="MedicationAdministration"/>
    <element>
      <path value="MedicationAdministration"/>
      <definition>
        <short value="Administration of medication to a patient"/>
        <formal value="Describes the event of a patient being given a dose of a medication.  This may be as simple as swallowing a tablet or it may be a long running infusion.

Related resources tie this event to the authorizing prescription, and the specific visit between patient and health care practitioner"/>
        <min value="1"/>
        <max value="1"/>
        <type>
          <code value="Resource"/>
        </type>
        <mustUnderstand value="false"/>
      </definition>
    </element>
    <element>
      <path value="MedicationAdministration.extension"/>
      <definition>
        <short value="Additional Content defined by implementations"/>
        <formal value="May be used to represent additional information that is not part of the basic definition of the resource. In order to make the use of extensions safe and manageable, there is a strict governance applied to the definition and use of extensions. Though any implementer is allowed to define an extension, there is a set of requirements that must be met as part of the definition of the extension"/>
        <comments value="there can be no stigma
associated with the use of extensions by any application, project, or standard - regardless of the institution or jurisdiction that uses or defines the extensions.  The use of extensions is what allows the FHIR specification to retain a core simplicity for everyone"/>
        <synonym value="extensions"/>
        <synonym value="user content"/>
        <min value="0"/>
        <max value="*"/>
        <type>
          <code value="Extension"/>
        </type>
      </definition>
    </element>
    <element>
      <path value="MedicationAdministration.text"/>
      <definition>
        <short value="Text summary of the resource, for human interpretation"/>
        <formal value="A human readable narrative that contains a summary of the resource, and may be used to represent the content of the resource to a human. The narrative need not encode all the structured data, but is required to contain sufficient detail to make it &quot;clinically safe&quot; for a human to just read the narrative. Resource definitions may define what content should be represented in the narrative to ensure clinical safety"/>
        <comments value="Contained resources do not have narrative. Resources that are not contained SHOULD have a narrative"/>
        <synonym value="narrative"/>
        <synonym value="html"/>
        <synonym value="xhtml"/>
        <synonym value="display"/>
        <min value="0"/>
        <max value="1"/>
        <type>
          <code value="Narrative"/>
        </type>
      </definition>
    </element>
    <element>
      <path value="MedicationAdministration.contained"/>
      <definition>
        <short value="Contained, inline Resources"/>
        <formal value="These resources do not have an independent existence apart from the resource that contains them - they cannot be identified independently, and nor can they have their own independent transaction scope"/>
        <comments value="This should never be done when the content can be identified properly, as once identification is lost, it is extremely difficult (and context dependent) to restore it again"/>
        <synonym value="inline resources"/>
        <synonym value="anonymous resources"/>
        <synonym value="contained resources"/>
        <min value="0"/>
        <max value="*"/>
        <type>
          <code value="Resource"/>
        </type>
      </definition>
    </element>
    <element>
      <path value="MedicationAdministration.id"/>
      <definition>
        <short value="External Identifier"/>
        <formal value="External identifier - FHIR will generate its own internal IDs (probably URLs) which do not need to be explicitly managed by the resource.  The identifier here is one that would be used by another non-FHIR system - for example an automated medication pump would provide a record each time it operated; an administration while the patient was off the ward might be made with a different system and entered after the event.  Particularly important if these records have to be updated."/>
        <min value="0"/>
        <max value="*"/>
        <type>
          <code value="Identifier"/>
        </type>
        <mustUnderstand value="false"/>
      </definition>
    </element>
    <element>
      <path value="MedicationAdministration.status"/>
      <definition>
        <short value="Administration event status"/>
        <formal value="Will generally be set to show that the administration has been completed.  For some long running administrations such as infusions it is possible for an administration to be started but not completed or it may be paused while some other process is under way."/>
        <min value="1"/>
        <max value="1"/>
        <type>
          <code value="code"/>
        </type>
        <mustUnderstand value="false"/>
        <binding value="MedicationAdministrationStatus"/>
      </definition>
    </element>
    <element>
      <path value="MedicationAdministration.patient"/>
      <definition>
        <short value="Patient"/>
        <formal value="A link to a resource representing the person to whom the medication was given."/>
        <min value="1"/>
        <max value="1"/>
        <type>
          <code value="Resource(Patient)"/>
        </type>
        <mustUnderstand value="false"/>
      </definition>
    </element>
    <element>
      <path value="MedicationAdministration.practitioner"/>
      <definition>
        <short value="Practitioner (responsible Health Care professional)"/>
        <formal value="This is the individual who is responsible for giving the medication to the patient."/>
        <min value="1"/>
        <max value="1"/>
        <type>
          <code value="Resource(Practitioner)"/>
        </type>
        <mustUnderstand value="false"/>
      </definition>
    </element>
    <element>
      <path value="MedicationAdministration.visit"/>
      <definition>
        <short value="Current Encounter / Admission"/>
        <formal value="An link to a resource that identifies the particular occurrence of contact between patient and health care provider."/>
        <min value="0"/>
        <max value="1"/>
        <type>
          <code value="Resource(Visit)"/>
        </type>
        <mustUnderstand value="false"/>
      </definition>
    </element>
    <element>
      <path value="MedicationAdministration.prescription"/>
      <definition>
        <short value="Prescription"/>
        <formal value="A link to a resource that provides the original request, instruction and authority to perform the administration."/>
        <min value="1"/>
        <max value="1"/>
        <type>
          <code value="Resource(MedicationPrescription)"/>
        </type>
        <mustUnderstand value="false"/>
      </definition>
    </element>
    <element>
      <path value="MedicationAdministration.wasNotGiven"/>
      <definition>
        <short value="Is event negated"/>
        <formal value="Set this to true if the record is saying that the medication was NOT administered."/>
        <min value="0"/>
        <max value="1"/>
        <type>
          <code value="boolean"/>
        </type>
        <mustUnderstand value="false"/>
      </definition>
    </element>
    <element>
      <path value="MedicationAdministration.reasonNotGiven"/>
      <definition>
        <short value="Reason event is negated"/>
        <formal value="A code indicating why the administration has been negated.

Use only if isNegated is set to TRUE"/>
        <min value="0"/>
        <max value="*"/>
        <type>
          <code value="CodeableConcept"/>
        </type>
        <mustUnderstand value="false"/>
        <binding value="MedicationAdministrationNegationReason"/>
      </definition>
    </element>
    <element>
      <path value="MedicationAdministration.whenGiven"/>
      <definition>
        <short value="Effective time"/>
        <formal value="An interval of time during which the administration takes place.  For many administrations, such as swallowing a tablet the lower and upper values of the interval will be the same."/>
        <min value="1"/>
        <max value="1"/>
        <type>
          <code value="Period"/>
        </type>
        <mustUnderstand value="false"/>
      </definition>
    </element>
    <element>
      <path value="MedicationAdministration.medication"/>
      <definition>
        <short value="Medication"/>
        <formal value="Identifies the medication being administered. This is either a link to a resource representing the details of the medication or a simple attribute carrying a code that identifies the medication from a known list of medications."/>
        <min value="0"/>
        <max value="1"/>
        <type>
          <code value="Resource(Medication)"/>
        </type>
        <mustUnderstand value="false"/>
      </definition>
    </element>
    <element>
      <path value="MedicationAdministration.administrationDevice"/>
      <definition>
        <short value="Administration device"/>
        <formal value="An identifier or a link to a resource that identifies a device used in administering the medication to the patient."/>
        <min value="0"/>
        <max value="*"/>
        <type>
          <code value="Resource(Device)"/>
        </type>
        <mustUnderstand value="false"/>
      </definition>
    </element>
    <element>
      <path value="MedicationAdministration.dosage"/>
      <definition>
        <short value="Medicine administration instructions to the patient/carer"/>
        <formal value="Indicates how the medication is to be used by the patient"/>
        <min value="0"/>
        <max value="*"/>
        <constraint>
          <id value="1"/>
          <name value="Dose"/>
          <severity value="error"/>
          <human value="Must have at least one of dosage.quantity and dosage.rate"/>
          <xpath value="exists(f:quantity) or exists(f:rate)"/>
        </constraint>
        <mustUnderstand value="false"/>
      </definition>
    </element>
    <element>
      <path value="MedicationAdministration.dosage.timing"/>
      <definition>
        <short value="Medication timing"/>
        <formal value="The timing schedule for giving the medication to the patient.  The Schedule data type allows many different expressions, for example.  &quot;Every  8 hours&quot;; &quot;Three times a day&quot;; &quot;1/2 an hour before breakfast for 10 days from 23-Dec 2011:&quot;;  &quot;15 Oct 2013, 17 Oct 2013 and 1 Nov 2013&quot;"/>
        <min value="0"/>
        <max value="1"/>
        <type>
          <code value="Schedule"/>
        </type>
        <mustUnderstand value="false"/>
      </definition>
    </element>
    <element>
      <path value="MedicationAdministration.dosage.site"/>
      <definition>
        <short value="Entry site"/>
        <formal value="A coded specification of the anatomic site where the medication first enters the body"/>
        <min value="0"/>
        <max value="1"/>
        <type>
          <code value="CodeableConcept"/>
        </type>
        <mustUnderstand value="false"/>
        <binding value="ApproachSite"/>
      </definition>
    </element>
    <element>
      <path value="MedicationAdministration.dosage.route"/>
      <definition>
        <short value="Rout of administration"/>
        <formal value="A code specifying the route or physiological path of administration of a therapeutic agent into or onto a subject."/>
        <min value="0"/>
        <max value="1"/>
        <type>
          <code value="CodeableConcept"/>
        </type>
        <mustUnderstand value="false"/>
        <binding value="RouteOfAdministration"/>
      </definition>
    </element>
    <element>
      <path value="MedicationAdministration.dosage.method"/>
      <definition>
        <short value="Administration method"/>
        <formal value="A coded value indicating the method by which the medication is introduced into or onto the body. Most commonly used for injections.  Examples:  Slow Push; Deep IV.

Terminologies used often pre-coordinate this term with the route and or form of administration."/>
        <min value="0"/>
        <max value="1"/>
        <type>
          <code value="CodeableConcept"/>
        </type>
        <mustUnderstand value="false"/>
        <binding value="MedicationAdministrationMethod"/>
      </definition>
    </element>
    <element>
      <path value="MedicationAdministration.dosage.quantity"/>
      <definition>
        <short value="Dose quantity per dose"/>
        <formal value="The amount of the therapeutic or other substance given at one administration event."/>
        <min value="0"/>
        <max value="1"/>
        <type>
          <code value="Quantity"/>
        </type>
        <mustUnderstand value="false"/>
      </definition>
    </element>
    <element>
      <path value="MedicationAdministration.dosage.rate"/>
      <definition>
        <short value="Dose quantity per unit of time"/>
        <formal value="Identifies the speed with which the substance is introduced into the subject. Typically the rate for an infusion. 200ml in 2 hours."/>
        <min value="0"/>
        <max value="1"/>
        <type>
          <code value="Ratio"/>
        </type>
        <mustUnderstand value="false"/>
      </definition>
    </element>
    <element>
      <path value="MedicationAdministration.dosage.maxDosePerPeriod"/>
      <definition>
        <short value="Total dose that should be consumed per unit of time"/>
        <formal value="The maximum total quantity of a therapeutic substance that my be administered to a subject over the period of time. E.g. 1000mg in 24 hours."/>
        <min value="0"/>
        <max value="1"/>
        <type>
          <code value="Ratio"/>
        </type>
        <mustUnderstand value="false"/>
      </definition>
    </element>
    <searchParam>
      <name value="identity"/>
      <type value="qtoken"/>
      <repeats value="union"/>
      <documentation value="Return administrations with this external identity"/>
    </searchParam>
    <searchParam>
      <name value="patient"/>
      <type value="qtoken"/>
      <repeats value="single"/>
      <documentation value="The identity of a patient to list administrations  for"/>
    </searchParam>
    <searchParam>
      <name value="_id"/>
      <type value="token"/>
      <repeats value="single"/>
      <documentation value="The logical resource id associated with the resource (must be supported by all servers)"/>
    </searchParam>
    <searchParam>
      <name value="status"/>
      <type value="token"/>
      <repeats value="union"/>
      <documentation value="Status of the administration"/>
    </searchParam>
    <searchParam>
      <name value="prescription"/>
      <type value="qtoken"/>
      <repeats value="single"/>
      <documentation value="The identity of a prescription to list administrations from"/>
    </searchParam>
    <searchParam>
      <name value="notGiven"/>
      <type value="token"/>
      <repeats value="union"/>
      <documentation value="Is event negated"/>
    </searchParam>
    <searchParam>
      <name value="whenGiven"/>
      <type value="date"/>
      <repeats value="single"/>
      <documentation value="Date of administration"/>
    </searchParam>
    <searchParam>
      <name value="medicineCode"/>
      <type value="qtoken"/>
      <repeats value="union"/>
      <documentation value="Code for medicine or text in medicine name"/>
    </searchParam>
    <searchParam>
      <name value="visit"/>
      <type value="qtoken"/>
      <repeats value="union"/>
      <documentation value="Current Encounter / Admission"/>
    </searchParam>
    <searchParam>
      <name value="administrationDevice"/>
      <type value="qtoken"/>
      <repeats value="union"/>
      <documentation value="Return administrations with this administration device identity"/>
    </searchParam>
  </structure>
</Profile>