<?xml version="1.0" encoding="UTF-8"?>

<Profile xmlns="http://hl7.org/fhir">
  <text>
    <status value="generated"/><div xmlns="http://www.w3.org/1999/xhtml"><pre>
&lt;<a title="This is primarily for identification and definition of Medication, but also covers ingredients and packaging" class="dict" href="medication-definitions.htm#Medication"><b>Medication</b></a> xmlns=&quot;http://hl7.org/fhir&quot;&gt;
 &lt;<a title="The common name of the medication" class="dict" href="medication-definitions.htm#Medication.name"><b>name</b></a> value=&quot;[<span style="color: darkgreen"><a href="datatypes.htm#string">string</a></span>]&quot;/&gt;<span style="color: Gray">&lt;!--</span> <span style="color: brown"><b>0..1</b></span> <span style="color: navy">Common / Commercial name</span><span style="color: Gray"> --&gt;</span>
 &lt;<a title="References to codes for this medication in standard medication terminologies, drug dictionaries, etc" class="dict" href="medication-definitions.htm#Medication.code"><b>code</b></a>&gt;<span style="color: Gray">&lt;!--</span> <span style="color: brown"><b>0..1</b></span> <span style="color: darkgreen"><a href="datatypes.htm#CodeableConcept">CodeableConcept</a></span> <span style="color: navy">References to std. medication terminologies</span><span style="color: Gray"> --&gt;</span>&lt;/code&gt;
 &lt;<a title="Set to true if the item is attributable to a specific manufacturer (even if we don&#39;t know who that is)" class="dict" href="medication-definitions.htm#Medication.isBrand"><b>isBrand</b></a> value=&quot;[<span style="color: darkgreen"><a href="datatypes.htm#boolean">boolean</a></span>]&quot;/&gt;<span style="color: Gray">&lt;!--</span> <span style="color: brown"><b>0..1</b></span> <span style="color: navy">True if a brand</span><span style="color: Gray"> --&gt;</span>
 &lt;<a title="Describes the details of the manufacturer" class="dict" href="medication-definitions.htm#Medication.manufacturer"><b>manufacturer</b></a>&gt;<span style="color: Gray">&lt;!--</span> <span style="color: brown"><b>0..1</b></span> <span style="color: darkgreen"><a href="resources.htm#Resource">Resource</a>(<a href="organization.htm#Organization">Organization</a>)</span> <span style="color: navy">Manufacturer of the item</span><span style="color: Gray"> --&gt;</span>&lt;/manufacturer&gt;
 &lt;<a title="product | package" class="dict" href="medication-definitions.htm#Medication.kind"><b>kind</b></a> value=&quot;[<span style="color: darkgreen"><a href="datatypes.htm#code">code</a></span>]&quot;/&gt;<span style="color: Gray">&lt;!--</span> <span style="color: brown"><b>0..1</b></span> <span style="color: navy">product | package</span><span style="color: Gray"> --&gt;</span>
 &lt;<a title="If is a product" class="dict" href="medication-definitions.htm#Medication.product"><b>product</b></a>&gt;  <span style="color: Gray">&lt;!-- <span style="color: brown"><b>0..1</b></span> If is a product --&gt;</span>
  &lt;<a title="Describes the form of the item.  Powder; tables; carton" class="dict" href="medication-definitions.htm#Medication.product.form"><b>form</b></a>&gt;<span style="color: Gray">&lt;!--</span> <span style="color: brown"><b>0..1</b></span> <span style="color: darkgreen"><a href="datatypes.htm#CodeableConcept">CodeableConcept</a></span> <span style="color: navy">Powder | tablets | carton etc</span><span style="color: Gray"> --&gt;</span>&lt;/form&gt;
  &lt;<a title="The ingredients of the medication" class="dict" href="medication-definitions.htm#Medication.product.ingredient"><b>ingredient</b></a>&gt;  <span style="color: Gray">&lt;!-- <span style="color: brown"><b>0..*</b></span> Ingredients, if specified --&gt;</span>
   &lt;<a title="The actual ingredient - either a substance (simple ingredient) or another medication" class="dict" href="medication-definitions.htm#Medication.product.ingredient.item"><b>item</b></a>&gt;<span style="color: Gray">&lt;!--</span> <span style="color: brown"><b>1..1</b></span> <span style="color: darkgreen"><a href="resources.htm#Resource">Resource</a>(<a href="substance.htm#Substance">Substance</a>|<a href="medication.htm#Medication">Medication</a>)</span> <span style="color: navy">Ingredient</span><span style="color: Gray"> --&gt;</span>&lt;/item&gt;
   &lt;<a title="Specifies how many (or how much) of the items there are in this Medication.  E.g. 250 mg per tablet" class="dict" href="medication-definitions.htm#Medication.product.ingredient.amount"><b>amount</b></a>&gt;<span style="color: Gray">&lt;!--</span> <span style="color: brown"><b>0..1</b></span> <span style="color: darkgreen"><a href="datatypes.htm#Ratio">Ratio</a></span> <span style="color: navy">Amount of ingredient</span><span style="color: Gray"> --&gt;</span>&lt;/amount&gt;
  &lt;/ingredient&gt;
 &lt;/product&gt;
 &lt;<a title="Specifies Ingredient / Product / Package" class="dict" href="medication-definitions.htm#Medication.package"><b>package</b></a>&gt;  <span style="color: Gray">&lt;!-- <span style="color: brown"><b>0..1</b></span> If is a package --&gt;</span>
  &lt;<a title="The kind of container that this package comes as" class="dict" href="medication-definitions.htm#Medication.package.container"><b>container</b></a>&gt;<span style="color: Gray">&lt;!--</span> <span style="color: brown"><b>0..1</b></span> <span style="color: darkgreen"><a href="datatypes.htm#CodeableConcept">CodeableConcept</a></span> <span style="color: navy">Kind of container</span><span style="color: Gray"> --&gt;</span>&lt;/container&gt;
  &lt;<a title="A set of components that go to make up the described item." class="dict" href="medication-definitions.htm#Medication.package.content"><b>content</b></a>&gt;  <span style="color: Gray">&lt;!-- <span style="color: brown"><b>0..*</b></span> What is  in the package --&gt;</span>
   &lt;<a title="The product that is in the package" class="dict" href="medication-definitions.htm#Medication.package.content.item"><b>item</b></a>&gt;<span style="color: Gray">&lt;!--</span> <span style="color: brown"><b>1..1</b></span> <span style="color: darkgreen"><a href="resources.htm#Resource">Resource</a>(<a href="medication.htm#Medication">Medication</a>)</span> <span style="color: navy">A product in the package</span><span style="color: Gray"> --&gt;</span>&lt;/item&gt;
   &lt;<a title="The amount of the product that is in the package" class="dict" href="medication-definitions.htm#Medication.package.content.amount"><b>amount</b></a>&gt;<span style="color: Gray">&lt;!--</span> <span style="color: brown"><b>0..1</b></span> <span style="color: darkgreen"><a href="datatypes.htm#Quantity">Quantity</a></span> <span style="color: navy">Amount in the package</span><span style="color: Gray"> --&gt;</span>&lt;/amount&gt;
  &lt;/content&gt;
 &lt;/package&gt;
&lt;/Medication&gt;
</pre></div>
  </text>
  <name value="medication"/>
  <author>
    <name value="todo (committee)"/>
  </author>
  <description value="Basic Profile. This is primarily for identification and definition of Medication, but also covers ingredients and packaging"/>
  <status>
    <code value="testing"/>
    <date value="2013-05-06"/>
  </status>
  <structure>
    <type value="Medication"/>
    <element>
      <path value="Medication"/>
      <definition>
        <short value="Definition of a Medication"/>
        <formal value="This is primarily for identification and definition of Medication, but also covers ingredients and packaging"/>
        <min value="1"/>
        <max value="1"/>
        <type>
          <code value="Resource"/>
        </type>
        <mustUnderstand value="false"/>
      </definition>
    </element>
    <element>
      <path value="Medication.extension"/>
      <definition>
        <short value="Additional Content defined by implementations"/>
        <formal value="May be used to represent additional information that is not part of the basic definition of the resource. In order to make the use of extensions safe and manageable, there is a strict governance applied to the definition and use of extensions. Though any implementer is allowed to define an extension, there is a set of requirements that must be met as part of the definition of the extension"/>
        <comments value="there can be no stigma
associated with the use of extensions by any application, project, or standard - regardless of the institution or jurisdiction that uses or defines the extensions.  The use of extensions is what allows the FHIR specification to retain a core simplicity for everyone"/>
        <synonym value="extensions"/>
        <synonym value="user content"/>
        <min value="0"/>
        <max value="*"/>
        <type>
          <code value="Extension"/>
        </type>
      </definition>
    </element>
    <element>
      <path value="Medication.text"/>
      <definition>
        <short value="Text summary of the resource, for human interpretation"/>
        <formal value="A human readable narrative that contains a summary of the resource, and may be used to represent the content of the resource to a human. The narrative need not encode all the structured data, but is required to contain sufficient detail to make it &quot;clinically safe&quot; for a human to just read the narrative. Resource definitions may define what content should be represented in the narrative to ensure clinical safety"/>
        <comments value="Contained resources do not have narrative. Resources that are not contained SHOULD have a narrative"/>
        <synonym value="narrative"/>
        <synonym value="html"/>
        <synonym value="xhtml"/>
        <synonym value="display"/>
        <min value="0"/>
        <max value="1"/>
        <type>
          <code value="Narrative"/>
        </type>
      </definition>
    </element>
    <element>
      <path value="Medication.contained"/>
      <definition>
        <short value="Contained, inline Resources"/>
        <formal value="These resources do not have an independent existence apart from the resource that contains them - they cannot be identified independently, and nor can they have their own independent transaction scope"/>
        <comments value="This should never be done when the content can be identified properly, as once identification is lost, it is extremely difficult (and context dependent) to restore it again"/>
        <synonym value="inline resources"/>
        <synonym value="anonymous resources"/>
        <synonym value="contained resources"/>
        <min value="0"/>
        <max value="*"/>
        <type>
          <code value="Resource"/>
        </type>
      </definition>
    </element>
    <element>
      <path value="Medication.name"/>
      <definition>
        <short value="Common / Commercial name"/>
        <formal value="The common name of the medication"/>
        <min value="0"/>
        <max value="1"/>
        <type>
          <code value="string"/>
        </type>
        <mustUnderstand value="false"/>
      </definition>
    </element>
    <element>
      <path value="Medication.code"/>
      <definition>
        <short value="References to std. medication terminologies"/>
        <formal value="References to codes for this medication in standard medication terminologies, drug dictionaries, etc"/>
        <min value="0"/>
        <max value="1"/>
        <type>
          <code value="CodeableConcept"/>
        </type>
        <mustUnderstand value="false"/>
        <binding value="MedicationCode"/>
      </definition>
    </element>
    <element>
      <path value="Medication.isBrand"/>
      <definition>
        <short value="True if a brand"/>
        <formal value="Set to true if the item is attributable to a specific manufacturer (even if we don&#39;t know who that is)"/>
        <min value="0"/>
        <max value="1"/>
        <type>
          <code value="boolean"/>
        </type>
        <mustUnderstand value="false"/>
      </definition>
    </element>
    <element>
      <path value="Medication.manufacturer"/>
      <definition>
        <short value="Manufacturer of the item"/>
        <formal value="Describes the details of the manufacturer"/>
        <min value="0"/>
        <max value="1"/>
        <type>
          <code value="Resource(Organization)"/>
        </type>
        <mustUnderstand value="false"/>
      </definition>
    </element>
    <element>
      <path value="Medication.kind"/>
      <definition>
        <short value="product | package"/>
        <formal value="product | package"/>
        <min value="0"/>
        <max value="1"/>
        <type>
          <code value="code"/>
        </type>
        <mustUnderstand value="false"/>
        <binding value="MedicationKind"/>
      </definition>
    </element>
    <element>
      <path value="Medication.product"/>
      <definition>
        <short value="If is a product"/>
        <formal value="If is a product"/>
        <min value="0"/>
        <max value="1"/>
        <mustUnderstand value="false"/>
      </definition>
    </element>
    <element>
      <path value="Medication.product.form"/>
      <definition>
        <short value="Powder | tablets | carton etc"/>
        <formal value="Describes the form of the item.  Powder; tables; carton"/>
        <min value="0"/>
        <max value="1"/>
        <type>
          <code value="CodeableConcept"/>
        </type>
        <mustUnderstand value="false"/>
        <binding value="MedicationForm"/>
      </definition>
    </element>
    <element>
      <path value="Medication.product.ingredient"/>
      <definition>
        <short value="Ingredients, if specified"/>
        <formal value="The ingredients of the medication"/>
        <comments value="The ingredients need not be a complete list; usually only active ingredients are listed"/>
        <min value="0"/>
        <max value="*"/>
        <mustUnderstand value="false"/>
      </definition>
    </element>
    <element>
      <path value="Medication.product.ingredient.item"/>
      <definition>
        <short value="Ingredient"/>
        <formal value="The actual ingredient - either a substance (simple ingredient) or another medication"/>
        <min value="1"/>
        <max value="1"/>
        <type>
          <code value="Resource(Substance|Medication)"/>
        </type>
        <mustUnderstand value="false"/>
      </definition>
    </element>
    <element>
      <path value="Medication.product.ingredient.amount"/>
      <definition>
        <short value="Amount of ingredient"/>
        <formal value="Specifies how many (or how much) of the items there are in this Medication.  E.g. 250 mg per tablet"/>
        <min value="0"/>
        <max value="1"/>
        <type>
          <code value="Ratio"/>
        </type>
        <mustUnderstand value="false"/>
      </definition>
    </element>
    <element>
      <path value="Medication.package"/>
      <definition>
        <short value="If is a package"/>
        <formal value="Specifies Ingredient / Product / Package"/>
        <min value="0"/>
        <max value="1"/>
        <mustUnderstand value="false"/>
      </definition>
    </element>
    <element>
      <path value="Medication.package.container"/>
      <definition>
        <short value="Kind of container"/>
        <formal value="The kind of container that this package comes as"/>
        <min value="0"/>
        <max value="1"/>
        <type>
          <code value="CodeableConcept"/>
        </type>
        <mustUnderstand value="false"/>
        <binding value="MedicationContainer"/>
      </definition>
    </element>
    <element>
      <path value="Medication.package.content"/>
      <definition>
        <short value="What is  in the package"/>
        <formal value="A set of components that go to make up the described item."/>
        <min value="0"/>
        <max value="*"/>
        <mustUnderstand value="false"/>
      </definition>
    </element>
    <element>
      <path value="Medication.package.content.item"/>
      <definition>
        <short value="A product in the package"/>
        <formal value="The product that is in the package"/>
        <min value="1"/>
        <max value="1"/>
        <type>
          <code value="Resource(Medication)"/>
        </type>
        <mustUnderstand value="false"/>
      </definition>
    </element>
    <element>
      <path value="Medication.package.content.amount"/>
      <definition>
        <short value="Amount in the package"/>
        <formal value="The amount of the product that is in the package"/>
        <min value="0"/>
        <max value="1"/>
        <type>
          <code value="Quantity"/>
        </type>
        <mustUnderstand value="false"/>
      </definition>
    </element>
    <searchParam>
      <name value="content"/>
      <type value="qtoken"/>
      <repeats value="union"/>
      <documentation value="What is  in the package"/>
    </searchParam>
    <searchParam>
      <name value="form"/>
      <type value="qtoken"/>
      <repeats value="union"/>
      <documentation value="Powder | tablets | carton etc"/>
    </searchParam>
    <searchParam>
      <name value="_id"/>
      <type value="token"/>
      <repeats value="single"/>
      <documentation value="The logical resource id associated with the resource (must be supported by all servers)"/>
    </searchParam>
    <searchParam>
      <name value="container"/>
      <type value="qtoken"/>
      <repeats value="union"/>
      <documentation value="Kind of container"/>
    </searchParam>
    <searchParam>
      <name value="manufacturer"/>
      <type value="qtoken"/>
      <repeats value="union"/>
      <documentation value="Manufacturer of the item"/>
    </searchParam>
    <searchParam>
      <name value="name"/>
      <type value="string"/>
      <repeats value="union"/>
      <documentation value="Common / Commercial name"/>
    </searchParam>
    <searchParam>
      <name value="ingredient"/>
      <type value="qtoken"/>
      <repeats value="union"/>
      <documentation value="Ingredient"/>
    </searchParam>
    <searchParam>
      <name value="code"/>
      <type value="qtoken"/>
      <repeats value="union"/>
      <documentation value="References to std. medication terminologies"/>
    </searchParam>
  </structure>
</Profile>