<?xml version="1.0" encoding="UTF-8"?>

<Profile xmlns="http://hl7.org/fhir">
  <text>
    <status value="generated"/><div xmlns="http://www.w3.org/1999/xhtml"><pre>
&lt;<a title="Simple assertions and measurements made about a patient, device or other subject" class="dict" href="observation-definitions.htm#Observation"><b>Observation</b></a> xmlns=&quot;http://hl7.org/fhir&quot;&gt;
 &lt;<a title="Identifies what type of observation was performed" class="dict" href="observation-definitions.htm#Observation.name"><b>name</b></a>&gt;<span style="color: Gray">&lt;!--</span> <span style="color: brown"><b>1..1</b></span> <span style="color: darkgreen"><a href="datatypes.htm#CodeableConcept">CodeableConcept</a></span> <span style="color: navy">Kind of observation</span><span style="color: Gray"> --&gt;</span>&lt;/name&gt;
 &lt;<a title="The information determined as a result of making the observation" class="dict" href="observation-definitions.htm#Observation.value_x_"><b>value[x]</b></a>&gt;<span style="color: Gray">&lt;!--</span> <span style="color: brown"><b>0..1</b></span> <span style="color: darkgreen"><a href="datatypes.htm#Quantity">Quantity</a>|<a href="datatypes.htm#CodeableConcept">CodeableConcept</a>|<a href="datatypes.htm#Attachment">Attachment</a>|
              <a href="datatypes.htm#Ratio">Ratio</a>|<a href="datatypes.htm#Choice">Choice</a>|<a href="datatypes.htm#Period">Period</a>|<a href="datatypes.htm#string">string</a></span> <span style="color: navy">Actual result</span><span style="color: Gray"> --&gt;</span>&lt;/value[x]&gt;
 &lt;<a title="The assessment made based on the result of the observation." class="dict" href="observation-definitions.htm#Observation.interpretation"><b>interpretation</b></a>&gt;<span style="color: Gray">&lt;!--</span> <span style="color: brown"><b>0..1</b></span> <span style="color: darkgreen"><a href="datatypes.htm#CodeableConcept">CodeableConcept</a></span> <span style="color: navy">High, low, normal, etc.</span><span style="color: Gray"> --&gt;</span>&lt;/interpretation&gt;
 &lt;<a title="May include statements about significant, unexpected or unreliable. values, or information about the source of the value where this may be relevant to the interpretation of the result." class="dict" href="observation-definitions.htm#Observation.comments"><b>comments</b></a> value=&quot;[<span style="color: darkgreen"><a href="datatypes.htm#string">string</a></span>]&quot;/&gt;<span style="color: Gray">&lt;!--</span> <span style="color: brown"><b>0..1</b></span> <span style="color: navy">Comments about result</span><span style="color: Gray"> --&gt;</span>
 &lt;<a title="The time or time-period the observed value is asserted as being true. For biological subjects - e.g. human patients - this is usually called the &quot;physiologically relevant time&quot;." class="dict" href="observation-definitions.htm#Observation.applies_x_"><b>applies[x]</b></a>&gt;<span style="color: Gray">&lt;!--</span> <span style="color: brown"><b>0..1</b></span> <span style="color: darkgreen"><a href="datatypes.htm#Period">Period</a>|<a href="datatypes.htm#dateTime">dateTime</a></span> <span style="color: navy">Relevant time/time-period</span><span style="color: Gray"> --&gt;</span>&lt;/applies[x]&gt;
 &lt;<a title="Date/Time this was made available" class="dict" href="observation-definitions.htm#Observation.issued"><b>issued</b></a> value=&quot;[<span style="color: darkgreen"><a href="datatypes.htm#instant">instant</a></span>]&quot;/&gt;<span style="color: Gray">&lt;!--</span> <span style="color: brown"><b>0..1</b></span> <span style="color: navy">Date/Time this was made available</span><span style="color: Gray"> --&gt;</span>
 &lt;<a title="The status of the result value (this element must be understood)" class="dict" href="observation-definitions.htm#Observation.status"><span style="text-decoration: underline"><b>status</b></span></a> value=&quot;[<span style="color: darkgreen"><a href="datatypes.htm#code">code</a></span>]&quot;/&gt;<span style="color: Gray">&lt;!--</span> <span style="color: brown"><b>1..1</b></span> <span style="color: navy">Registered|Interim|Final|Amended|Cancelled|Withdrawn</span><span style="color: Gray"> --&gt;</span>
 &lt;<a title="An estimate of the degree to which quality issues have impacted on the value reported (this element must be understood)" class="dict" href="observation-definitions.htm#Observation.reliability"><span style="text-decoration: underline"><b>reliability</b></span></a> value=&quot;[<span style="color: darkgreen"><a href="datatypes.htm#code">code</a></span>]&quot;/&gt;<span style="color: Gray">&lt;!--</span> <span style="color: brown"><b>1..1</b></span> <span style="color: navy">If quality issues exist (mostly devices)</span><span style="color: Gray"> --&gt;</span>
 &lt;<a title="Indicates where on the subject&#39;s body the observation was made." class="dict" href="observation-definitions.htm#Observation.bodySite"><b>bodySite</b></a>&gt;<span style="color: Gray">&lt;!--</span> <span style="color: brown"><b>0..1</b></span> <span style="color: darkgreen"><a href="datatypes.htm#CodeableConcept">CodeableConcept</a></span> <span style="color: navy">Observed body part</span><span style="color: Gray"> --&gt;</span>&lt;/bodySite&gt;
 &lt;<a title="Indicates the mechanism used to perform the observation" class="dict" href="observation-definitions.htm#Observation.method"><b>method</b></a>&gt;<span style="color: Gray">&lt;!--</span> <span style="color: brown"><b>0..1</b></span> <span style="color: darkgreen"><a href="datatypes.htm#CodeableConcept">CodeableConcept</a></span> <span style="color: navy">How it was done</span><span style="color: Gray"> --&gt;</span>&lt;/method&gt;
 &lt;<a title="A unique identifier for the simple observation" class="dict" href="observation-definitions.htm#Observation.identifier"><b>identifier</b></a>&gt;<span style="color: Gray">&lt;!--</span> <span style="color: brown"><b>0..1</b></span> <span style="color: darkgreen"><a href="datatypes.htm#Identifier">Identifier</a></span> <span style="color: navy">Observation id</span><span style="color: Gray"> --&gt;</span>&lt;/identifier&gt;
 &lt;<a title="The thing the observation is being made about (this element must be understood)" class="dict" href="observation-definitions.htm#Observation.subject"><span style="text-decoration: underline"><b>subject</b></span></a>&gt;<span style="color: Gray">&lt;!--</span> <span style="color: brown"><b>0..1</b></span> <span style="color: darkgreen"><a href="resources.htm#Resource">Resource</a>(<a href="patient.htm#Patient">Patient</a>|<a href="group.htm#Group">Group</a>|<a href="device.htm#Device">Device</a>)</span> <span style="color: navy">Who/what this is about</span><span style="color: Gray"> --&gt;</span>&lt;/subject&gt;
 &lt;<a title="Who was responsible for asserting the observed value as &quot;true&quot;" class="dict" href="observation-definitions.htm#Observation.performer"><b>performer</b></a>&gt;<span style="color: Gray">&lt;!--</span> <span style="color: brown"><b>0..1</b></span> <span style="color: darkgreen"><a href="resources.htm#Resource">Resource</a>(<a href="practitioner.htm#Practitioner">Practitioner</a>|<a href="device.htm#Device">Device</a>|<a href="organization.htm#Organization">Organization</a>)</span> <span style="color: navy">Who did the observation</span><span style="color: Gray"> --&gt;</span>&lt;/performer&gt;
 &lt;<a title="Guidance on how to interpret the value by comparison to a normal or recommended range (this element must be understood)" class="dict" href="observation-definitions.htm#Observation.referenceRange"><span style="text-decoration: underline"><b>referenceRange</b></span></a>&gt;  <span style="color: Gray">&lt;!-- <span style="color: brown"><b>0..*</b></span> Provides guide for interpretation --&gt;</span>
  &lt;<a title="Code for the meaning of the reference range" class="dict" href="observation-definitions.htm#Observation.referenceRange.meaning"><b>meaning</b></a>&gt;<span style="color: Gray">&lt;!--</span> <span style="color: brown"><b>0..1</b></span> <span style="color: darkgreen"><a href="datatypes.htm#CodeableConcept">CodeableConcept</a></span> <span style="color: navy">The meaning of this range</span><span style="color: Gray"> --&gt;</span>&lt;/meaning&gt;
  &lt;<a title="Actual value of the reference range.  May be a quantity (&lt;20mg/L), an range (10-20 umol/L), or some text" class="dict" href="observation-definitions.htm#Observation.referenceRange.range_x_"><b>range[x]</b></a>&gt;<span style="color: Gray">&lt;!--</span> <span style="color: brown"><b>1..1</b></span> <span style="color: darkgreen"><a href="datatypes.htm#Quantity">Quantity</a>|<a href="datatypes.htm#Range">Range</a>|<a href="datatypes.htm#string">string</a></span> <span style="color: navy">Reference</span><span style="color: Gray"> --&gt;</span>&lt;/range[x]&gt;
 &lt;/referenceRange&gt;
 &lt;<a title="Component observation" class="dict" href="observation-definitions.htm#Observation.component"><b>component</b></a>&gt;  <span style="color: Gray">&lt;!-- <span title="Can have value or components but not both" style="color: deeppink"><b>0..*</b></span> Component observation --&gt;</span>
  &lt;<a title="Identifies what type of sub-observation was performed" class="dict" href="observation-definitions.htm#Observation.component.name"><b>name</b></a>&gt;<span style="color: Gray">&lt;!--</span> <span style="color: brown"><b>1..1</b></span> <span style="color: darkgreen"><a href="datatypes.htm#CodeableConcept">CodeableConcept</a></span> <span style="color: navy">Kind of component observation</span><span style="color: Gray"> --&gt;</span>&lt;/name&gt;
  &lt;<a title="The information determined as a result of making the sub-observation" class="dict" href="observation-definitions.htm#Observation.component.value_x_"><b>value[x]</b></a>&gt;<span style="color: Gray">&lt;!--</span> <span style="color: brown"><b>1..1</b></span> <span style="color: darkgreen"><a href="datatypes.htm#Quantity">Quantity</a>|<a href="datatypes.htm#CodeableConcept">CodeableConcept</a>|<a href="datatypes.htm#Attachment">Attachment</a>|
              <a href="datatypes.htm#Ratio">Ratio</a>|<a href="datatypes.htm#Choice">Choice</a>|<a href="datatypes.htm#Period">Period</a>|<a href="datatypes.htm#string">string</a></span> <span style="color: navy">Actual component result</span><span style="color: Gray"> --&gt;</span>&lt;/value[x]&gt;
 &lt;/component&gt;
&lt;/Observation&gt;
</pre></div>
  </text>
  <name value="observation"/>
  <author>
    <name value="todo (committee)"/>
  </author>
  <description value="Basic Profile. Simple assertions and measurements made about a patient, device or other subject"/>
  <status>
    <code value="testing"/>
    <date value="2013-05-06"/>
  </status>
  <structure>
    <type value="Observation"/>
    <element>
      <path value="Observation"/>
      <definition>
        <short value="Simple observations"/>
        <formal value="Simple assertions and measurements made about a patient, device or other subject"/>
        <comments value="Used for simple observations such as device measures, laboratory atomic results, vital signs, height, weight, smoking status, comments, etc.  Other resources are used to descrive aggregate collections of observations such as Lab reports, etc"/>
        <min value="1"/>
        <max value="1"/>
        <type>
          <code value="Resource"/>
        </type>
        <constraint>
          <id value="2"/>
          <name value="normal range for quantity"/>
          <severity value="error"/>
          <human value="Can only have normal range if value is a quantity"/>
          <xpath value="exists(f:valueQuantity) or not(exists(f:normalRange))"/>
        </constraint>
        <constraint>
          <id value="1"/>
          <name value="value or components"/>
          <severity value="error"/>
          <human value="Can have value or components but not both"/>
          <xpath value="exists(*[starts-with(local-name(.), &#39;value&#39;)])!=exists(f:component)"/>
        </constraint>
        <mustUnderstand value="false"/>
      </definition>
    </element>
    <element>
      <path value="Observation.extension"/>
      <definition>
        <short value="Additional Content defined by implementations"/>
        <formal value="May be used to represent additional information that is not part of the basic definition of the resource. In order to make the use of extensions safe and manageable, there is a strict governance applied to the definition and use of extensions. Though any implementer is allowed to define an extension, there is a set of requirements that must be met as part of the definition of the extension"/>
        <comments value="there can be no stigma
associated with the use of extensions by any application, project, or standard - regardless of the institution or jurisdiction that uses or defines the extensions.  The use of extensions is what allows the FHIR specification to retain a core simplicity for everyone"/>
        <synonym value="extensions"/>
        <synonym value="user content"/>
        <min value="0"/>
        <max value="*"/>
        <type>
          <code value="Extension"/>
        </type>
      </definition>
    </element>
    <element>
      <path value="Observation.text"/>
      <definition>
        <short value="Text summary of the resource, for human interpretation"/>
        <formal value="A human readable narrative that contains a summary of the resource, and may be used to represent the content of the resource to a human. The narrative need not encode all the structured data, but is required to contain sufficient detail to make it &quot;clinically safe&quot; for a human to just read the narrative. Resource definitions may define what content should be represented in the narrative to ensure clinical safety"/>
        <comments value="Contained resources do not have narrative. Resources that are not contained SHOULD have a narrative"/>
        <synonym value="narrative"/>
        <synonym value="html"/>
        <synonym value="xhtml"/>
        <synonym value="display"/>
        <min value="0"/>
        <max value="1"/>
        <type>
          <code value="Narrative"/>
        </type>
      </definition>
    </element>
    <element>
      <path value="Observation.contained"/>
      <definition>
        <short value="Contained, inline Resources"/>
        <formal value="These resources do not have an independent existence apart from the resource that contains them - they cannot be identified independently, and nor can they have their own independent transaction scope"/>
        <comments value="This should never be done when the content can be identified properly, as once identification is lost, it is extremely difficult (and context dependent) to restore it again"/>
        <synonym value="inline resources"/>
        <synonym value="anonymous resources"/>
        <synonym value="contained resources"/>
        <min value="0"/>
        <max value="*"/>
        <type>
          <code value="Resource"/>
        </type>
      </definition>
    </element>
    <element>
      <path value="Observation.name"/>
      <definition>
        <short value="Kind of observation"/>
        <formal value="Identifies what type of observation was performed"/>
        <min value="1"/>
        <max value="1"/>
        <type>
          <code value="CodeableConcept"/>
        </type>
        <mustUnderstand value="false"/>
        <binding value="ObservationType"/>
      </definition>
    </element>
    <element>
      <path value="Observation.value[x]"/>
      <definition>
        <short value="Actual result"/>
        <formal value="The information determined as a result of making the observation"/>
        <comments value="The datatype for this element should be determined by Observation.name"/>
        <min value="0"/>
        <max value="1"/>
        <type>
          <code value="Quantity"/>
        </type>
        <type>
          <code value="CodeableConcept"/>
        </type>
        <type>
          <code value="Attachment"/>
        </type>
        <type>
          <code value="Ratio"/>
        </type>
        <type>
          <code value="Choice"/>
        </type>
        <type>
          <code value="Period"/>
        </type>
        <type>
          <code value="string"/>
        </type>
        <mustUnderstand value="false"/>
        <binding value="ObservationResult"/>
      </definition>
    </element>
    <element>
      <path value="Observation.interpretation"/>
      <definition>
        <short value="High, low, normal, etc."/>
        <formal value="The assessment made based on the result of the observation."/>
        <min value="0"/>
        <max value="1"/>
        <type>
          <code value="CodeableConcept"/>
        </type>
        <mustUnderstand value="false"/>
        <binding value="ObservationInterpretation"/>
      </definition>
    </element>
    <element>
      <path value="Observation.comments"/>
      <definition>
        <short value="Comments about result"/>
        <formal value="May include statements about significant, unexpected or unreliable. values, or information about the source of the value where this may be relevant to the interpretation of the result."/>
        <min value="0"/>
        <max value="1"/>
        <type>
          <code value="string"/>
        </type>
        <mustUnderstand value="false"/>
      </definition>
    </element>
    <element>
      <path value="Observation.applies[x]"/>
      <definition>
        <short value="Relevant time/time-period"/>
        <formal value="The time or time-period the observed value is asserted as being true. For biological subjects - e.g. human patients - this is usually called the &quot;physiologically relevant time&quot;."/>
        <comments value="At least a date should be present unless this observation is a historical report"/>
        <min value="0"/>
        <max value="1"/>
        <type>
          <code value="Period"/>
        </type>
        <type>
          <code value="dateTime"/>
        </type>
        <mustUnderstand value="false"/>
      </definition>
    </element>
    <element>
      <path value="Observation.issued"/>
      <definition>
        <short value="Date/Time this was made available"/>
        <formal value="Date/Time this was made available"/>
        <comments value="Updated when the result is updated"/>
        <min value="0"/>
        <max value="1"/>
        <type>
          <code value="instant"/>
        </type>
        <mustUnderstand value="false"/>
      </definition>
    </element>
    <element>
      <path value="Observation.status"/>
      <definition>
        <short value="Registered|Interim|Final|Amended|Cancelled|Withdrawn"/>
        <formal value="The status of the result value"/>
        <min value="1"/>
        <max value="1"/>
        <type>
          <code value="code"/>
        </type>
        <mustUnderstand value="true"/>
        <binding value="ObservationStatus"/>
      </definition>
    </element>
    <element>
      <path value="Observation.reliability"/>
      <definition>
        <short value="If quality issues exist (mostly devices)"/>
        <formal value="An estimate of the degree to which quality issues have impacted on the value reported"/>
        <comments value="Note that in most contexts, unreliable results are not recorded, deleted, or otherwise excluded, but this is not always done or possible. Interpreters of a result, whether human or machine, must always either be aware of the status, or prevented from seeing the observation if the reliability is not &quot;ok&quot;"/>
        <min value="1"/>
        <max value="1"/>
        <type>
          <code value="code"/>
        </type>
        <mustUnderstand value="true"/>
        <binding value="ObservationReliability"/>
      </definition>
    </element>
    <element>
      <path value="Observation.bodySite"/>
      <definition>
        <short value="Observed body part"/>
        <formal value="Indicates where on the subject&#39;s body the observation was made."/>
        <comments value="Only used if not implicit in code for SimpleObservation.result.type"/>
        <min value="0"/>
        <max value="1"/>
        <type>
          <code value="CodeableConcept"/>
        </type>
        <mustUnderstand value="false"/>
        <binding value="ObservationBodySite"/>
      </definition>
    </element>
    <element>
      <path value="Observation.method"/>
      <definition>
        <short value="How it was done"/>
        <formal value="Indicates the mechanism used to perform the observation"/>
        <comments value="Only used if not implicit in code for SimpleObservation.result.type"/>
        <min value="0"/>
        <max value="1"/>
        <type>
          <code value="CodeableConcept"/>
        </type>
        <mustUnderstand value="false"/>
        <binding value="ObservationMethod"/>
      </definition>
    </element>
    <element>
      <path value="Observation.identifier"/>
      <definition>
        <short value="Observation id"/>
        <formal value="A unique identifier for the simple observation"/>
        <min value="0"/>
        <max value="1"/>
        <type>
          <code value="Identifier"/>
        </type>
        <mustUnderstand value="false"/>
      </definition>
    </element>
    <element>
      <path value="Observation.subject"/>
      <definition>
        <short value="Who/what this is about"/>
        <formal value="The thing the observation is being made about"/>
        <comments value="The only circumstance in which the subject can be missing is when the observation is made by a device that does not know the patient. In this case, the observation must be matched to a patient through some context/channel matching technique, and at this point, the observation should be updated"/>
        <min value="0"/>
        <max value="1"/>
        <type>
          <code value="Resource(Patient|Group|Device)"/>
        </type>
        <mustUnderstand value="true"/>
      </definition>
    </element>
    <element>
      <path value="Observation.performer"/>
      <definition>
        <short value="Who did the observation"/>
        <formal value="Who was responsible for asserting the observed value as &quot;true&quot;"/>
        <comments value="This would only be &quot;Device&quot; if the device is responsible for the measurement, not to capture the device used by a human to make the measurement.  (The latter could be captured as an extension.)"/>
        <min value="0"/>
        <max value="1"/>
        <type>
          <code value="Resource(Practitioner|Device|Organization)"/>
        </type>
        <mustUnderstand value="false"/>
      </definition>
    </element>
    <element>
      <path value="Observation.referenceRange"/>
      <definition>
        <short value="Provides guide for interpretation"/>
        <formal value="Guidance on how to interpret the value by comparison to a normal or recommended range"/>
        <comments value="Most results only have one reference range, might be generic or be specific to the patient&#39;s age, gender, weight and other factors. When these things are not known, multiple reference ranges may be provided"/>
        <min value="0"/>
        <max value="*"/>
        <mustUnderstand value="true"/>
      </definition>
    </element>
    <element>
      <path value="Observation.referenceRange.meaning"/>
      <definition>
        <short value="The meaning of this range"/>
        <formal value="Code for the meaning of the reference range"/>
        <comments value="This is only usually populated if there is more than one range"/>
        <min value="0"/>
        <max value="1"/>
        <type>
          <code value="CodeableConcept"/>
        </type>
        <mustUnderstand value="false"/>
        <binding value="ObservationRangeMeaning"/>
      </definition>
    </element>
    <element>
      <path value="Observation.referenceRange.range[x]"/>
      <definition>
        <short value="Reference"/>
        <formal value="Actual value of the reference range.  May be a quantity (&lt;20mg/L), an range (10-20 umol/L), or some text"/>
        <comments value="Text reference ranges are typically used in endocrinology, or for legacy data with string reference ranges"/>
        <min value="1"/>
        <max value="1"/>
        <type>
          <code value="Quantity"/>
        </type>
        <type>
          <code value="Range"/>
        </type>
        <type>
          <code value="string"/>
        </type>
        <mustUnderstand value="false"/>
      </definition>
    </element>
    <element>
      <path value="Observation.component"/>
      <definition>
        <short value="Component observation"/>
        <formal value="Component observation"/>
        <comments value="It would be usual to either have a value or components with values, but both may be used, such as for APGAR scores"/>
        <min value="0"/>
        <max value="*"/>
        <mustUnderstand value="false"/>
      </definition>
    </element>
    <element>
      <path value="Observation.component.name"/>
      <definition>
        <short value="Kind of component observation"/>
        <formal value="Identifies what type of sub-observation was performed"/>
        <min value="1"/>
        <max value="1"/>
        <type>
          <code value="CodeableConcept"/>
        </type>
        <mustUnderstand value="false"/>
        <binding value="SubObservationType"/>
      </definition>
    </element>
    <element>
      <path value="Observation.component.value[x]"/>
      <definition>
        <short value="Actual component result"/>
        <formal value="The information determined as a result of making the sub-observation"/>
        <comments value="The datatype for this element should be determined by Observation.name"/>
        <min value="1"/>
        <max value="1"/>
        <type>
          <code value="Quantity"/>
        </type>
        <type>
          <code value="CodeableConcept"/>
        </type>
        <type>
          <code value="Attachment"/>
        </type>
        <type>
          <code value="Ratio"/>
        </type>
        <type>
          <code value="Choice"/>
        </type>
        <type>
          <code value="Period"/>
        </type>
        <type>
          <code value="string"/>
        </type>
        <mustUnderstand value="false"/>
        <binding value="SubObservationResult"/>
      </definition>
    </element>
    <searchParam>
      <name value="_id"/>
      <type value="token"/>
      <repeats value="single"/>
      <documentation value="The logical resource id associated with the resource (must be supported by all servers)"/>
    </searchParam>
    <searchParam>
      <name value="status"/>
      <type value="token"/>
      <repeats value="union"/>
      <documentation value="The status of the observation"/>
    </searchParam>
    <searchParam>
      <name value="subject"/>
      <type value="qtoken"/>
      <repeats value="union"/>
      <documentation value="The subject that the observation is about"/>
    </searchParam>
    <searchParam>
      <name value="name"/>
      <type value="qtoken"/>
      <repeats value="union"/>
      <documentation value="The name of the observation type or component type"/>
    </searchParam>
    <searchParam>
      <name value="reliability"/>
      <type value="token"/>
      <repeats value="union"/>
      <documentation value="The reliability of the observation"/>
    </searchParam>
    <searchParam>
      <name value="value"/>
      <type value="qtoken"/>
      <repeats value="union"/>
      <documentation value="The name or code or value of a result"/>
    </searchParam>
    <searchParam>
      <name value="performer"/>
      <type value="qtoken"/>
      <repeats value="union"/>
      <documentation value="who/what performed the observation"/>
    </searchParam>
    <searchParam>
      <name value="date"/>
      <type value="date"/>
      <repeats value="single"/>
      <documentation value="obtained date/time. If obtained is a period, a date that falls in the period"/>
    </searchParam>
  </structure>
</Profile>