<?xml version="1.0" encoding="UTF-8"?>

<Profile xmlns="http://hl7.org/fhir">
  <text>
    <status value="generated"/><div xmlns="http://www.w3.org/1999/xhtml"><pre>
&lt;<a title="A request to perform an action" class="dict" href="order-definitions.htm#Order"><b>Order</b></a> xmlns=&quot;http://hl7.org/fhir&quot;&gt;
 &lt;<a title="When the order was made" class="dict" href="order-definitions.htm#Order.date"><b>date</b></a> value=&quot;[<span style="color: darkgreen"><a href="datatypes.htm#dateTime">dateTime</a></span>]&quot;/&gt;<span style="color: Gray">&lt;!--</span> <span style="color: brown"><b>0..1</b></span> <span style="color: navy">When the order was made</span><span style="color: Gray"> --&gt;</span>
 &lt;<a title="Patient this order is about" class="dict" href="order-definitions.htm#Order.subject"><b>subject</b></a>&gt;<span style="color: Gray">&lt;!--</span> <span style="color: brown"><b>0..1</b></span> <span style="color: darkgreen"><a href="resources.htm#Resource">Resource</a>(<a href="patient.htm#Patient">Patient</a>)</span> <span style="color: navy">Patient this order is about</span><span style="color: Gray"> --&gt;</span>&lt;/subject&gt;
 &lt;<a title="Who initiated the order" class="dict" href="order-definitions.htm#Order.source"><b>source</b></a>&gt;<span style="color: Gray">&lt;!--</span> <span style="color: brown"><b>0..1</b></span> <span style="color: darkgreen"><a href="resources.htm#Resource">Resource</a>(<a href="practitioner.htm#Practitioner">Practitioner</a>)</span> <span style="color: navy">Who initiated the order</span><span style="color: Gray"> --&gt;</span>&lt;/source&gt;
 &lt;<a title="Who is intended to fulfill the order" class="dict" href="order-definitions.htm#Order.target"><b>target</b></a>&gt;<span style="color: Gray">&lt;!--</span> <span style="color: brown"><b>0..1</b></span> <span style="color: darkgreen"><a href="resources.htm#Resource">Resource</a>(<a href="organization.htm#Organization">Organization</a>|<a href="device.htm#Device">Device</a>)</span> <span style="color: navy">Who is intended to fulfill the order</span><span style="color: Gray"> --&gt;</span>&lt;/target&gt;
 &lt;<a title="Text - why the order was made" class="dict" href="order-definitions.htm#Order.reason"><b>reason</b></a> value=&quot;[<span style="color: darkgreen"><a href="datatypes.htm#string">string</a></span>]&quot;/&gt;<span style="color: Gray">&lt;!--</span> <span style="color: brown"><b>0..1</b></span> <span style="color: navy">Text - why the order was made</span><span style="color: Gray"> --&gt;</span>
 &lt;<a title="If required by policy" class="dict" href="order-definitions.htm#Order.authority"><b>authority</b></a>&gt;<span style="color: Gray">&lt;!--</span> <span style="color: brown"><b>0..1</b></span> <span style="color: darkgreen"><a href="resources.htm#Resource">Resource</a>(<a href="resources.htm">Any</a>)</span> <span style="color: navy">If required by policy</span><span style="color: Gray"> --&gt;</span>&lt;/authority&gt;
 &lt;<a title="How action is financed (if required)" class="dict" href="order-definitions.htm#Order.payment"><b>payment</b></a>&gt;<span style="color: Gray">&lt;!--</span> <span style="color: brown"><b>0..1</b></span> <span style="color: darkgreen"><a href="resources.htm#Resource">Resource</a>(<a href="resources.htm">Any</a>)</span> <span style="color: navy">How action is financed (if required)</span><span style="color: Gray"> --&gt;</span>&lt;/payment&gt;
 &lt;<a title="When order should be filfulled" class="dict" href="order-definitions.htm#Order.when"><b>when</b></a>&gt;  <span style="color: Gray">&lt;!-- <span style="color: brown"><b>0..1</b></span> When order should be filfulled --&gt;</span>
  &lt;<a title="Code specifies when request should be done. The code may simply be a priority code (this element must be understood)" class="dict" href="order-definitions.htm#Order.when.code"><span style="text-decoration: underline"><b>code</b></span></a>&gt;<span style="color: Gray">&lt;!--</span> <span title="Provide a code or a schedule, but not both" style="color: deeppink"><b>0..1</b></span> <span style="color: darkgreen"><a href="datatypes.htm#CodeableConcept">CodeableConcept</a></span> <span style="color: navy">Code specifies when request should be done. The code may simply be a priority code</span><span style="color: Gray"> --&gt;</span>&lt;/code&gt;
  &lt;<a title="A formal schedule" class="dict" href="order-definitions.htm#Order.when.schedule"><b>schedule</b></a>&gt;<span style="color: Gray">&lt;!--</span> <span title="Provide a code or a schedule, but not both" style="color: deeppink"><b>0..1</b></span> <span style="color: darkgreen"><a href="datatypes.htm#Schedule">Schedule</a></span> <span style="color: navy">A formal schedule</span><span style="color: Gray"> --&gt;</span>&lt;/schedule&gt;
 &lt;/when&gt;
 &lt;<a title="What action is being ordered" class="dict" href="order-definitions.htm#Order.detail"><b>detail</b></a>&gt;<span style="color: Gray">&lt;!--</span> <span style="color: brown"><b>1..*</b></span> <span style="color: darkgreen"><a href="resources.htm#Resource">Resource</a>(<a href="resources.htm">Any</a>)</span> <span style="color: navy">What action is being ordered</span><span style="color: Gray"> --&gt;</span>&lt;/detail&gt;
&lt;/Order&gt;
</pre></div>
  </text>
  <name value="order"/>
  <author>
    <name value="todo (committee)"/>
  </author>
  <description value="Basic Profile. A request to perform an action"/>
  <status>
    <code value="testing"/>
    <date value="2013-05-06"/>
  </status>
  <structure>
    <type value="Order"/>
    <element>
      <path value="Order"/>
      <definition>
        <short value="A request to perform an action"/>
        <formal value="A request to perform an action"/>
        <min value="1"/>
        <max value="1"/>
        <type>
          <code value="Resource"/>
        </type>
        <mustUnderstand value="false"/>
      </definition>
    </element>
    <element>
      <path value="Order.extension"/>
      <definition>
        <short value="Additional Content defined by implementations"/>
        <formal value="May be used to represent additional information that is not part of the basic definition of the resource. In order to make the use of extensions safe and manageable, there is a strict governance applied to the definition and use of extensions. Though any implementer is allowed to define an extension, there is a set of requirements that must be met as part of the definition of the extension"/>
        <comments value="there can be no stigma
associated with the use of extensions by any application, project, or standard - regardless of the institution or jurisdiction that uses or defines the extensions.  The use of extensions is what allows the FHIR specification to retain a core simplicity for everyone"/>
        <synonym value="extensions"/>
        <synonym value="user content"/>
        <min value="0"/>
        <max value="*"/>
        <type>
          <code value="Extension"/>
        </type>
      </definition>
    </element>
    <element>
      <path value="Order.text"/>
      <definition>
        <short value="Text summary of the resource, for human interpretation"/>
        <formal value="A human readable narrative that contains a summary of the resource, and may be used to represent the content of the resource to a human. The narrative need not encode all the structured data, but is required to contain sufficient detail to make it &quot;clinically safe&quot; for a human to just read the narrative. Resource definitions may define what content should be represented in the narrative to ensure clinical safety"/>
        <comments value="Contained resources do not have narrative. Resources that are not contained SHOULD have a narrative"/>
        <synonym value="narrative"/>
        <synonym value="html"/>
        <synonym value="xhtml"/>
        <synonym value="display"/>
        <min value="0"/>
        <max value="1"/>
        <type>
          <code value="Narrative"/>
        </type>
      </definition>
    </element>
    <element>
      <path value="Order.contained"/>
      <definition>
        <short value="Contained, inline Resources"/>
        <formal value="These resources do not have an independent existence apart from the resource that contains them - they cannot be identified independently, and nor can they have their own independent transaction scope"/>
        <comments value="This should never be done when the content can be identified properly, as once identification is lost, it is extremely difficult (and context dependent) to restore it again"/>
        <synonym value="inline resources"/>
        <synonym value="anonymous resources"/>
        <synonym value="contained resources"/>
        <min value="0"/>
        <max value="*"/>
        <type>
          <code value="Resource"/>
        </type>
      </definition>
    </element>
    <element>
      <path value="Order.date"/>
      <definition>
        <short value="When the order was made"/>
        <formal value="When the order was made"/>
        <min value="0"/>
        <max value="1"/>
        <type>
          <code value="dateTime"/>
        </type>
        <mustUnderstand value="false"/>
      </definition>
    </element>
    <element>
      <path value="Order.subject"/>
      <definition>
        <short value="Patient this order is about"/>
        <formal value="Patient this order is about"/>
        <comments value="May be left blank if the request reference identifies the patient, or if the request is not associated with a patient"/>
        <min value="0"/>
        <max value="1"/>
        <type>
          <code value="Resource(Patient)"/>
        </type>
        <mustUnderstand value="false"/>
      </definition>
    </element>
    <element>
      <path value="Order.source"/>
      <definition>
        <short value="Who initiated the order"/>
        <formal value="Who initiated the order"/>
        <min value="0"/>
        <max value="1"/>
        <type>
          <code value="Resource(Practitioner)"/>
        </type>
        <mustUnderstand value="false"/>
      </definition>
    </element>
    <element>
      <path value="Order.target"/>
      <definition>
        <short value="Who is intended to fulfill the order"/>
        <formal value="Who is intended to fulfill the order"/>
        <min value="0"/>
        <max value="1"/>
        <type>
          <code value="Resource(Organization|Device)"/>
        </type>
        <mustUnderstand value="false"/>
      </definition>
    </element>
    <element>
      <path value="Order.reason"/>
      <definition>
        <short value="Text - why the order was made"/>
        <formal value="Text - why the order was made"/>
        <min value="0"/>
        <max value="1"/>
        <type>
          <code value="string"/>
        </type>
        <mustUnderstand value="false"/>
      </definition>
    </element>
    <element>
      <path value="Order.authority"/>
      <definition>
        <short value="If required by policy"/>
        <formal value="If required by policy"/>
        <comments value="reference will be constrained when suitable targets exist"/>
        <min value="0"/>
        <max value="1"/>
        <type>
          <code value="Resource(Any)"/>
        </type>
        <mustUnderstand value="false"/>
      </definition>
    </element>
    <element>
      <path value="Order.payment"/>
      <definition>
        <short value="How action is financed (if required)"/>
        <formal value="How action is financed (if required)"/>
        <comments value="reference will be constrained when suitable targets exist"/>
        <min value="0"/>
        <max value="1"/>
        <type>
          <code value="Resource(Any)"/>
        </type>
        <mustUnderstand value="false"/>
      </definition>
    </element>
    <element>
      <path value="Order.when"/>
      <definition>
        <short value="When order should be filfulled"/>
        <formal value="When order should be filfulled"/>
        <min value="0"/>
        <max value="1"/>
        <constraint>
          <id value="1"/>
          <name value="Scheduling Details"/>
          <severity value="error"/>
          <human value="Provide a code or a schedule, but not both"/>
          <xpath value="exists(f:code) != exists(f:schedule)"/>
        </constraint>
        <mustUnderstand value="false"/>
      </definition>
    </element>
    <element>
      <path value="Order.when.code"/>
      <definition>
        <short value="Code specifies when request should be done. The code may simply be a priority code"/>
        <formal value="Code specifies when request should be done. The code may simply be a priority code"/>
        <comments value="This is usually a local code agreed in the context of the ordering workflow"/>
        <min value="0"/>
        <max value="1"/>
        <type>
          <code value="CodeableConcept"/>
        </type>
        <mustUnderstand value="true"/>
        <binding value="RequestedTime"/>
      </definition>
    </element>
    <element>
      <path value="Order.when.schedule"/>
      <definition>
        <short value="A formal schedule"/>
        <formal value="A formal schedule"/>
        <min value="0"/>
        <max value="1"/>
        <type>
          <code value="Schedule"/>
        </type>
        <mustUnderstand value="false"/>
      </definition>
    </element>
    <element>
      <path value="Order.detail"/>
      <definition>
        <short value="What action is being ordered"/>
        <formal value="What action is being ordered"/>
        <min value="1"/>
        <max value="*"/>
        <type>
          <code value="Resource(Any)"/>
        </type>
        <mustUnderstand value="false"/>
      </definition>
    </element>
    <searchParam>
      <name value="authority"/>
      <type value="qtoken"/>
      <repeats value="union"/>
      <documentation value="If required by policy"/>
    </searchParam>
    <searchParam>
      <name value="detail"/>
      <type value="qtoken"/>
      <repeats value="union"/>
      <documentation value="What action is being ordered"/>
    </searchParam>
    <searchParam>
      <name value="source"/>
      <type value="qtoken"/>
      <repeats value="union"/>
      <documentation value="Who initiated the order"/>
    </searchParam>
    <searchParam>
      <name value="_id"/>
      <type value="token"/>
      <repeats value="single"/>
      <documentation value="The logical resource id associated with the resource (must be supported by all servers)"/>
    </searchParam>
    <searchParam>
      <name value="subject"/>
      <type value="qtoken"/>
      <repeats value="union"/>
      <documentation value="Patient this order is about"/>
    </searchParam>
    <searchParam>
      <name value="when"/>
      <type value="date"/>
      <repeats value="single"/>
      <documentation value="A formal schedule"/>
    </searchParam>
    <searchParam>
      <name value="target"/>
      <type value="qtoken"/>
      <repeats value="union"/>
      <documentation value="Who is intended to fulfill the order"/>
    </searchParam>
    <searchParam>
      <name value="when_code"/>
      <type value="qtoken"/>
      <repeats value="union"/>
      <documentation value="Code specifies when request should be done. The code may simply be a priority code"/>
    </searchParam>
    <searchParam>
      <name value="date"/>
      <type value="date"/>
      <repeats value="single"/>
      <documentation value="When the order was made"/>
    </searchParam>
  </structure>
</Profile>