{"Organization":{"text":{"status":{"value":"generated"},"div":"<div>\n      <p>Gastroenterology @ Acme Hospital. ph: +1 555 234 3523, email: <a href=\"mailto:gastro@acme.org\">gastro@acme.org<\/a><\/p>\n    <\/div>"},"identifier":[{"system":{"value":"http://www.acme.org.au/units"},"key":{"value":"Gastro"}}],"name":[{"value":"Gastroenterology"}],"telecom":[{"system":{"value":"phone"},"value":{"value":"+1 555 234 3523"},"use":{"value":"mobile"}},{"system":{"value":"email"},"value":{"value":"gastro@acme.org"},"use":{"value":"work"}}],"relatedOrganization":[{"organization":{"type":{"value":"Organization"},"url":{"value":"../organization/@1"},"display":{"value":"ACME Healthcare, Inc"}},"relation":{"coding":[{"system":{"value":"oid:2.16.840.1.113883.5.110"},"code":{"value":"TERR"}}]}}]}}