<?xml version="1.0" encoding="UTF-8"?><Organization xmlns="http://hl7.org/fhir">

  <text>
    <status value="generated"/>
    <div xmlns="http://www.w3.org/1999/xhtml">
      <p>Gastroenterology @ Acme Hospital. ph: +1 555 234 3523, email: <a href="mailto:gastro@acme.org">gastro@acme.org</a></p>
    </div>
  </text>

  <!--  Clinical Team "Gastroenterology" at Acme Hospital  -->
  <identifier>
    <system value="http://www.acme.org.au/units"/>
    <key value="Gastro"/>
  </identifier>
  <name value="Gastroenterology"/>
  <telecom>
    <system value="phone"/>
    <value value="+1 555 234 3523"/>
    <use value="mobile"/>
  </telecom>
  <telecom>
    <system value="email"/>
    <value value="gastro@acme.org"/>
    <use value="work"/>
  </telecom>

  <relatedOrganization>
    <organization>
      <type value="Organization"/>
      <url value="../organization/@1"/>
      <display value="ACME Healthcare, Inc"/>
    </organization>
    <relation>
      <coding>
        <system value="oid:2.16.840.1.113883.5.110"/>
        <code value="TERR"/>
      </coding>
    </relation>
  </relatedOrganization>
</Organization>