{"Patient":{"text":{"status":{"value":"generated"},"div":"<div>\n      <p>Patient Donald D DUCK @ Acme Healthcare, Inc. MR = 123456<\/p>\n    <\/div>"},"link":[{"type":{"value":"Patient"},"url":{"value":"../patient/@pat1"}}],"active":{"value":"true"},"identifier":[{"use":{"value":"usual"},"label":{"value":"MRN"},"system":{"value":"oid:0.1.2.3.4.5.6.7"},"key":{"value":"123456"}}],"details":{"name":[{"use":{"value":"official"},"family":[{"value":"Donald"}],"given":[{"value":"Duck"},{"value":"D"}]}],"gender":{"system":{"value":"http://hl7.org/fhir/sid/v2-0001"},"code":{"value":"M"},"display":{"value":"Male"}}},"provider":{"type":{"value":"Organization"},"url":{"value":"../organization/@1"},"display":{"value":"ACME Healthcare, Inc"}}}}