{"Patient":{"extension":[{"url":{"value":"http://nema.org/fhir/extensions#0010:1010"},"valueQuantity":{"value":{"value":"56"},"units":{"value":"Y"}}},{"url":{"value":"http://nema.org/fhir/extensions#0010:1020"},"valueQuantity":{"value":{"value":"1.83"},"units":{"value":"m"}}},{"url":{"value":"http://nema.org/fhir/extensions#0010:1030"},"valueQuantity":{"value":{"value":"72.58"},"units":{"value":"kg"}}}],"text":{"status":{"value":"generated"},"div":"<div>\n      Patient MINT_TEST, ID = MINT1234. Age = 56y, Size = 1.83m, Weight = 72.58kg\n    <\/div>"},"active":{"value":"true"},"identifier":[{"system":{"value":"http://nema.org/examples/patients"},"key":{"value":"MINT1234"}}],"details":{"name":[{"family":[{"value":"MINT_TEST"}]}],"gender":{"system":{"value":"http://nema.org/examples/gender"},"code":{"value":"M"}}},"provider":{"type":{"value":"Organization"},"url":{"value":"../organization/@1"}}}}