{"DocumentConformance":{"id":"6c8d7aec-05b8-4093-8101-7f5eab5a416d","text":{"status":"generated","div":{"ul":{"li":["EHR documents must be versioned using setId","Only individual humans in the EHR","Only humans author documents","Only legal authentication"]},"p":"General EHR Document rules (Acme Healthcare):","xmlns":"http://www.w3.org/1999/xhtml"}},"document":{"name":"General","resource":{"element":[{"min":1,"max":1,"path":"Document.id","conformance":"Mandatory","type":"id"},{"min":1,"max":1,"path":"Document.instant","conformance":"Mandatory","type":"dateTime"},{"min":1,"max":1,"path":"Document.type","conformance":"Mandatory","type":"CodeableConcept"},{"min":1,"max":1,"path":"Document.title","conformance":"Mandatory","type":"string"},{"min":1,"max":1,"path":"Document.setId","conformance":"Mandatory","purpose":"All EHR documents must be versioned using setId/Version","type":"id"},{"min":1,"max":1,"path":"Document.version","conformance":"Mandatory","type":"integer"},{"min":0,"max":0,"path":"Document.replaces","conformance":"Prohibited","type":"id"},{"min":1,"max":1,"path":"subject","conformance":"Mandatory","purpose":"Only individual humans in the EHR","type":"Resource(Patient)"},{"min":1,"max":1,"path":"Document.author","conformance":"Mandatory"},{"min":1,"max":1,"path":"Doument.author.time","conformance":"Mandatory"},{"min":1,"max":1,"path":"Document.author.party","conformance":"Mandatory","purpose":"Only humans author documents","type":"Resource(Person)"},{"min":1,"max":1,"path":"Document.attestor","conformance":"Mandatory"},{"min":1,"max":1,"value":{"code":"legal"},"path":"Doument.attestor.mode","conformance":"Mandatory","purpose":"Only legal authentication"},{"min":1,"max":1,"path":"Doument.attestor.time","conformance":"Mandatory"},{"min":1,"max":1,"path":"Document.attestor.party","conformance":"Mandatory"}],"type":"Document"},"purpose":"Basic rules for all documents in the EHR system"},"software":{"name":"EHR","version":"0.00.020.2134"},"xmlns":"http://www.hl7.org/fhir","date":"2012-01-04","publisher":{"name":"ACME Corporation","contact":{"system":"email","value":"wile@acme.org"}}}}